t,phase,sin_pos,cos_pos,stance_l,stance_r,contact_l,contact_r,base_x,base_y,base_z,base_pitch,base_roll,base_yaw,base_vx,base_vy,base_vz,base_wx,base_wy,base_wz,dof_lhp,dof_lhr,dof_lhy,dof_lkp,dof_lap,dof_lar,dof_rhp,dof_rhr,dof_rhy,dof_rkp,dof_rap,dof_rar,ref_lhp,ref_lhr,ref_lhy,ref_lkp,ref_lap,ref_lar,ref_rhp,ref_rhr,ref_rhy,ref_rkp,ref_rap,ref_rar,dvel_lhp,dvel_lhr,dvel_lhy,dvel_lkp,dvel_lap,dvel_lar,dvel_rhp,dvel_rhr,dvel_rhy,dvel_rkp,dvel_rap,dvel_rar,foot_z_l,foot_z_r,foot_vx_l,foot_vx_r,foot_vy_l,foot_vy_r,cfz_l,cfz_r,cmd_vx,cmd_vy,cmd_wz,rew_stability,rew_swing_foot_forward,rew_tracking_lin_vel,rew_tracking_ang_vel,rew_ref_joint_pos,rew_feet_contact_number,rew_feet_clearance,rew_foot_slip,rew_efficiency,rew_collision
0.0,0.5222222208976746,-0.13917309271867956,-0.9902680698998213,0.0,1.0,0.0,0.0,5.631730891764164e-05,0.00019589136354625225,0.6979507803916931,-0.00021409988403320312,0.0006053851684555411,-0.00020933151245117188,-2.4094040782074444e-05,0.0024941256269812584,-0.1948777139186859,0.05397335812449455,-0.015900978818535805,-0.028527718037366867,0.4641886055469513,0.045626744627952576,-0.3037490248680115,0.4561969041824341,-0.21227502822875977,-0.015880875289440155,-0.3648432493209839,-0.1167667806148529,0.2833560109138489,0.5152247548103333,-0.18515531718730927,-0.011784207075834274,0.3652067184448242,0.04304134473204613,-0.29469096660614014,0.44128942489624023,-0.1877322942018509,0.0,-0.4000000059604645,-0.05000000074505806,0.3100000023841858,0.49000000953674316,-0.20999999344348907,0.0,-0.11947678029537201,0.12172111868858337,0.011371791362762451,0.190315380692482,0.37382858991622925,0.387387216091156,-0.0030528148636221886,0.1996195763349533,0.08564695715904236,-0.2086101919412613,-0.6140031814575195,0.5789116024971008,0.08715809136629105,0.09057096391916275,-0.07922233641147614,0.06866931915283203,-0.009737858548760414,-0.04504554718732834,0.0,0.0,0.5,0.0,0.0,0.8783671855926514,0.0,0.6064939498901367,0.9983736276626587,0.0,0.0,0.0,0.0,1.0164233446121216,0.0
0.01,0.5333333611488342,-0.2079118617685598,-0.9781475643970758,0.0,1.0,0.0,0.0,0.00010480196215212345,0.0003885200712829828,0.6954598426818848,-0.000408172607421875,0.0012292719911783934,-0.000553131103515625,-0.00023895017511676997,0.0028010366950184107,-0.29264435172080994,0.07040680199861526,-0.024062298238277435,-0.04169594496488571,0.4626908600330353,0.04705047607421875,-0.3041258454322815,0.45845115184783936,-0.2114991545677185,-0.013640426099300385,-0.36508870124816895,-0.11448392271995544,0.28433817625045776,0.513179361820221,-0.18956761062145233,-0.007665752433240414,0.3480220139026642,0.03960439935326576,-0.287129670381546,0.4172308146953583,-0.1767340749502182,0.0,-0.4000000059604645,-0.05000000074505806,0.3100000023841858,0.49000000953674316,-0.20999999344348907,0.0,-0.1981116086244583,0.13973137736320496,0.02223280258476734,0.18526692688465118,0.33557915687561035,0.22908271849155426,-0.038684338331222534,0.2517235279083252,0.10444813966751099,-0.2003062516450882,-0.3179223835468292,0.3016236424446106,0.08481629937887192,0.08779440075159073,-0.09501651674509048,0.07217361032962799,-0.012035170570015907,-0.06679176539182663,0.0,0.0,0.5,0.0,0.0,0.883108377456665,0.0,0.6062312722206116,0.9965289235115051,0.0,0.0,0.0,0.0,0.9673048257827759,0.0
0.02,0.5444444417953491,-0.275637339817032,-0.9612617005262356,0.0,1.0,0.0,0.0,0.00016898848116397858,0.0006207276601344347,0.6919897794723511,-0.0006690025329589844,0.001987818628549576,-0.0010128021240234375,-0.00048499106196686625,0.0027754888869822025,-0.39055100083351135,0.08151523768901825,-0.029755685478448868,-0.05205647647380829,0.4605303108692169,0.048596322536468506,-0.3044055104255676,0.4606407880783081,-0.21099472045898438,-0.012525219470262527,-0.3656895160675049,-0.11174595355987549,0.28543633222579956,0.5112786889076233,-0.19176112115383148,-0.0055398354306817055,0.33109062910079956,0.03621812164783478,-0.2796798646450043,0.3935268819332123,-0.16589799523353577,0.0,-0.4000000059604645,-0.05000000074505806,0.3100000023841858,0.49000000953674316,-0.20999999344348907,0.0,-0.254854291677475,0.14718244969844818,0.03057049587368965,0.17792771756649017,0.31495553255081177,0.14729692041873932,-0.0717996135354042,0.2916118800640106,0.11185218393802643,-0.1846633106470108,-0.15361431241035461,0.15455055236816406,0.08150038123130798,0.08402139693498611,-0.10661249607801437,0.07494372129440308,-0.0105800935998559,-0.08212655037641525,0.0,0.0,0.5,0.0,0.0,0.88753342628479,0.0,0.6059330105781555,0.994594931602478,0.0,0.0,0.0,0.0,0.891553521156311,0.0
0.03,0.5555555820465088,-0.3420202997352155,-0.9396925638574744,0.0,1.0,0.0,0.0,0.00024361326359212399,0.0008787496481090784,0.6875404715538025,-0.0009732246398925781,0.0028325803577899933,-0.0015606880187988281,-0.0007598905940540135,0.002402722602710128,-0.48855146765708923,0.08764120936393738,-0.03327415883541107,-0.059680573642253876,0.4579015076160431,0.050198376178741455,-0.3045801520347595,0.46275532245635986,-0.21064287424087524,-0.009798064827919006,-0.3665885925292969,-0.10867533087730408,0.28658396005630493,0.5095270276069641,-0.19282083213329315,-0.004469585604965687,0.31449490785598755,0.032898981124162674,-0.27237775921821594,0.37029287219047546,-0.15527673065662384,0.0,-0.4000000059604645,-0.05000000074505806,0.3100000023841858,0.49000000953674316,-0.20999999344348907,0.0,-0.29171037673950195,0.14703302085399628,0.014825678430497646,0.17065249383449554,0.30493488907814026,0.025790758430957794,-0.09817997366189957,0.31829360127449036,0.11558790504932404,-0.17114542424678802,-0.0733853355050087,0.07526926696300507,0.07720714062452316,0.07926217466592789,-0.11450708657503128,0.07763012498617172,-0.006539220456033945,-0.09291760623455048,0.0,0.0,0.5,0.0,0.0,0.8918447494506836,0.0,0.6056019067764282,0.9929017424583435,0.0,0.0,0.0,0.0,0.8126910328865051,0.0
0.04,0.5666666626930237,-0.40673662026718693,-0.9135454677976493,0.0,1.0,0.0,0.0,0.0012102940818294883,0.0028587286360561848,0.6827516555786133,-0.003857135772705078,0.008099335245788097,-0.003101825714111328,0.026351571083068848,0.08733009546995163,-0.5126472115516663,0.8544697165489197,-0.18157555162906647,-0.521125853061676,0.42178553342819214,0.04828313738107681,-0.30630218982696533,0.4401450455188751,-0.20533430576324463,-0.15688319504261017,-0.3561612665653229,-0.046888016164302826,0.09400881826877594,0.43978413939476013,-0.08366815745830536,0.15868039429187775,0.2983158230781555,0.029663164168596268,-0.2652589678764343,0.3476421535015106,-0.14492210745811462,0.0,-0.4000000059604645,-0.05000000074505806,0.3100000023841858,0.49000000953674316,-0.20999999344348907,0.0,-4.256239414215088,-0.20577049255371094,-0.08760067075490952,-2.315206527709961,0.43407198786735535,-10.338053703308105,-0.516278862953186,7.4252142906188965,-24.22086524963379,-6.773397445678711,10.024271965026855,10.589666366577148,0.07150813937187195,0.06942354142665863,-0.6838622093200684,2.056945323944092,0.5662679076194763,0.3092978000640869,0.0,0.0,0.5,0.0,0.0,0.7763332724571228,0.0,0.6288020610809326,0.5809187889099121,0.0,0.0,0.0,0.0,2708.47216796875,0.0
0.05,0.5777778029441833,-0.4694717024021403,-0.882947518623636,0.0,1.0,0.0,0.0,-9.831483475863934e-05,0.007218208629637957,0.676478385925293,0.0019544640090316534,0.020826198160648346,-0.014194965362548828,0.022694552317261696,0.09353318065404892,-0.6875056028366089,1.4315171241760254,0.6547519564628601,-1.3929693698883057,0.4153293967247009,0.04950631782412529,-0.28624480962753296,0.465056449174881,-0.18171283602714539,-0.03488868847489357,-0.42945972084999084,0.029886357486248016,-0.1020333543419838,0.4316859245300293,0.023223748430609703,0.16252662241458893,0.28263208270072937,0.02652641385793686,-0.2583581209182739,0.32568490505218506,-0.1348845213651657,0.0,-0.4000000059604645,-0.05000000074505806,0.3100000023841858,0.49000000953674316,-0.20999999344348907,0.0,-0.4960731565952301,-0.5108997225761414,2.923489809036255,3.283127784729004,3.674494504928589,10.140973091125488,-8.023938179016113,8.0006103515625,-19.16384506225586,-1.4092767238616943,10.067049980163574,-0.13650953769683838,0.06783638894557953,0.06142964959144592,-1.771667242050171,2.614197254180908,1.4050554037094116,-0.6524050831794739,0.0,0.0,0.5,0.0,0.0,0.6308651566505432,0.0,0.6230441331863403,0.020635811612010002,0.0,0.0,0.0,0.0,2394.1201171875,0.0
0.06,0.5888888835906982,-0.529919236002096,-0.84804811379718,0.0,1.0,0.0,0.0,-0.00034029409289360046,0.012285169214010239,0.6692149639129639,0.004885251633822918,0.03611844405531883,-0.031711578369140625,0.04498958960175514,0.0796787440776825,-0.7887730598449707,1.5935773849487305,-0.044505611062049866,-1.9987280368804932,0.3699911832809448,0.03638763725757599,-0.2864718437194824,0.46188196539878845,-0.2028009295463562,-0.1431528478860855,-0.5106726884841919,0.11059488356113434,-0.30052974820137024,0.4299563467502594,0.1268426477909088,0.039958417415618896,0.2675201892852783,0.023504037410020828,-0.25170889496803284,0.30452826619148254,-0.1252129077911377,0.0,-0.4000000059604645,-0.05000000074505806,0.3100000023841858,0.49000000953674316,-0.20999999344348907,0.0,-6.361086368560791,-1.7836172580718994,-0.7267977595329285,-1.0803357362747192,-3.797341823577881,-10.050069808959961,-8.00986099243164,8.013153076171875,-19.041521072387695,0.19447273015975952,10.03335952758789,-10.166033744812012,0.06254949420690536,0.05418255180120468,-1.838236927986145,2.638340711593628,2.256206750869751,-1.0127177238464355,0.0,0.0,0.5,0.0,0.0,0.5435318350791931,0.0,0.6526159644126892,0.0003388924815226346,0.0,0.0,0.0,0.0,2029.6201171875,0.0
0.07,0.6000000238418579,-0.5877853734854867,-0.8090169063230552,0.0,1.0,0.0,0.0,0.00019552744925022125,0.0192253440618515,0.6607714295387268,0.006339157000184059,0.0577898733317852,-0.048553466796875,0.06624148041009903,0.09384287893772125,-0.9287378191947937,2.653308153152466,0.10820432752370834,-1.5263874530792236,0.3170957863330841,0.04601788893342018,-0.3352355360984802,0.4669409990310669,-0.3040342330932617,-0.2059692144393921,-0.5918050408363342,0.19052927196025848,-0.46377629041671753,0.433979868888855,0.034893304109573364,-0.10307880491018295,0.25305360555648804,0.02061072364449501,-0.24534359574317932,0.2842750549316406,-0.11595430970191956,0.0,-0.4000000059604645,-0.05000000074505806,0.3100000023841858,0.49000000953674316,-0.20999999344348907,0.0,-5.023291110992432,2.3607161045074463,-5.294685363769531,0.4111206829547882,-10.004100799560547,-4.373746871948242,-7.996050834655762,8.017107009887695,-14.79362964630127,-0.19380031526088715,-10.016637802124023,-10.31721019744873,0.058540672063827515,0.04671972990036011,-1.2150839567184448,2.306640148162842,1.948216438293457,-1.3645730018615723,0.0,0.0,0.5,0.0,0.0,0.48985153436660767,0.0,0.6744175553321838,0.009469141252338886,0.0,0.0,0.0,0.0,1379.426025390625,0.0
0.08,0.6111111044883728,-0.64278757780998,-0.7660444698665863,0.0,1.0,0.0,0.0,0.0015188073739409447,0.029020730406045914,0.6513981819152832,0.006935822311788797,0.0895490050315857,-0.06418657302856445,0.08506318181753159,0.08113780617713928,-1.0544413328170776,3.559499740600586,-0.2029261440038681,-1.5060932636260986,0.2559366226196289,0.08145792037248611,-0.3737708032131195,0.4584779143333435,-0.3962344229221344,-0.1001756489276886,-0.6739129424095154,0.26720649003982544,-0.5864571332931519,0.427900493144989,-0.027590643614530563,-0.23903338611125946,0.2393031120300293,0.017860621213912964,-0.23929336667060852,0.2650243639945984,-0.107153981924057,0.0,-0.4000000059604645,-0.05000000074505806,0.3100000023841858,0.49000000953674316,-0.20999999344348907,0.0,-6.385719299316406,4.3415141105651855,-3.8761510848999023,-1.0545228719711304,-7.774399280548096,10.025040626525879,-8.013238906860352,7.589930534362793,-11.599800109863281,-0.9257084727287292,-4.572828769683838,-10.248063087463379,0.054272137582302094,0.03770896792411804,-0.851763129234314,1.7970062494277954,1.8121960163116455,-1.0273035764694214,0.0,0.0,0.5,0.0,0.0,0.4288952648639679,0.0,0.6994144320487976,0.01070939376950264,0.0,0.0,0.0,0.0,1316.0665283203125,0.0
0.09,0.6222222447395325,-0.6946584722314966,-0.7193397020580772,0.0,1.0,0.0,0.0,0.0038172556087374687,0.03976975008845329,0.6410679221153259,0.004365871194750071,0.12476826459169388,-0.07309436798095703,0.07461249083280563,0.03345121815800667,-1.1779268980026245,3.4757893085479736,-0.4496324062347412,-0.46723049879074097,0.20814041793346405,0.13076627254486084,-0.46023258566856384,0.46486005187034607,-0.5001310706138611,-0.10243183374404907,-0.7584676742553711,0.3460330665111542,-0.6433260440826416,0.44151243567466736,-0.11699336767196655,-0.19696049392223358,0.22633536159992218,0.01526707038283348,-0.23358756303787231,0.2468695044517517,-0.09885462373495102,0.0,-0.4000000059604645,-0.05000000074505806,0.3100000023841858,0.49000000953674316,-0.20999999344348907,0.0,-4.224871635437012,4.7965497970581055,-8.984694480895996,0.5636345148086548,-10.022698402404785,0.2717863917350769,-8.030356407165527,7.99082612991333,-4.604914665222168,1.5763205289840698,-7.008045673370361,2.3105039596557617,0.05071813613176346,0.02696853131055832,-0.23607029020786285,0.7148579955101013,1.8684778213500977,-0.6740742921829224,0.0,0.0,0.5,0.0,0.0,0.37328433990478516,0.0,0.6947889924049377,0.646224319934845,0.0,0.0,0.0,0.0,991.501220703125,0.0
0.1,0.6333333253860474,-0.7431447920648445,-0.6691306434672524,0.0,1.0,0.0,0.0,0.006884434260427952,0.050445787608623505,0.6299652457237244,-0.0011820793151855469,0.16052623093128204,-0.07769203186035156,0.0703972727060318,-0.03483995795249939,-1.289259672164917,3.595726490020752,-0.7185983657836914,-0.19628700613975525,0.16695301234722137,0.16644610464572906,-0.4875568449497223,0.45787546038627625,-0.5476264357566833,-0.14969006180763245,-0.8412001729011536,0.42660611867904663,-0.6970340013504028,0.4496075510978699,-0.03272167593240738,-0.3103562593460083,0.2142137736082077,0.012842752039432526,-0.2282540500164032,0.22989928722381592,-0.09109681099653244,0.0,-0.4000000059604645,-0.05000000074505806,0.3100000023841858,0.49000000953674316,-0.20999999344348907,0.0,-3.7040209770202637,3.2725117206573486,-1.2164275646209717,-0.5825584530830383,-3.1627461910247803,-4.2205281257629395,-8.01411247253418,8.007933616638184,-5.4274749755859375,0.681501567363739,9.18543815612793,-10.09199047088623,0.04541494697332382,0.015102274715900421,-0.24550111591815948,0.3258225917816162,1.5329298973083496,-0.30097755789756775,0.0,0.0,0.5,0.0,0.0,0.3278954029083252,0.0,0.6896682381629944,0.9258369207382202,0.0,0.0,0.0,0.0,830.478515625,0.0
0.11,0.644444465637207,-0.7880108355869995,-0.6156613703956738,0.0,1.0,0.0,1.0,0.00974915362894535,0.061255067586898804,0.6183604001998901,-0.006590366363525391,0.19627068936824799,-0.07612800598144531,0.06524807959794998,0.0075236898846924305,-1.285403847694397,3.6848948001861572,-0.34283557534217834,0.7434793710708618,0.14807741343975067,0.19360028207302094,-0.505566418170929,0.4547182023525238,-0.5343621969223022,-0.06050949543714523,-0.9159025549888611,0.4915587604045868,-0.7258787155151367,0.45601293444633484,-0.04030665010213852,-0.2745881974697113,0.20299725234508514,0.010599449276924133,-0.22331878542900085,0.21419614553451538,-0.08391822874546051,0.0,-0.4000000059604645,-0.05000000074505806,0.3100000023841858,0.49000000953674316,-0.20999999344348907,0.0,-0.25679969787597656,1.2804272174835205,-1.5224229097366333,-0.41678041219711304,1.6458640098571777,6.895397663116455,-5.269242763519287,4.601742744445801,1.8065743446350098,-1.2714972496032715,-0.4585142135620117,38.35576248168945,0.03962086886167526,0.0013305246829986572,0.7091752886772156,0.8649446964263916,2.826939344406128,0.7851663827896118,0.0,2194.93603515625,0.5,0.0,0.0,0.2576482892036438,0.0,0.6851402521133423,0.3310376703739166,0.0,0.0,0.0,0.0,1334.1451416015625,0.0
0.12,0.6555556058883667,-0.829037749399968,-0.5591926412872722,0.0,1.0,0.0,1.0,0.011894898489117622,0.07427286356687546,0.6150892376899719,-0.014149188995361328,0.2243606001138687,-0.06588172912597656,-0.09024177491664886,0.9037705659866333,0.0038134721107780933,1.8749288320541382,-0.7074543237686157,1.574841022491455,0.1435096114873886,0.18808630108833313,-0.5041143894195557,0.43707969784736633,-0.4553989768028259,-0.1516103446483612,-0.9981164336204529,0.5320870280265808,-0.6321422457695007,0.44001495838165283,-0.06124710291624069,-0.171890527009964,0.1927405446767807,0.008548106998205185,-0.21880584955215454,0.19983676075935364,-0.07735393941402435,0.0,-0.4000000059604645,-0.05000000074505806,0.3100000023841858,0.49000000953674316,-0.20999999344348907,0.0,-0.5370603799819946,-0.8860726356506348,0.19746407866477966,-1.9477733373641968,8.29544734954834,-8.718378067016602,-9.9177827835083,4.7719035148620605,9.715319633483887,-0.7578677535057068,6.612029552459717,5.870164394378662,0.04063091427087784,-0.005769867449998856,0.5385949611663818,-0.07509889453649521,2.400376796722412,-0.039403654634952545,0.0,3758.971923828125,0.5,0.0,0.0,0.17458927631378174,0.0,0.09725943952798843,0.007011185400187969,0.0,0.0,0.0,0.0,879.7777709960938,0.0
0.13,0.6666666865348816,-0.8660254662022696,-0.49999989188912974,0.0,1.0,0.0,1.0,0.013084807433187962,0.08633417636156082,0.6203557252883911,-0.025388717651367188,0.23379755020141602,-0.04635810852050781,-0.1136898398399353,1.1042022705078125,0.30297091603279114,0.5642550587654114,-0.5264699459075928,2.6336166858673096,0.1474260836839676,0.16031335294246674,-0.4755884110927582,0.4092558026313782,-0.35276755690574646,-0.2607102692127228,-1.0449872016906738,0.5771436095237732,-0.6244174242019653,0.43112653493881226,-0.012591936625540257,-0.1830933392047882,0.18349364399909973,0.006698727607727051,-0.214737206697464,0.186891108751297,-0.07143592834472656,0.0,-0.4000000059604645,-0.05000000074505806,0.3100000023841858,0.49000000953674316,-0.20999999344348907,0.0,1.3930026292800903,-3.533003568649292,3.1634578704833984,-2.645840644836426,10.006957054138184,-10.053295135498047,-2.9415719509124756,4.670605659484863,-4.541428565979004,-0.24547354876995087,1.3960320949554443,-6.87324857711792,0.046633824706077576,-0.00022200867533683777,0.9173926115036011,0.20584340393543243,2.311431646347046,-0.018694940954446793,0.0,417.1403503417969,0.5,0.0,0.0,0.17834852635860443,0.0,0.04109964519739151,9.451956657358096e-07,0.0,0.0,0.0,0.0,739.1478271484375,0.0
0.14,0.6777777671813965,-0.8987940171128403,-0.4383712066299096,0.0,1.0,0.0,1.0,0.01405778806656599,0.09797140210866928,0.6261930465698242,-0.03764200210571289,0.23889192938804626,-0.020189762115478516,-0.05495181307196617,1.137526512145996,0.27233830094337463,0.6365353465080261,-0.5531919598579407,3.037250280380249,0.15017876029014587,0.12071741372346878,-0.4213971793651581,0.3603774607181549,-0.24902939796447754,-0.35678812861442566,-1.0832074880599976,0.63376784324646,-0.6681788563728333,0.42803648114204407,0.06374447792768478,-0.12231007218360901,0.1753014773130417,0.0050602927803993225,-0.21113264560699463,0.1754220724105835,-0.06619293987751007,0.0,-0.4000000059604645,-0.05000000074505806,0.3100000023841858,0.49000000953674316,-0.20999999344348907,0.0,0.18184378743171692,-3.6842451095581055,5.434235572814941,-4.944198131561279,10.017014503479004,-8.00589370727539,-3.432178258895874,6.334531784057617,-6.292214393615723,-0.7236610651016235,6.677820205688477,10.195724487304688,0.05198036879301071,0.007524803280830383,1.095420002937317,0.3233320713043213,2.2062058448791504,-0.4325365722179413,0.0,240.1305389404297,0.5,0.0,0.0,0.21430371701717377,0.0,0.04060451313853264,9.713224002894094e-09,0.0,0.0,0.0,0.0,1275.1787109375,0.0
0.15,0.6888889074325562,-0.9271838982134304,-0.3746064853866613,0.0,1.0,0.0,1.0,0.015059683471918106,0.11052756011486053,0.6317014694213867,-0.049835205078125,0.2456783950328827,0.010355093516409397,0.032506901770830154,1.1520675420761108,0.20177441835403442,0.9394307732582092,-0.4230062663555145,3.44116473197937,0.1462770253419876,0.10134092718362808,-0.38857483863830566,0.3200435936450958,-0.1928090900182724,-0.3432696759700775,-1.1319633722305298,0.6774861216545105,-0.6835417151451111,0.422338604927063,0.09695787727832794,0.006232209037989378,0.16820400953292847,0.003640800714492798,-0.2080097645521164,0.16548562049865723,-0.061650559306144714,0.0,-0.4000000059604645,-0.05000000074505806,0.3100000023841858,0.49000000953674316,-0.20999999344348907,0.0,-0.9025917053222656,-1.0295665264129639,2.653285264968872,-3.4159491062164307,3.9002604484558105,0.8760538697242737,-0.22781910002231598,2.699617624282837,-5.986725330352783,-1.211097240447998,4.1933979988098145,12.783891677856445,0.05767788738012314,0.014513052999973297,0.503200888633728,1.4925332069396973,1.7927000522613525,0.9387277364730835,0.0,205.4681396484375,0.5,0.0,0.0,0.24716784060001373,0.0,0.04542834311723709,5.1820801122426374e-11,0.0,0.0,0.0,0.0,1403.0179443359375,0.0
0.16,0.7000000476837158,-0.95105660887834,-0.3090167094330537,0.0,1.0,0.0,1.0,0.016800766810774803,0.12456751614809036,0.6367971301078796,-0.06411170959472656,0.2567465007305145,0.04408698529005051,0.13554716110229492,1.141908049583435,0.08006472885608673,1.5470813512802124,-0.6609320044517517,3.786263942718506,0.13167071342468262,0.097678042948246,-0.3787570297718048,0.2879928946495056,-0.13387006521224976,-0.35123923420906067,-1.1883407831192017,0.695749819278717,-0.6602479815483093,0.4147653579711914,0.11450014263391495,0.1519531011581421,0.16223584115505219,0.002447165548801422,-0.2053837776184082,0.1571301817893982,-0.05783092975616455,0.0,-0.4000000059604645,-0.05000000074505806,0.3100000023841858,0.49000000953674316,-0.20999999344348907,0.0,-1.2801108360290527,-0.2051943838596344,0.5816924571990967,-2.420820713043213,3.782780647277832,-0.465275377035141,-2.722385883331299,1.489912509918213,-0.8686083555221558,-0.7896138429641724,10.00667953491211,18.03166961669922,0.06402426958084106,0.019838199019432068,0.3129716217517853,2.236865282058716,2.125023603439331,2.1244730949401855,0.0,42.50869369506836,0.5,0.0,0.0,0.25199803709983826,0.0,0.05649745091795921,3.5325407421286925e-13,0.0,0.0,0.0,0.0,1581.2509765625,0.0
0.17,0.7111111283302307,-0.9702957524497433,-0.2419217906224798,0.0,1.0,0.0,0.0,0.018950849771499634,0.1412402093410492,0.6412396430969238,-0.07947301864624023,0.27667224407196045,0.07884833216667175,0.2392660230398178,1.1173228025436401,-0.11635161191225052,2.8313822746276855,-0.5571920871734619,3.744999408721924,0.12429232150316238,0.1038905531167984,-0.38512301445007324,0.27793726325035095,-0.1099012941122055,-0.23764383792877197,-1.2658625841140747,0.7024656534194946,-0.6069353818893433,0.40204235911369324,0.06303340196609497,0.2985784411430359,0.15742604434490204,0.0014852061867713928,-0.20326745510101318,0.150396466255188,-0.054752662777900696,0.0,-0.4000000059604645,-0.05000000074505806,0.3100000023841858,0.49000000953674316,-0.20999999344348907,0.0,-0.7657913565635681,0.655991792678833,-0.6499893665313721,-0.9681923985481262,2.206742763519287,10.088525772094727,-6.5941901206970215,0.6722216010093689,3.5380496978759766,-1.7941797971725464,9.029754638671875,18.084203720092773,0.07264048606157303,0.022753790020942688,0.078208789229393,2.3608696460723877,3.1732337474823,3.077089548110962,0.0,0.0,0.5,0.0,0.0,0.21572941541671753,0.0,0.07187801599502563,6.576910240377321e-13,0.0,0.0,0.0,0.0,2094.90625,0.0
0.18,0.7222222685813904,-0.9848078035929707,-0.17364789080892623,0.0,1.0,0.0,0.0,0.020096637308597565,0.1607293337583542,0.6446926593780518,-0.09167098999023438,0.30715319514274597,0.11145231127738953,0.28123602271080017,1.058653473854065,-0.33516281843185425,3.6611976623535156,-0.17402085661888123,3.253980875015259,0.13466699421405792,0.1173718273639679,-0.4144362211227417,0.30096152424812317,-0.0091066500172019,-0.12398058921098709,-1.3601924180984497,0.6984785795211792,-0.629856288433075,0.36743006110191345,-0.05166500061750412,0.0966344103217125,0.15379804372787476,0.000759609043598175,-0.20167113840579987,0.14531725645065308,-0.052430734038352966,0.0,-0.4000000059604645,-0.05000000074505806,0.3100000023841858,0.49000000953674316,-0.20999999344348907,0.0,0.7740252017974854,1.3408915996551514,-2.8440396785736084,2.6242687702178955,10.027192115783691,10.086442947387695,-8.050347328186035,-0.3089476525783539,-9.30771255493164,-4.801753044128418,-10.109278678894043,-10.783733367919922,0.08460969477891922,0.02615325152873993,-0.949190616607666,2.7249767780303955,3.8923723697662354,2.1822667121887207,0.0,0.0,0.5,0.0,0.0,0.21379148960113525,0.0,0.09659679234027863,6.353896853106278e-10,0.0,0.0,0.0,0.0,2920.29345703125,0.0
0.19,0.7333333492279053,-0.9945219058073734,-0.10452836394620216,0.0,1.0,0.0,0.0,0.020285267382860184,0.18124639987945557,0.6469182968139648,-0.10201692581176758,0.34178265929222107,0.143192857503891,0.3121519088745117,0.9921388030052185,-0.5417575240135193,3.8821470737457275,0.1084527000784874,3.273397445678711,0.15332484245300293,0.13443200290203094,-0.48949405550956726,0.3430916965007782,0.09886777400970459,-0.1701555848121643,-1.455686330795288,0.6946503520011902,-0.7195154428482056,0.3365546762943268,-0.16025009751319885,-0.10329911857843399,0.15136952698230743,0.0002739056944847107,-0.20060259103775024,0.14191734790802002,-0.05087648332118988,0.0,-0.4000000059604645,-0.05000000074505806,0.3100000023841858,0.49000000953674316,-0.20999999344348907,0.0,1.81425940990448,1.6628214120864868,-7.38990592956543,4.176938533782959,10.053586959838867,-3.411978006362915,-8.055679321289062,-0.5263418555259705,-9.794187545776367,-2.7067599296569824,-10.110252380371094,-10.75117015838623,0.09901601821184158,0.029943697154521942,-1.2437074184417725,2.3046815395355225,4.139005184173584,3.074758529663086,0.0,0.0,0.5,0.0,0.0,0.2493932694196701,0.0,0.13012591004371643,4.931234309779597e-10,0.0,0.0,0.0,0.0,2108.83447265625,0.0
0.2,0.7444444894790649,-0.9993908368942477,-0.03489921391400607,0.0,1.0,0.0,0.0,0.020313113927841187,0.20231154561042786,0.6480869650840759,-0.1136331558227539,0.37861156463623047,0.17415806651115417,0.3532482385635376,0.9062255024909973,-0.7325143218040466,4.101259708404541,-0.06433293223381042,3.3428540229797363,0.1588282734155655,0.14593152701854706,-0.548888087272644,0.3669406473636627,0.2019450068473816,-0.0966266468167305,-1.5434218645095825,0.6922441124916077,-0.8170434236526489,0.3119647204875946,-0.1705673336982727,-0.30115026235580444,0.1501522958278656,3.045797348022461e-05,-0.20006701350212097,0.1402132213115692,-0.05009746551513672,0.0,-0.4000000059604645,-0.05000000074505806,0.3100000023841858,0.49000000953674316,-0.20999999344348907,0.0,0.23682451248168945,0.8890807032585144,-5.942991256713867,2.08210825920105,10.013327598571777,5.702774524688721,-8.004202842712402,-0.03410700708627701,-9.902312278747559,-2.1628475189208984,0.19464772939682007,-10.73707103729248,0.1133626326918602,0.032105982303619385,-1.2409073114395142,1.9997636079788208,4.535007953643799,3.6217806339263916,0.0,0.0,0.5,0.0,0.0,0.2751578986644745,0.0,0.18534034490585327,1.9669905981789526e-10,0.0,0.0,0.0,0.0,1621.42431640625,0.0
0.21,0.0,0.0,1.0,1.0,1.0,0.0,0.0,0.0,0.0,0.699999988079071,0.0,0.0,0.0,0.0,0.0,0.0,0.0,0.0,0.0,0.35093045234680176,0.07420830428600311,-0.26911303400993347,0.5671176910400391,-0.23784060776233673,0.02839108742773533,-0.40876632928848267,-0.007400523871183395,0.405102401971817,0.4917178750038147,-0.17802920937538147,-0.05219271406531334,0.4000000059604645,0.05000000074505806,-0.3100000023841858,0.49000000953674316,-0.20999999344348907,0.0,-0.4000000059604645,-0.05000000074505806,0.3100000023841858,0.49000000953674316,-0.20999999344348907,0.0,0.0,0.0,0.0,0.0,0.0,0.0,0.0,0.0,0.0,0.0,0.0,0.0,0.12812265753746033,0.031856708228588104,-1.046308159828186,1.7244293689727783,4.350088596343994,3.788332223892212,0.0,0.0,-0.11450527608394623,-0.1075006052851677,-0.20770612359046936,0.2590005099773407,0.0,0.28086864948272705,4.2091784918651953e-11,0.0,0.0,0.0,0.0,1509.012451171875,0.0
0.22,0.01111111231148243,0.06975648126790841,0.99756404973371,1.0,1.0,0.0,0.0,-4.36045229434967e-06,-3.067636862397194e-05,0.6994845867156982,6.604410737054422e-05,-0.00012159347534179688,0.00019319652346894145,0.0015451357467100024,-0.00040822511073201895,-0.09557618200778961,-0.028420738875865936,0.023520439863204956,0.02794324979186058,0.3495897054672241,0.0738433450460434,-0.2700224816799164,0.562833309173584,-0.23271675407886505,0.02551606483757496,-0.4086882472038269,-0.006850477308034897,0.401309996843338,0.49162787199020386,-0.18330040574073792,-0.03522613272070885,0.4000000059604645,0.05000000074505806,-0.3100000023841858,0.49000000953674316,-0.20999999344348907,0.0,-0.4000000059604645,-0.05000000074505806,0.3100000023841858,0.49000000953674316,-0.20999999344348907,0.0,-0.08722369372844696,-0.06799191236495972,-0.1358739584684372,-0.498319536447525,0.16961689293384552,-0.0616488941013813,-0.01523566897958517,0.009795185178518295,-0.4786853790283203,0.0015956016723066568,-0.3788064420223236,1.3212522268295288,0.0953521803021431,0.09052569419145584,0.09014224261045456,-0.010161791928112507,0.025035981088876724,0.07637200504541397,0.0,0.0,0.5,0.0,0.0,0.8525727987289429,0.0,0.6084047555923462,0.9984395503997803,0.0,0.0,0.0,0.0,1.340739130973816,0.0
0.23,0.02222222462296486,0.1391731158975768,0.9902680666422398,1.0,0.0,0.0,0.0,-8.763466030359268e-05,-0.00016090855933725834,0.697992742061615,0.0004597688966896385,-0.0005745887756347656,0.0005427436553873122,0.0018810274777933955,-0.0016928398981690407,-0.19336502254009247,-0.05653965473175049,0.04962049424648285,0.03997033089399338,0.34949326515197754,0.07275663316249847,-0.27156051993370056,0.5575714111328125,-0.23114855587482452,0.025234686210751534,-0.4088215231895447,-0.0073514822870492935,0.3963252604007721,0.4914916157722473,-0.185800701379776,-0.02555948682129383,0.4000000059604645,0.05000000074505806,-0.3100000023841858,0.49000000953674316,-0.20999999344348907,0.0,-0.43479329347610474,-0.05695865675806999,0.32530903816223145,0.5387105941772461,-0.23226769268512726,0.0,0.025178518146276474,-0.1387070119380951,-0.15016911923885345,-0.6162286400794983,1.0813566446304321,-0.008557392284274101,-0.01648511365056038,-0.09436193108558655,-0.4941774606704712,-0.005009338725358248,-0.19753892719745636,0.7411153316497803,0.09333466738462448,0.08903675526380539,0.11648678034543991,-0.0133436918258667,0.034569669514894485,0.09031137824058533,0.0,0.0,0.5,0.0,0.0,0.7857657670974731,0.0,0.6088089942932129,0.9968098402023315,0.0,0.0,0.0,0.0,2.493393898010254,0.0
0.24,0.03333333507180214,0.20791170150218458,0.978147598462761,1.0,0.0,0.0,0.0,-0.00021607009693980217,-0.0003644081298261881,0.6955196857452393,0.0010325200855731964,-0.0012640953063964844,0.000973174930550158,0.002098920289427042,-0.0023349355906248093,-0.2921486794948578,-0.07692985236644745,0.06327678263187408,0.04432656243443489,0.35053253173828125,0.07107259333133698,-0.2733858525753021,0.5523309707641602,-0.22853519022464752,0.02016427554190159,-0.4088975787162781,-0.008771656081080437,0.39147594571113586,0.4913941025733948,-0.18705984950065613,-0.020203659310936928,0.4000000059604645,0.05000000074505806,-0.3100000023841858,0.49000000953674316,-0.20999999344348907,0.0,-0.45197793841362,-0.06039558723568916,0.3328703045845032,0.5627691149711609,-0.24326586723327637,0.0,0.1435752660036087,-0.186737522482872,-0.11610735952854156,-0.494693398475647,-0.09573610126972198,0.20690065622329712,-0.010299046523869038,-0.17603982985019684,-0.4657396376132965,0.0014964754227548838,-0.11075440794229507,0.41568925976753235,0.0902923122048378,0.08658338338136673,0.13549992442131042,-0.016122283414006233,0.03786902874708176,0.09979195147752762,0.0,0.0,0.5,0.0,0.0,0.7941812872886658,0.0,0.6090700626373291,0.9960780143737793,0.0,0.0,0.0,0.0,0.6869893074035645,0.0
0.25,0.04444444924592972,0.27563738481693956,0.9612616876227195,1.0,0.0,0.0,0.0,-0.0003725073765963316,-0.0006167502142488956,0.6920644640922546,0.0017140095587819815,-0.0021085739135742188,0.0014478769153356552,0.002429709304124117,-0.0027272228617221117,-0.3903358280658722,-0.09144251048564911,0.07208632677793503,0.0508684404194355,0.3524051904678345,0.06898285448551178,-0.2751975953578949,0.5472972393035889,-0.22477079927921295,0.010893335565924644,-0.40885108709335327,-0.01084180362522602,0.3868730366230011,0.49124473333358765,-0.18765398859977722,-0.017247939482331276,0.4000000059604645,0.05000000074505806,-0.3100000023841858,0.49000000953674316,-0.20999999344348907,0.0,-0.468909353017807,-0.06378187239170074,0.3403201103210449,0.5864731073379517,-0.25410196185112,0.0,0.22785340249538422,-0.22194638848304749,-0.2452344298362732,-0.4702281355857849,0.2985365092754364,-1.8257631063461304,0.020264282822608948,-0.2292054444551468,-0.4580816626548767,-0.03345370665192604,-0.013487969525158405,0.21216580271720886,0.08625910431146622,0.0831553041934967,0.13656629621982574,-0.01548499334603548,0.011654727160930634,0.10746251791715622,0.0,0.0,0.5,0.0,0.0,0.8022509217262268,0.0,0.609468936920166,0.9948381185531616,0.0,0.0,0.0,0.0,3.682072639465332,0.0
0.26,0.0555555634200573,0.34202018975975396,0.9396926038852822,1.0,0.0,0.0,0.0,0.001070931670255959,-0.0008854446932673454,0.6880695819854736,-0.00293731689453125,-0.004376411437988281,0.0023050084710121155,0.0319327749311924,0.04251718893647194,-0.43573591113090515,-0.3275483548641205,-0.6269708871841431,-0.20838642120361328,0.3343220353126526,0.055688899010419846,-0.29515352845191956,0.5500824451446533,-0.32839280366897583,-0.1684465855360031,-0.3772788345813751,0.02648830972611904,0.23931623995304108,0.41428452730178833,-0.09125356376171112,0.18110407888889313,0.4000000059604645,0.05000000074505806,-0.3100000023841858,0.49000000953674316,-0.20999999344348907,0.0,-0.48550504446029663,-0.06710100919008255,0.34762221574783325,0.6097070574760437,-0.2647232115268707,0.0,-2.6297616958618164,-2.061864137649536,-1.5966991186141968,0.3378470540046692,-10.084047317504883,-10.578160285949707,2.7407655715942383,4.016855716705322,-17.722047805786133,-7.922065734863281,8.754347801208496,10.781312942504883,0.08239031583070755,0.07499068230390549,-0.537790060043335,1.5491105318069458,0.8527011275291443,0.19416123628616333,0.0,0.0,0.5,0.0,0.0,0.7745552062988281,0.0,0.6428850889205933,0.9168148040771484,0.0,0.0,0.0,0.0,2741.7861328125,0.0
0.27,0.06666667014360428,0.40673666303333644,0.9135454487569329,1.0,0.0,0.0,0.0,0.00044156587682664394,0.0009762733243405819,0.6826683282852173,0.0005071964696981013,-0.00011157989501953125,-0.0030159950256347656,0.03800685703754425,0.09227665513753891,-0.6055129170417786,0.8604174852371216,0.7875109314918518,-0.810339629650116,0.33294591307640076,0.05261716991662979,-0.3056510388851166,0.560914933681488,-0.23311108350753784,-0.039874155074357986,-0.43260714411735535,0.09277494996786118,-0.0003976770385634154,0.38853877782821655,0.019471971318125725,0.0915776714682579,0.4000000059604645,0.05000000074505806,-0.3100000023841858,0.49000000953674316,-0.20999999344348907,0.0,-0.5016841888427734,-0.07033683359622955,0.35474103689193726,0.6323578357696533,-0.27507784962654114,0.0,0.377920001745224,0.08725734800100327,-0.6118913888931274,1.2650896310806274,10.02490520477295,10.190560340881348,-8.12717342376709,7.743490695953369,-24.08666229248047,-2.4437098503112793,10.114595413208008,-7.212007999420166,0.07869977504014969,0.06871484965085983,-0.9881303310394287,2.4215807914733887,1.2128640413284302,-0.8048120141029358,0.0,0.0,0.5,0.0,0.0,0.7683776617050171,0.0,0.6415261626243591,0.26893097162246704,0.0,0.0,0.0,0.0,2701.5078125,0.0
0.28,0.07777778804302216,0.46947161973462564,0.882947562578745,1.0,0.0,0.0,0.0,0.00038784765638411045,0.004050867632031441,0.6760686635971069,0.0025336556136608124,0.008611711673438549,-0.015994548797607422,0.05540696531534195,0.06757695972919464,-0.7154329419136047,0.8270238041877747,-0.2225550264120102,-1.554413080215454,0.29238536953926086,0.03500523045659065,-0.307652086019516,0.5430812239646912,-0.15946368873119354,-0.14469362795352936,-0.515388548374176,0.17132999002933502,-0.23198096454143524,0.3786129057407379,0.1290896236896515,-0.020840030163526535,0.4000000059604645,0.05000000074505806,-0.3100000023841858,0.49000000953674316,-0.20999999344348907,0.0,-0.5173678994178772,-0.07347358018159866,0.36164188385009766,0.6543151140213013,-0.28511545062065125,0.0,-6.301713943481445,-2.8511459827423096,-0.1176292672753334,-2.0964107513427734,4.581066608428955,-10.02325439453125,-8.035305976867676,7.921717643737793,-22.448514938354492,-0.604862630367279,10.086875915527344,-10.07612419128418,0.07329902052879333,0.06396525353193283,-1.649098515510559,2.6041259765625,2.2713444232940674,-1.524097204208374,0.0,0.0,0.5,0.0,0.0,0.6604682803153992,0.0,0.6673375964164734,0.00796737801283598,0.0,0.0,0.0,0.0,2558.8466796875,0.0
0.29,0.08888889849185944,0.5299193154020884,0.8480480641825566,1.0,0.0,0.0,0.0,0.001756002428010106,0.00835677795112133,0.6680841445922852,-0.00017786026000976562,0.021698104217648506,-0.027347564697265625,0.06753235310316086,0.08646352589130402,-0.8602180480957031,1.6972357034683228,-0.35505038499832153,-0.9142078757286072,0.23623861372470856,0.03569073975086212,-0.37686991691589355,0.542586088180542,-0.2573802173137665,-0.25807318091392517,-0.5978317260742188,0.2504841387271881,-0.39759695529937744,0.3848525285720825,0.04645611718297005,-0.16352611780166626,0.4000000059604645,0.05000000074505806,-0.3100000023841858,0.49000000953674316,-0.20999999344348907,0.0,-0.5324798226356506,-0.07649596780538559,0.36829113960266113,0.6754717826843262,-0.29478707909584045,0.0,-5.574838161468506,1.3137222528457642,-8.040641784667969,-0.2660404145717621,-10.020905494689941,-10.083610534667969,-8.001337051391602,8.024733543395996,-14.220121383666992,0.3799794912338257,-8.760573387145996,-10.33137321472168,0.06987791508436203,0.059770889580249786,-0.8436857461929321,1.9371421337127686,2.2299134731292725,-1.9309015274047852,0.0,0.0,0.5,0.0,0.0,0.47770956158638,0.0,0.6777285933494568,0.1879551261663437,0.0,0.0,0.0,0.0,1546.9737548828125,0.0
0.3,0.10000000894069672,0.5877852977398547,0.8090169613554901,1.0,0.0,0.0,0.0,0.0038215499371290207,0.015120074152946472,0.6589958071708679,-0.004292964935302734,0.04354029893875122,-0.03738975524902344,0.07858268916606903,0.08561249822378159,-0.9783599972724915,2.507403612136841,-0.5821167230606079,-0.9729444980621338,0.173380047082901,0.0663948580622673,-0.45229029655456543,0.5302952527999878,-0.2636502683162689,-0.15171313285827637,-0.6799509525299072,0.32320085167884827,-0.5021670460700989,0.373568594455719,0.026471247896552086,-0.29224956035614014,0.4000000059604645,0.05000000074505806,-0.3100000023841858,0.49000000953674316,-0.20999999344348907,0.0,-0.5469463467597961,-0.07938926666975021,0.3746563792228699,0.6957248449325562,-0.3040456473827362,0.0,-6.560232162475586,4.098174571990967,-7.7357940673828125,-1.188005805015564,0.07001012563705444,10.031362533569336,-8.015390396118164,7.098262786865234,-9.813237190246582,-1.6814106702804565,-1.2070873975753784,-10.196100234985352,0.06519418209791183,0.05427365005016327,-0.5120940208435059,1.615399956703186,1.9226139783859253,-1.6926496028900146,0.0,0.0,0.5,0.0,0.0,0.3074491024017334,0.0,0.6908420920372009,0.15058282017707825,0.0,0.0,0.0,0.0,1006.6295776367188,0.0
0.31,0.1111111268401146,0.642787685393363,0.766044379593404,1.0,0.0,0.0,0.0,0.006672312971204519,0.02306089922785759,0.6488282680511475,-0.010996818542480469,0.06959833204746246,-0.04160737991333008,0.06850928068161011,0.05833803489804268,-1.0982599258422852,2.6753532886505127,-0.7804073095321655,0.040189146995544434,0.12303280085325241,0.11425727605819702,-0.5441213846206665,0.535539984703064,-0.3736278712749481,-0.08470047265291214,-0.7662901282310486,0.3980299234390259,-0.5640066266059875,0.38250207901000977,-0.07930564880371094,-0.3942089080810547,0.4000000059604645,0.05000000074505806,-0.3100000023841858,0.49000000953674316,-0.20999999344348907,0.0,-0.5606969594955444,-0.08213938772678375,0.38070663809776306,0.7149757146835327,-0.31284600496292114,0.0,-4.387980937957764,4.946629047393799,-9.040928840637207,0.3322383463382721,-10.071433067321777,4.968592166900635,-8.044795989990234,7.795801162719727,-5.889079570770264,1.214644432067871,-10.010353088378906,-9.996977806091309,0.06072945147752762,0.047027818858623505,0.23480209708213806,0.545777440071106,1.4131404161453247,-1.1593061685562134,0.0,0.0,0.5,0.0,0.0,0.1782626211643219,0.0,0.6844257116317749,0.9967749118804932,0.0,0.0,0.0,0.0,1415.8148193359375,0.0
0.32,0.12222223728895187,0.6946584385567742,0.7193397345773863,1.0,0.0,0.0,0.0,0.01072592195123434,0.03157394379377365,0.6378577947616577,-0.02231454849243164,0.09829384833574295,-0.04190635681152344,0.05592174828052521,0.012479681521654129,-1.2073733806610107,2.9483370780944824,-1.3311907052993774,0.18579590320587158,0.07471425086259842,0.15448834002017975,-0.5799919962882996,0.5231577754020691,-0.45856985449790955,-0.16139671206474304,-0.8518546223640442,0.4784272313117981,-0.6001065373420715,0.393526166677475,-0.03640923649072647,-0.5101224184036255,0.4000000059604645,0.05000000074505806,-0.3100000023841858,0.49000000953674316,-0.20999999344348907,0.0,-0.5736646056175232,-0.08473291993141174,0.38641244173049927,0.7331304550170898,-0.32114535570144653,0.0,-4.6534504890441895,3.9718260765075684,-1.767289400100708,-1.2593413591384888,-6.986504077911377,-6.712408065795898,-8.033613204956055,8.009578704833984,-3.4537038803100586,0.9428213238716125,5.568936824798584,-10.118306159973145,0.053711898624897,0.0380590483546257,0.06785346567630768,0.14834417402744293,0.6055945754051208,-0.5422859787940979,0.0,0.0,0.5,0.0,0.0,0.10452106595039368,0.0,0.6738670468330383,0.9332891702651978,0.0,0.0,0.0,0.0,1020.0809326171875,0.0
0.33,0.13333334028720856,0.7431448547133737,0.6691305738890123,1.0,0.0,0.0,0.0,0.01482158899307251,0.03988926112651825,0.6259980201721191,-0.034412384033203125,0.1262417435646057,-0.036299705505371094,0.04247201979160309,-0.04607349634170532,-1.3111743927001953,2.688476800918579,-1.033823013305664,1.0790425539016724,0.05056275799870491,0.18844212591648102,-0.5891516804695129,0.5237019658088684,-0.5246381759643555,-0.07812424749135971,-0.9379478096961975,0.5589669346809387,-0.6413576006889343,0.41419437527656555,-0.04447735473513603,-0.6208410859107971,0.4000000059604645,0.05000000074505806,-0.3100000023841858,0.49000000953674316,-0.20999999344348907,0.0,-0.5857862234115601,-0.0871572494506836,0.3917459547519684,0.7501007318496704,-0.3289031684398651,0.0,-1.2121013402938843,2.692640542984009,-0.8015534281730652,0.09130086749792099,-4.746951580047607,6.338052749633789,-8.05051040649414,8.004197120666504,-4.937819480895996,2.0819132328033447,-0.7454519867897034,-10.071948051452637,0.0460582971572876,0.027290917932987213,0.6659670472145081,0.014980829320847988,1.0618008375167847,-0.04992331191897392,0.0,0.0,0.5,0.0,0.0,0.06154724210500717,0.0,0.6551380753517151,0.09742565453052521,0.0,0.0,0.0,0.0,844.901123046875,0.0
0.34,0.14444446563720703,0.7880108355869994,0.6156613703956739,1.0,0.0,0.0,1.0,0.01934242993593216,0.0496203750371933,0.6161012649536133,-0.04930591583251953,0.15297073125839233,-0.021088600158691406,0.08321379125118256,0.5333106517791748,-0.6966851949691772,2.786001205444336,-1.8300665616989136,2.896219491958618,0.04112226143479347,0.20425689220428467,-0.5964937806129456,0.516958475112915,-0.5548639893531799,-0.04373415932059288,-1.0257024765014648,0.624839186668396,-0.5949526429176331,0.40378105640411377,0.04335727170109749,-0.6104162335395813,0.4000000059604645,0.05000000074505806,-0.3100000023841858,0.49000000953674316,-0.20999999344348907,0.0,-0.5970027446746826,-0.08940054476261139,0.39668118953704834,0.7658038139343262,-0.33608174324035645,0.0,-0.8747829794883728,0.6207659840583801,-0.7003003358840942,-0.8204437494277954,-0.9940815567970276,2.5681848526000977,-9.64005184173584,6.009988784790039,16.407756805419922,-5.130947113037109,16.64466094970703,18.322898864746094,0.0390220507979393,0.01678960770368576,1.360184907913208,0.00023945106659084558,2.312262535095215,-0.6824886202812195,0.0,4757.49658203125,0.5,0.0,0.0,0.0389811135828495,0.0,0.40001150965690613,5.1784521559739005e-08,0.0,0.0,0.0,0.0,2096.6455078125,0.0
0.35000000000000003,0.1555555760860443,0.8290376446891665,0.5591927965274941,1.0,0.0,0.0,1.0,0.027220789343118668,0.06483951956033707,0.6135669946670532,-0.0800633430480957,0.17890775203704834,0.016772136092185974,0.18294575810432434,0.8401485681533813,-0.48425325751304626,3.0123088359832764,-2.795057535171509,5.215342998504639,0.035422369837760925,0.20543093979358673,-0.5931611657142639,0.5061761736869812,-0.5201485753059387,-0.08395738154649734,-1.0750789642333984,0.6807044744491577,-0.5508610010147095,0.3728317618370056,0.15840111672878265,-0.4774291515350342,0.4000000059604645,0.05000000074505806,-0.3100000023841858,0.49000000953674316,-0.20999999344348907,0.0,-0.6072593927383423,-0.09145188331604004,0.40119415521621704,0.7801631689071655,-0.3426460027694702,0.0,-0.40475204586982727,0.1875988245010376,0.4367339611053467,-0.9154697060585022,2.8712503910064697,-2.9363532066345215,-3.0642499923706055,5.1035237312316895,-4.1458048820495605,-1.4992278814315796,11.274185180664062,15.120448112487793,0.03847389668226242,0.013319067656993866,1.891986608505249,3.439063310623169,2.5659422874450684,2.03843092918396,0.0,782.1332397460938,0.5,0.0,0.0,0.025445975363254547,0.0,0.19933947920799255,2.368927801919031e-24,0.0,0.0,0.0,0.0,613.6258544921875,0.0
0.36,0.1666666865348816,0.8660254662022698,0.49999989188912924,1.0,0.0,0.0,1.0,0.036143094301223755,0.0815703496336937,0.6117757558822632,-0.11744880676269531,0.2034491002559662,0.06626628339290619,0.23675306141376495,0.7847591638565063,-0.6190633773803711,2.8566055297851562,-2.634873151779175,5.7729363441467285,0.038869746029376984,0.19517824053764343,-0.5660732984542847,0.4863617420196533,-0.43522050976753235,-0.19136038422584534,-1.1271061897277832,0.7184207439422607,-0.5866827964782715,0.3879251480102539,0.23899640142917633,-0.337875634431839,0.4000000059604645,0.05000000074505806,-0.3100000023841858,0.49000000953674316,-0.20999999344348907,0.0,-0.6165063977241516,-0.09330128133296967,0.4052627980709076,0.7931089401245117,-0.348564088344574,0.0,0.8103144764900208,-1.3422800302505493,3.2117984294891357,-2.06978178024292,8.133343696594238,-10.049782752990723,-2.0547666549682617,3.523444652557373,-8.324398040771484,1.0901548862457275,0.8039369583129883,10.52035903930664,0.038016192615032196,0.01054506003856659,2.042370080947876,4.49489688873291,2.58886456489563,3.195903778076172,0.0,205.8897705078125,0.5,0.0,0.0,0.018130909651517868,0.0,0.25403279066085815,1.129054311795312e-29,0.0,0.0,0.0,0.0,691.9943237304688,0.0
0.37,0.17777779698371887,0.8987940991993735,0.4383710383275639,1.0,0.0,0.0,1.0,0.04458604007959366,0.09883657097816467,0.609613299369812,-0.15540266036987305,0.226542666554451,0.11819524317979813,0.29156094789505005,0.7555651068687439,-0.7198481559753418,3.022752285003662,-2.5990514755249023,6.041889667510986,0.04064740613102913,0.179800882935524,-0.5113922953605652,0.4495903253555298,-0.3507407009601593,-0.27431154251098633,-1.1723664999008179,0.7516568303108215,-0.6442249417304993,0.37340250611305237,0.20751316845417023,-0.21441641449928284,0.4000000059604645,0.05000000074505806,-0.3100000023841858,0.49000000953674316,-0.20999999344348907,0.0,-0.6246985197067261,-0.0949397087097168,0.40886735916137695,0.8045779466629028,-0.3538070321083069,0.0,0.22711904346942902,-1.6924488544464111,6.647700786590576,-4.093783378601074,7.338513374328613,-7.471808433532715,-1.550853967666626,4.013355731964111,-10.917482376098633,-3.4875452518463135,-3.9271769523620605,8.13377857208252,0.03662826120853424,0.009784489870071411,2.2396581172943115,4.21323299407959,2.463024854660034,1.762678623199463,0.0,303.17584228515625,0.5,0.0,0.0,0.014576876536011696,0.0,0.29268714785575867,1.9618055911639505e-32,0.0,0.0,0.0,0.0,1269.3470458984375,0.0
0.38,0.18888892233371735,0.927183933286617,0.3746063985774378,1.0,0.0,0.0,1.0,0.053015679121017456,0.1163984015583992,0.6074063181877136,-0.19627761840820312,0.24524472653865814,0.1742803454399109,0.3470723628997803,0.7469587922096252,-0.7918262481689453,2.646023750305176,-2.7390730381011963,6.600110054016113,0.037306707352399826,0.16086818277835846,-0.4492219388484955,0.399692177772522,-0.31206265091896057,-0.3280334174633026,-1.251763105392456,0.8025992512702942,-0.692006528377533,0.32479071617126465,0.18240278959274292,-0.17128421366214752,0.4000000059604645,0.05000000074505806,-0.3100000023841858,0.49000000953674316,-0.20999999344348907,0.0,-0.6317960023880005,-0.09635919332504272,0.411990225315094,0.8145143985748291,-0.35834941267967224,0.0,-0.4094555675983429,-2.072166919708252,5.852655410766602,-5.0944390296936035,1.8785693645477295,-3.961007833480835,-7.969611644744873,6.351391315460205,-6.757667541503906,-5.1188788414001465,0.5748443603515625,6.560276985168457,0.03521808981895447,0.011498726904392242,2.6321890354156494,3.1122257709503174,2.75162410736084,0.7506627440452576,0.0,323.0191345214844,0.5,0.0,0.0,0.012458344921469688,0.0,0.31265074014663696,1.4554740642540788e-38,0.0,0.0,0.0,0.0,1296.1302490234375,0.0
0.39,0.20000001788139343,0.9510565510138586,0.30901688752174067,1.0,0.0,0.0,1.0,0.06156182289123535,0.13339003920555115,0.6050702333450317,-0.2393655776977539,0.2559831142425537,0.2319059520959854,0.38152071833610535,0.7262069582939148,-0.8570290207862854,2.057748794555664,-2.8204617500305176,6.454916954040527,0.02979693002998829,0.13979795575141907,-0.4087182581424713,0.3506125211715698,-0.2984630763530731,-0.33423227071762085,-1.3326398134231567,0.8612411022186279,-0.7485948801040649,0.2660250663757324,0.171089768409729,-0.12266169488430023,0.4000000059604645,0.05000000074505806,-0.3100000023841858,0.49000000953674316,-0.20999999344348907,0.0,-0.6377641558647156,-0.0975528284907341,0.4146162271499634,0.8228697776794434,-0.3621690273284912,0.0,-1.0231106281280518,-2.223860025405884,3.4645373821258545,-4.684174060821533,1.065901517868042,0.5564202070236206,-7.7406816482543945,5.282843589782715,-5.933621406555176,-6.210450649261475,5.529711723327637,10.176961898803711,0.03493130952119827,0.014016710221767426,2.417703151702881,2.932729959487915,3.111339807510376,0.7464645504951477,0.0,299.4170227050781,0.5,0.0,0.0,0.00982489064335823,0.0,0.3386366069316864,6.4478020227536724e-37,0.0,0.0,0.0,0.0,1831.981689453125,0.0
0.4,0.2111111283302307,0.9702957524497433,0.24192179062247984,1.0,0.0,0.0,1.0,0.06931375712156296,0.14958706498146057,0.6022207736968994,-0.27910614013671875,0.2601006329059601,0.28691551089286804,0.40721049904823303,0.6941275596618652,-0.9306901097297668,1.697980284690857,-2.3148062229156494,5.884212017059326,0.03051546961069107,0.13061338663101196,-0.41575783491134644,0.33247557282447815,-0.2948940098285675,-0.2866360545158386,-1.4120738506317139,0.8783512711524963,-0.7750057578086853,0.20715677738189697,0.1441037654876709,-0.05260026454925537,0.4000000059604645,0.05000000074505806,-0.3100000023841858,0.49000000953674316,-0.20999999344348907,0.0,-0.6425739526748657,-0.09851479530334473,0.4167325496673584,0.8296035528182983,-0.36524730920791626,0.0,-0.06910587847232819,-0.5977675914764404,-0.9836092591285706,-1.5216045379638672,0.5066533088684082,3.912323236465454,-7.808755397796631,0.18348002433776855,-2.2786307334899902,-4.976064682006836,3.5639538764953613,14.900018692016602,0.0357535183429718,0.017753340303897858,1.6620354652404785,4.392214298248291,2.7733330726623535,2.1873252391815186,0.0,145.93173217773438,0.5,0.0,0.0,0.006736966781318188,0.0,0.3749937415122986,8.433702709805065e-31,0.0,0.0,0.0,0.0,1800.9913330078125,0.0
0.41000000000000003,0.2222222536802292,0.9848077873348776,0.17364798301328604,1.0,0.0,0.0,1.0,0.07586190104484558,0.16542337834835052,0.5984770655632019,-0.3129401206970215,0.2620042562484741,0.3388013243675232,0.43334656953811646,0.6170505881309509,-1.0410586595535278,1.7640897035598755,-1.758347511291504,5.5012288093566895,0.03367043286561966,0.1288014054298401,-0.41362470388412476,0.3279954791069031,-0.3037780523300171,-0.1877809464931488,-1.4896224737167358,0.870807945728302,-0.8094710111618042,0.16834469139575958,0.10107962042093277,0.027896152809262276,0.4000000059604645,0.05000000074505806,-0.3100000023841858,0.49000000953674316,-0.20999999344348907,0.0,-0.6462019681930542,-0.09924039244651794,0.4183288514614105,0.8346827030181885,-0.367569237947464,0.0,0.27972233295440674,-0.059741079807281494,0.24033185839653015,-0.4368371069431305,-0.5158593654632568,8.89082145690918,-8.162029266357422,-0.9191762804985046,-4.723752498626709,-3.428335189819336,2.0138769149780273,14.317358016967773,0.035363271832466125,0.02184423804283142,1.0644469261169434,4.361968994140625,2.544390916824341,2.8604273796081543,0.0,83.4438247680664,0.5,0.0,0.0,0.0047875032760202885,0.0,0.46283334493637085,5.169412060075101e-27,0.0,0.0,0.0,0.0,1421.022216796875,0.0
0.42,0.23333334922790527,0.9945219058073733,0.10452836394620248,1.0,0.0,0.0,1.0,0.08098341524600983,0.18140166997909546,0.5935922861099243,-0.34124183654785156,0.2642509937286377,0.39110633730888367,0.4557376503944397,0.5339846014976501,-1.1617501974105835,2.0517990589141846,-1.2536392211914062,5.541265964508057,0.037711404263973236,0.13198311626911163,-0.42564716935157776,0.3254641890525818,-0.32605406641960144,-0.08601394295692444,-1.571415901184082,0.8580056428909302,-0.8657652735710144,0.12652672827243805,0.10362856835126877,0.020986689254641533,0.4000000059604645,0.05000000074505806,-0.3100000023841858,0.49000000953674316,-0.20999999344348907,0.0,-0.6486304998397827,-0.09972609579563141,0.41939741373062134,0.8380826711654663,-0.36912351846694946,0.0,0.38304877281188965,0.42988869547843933,-1.4973047971725464,-0.4382864236831665,-2.440419912338257,10.02286148071289,-8.700380325317383,-1.2285326719284058,-8.700307846069336,-4.172080039978027,6.301850318908691,10.15060806274414,0.03401835262775421,0.024962253868579865,0.6845239400863647,3.784935235977173,2.5926101207733154,3.03313946723938,0.0,99.50928497314453,0.5,0.0,0.0,0.0033516674302518368,0.0,0.5631566643714905,2.135154114267721e-27,0.0,0.0,0.0,0.0,1083.141357421875,0.0
0.43,0.24444447457790375,0.9993908336267431,0.034899307483728846,1.0,0.0,1.0,0.0,0.08435612171888351,0.19723385572433472,0.5874631404876709,-0.3630852699279785,0.26686975359916687,0.4427006244659424,0.44381794333457947,0.5092805027961731,-1.2135645151138306,1.9156742095947266,-0.5010262727737427,5.1338791847229,0.0445232093334198,0.13601014018058777,-0.44589051604270935,0.3221707046031952,-0.35986843705177307,-0.03605801612138748,-1.656780481338501,0.8282620906829834,-0.9441739320755005,0.06113622337579727,0.13225165009498596,-0.12958920001983643,0.4000000059604645,0.05000000074505806,-0.3100000023841858,0.49000000953674316,-0.20999999344348907,0.0,-0.6498477458953857,-0.0999695435166359,0.4199329912662506,0.8397867679595947,-0.36990252137184143,0.0,0.8307379484176636,0.1202007606625557,-0.4327879846096039,-0.3444577157497406,5.917098045349121,-5.604208946228027,-8.097404479980469,-2.754251003265381,-2.730525016784668,-6.733721733093262,9.888136863708496,-10.194194793701172,0.031654223799705505,0.02792508155107498,-0.029458558186888695,2.5222854614257812,2.0327677726745605,2.9021284580230713,210.9270477294922,0.0,0.5,0.0,0.0,0.0023033993784338236,0.0,0.5915281176567078,1.2789313551447933e-23,0.0,0.0,0.0,0.0,1621.6513671875,0.0
0.44,0.2555555999279022,0.9993908172890887,-0.034899775332339046,1.0,0.0,1.0,1.0,0.0852057933807373,0.21165680885314941,0.5805227160453796,-0.37538576126098633,0.26513656973838806,0.49702271819114685,0.4591291546821594,0.5119981169700623,-1.191116452217102,1.7483139038085938,0.5948192477226257,5.266251564025879,0.0698247104883194,0.14361082017421722,-0.4482462406158447,0.3339969217777252,-0.28473109006881714,-0.08715112507343292,-1.7385119199752808,0.7951608300209045,-1.0008502006530762,-0.006239915266633034,0.11998290568590164,-0.31859779357910156,0.4000000059604645,0.05000000074505806,-0.3100000023841858,0.49000000953674316,-0.20999999344348907,0.0,-0.6496955156326294,-0.09993910789489746,0.41986602544784546,0.8395737409591675,-0.36980509757995605,0.0,2.9646644592285156,1.0848757028579712,-0.33597248792648315,1.1421717405319214,7.888212203979492,-7.007542133331299,-8.075145721435547,-3.4988903999328613,-6.5865797996521,-6.7700982093811035,-3.4819188117980957,-11.276891708374023,0.027428992092609406,0.028775200247764587,-0.268819659948349,1.7481380701065063,1.3081034421920776,2.5917623043060303,271.6752624511719,331.7633056640625,0.5,0.0,0.0,0.0017636680277064443,0.0,0.590004563331604,8.148347914748991e-25,0.0,0.0,0.0,0.0,1913.208740234375,0.0
0.45,0.2666666805744171,0.9945218862340525,-0.10452855017392218,1.0,0.0,1.0,1.0,0.08394569158554077,0.2245263159275055,0.5731886029243469,-0.37934112548828125,0.2593092620372772,0.5552168488502502,0.4841616153717041,0.5220233798027039,-1.1151127815246582,1.5052580833435059,1.3888014554977417,5.35018253326416,0.09834739565849304,0.15675118565559387,-0.45895469188690186,0.33936065435409546,-0.19301821291446686,-0.1522725522518158,-1.8217740058898926,0.7618305683135986,-1.0505300760269165,-0.06846288591623306,0.13026946783065796,-0.518403947353363,0.4000000059604645,0.05000000074505806,-0.3100000023841858,0.49000000953674316,-0.20999999344348907,0.0,-0.6472684144973755,-0.09945368766784668,0.4187981188297272,0.836175799369812,-0.3682518005371094,0.0,2.9987406730651855,1.8738691806793213,-2.6729681491851807,0.42519477009773254,11.309358596801758,-3.152381420135498,-8.021232604980469,-3.4245851039886475,-3.919318437576294,-6.170479774475098,-0.9146135449409485,-11.728546142578125,0.021301712840795517,0.028110571205615997,-0.40041089057922363,1.1883288621902466,0.8794181942939758,2.5505998134613037,481.6148681640625,342.45526123046875,0.5,0.0,0.0,0.0015716757625341415,0.0,0.5795412063598633,1.3712491781544856e-25,0.0,0.0,0.0,0.0,1844.4456787109375,0.0
0.46,0.2777778208255768,0.9848077060442821,-0.1736484440350642,1.0,0.0,1.0,1.0,0.0809062123298645,0.2359895408153534,0.5660581588745117,-0.3767409324645996,0.25166648626327515,0.6142745614051819,0.5006221532821655,0.5339053869247437,-1.022694706916809,1.4307940006256104,1.856440544128418,5.2435197830200195,0.12303313612937927,0.1739652156829834,-0.48117706179618835,0.3371478319168091,-0.08219827711582184,-0.19298113882541656,-1.903485655784607,0.7298940420150757,-1.0239341259002686,-0.12755435705184937,0.11044859886169434,-0.669442355632782,0.4000000059604645,0.05000000074505806,-0.3100000023841858,0.49000000953674316,-0.20999999344348907,0.0,-0.6424615383148193,-0.09849230945110321,0.4166830778121948,0.8294461369514465,-0.36517536640167236,0.0,2.5601489543914795,1.7785379886627197,-1.4779598712921143,-0.18941697478294373,11.713765144348145,0.05922552943229675,-7.774458885192871,-3.089124917984009,3.6944351196289062,-6.043331623077393,0.10740655660629272,-10.985315322875977,0.01425577700138092,0.0275423526763916,-0.6963135004043579,0.6519074440002441,0.6148836016654968,2.0674076080322266,541.4971313476562,334.886962890625,0.5,0.0,0.0,0.0015679543139413,0.0,0.5654628276824951,1.3139577851342603e-24,0.0,0.0,0.0,0.0,1841.7193603515625,0.0
0.47000000000000003,0.28888893127441406,0.9702956618482643,-0.24192215400504158,1.0,0.0,1.0,1.0,0.07678520679473877,0.24639347195625305,0.5591592788696289,-0.37020301818847656,0.24356399476528168,0.6728314757347107,0.5266301035881042,0.5355859994888306,-0.963355541229248,1.2685768604278564,2.001310348510742,4.9745283126831055,0.14876705408096313,0.19234533607959747,-0.5119513869285583,0.335273802280426,0.014938224107027054,-0.2485223412513733,-1.9804331064224243,0.6972280740737915,-0.9810347557067871,-0.19164513051509857,0.12659816443920135,-0.8291934132575989,0.4000000059604645,0.05000000074505806,-0.3100000023841858,0.49000000953674316,-0.20999999344348907,0.0,-0.6353684067726135,-0.09707368910312653,0.4135621190071106,0.8195158243179321,-0.36063575744628906,0.0,2.3187689781188965,2.225633382797241,-4.5949859619140625,-0.502175509929657,9.559531211853027,-6.701641082763672,-7.368607044219971,-3.3616087436676025,3.164484739303589,-6.7394938468933105,5.340692520141602,-11.09786605834961,0.007490966469049454,0.02769702672958374,-0.5354518890380859,0.3982885777950287,0.4743562340736389,1.6835787296295166,484.2567443847656,306.5596618652344,0.5,0.0,0.0,0.0015641681384295225,0.0,0.562635600566864,3.2059511660928553e-22,0.0,0.0,0.0,0.0,2252.26513671875,0.0
0.48,0.30000001192092896,0.9510564931493438,-0.30901706561041653,1.0,0.0,1.0,1.0,0.07199150323867798,0.25619933009147644,0.552669882774353,-0.3613743782043457,0.23609770834445953,0.7292155623435974,0.5541882514953613,0.5426985025405884,-0.9173988699913025,1.3969597816467285,2.2382571697235107,4.954111099243164,0.1655866801738739,0.21239309012889862,-0.5492205023765564,0.3300732970237732,0.10634905844926834,-0.2382155805826187,-2.0489745140075684,0.6750984191894531,-0.9275181889533997,-0.2352367639541626,0.12048447132110596,-0.8929385542869568,0.4000000059604645,0.05000000074505806,-0.3100000023841858,0.49000000953674316,-0.20999999344348907,0.0,-0.6261271238327026,-0.09522542357444763,0.40949591994285583,0.8065779209136963,-0.354721337556839,0.0,1.269862413406372,1.8525598049163818,-4.156054973602295,-1.1737253665924072,12.002532958984375,-0.9056165218353271,-6.66288423538208,-1.7492064237594604,3.6318531036376953,-3.4830949306488037,3.4902143478393555,-9.25482177734375,0.00036416202783584595,0.027205772697925568,-1.1285462379455566,0.16031980514526367,0.458357036113739,2.0366692543029785,794.7567138671875,396.7919921875,0.5,0.0,0.0,0.0016830825479701161,0.0,0.5516089200973511,4.80875673383699e-22,0.0,0.0,0.0,0.0,1741.4876708984375,0.0
0.49,0.3111111521720886,0.9271837579206039,-0.37460683262352124,1.0,0.0,1.0,1.0,0.06426757574081421,0.2653748095035553,0.5501011610031128,-0.35033607482910156,0.2399391531944275,0.784881055355072,0.5556846261024475,0.48997193574905396,-0.3181356191635132,2.6754941940307617,2.2080235481262207,4.532834053039551,0.19299550354480743,0.2687927186489105,-0.6048963665962219,0.33477282524108887,0.13425669074058533,-0.22481288015842438,-2.13364577293396,0.6488935351371765,-0.8684656023979187,-0.2807731628417969,0.1620597243309021,-0.8741806745529175,0.4000000059604645,0.05000000074505806,-0.3100000023841858,0.49000000953674316,-0.20999999344348907,0.0,-0.6149173974990845,-0.09298348426818848,0.40456366539001465,0.7908843755722046,-0.34754714369773865,0.0,1.9543511867523193,6.015105247497559,-4.208131313323975,0.021022774279117584,-0.19327938556671143,4.838983535766602,-8.021141052246094,-2.91801381111145,3.5437214374542236,-4.4461469650268555,8.359785079956055,-4.392395973205566,-8.914247155189514e-05,0.027372241020202637,-0.05311379209160805,-0.3169059753417969,-0.052993230521678925,2.2474305629730225,270.3095397949219,238.32701110839844,0.5,0.0,0.0,0.001402142341248691,0.0,0.614868700504303,1.4238458407222278e-18,0.0,0.0,0.0,0.0,1581.0714111328125,0.0
0.5,0.3222222626209259,0.8987939350262757,-0.4383713749322402,1.0,0.0,1.0,1.0,0.056246258318424225,0.27347230911254883,0.5500670671463013,-0.34008073806762695,0.24731764197349548,0.8351508378982544,0.5739127993583679,0.48362141847610474,-0.2622666358947754,2.2617130279541016,2.114260673522949,4.141871452331543,0.206864133477211,0.3177781105041504,-0.6412062048912048,0.3232662081718445,0.13763129711151123,-0.22827252745628357,-2.21555495262146,0.6171760559082031,-0.8490790724754333,-0.3258340358734131,0.1905275285243988,-0.7568029165267944,0.4000000059604645,0.05000000074505806,-0.3100000023841858,0.49000000953674316,-0.20999999344348907,0.0,-0.6019576787948608,-0.09039153158664703,0.3988613784313202,0.7727407217025757,-0.33925288915634155,0.0,1.1093236207962036,4.741183757781982,-3.20847225189209,-1.0703762769699097,-0.05633319169282913,2.8668322563171387,-8.055633544921875,-3.4734585285186768,1.4457025527954102,-4.537643909454346,3.138000011444092,9.997692108154297,0.00221889466047287,0.02872292697429657,-0.07481065392494202,-0.026944633573293686,-0.002997718984261155,1.639129877090454,302.1099548339844,223.51605224609375,0.5,0.0,0.0,0.0011493300553411245,0.0,0.6195849180221558,1.256809805323157e-15,0.0,0.0,0.0,0.0,996.195068359375,0.0
0.51,0.3333333730697632,0.8660252789487355,-0.500000216221718,1.0,0.0,1.0,1.0,0.049029190093278885,0.2805718779563904,0.5503612160682678,-0.3301873207092285,0.2517091929912567,0.8815298676490784,0.5885916352272034,0.48190516233444214,-0.23290464282035828,1.7064515352249146,2.0192453861236572,3.8871686458587646,0.2138904482126236,0.3570890426635742,-0.6727080345153809,0.30565306544303894,0.1407640278339386,-0.22987352311611176,-2.2987427711486816,0.5836731791496277,-0.8525936007499695,-0.3662802577018738,0.19941039383411407,-0.6198904514312744,0.4000000059604645,0.05000000074505806,-0.3100000023841858,0.49000000953674316,-0.20999999344348907,0.0,-0.5874999761581421,-0.08749999105930328,0.39249998331069946,0.7524999380111694,-0.3299999535083771,0.0,0.8324582576751709,3.0965282917022705,-3.41764760017395,-1.8724644184112549,0.01695430278778076,-6.903165817260742,-8.096875190734863,-3.2791497707366943,-1.1262000799179077,-3.7662672996520996,1.1928369998931885,10.22730541229248,0.004344910383224487,0.03085581213235855,-0.10605709999799728,-0.0384853333234787,0.11634431034326553,1.4669275283813477,237.86654663085938,215.16017150878906,0.5,0.0,0.0,0.0009972529951483011,0.0,0.6186830997467041,7.508470028453479e-14,0.0,0.0,0.0,0.0,971.880126953125,0.0
0.52,0.34444448351860046,0.829037435267476,-0.5591931070078792,1.0,0.0,1.0,1.0,0.04272884875535965,0.2866915166378021,0.5505997538566589,-0.3204331398010254,0.252157062292099,0.9252073764801025,0.5929063558578491,0.4838223159313202,-0.21717345714569092,1.2270220518112183,1.9452277421951294,3.6924290657043457,0.22330611944198608,0.38185611367225647,-0.6850017309188843,0.29068315029144287,0.14729464054107666,-0.20915809273719788,-2.3731915950775146,0.5500189661979675,-0.8864139914512634,-0.404613733291626,0.18178516626358032,-0.4940066933631897,0.4000000059604645,0.05000000074505806,-0.3100000023841858,0.49000000953674316,-0.20999999344348907,0.0,-0.5718257427215576,-0.08436514437198639,0.38560330867767334,0.7305560111999512,-0.31996846199035645,0.0,1.0491489171981812,2.238083839416504,-0.9243066310882568,-1.252225637435913,0.03051668405532837,4.147688388824463,-7.880313873291016,-3.5236611366271973,-3.1464662551879883,-3.889970541000366,-3.16930890083313,9.762595176696777,0.0060580819845199585,0.03274346888065338,-0.26471519470214844,-0.10172347724437714,0.2872626483440399,1.224627137184143,274.2467041015625,242.60462951660156,0.5,0.0,0.0,0.0009069365332834423,0.0,0.6154317259788513,1.4375734760582737e-12,0.0,0.0,0.0,0.0,947.7750244140625,0.0
0.53,0.35555559396743774,0.7880106050174339,-0.6156616655112268,1.0,0.0,1.0,1.0,0.03746413066983223,0.29209718108177185,0.5508657693862915,-0.31143999099731445,0.24851390719413757,0.9668669700622559,0.6001047492027283,0.48566484451293945,-0.1912834644317627,0.7058389782905579,1.7936983108520508,3.5795745849609375,0.23108786344528198,0.3953033983707428,-0.6921669840812683,0.2743794918060303,0.15828564763069153,-0.21858040988445282,-2.4450435638427734,0.5211405158042908,-0.9182883501052856,-0.43641072511672974,0.1431741565465927,-0.3788210451602936,0.4000000059604645,0.05000000074505806,-0.3100000023841858,0.49000000953674316,-0.20999999344348907,0.0,-0.5552402138710022,-0.08104804158210754,0.37830567359924316,0.7073363065719604,-0.30935370922088623,0.0,0.7314047813415527,0.7634623646736145,-0.5180618762969971,-1.6998368501663208,1.21433424949646,-4.496860980987549,-6.846015930175781,-2.4979026317596436,-3.099121570587158,-2.892556667327881,-2.99078369140625,10.525547981262207,0.007145605981349945,0.03523119539022446,-0.4097069501876831,-0.06540083885192871,0.2723575830459595,1.1396064758300781,240.3228302001953,216.1592254638672,0.5,0.0,0.0,0.0008849580190144479,0.0,0.6115353107452393,7.420987435668991e-12,0.0,0.0,0.0,0.0,882.1920166015625,0.0
0.54,0.366666704416275,0.7431446667677674,-0.6691307826237142,1.0,0.0,1.0,1.0,0.03372346609830856,0.2974298596382141,0.5516940355300903,-0.3062410354614258,0.2397034913301468,1.0086125135421753,0.6272721290588379,0.5045924186706543,-0.11217041313648224,0.11198323965072632,1.284105658531189,3.778454065322876,0.22484372556209564,0.3983229398727417,-0.7264226078987122,0.24451781809329987,0.20263589918613434,-0.2756017744541168,-2.520129680633545,0.5127736926078796,-0.901405930519104,-0.45762595534324646,0.13635823130607605,-0.24313205480575562,0.4000000059604645,0.05000000074505806,-0.3100000023841858,0.49000000953674316,-0.20999999344348907,0.0,-0.5380659699440002,-0.07761319726705551,0.37074902653694153,0.6832923889160156,-0.29836222529411316,0.0,-1.0334234237670898,-0.04504498094320297,-3.587677001953125,-3.1298203468322754,4.179554462432861,-4.6638593673706055,-7.671563148498535,-0.18592049181461334,2.3666017055511475,-2.1241366863250732,2.3255605697631836,11.24323558807373,0.00765642523765564,0.038106173276901245,-0.32070010900497437,-0.07115421444177628,0.23607635498046875,0.7368937134742737,267.1594543457031,200.06996154785156,0.5,0.0,0.0,0.0009484297479502857,0.0,0.5818029642105103,3.975599959914894e-13,0.0,0.0,0.0,0.0,1095.14794921875,0.0
0.55,0.3777778446674347,0.6946580681347259,-0.7193400922896837,1.0,0.0,1.0,1.0,0.031200792640447617,0.3022191822528839,0.5528526306152344,-0.30165910720825195,0.2256758213043213,1.0491019487380981,0.6401669383049011,0.5211579203605652,-0.05832742527127266,-0.43968862295150757,1.3874784708023071,3.524315357208252,0.2210928052663803,0.3997994065284729,-0.7367205619812012,0.23197400569915771,0.19286109507083893,-0.19005107879638672,-2.588275909423828,0.5130676031112671,-0.8793939352035522,-0.47950223088264465,0.17193178832530975,-0.16592887043952942,0.4000000059604645,0.05000000074505806,-0.3100000023841858,0.49000000953674316,-0.20999999344348907,0.0,-0.5206374526023865,-0.07412749528884888,0.3630805015563965,0.6588924527168274,-0.2872079610824585,0.0,-0.19889190793037415,0.12295320630073547,-1.4624583721160889,-1.1931109428405762,0.19035208225250244,7.403834819793701,-6.884524345397949,0.22432489693164825,1.9742846488952637,-2.2640225887298584,3.6776952743530273,7.9007978439331055,0.006988581269979477,0.04126381129026413,-0.22819313406944275,-0.1403527408838272,0.15670230984687805,0.46918347477912903,273.8548583984375,199.21072387695312,0.5,0.0,0.0,0.0011509464820846915,0.0,0.5584977269172668,1.6271652428234695e-11,0.0,0.0,0.0,0.0,530.8582763671875,0.0
0.56,0.3888889253139496,0.6427874343654499,-0.7660445902308053,1.0,0.0,1.0,1.0,0.029404424130916595,0.3061184585094452,0.5540592670440674,-0.29418373107910156,0.20871908962726593,1.0842866897583008,0.6447056531906128,0.5278274416923523,-0.02325258031487465,-0.8290551900863647,1.4891811609268188,2.7664618492126465,0.22492684423923492,0.40015164017677307,-0.7580205798149109,0.22299034893512726,0.2077936828136444,-0.18324193358421326,-2.6592230796813965,0.5117465257644653,-0.883267879486084,-0.49462535977363586,0.24628236889839172,-0.2764304280281067,0.4000000059604645,0.05000000074505806,-0.3100000023841858,0.49000000953674316,-0.20999999344348907,0.0,-0.5032939314842224,-0.07065878808498383,0.3554493188858032,0.6346114873886108,-0.2761080861091614,0.0,0.5765026211738586,-0.009893832728266716,-1.003193736076355,-0.4589012861251831,0.09319007396697998,7.038182735443115,-6.640571117401123,-0.48700079321861267,-3.272519588470459,-1.2911444902420044,5.693248271942139,-10.072550773620605,0.006786510348320007,0.04428558051586151,-0.07851885259151459,-0.07524479925632477,0.12062884867191315,1.1377525329589844,273.3487243652344,157.80604553222656,0.5,0.0,0.0,0.0013879109174013138,0.0,0.5493150949478149,2.2512219288728375e-07,0.0,0.0,0.0,0.0,545.9190673828125,0.0
0.5700000000000001,0.40000003576278687,0.587785070502928,-0.8090171264527519,1.0,0.0,1.0,1.0,0.02805444598197937,0.30906808376312256,0.5551939010620117,-0.28252220153808594,0.19056710600852966,1.111376404762268,0.6445702314376831,0.5391002893447876,0.009005535393953323,-1.2043129205703735,1.7257323265075684,2.0172719955444336,0.23552851378917694,0.4013898968696594,-0.781702995300293,0.2233363837003708,0.22583365440368652,-0.14326803386211395,-2.7029309272766113,0.5034988522529602,-0.9393187165260315,-0.5052379965782166,0.31295737624168396,-0.3963249921798706,0.4000000059604645,0.05000000074505806,-0.3100000023841858,0.49000000953674316,-0.20999999344348907,0.0,-0.48637279868125916,-0.0672745630145073,0.3480040431022644,0.6109219193458557,-0.26527857780456543,0.0,1.2453484535217285,0.030027169734239578,-2.7069122791290283,0.11367330700159073,1.8188709020614624,3.3639044761657715,-3.167797327041626,-0.8257419466972351,-5.145017147064209,-0.7841179370880127,3.554093837738037,-9.918725967407227,0.006179437041282654,0.04787907749414444,0.026115618646144867,0.2880818843841553,0.0010840730974450707,0.8872197866439819,267.8111877441406,211.70721435546875,0.5,0.0,0.0,0.0017651980742812157,0.0,0.5363011956214905,0.0002919952676165849,0.0,0.0,0.0,0.0,670.2037963867188,0.0
0.58,0.41111117601394653,0.5299189184020798,-0.848048312255599,1.0,0.0,1.0,1.0,0.027223434299230576,0.3108692467212677,0.5561843514442444,-0.26641321182250977,0.17101316154003143,1.129500389099121,0.625376284122467,0.5434176921844482,0.036667510867118835,-1.6668126583099365,1.9715075492858887,1.0615015029907227,0.2560403048992157,0.39914801716804504,-0.7966236472129822,0.23217685520648956,0.23995919525623322,-0.12553156912326813,-2.7009146213531494,0.4932902753353119,-1.0140290260314941,-0.5177494883537292,0.3597847819328308,-0.5304844975471497,0.4000000059604645,0.05000000074505806,-0.3100000023841858,0.49000000953674316,-0.20999999344348907,0.0,-0.4702035188674927,-0.06404070556163788,0.3408895432949066,0.588284969329834,-0.2549302577972412,0.0,2.2506914138793945,-0.45255351066589355,-1.2984423637390137,0.9282966256141663,1.7468008995056152,2.306938648223877,0.5657036900520325,-0.9628676176071167,-8.760173797607422,-1.058302879333496,5.19283390045166,-10.476166725158691,0.0051190778613090515,0.05363529920578003,0.04540832340717316,0.3489942252635956,-0.10055679082870483,0.6880742907524109,280.1357116699219,123.94248962402344,0.5,0.0,0.0,0.002387967659160495,0.0,0.5368460416793823,0.10502353310585022,0.0,0.0,0.0,0.0,924.373046875,0.0
0.59,0.4222222566604614,0.46947137173205644,-0.882947694444026,1.0,0.0,1.0,1.0,0.027091044932603836,0.3115922808647156,0.5570017099380493,-0.24678659439086914,0.14950349926948547,1.1394438743591309,0.6078674793243408,0.5432913303375244,0.054926399141550064,-2.071718215942383,2.121527910232544,0.2850556969642639,0.2853326201438904,0.3918660581111908,-0.8114478588104248,0.24633674323558807,0.2539116144180298,-0.12684597074985504,-2.7012102603912354,0.47974419593811035,-1.1313753128051758,-0.5282559394836426,0.3853892982006073,-0.6672636866569519,0.4000000059604645,0.05000000074505806,-0.3100000023841858,0.49000000953674316,-0.20999999344348907,0.0,-0.4551008343696594,-0.06102016940712929,0.33424437046051025,0.5671411752700806,-0.24526453018188477,0.0,3.089930772781372,-0.860437273979187,-1.878745675086975,1.576411485671997,1.7651463747024536,2.570568084716797,-0.8373561501502991,-1.4742218255996704,-13.831339836120605,-0.9305881857872009,1.2731468677520752,-10.108504295349121,0.003623098134994507,0.05868593603372574,0.007757088635116816,0.4498138725757599,-0.01600862294435501,0.8769431710243225,282.5880126953125,91.72433471679688,0.5,0.0,0.0,0.003451394848525524,0.0,0.5413973927497864,0.8500046133995056,0.0,0.0,0.0,0.0,1093.786865234375,0.0
0.6,0.4333333671092987,0.4067364492025809,-0.9135455439604947,1.0,0.0,1.0,0.0,0.027736235409975052,0.3119513988494873,0.5579293370246887,-0.2269129753112793,0.12688106298446655,1.1415318250656128,0.5818851590156555,0.5309948921203613,0.07952472567558289,-2.300440788269043,1.8101763725280762,-0.30681154131889343,0.31994548439979553,0.3798847198486328,-0.8148858547210693,0.2665705680847168,0.2669479250907898,-0.12039157748222351,-2.7244551181793213,0.4691929519176483,-1.2985444068908691,-0.5321228504180908,0.3812277317047119,-0.7772024869918823,0.4000000059604645,0.05000000074505806,-0.3100000023841858,0.49000000953674316,-0.20999999344348907,0.0,-0.44135862588882446,-0.05827172473073006,0.32819777727127075,0.5479020476341248,-0.23646950721740723,0.0,3.314872980117798,-1.3268488645553589,-0.18936192989349365,2.2006397247314453,1.4711458683013916,4.45473051071167,-3.6395819187164307,-0.5060281157493591,-17.75312042236328,-0.11590457707643509,-0.3242075741291046,-10.07142162322998,0.0018397271633148193,0.06197059899568558,-0.030025247484445572,0.5810784697532654,0.037328969687223434,1.4812060594558716,278.9290466308594,0.0,0.5,0.0,0.0,0.005234398879110813,0.0,0.5614001154899597,0.828393816947937,0.0,0.0,0.0,0.0,503.04534912109375,0.0
0.61,0.4444445073604584,0.3420197718529573,-0.9396927559908351,1.0,0.0,1.0,0.0,0.02925843745470047,0.3125511109828949,0.5592038035392761,-0.21039676666259766,0.10319622606039047,1.1384683847427368,0.5412869453430176,0.5165965557098389,0.10748544335365295,-2.5322329998016357,1.4256043434143066,-0.6342447996139526,0.35474395751953125,0.3638898432254791,-0.8101013898849487,0.29203087091445923,0.2751610279083252,-0.12721560895442963,-2.751232862472534,0.47416260838508606,-1.475234866142273,-0.5330209136009216,0.2892168462276459,-0.66364985704422,0.4000000059604645,0.05000000074505806,-0.3100000023841858,0.49000000953674316,-0.20999999344348907,0.0,-0.42924439907073975,-0.055848877876996994,0.3228675425052643,0.5309421420097351,-0.2287164032459259,0.0,3.3728950023651123,-1.7358607053756714,0.4957650899887085,2.7355947494506836,0.8030171394348145,1.3329612016677856,-2.462646007537842,1.2484320402145386,-16.587194442749023,-0.10354141891002655,-9.336380004882812,10.087697982788086,3.3676624298095703e-06,0.06450726836919785,0.021047493442893028,0.5442449450492859,0.005341217387467623,0.9695108532905579,278.2786865234375,0.0,0.5,0.0,0.0,0.007950954139232635,0.0,0.5844095945358276,0.4472968280315399,0.0,0.0,0.0,0.0,255.0817413330078,0.0
0.62,0.45555561780929565,0.2756369798177498,-0.9612618037542893,1.0,0.0,1.0,0.0,0.030958814546465874,0.31280410289764404,0.5620054602622986,-0.19654607772827148,0.080166757106781,1.1338393688201904,0.46796107292175293,0.4727436900138855,0.3309057354927063,-2.478933572769165,1.2858200073242188,-0.6822049021720886,0.38643014430999756,0.35134974122047424,-0.820626437664032,0.3228433430194855,0.26093658804893494,-0.12240864336490631,-2.7498953342437744,0.4917227625846863,-1.587898850440979,-0.5288994908332825,0.17743131518363953,-0.4669976830482483,0.4000000059604645,0.05000000074505806,-0.3100000023841858,0.49000000953674316,-0.20999999344348907,0.0,-0.41899392008781433,-0.05379878729581833,0.31835731863975525,0.516591489315033,-0.2221561074256897,0.0,2.867526054382324,-1.8041325807571411,-1.4372111558914185,2.4172873497009277,-1.9670180082321167,-0.7851500511169434,1.6947689056396484,2.0024871826171875,-8.395150184631348,0.45095667243003845,-10.136011123657227,10.785618782043457,-0.00022704526782035828,0.06934215873479843,-0.009305433370172977,0.2053086757659912,-0.04562808945775032,-0.3948270082473755,641.2421875,0.0,0.5,0.0,0.0,0.011637121438980103,0.0,0.638249397277832,0.39423543214797974,0.0,0.0,0.0,0.0,1206.337158203125,0.0
0.63,0.46666669845581055,0.20791149544540807,-0.9781476422614606,1.0,0.0,1.0,0.0,0.033607110381126404,0.3136015832424164,0.5661354064941406,-0.18928956985473633,0.05623053386807442,1.1317148208618164,0.42392727732658386,0.4224822223186493,0.39209210872650146,-2.4849889278411865,0.48064008355140686,-0.2500064969062805,0.40352022647857666,0.33031150698661804,-0.82215416431427,0.340422660112381,0.24725599586963654,-0.11689793318510056,-2.7675769329071045,0.5179532766342163,-1.5974735021591187,-0.5132735967636108,0.13033334910869598,-0.2688935399055481,0.4000000059604645,0.05000000074505806,-0.3100000023841858,0.49000000953674316,-0.20999999344348907,0.0,-0.410806804895401,-0.052161358296871185,0.31475499272346497,0.5051295161247253,-0.21691633760929108,0.0,1.5084260702133179,-2.3563034534454346,0.6106877326965332,1.7246248722076416,-1.5684863328933716,-0.03710441291332245,-1.1659762859344482,2.668062448501587,1.3227219581604004,1.8289992809295654,-2.7486953735351562,10.767889022827148,-0.00016670674085617065,0.07697641104459763,0.09879165142774582,0.4924333989620209,-0.12766419351100922,-1.3144807815551758,287.0198669433594,0.0,0.5,0.0,0.0,0.016229618340730667,0.0,0.6917320489883423,0.8824911713600159,0.0,0.0,0.0,0.0,958.5722045898438,0.0
0.64,0.4777778387069702,0.13917272185631818,-0.9902681220210533,1.0,0.0,1.0,0.0,0.037034161388874054,0.31436342000961304,0.5707775950431824,-0.18497133255004883,0.030956950038671494,1.1284171342849731,0.39302343130111694,0.3865877687931061,0.43479207158088684,-2.6664180755615234,0.31076499819755554,-0.30744850635528564,0.41961923241615295,0.30883774161338806,-0.8206132054328918,0.36262428760528564,0.2270284742116928,-0.09962145239114761,-2.7685341835021973,0.5469496250152588,-1.6108717918395996,-0.48659366369247437,0.08735410869121552,-0.06638608872890472,0.4000000059604645,0.05000000074505806,-0.3100000023841858,0.49000000953674316,-0.20999999344348907,0.0,-0.4048422574996948,-0.05096845328807831,0.3121306002140045,0.4967791736125946,-0.21309903264045715,0.0,1.67289400100708,-2.224355936050415,0.5080342292785645,2.4634549617767334,-2.468489646911621,1.2397586107254028,-0.446945458650589,2.9738080501556396,-0.7721980214118958,2.758018732070923,-3.4125301837921143,10.78787612915039,0.0003052651882171631,0.08681652694940567,0.19615161418914795,0.7685561180114746,-0.18657127022743225,-1.0732269287109375,294.80780029296875,0.0,0.5,0.0,0.0,0.021616894751787186,0.0,0.7248517274856567,0.827745795249939,0.0,0.0,0.0,0.0,1044.5623779296875,0.0
0.65,0.4888889491558075,0.0697560959983196,-0.9975640766743122,1.0,1.0,1.0,0.0,0.04116970673203468,0.31479912996292114,0.5759410262107849,-0.18227148056030273,0.0035466523841023445,1.1270458698272705,0.36834943294525146,0.347637802362442,0.47583669424057007,-2.8354923725128174,0.1995910108089447,-0.02057558298110962,0.43703094124794006,0.2872898280620575,-0.8270949125289917,0.3881111443042755,0.19718022644519806,-0.09495201706886292,-2.7612826824188232,0.5808795690536499,-1.6219382286071777,-0.4492393434047699,0.04868661239743233,0.13543951511383057,0.4000000059604645,0.05000000074505806,-0.3100000023841858,0.49000000953674316,-0.20999999344348907,0.0,-0.4000000059604645,-0.05000000074505806,0.3100000023841858,0.49000000953674316,-0.20999999344348907,0.0,1.4042266607284546,-2.0530383586883545,-0.12216097116470337,2.1704487800598145,-1.737762689590454,10.148658752441406,0.7517192959785461,3.415269374847412,0.17164939641952515,3.7319631576538086,-2.874861478805542,10.779062271118164,0.0015133395791053772,0.09851834923028946,0.3031556308269501,0.9837997555732727,-0.09272332489490509,-1.1947544813156128,227.41485595703125,0.0,0.5,0.0,0.0,0.013423445634543896,0.0,0.7585338354110718,0.9991536736488342,0.0,0.0,0.0,0.0,1142.6444091796875,0.0
0.66,0.5000000596046448,-3.7450702837747515e-07,-0.9999999999999298,1.0,1.0,1.0,0.0,0.04601958394050598,0.31553685665130615,0.5814558267593384,-0.18276214599609375,-0.02570343017578125,1.1309845447540283,0.34443768858909607,0.303483784198761,0.4767889380455017,-2.88308048248291,-0.1510542780160904,0.5453819036483765,0.4475133717060089,0.26864057779312134,-0.8341317176818848,0.41060948371887207,0.165181502699852,-0.08473765105009079,-2.7661101818084717,0.6176543235778809,-1.581559181213379,-0.4056706726551056,0.026322772726416588,0.3341276943683624,0.4000000059604645,0.05000000074505806,-0.3100000023841858,0.49000000953674316,-0.20999999344348907,0.0,-0.4000000059604645,-0.05000000074505806,0.3100000023841858,0.49000000953674316,-0.20999999344348907,0.0,0.9939689636230469,-1.808871865272522,-0.5004621148109436,2.2429282665252686,-4.587682723999023,-1.2908403873443604,0.0955331027507782,3.5903830528259277,5.72567081451416,4.280600547790527,-1.4866570234298706,10.749137878417969,0.0031152479350566864,0.11257388442754745,0.6672545671463013,1.229965329170227,-0.29901212453842163,-1.3966883420944214,190.32003784179688,0.0,0.5,0.0,0.0,0.012827994301915169,0.0,0.7924672961235046,0.5516271591186523,0.0,0.0,0.0,0.0,1158.964599609375,0.0
0.67,0.5111111998558044,-0.06975702998518378,-0.9975640113635045,1.0,1.0,1.0,0.0,0.051599789410829544,0.3160392940044403,0.5871803164482117,-0.1842484474182129,-0.0571751594543457,1.1365139484405518,0.32956308126449585,0.260404497385025,0.4767236113548279,-3.1386027336120605,-0.2352427989244461,0.6073188781738281,0.4603736400604248,0.24303895235061646,-0.8360682129859924,0.4312823712825775,0.1351383626461029,-0.11103493720293045,-2.743542432785034,0.66102534532547,-1.5489851236343384,-0.35881486535072327,0.03511305898427963,0.4570408761501312,0.4000000059604645,0.05000000074505806,-0.3100000023841858,0.49000000953674316,-0.20999999344348907,0.0,-0.4000000059604645,-0.05000000074505806,0.3100000023841858,0.49000000953674316,-0.20999999344348907,0.0,1.382643222808838,-3.0570051670074463,-0.3007510304450989,2.161506414413452,-3.327556610107422,-1.815985918045044,2.1934449672698975,4.801250457763672,3.4502530097961426,4.664646148681641,1.1916459798812866,10.150983810424805,0.004616215825080872,0.12680798768997192,0.32653459906578064,1.1429423093795776,-0.19199956953525543,-1.1108492612838745,182.3046875,0.0,0.5,0.0,0.0,0.010898703709244728,0.0,0.8238897919654846,0.4782257378101349,0.0,0.0,0.0,0.0,591.6365356445312,0.0
0.68,0.5222222805023193,-0.1391734635810221,-0.9902680177784505,0.0,1.0,1.0,0.0,0.05726999044418335,0.31633663177490234,0.5928833484649658,-0.18516111373901367,-0.08865737915039062,1.14193594455719,0.32593241333961487,0.2294113039970398,0.45299118757247925,-2.995805501937866,-0.08569067716598511,0.5777896642684937,0.4699792265892029,0.21554265916347504,-0.8555986881256104,0.4516676962375641,0.11720378696918488,-0.04329104721546173,-2.709806442260742,0.7057307362556458,-1.543745756149292,-0.3175097405910492,0.033424682915210724,0.5260136127471924,0.36520659923553467,0.04304132238030434,-0.29469090700149536,0.4412892460823059,-0.18773221969604492,0.0,-0.4000000059604645,-0.05000000074505806,0.3100000023841858,0.49000000953674316,-0.20999999344348907,0.0,1.1748884916305542,-2.941756010055542,-2.5727877616882324,1.9353857040405273,-2.3354501724243164,1.688030481338501,2.6343116760253906,4.461249351501465,0.20600830018520355,3.9254908561706543,-0.5269564390182495,4.83659029006958,0.005597159266471863,0.13972654938697815,0.019206484779715538,0.9694644212722778,-0.03955717012286186,-0.7614213824272156,252.15573120117188,0.0,0.5,0.0,0.0,0.008515220135450363,0.0,0.8471664190292358,0.5128961801528931,0.0,0.0,0.0,0.0,345.343505859375,0.0
0.6900000000000001,0.5333333611488342,-0.2079118617685598,-0.9781475643970758,0.0,1.0,1.0,0.0,0.06273889541625977,0.3162723481655121,0.5985150337219238,-0.18436479568481445,-0.1192479133605957,1.1474186182022095,0.31988468766212463,0.1960856318473816,0.4348466396331787,-2.904052972793579,0.15377648174762726,0.4206390380859375,0.48463174700737,0.1846572756767273,-0.8827286958694458,0.46938052773475647,0.08378284424543381,-0.05061667039990425,-2.6943886280059814,0.7466995120048523,-1.5552055835723877,-0.27939215302467346,0.0035406439565122128,0.39260977506637573,0.3480220139026642,0.03960439935326576,-0.287129670381546,0.4172308146953583,-0.1767340749502182,0.0,-0.4000000059604645,-0.05000000074505806,0.3100000023841858,0.49000000953674316,-0.20999999344348907,0.0,1.7497732639312744,-3.048403263092041,-2.630866050720215,1.701151967048645,-3.380258321762085,-0.4684531092643738,8.048247337341309,3.54538631439209,-10.70401668548584,3.4069056510925293,-2.671386480331421,-10.206599235534668,0.006765551865100861,0.1526743769645691,-0.0013249616604298353,1.1482408046722412,-0.020604118704795837,-0.14221961796283722,227.53517150878906,0.0,0.5,0.0,0.0,0.006460020784288645,0.0,0.8678102493286133,0.7019631266593933,0.0,0.0,0.0,0.0,1145.5594482421875,0.0
0.7000000000000001,0.5444445013999939,-0.2756376998162753,-0.9612615972980473,0.0,1.0,1.0,0.0,0.06804358214139938,0.31619834899902344,0.604088544845581,-0.1834259033203125,-0.14832639694213867,1.1529598236083984,0.304325133562088,0.15862439572811127,0.4140663146972656,-2.6974337100982666,0.047788605093955994,0.4558500647544861,0.498629093170166,0.1536400318145752,-0.9082357287406921,0.4829332232475281,0.05052584037184715,-0.05816711485385895,-2.694275379180908,0.7805835008621216,-1.5678905248641968,-0.2486122101545334,-0.006073196418583393,0.2622810900211334,0.3310905694961548,0.03621811419725418,-0.2796798348426819,0.3935267925262451,-0.16589795053005219,0.0,-0.4000000059604645,-0.05000000074505806,0.3100000023841858,0.49000000953674316,-0.20999999344348907,0.0,1.4734872579574585,-3.028881311416626,-2.31906795501709,1.2733200788497925,-3.3646109104156494,-0.5689477324485779,8.044612884521484,2.9100446701049805,-11.362639427185059,2.7151615619659424,-0.5341217517852783,-10.171472549438477,0.00804862380027771,0.16608265042304993,0.004249115940183401,1.146512508392334,-0.02113926224410534,-0.0994667187333107,229.2303009033203,0.0,0.5,0.0,0.0,0.004714276175945997,0.0,0.880821168422699,0.6599451303482056,0.0,0.0,0.0,0.0,1200.512939453125,0.0
0.71,0.5555556416511536,-0.3420206516566609,-0.9396924357684023,0.0,1.0,1.0,0.0,0.07310599833726883,0.3161979913711548,0.6096004247665405,-0.18280506134033203,-0.17522525787353516,1.1568504571914673,0.2947072386741638,0.12807059288024902,0.39418089389801025,-2.4514071941375732,-0.014030005782842636,0.2760761082172394,0.5084368586540222,0.11936759948730469,-0.929974377155304,0.4862297475337982,0.02283705770969391,-0.0684959664940834,-2.695490598678589,0.8105058670043945,-1.6121251583099365,-0.21604105830192566,-0.008495884016156197,0.1532861441373825,0.314494788646698,0.03289895877242088,-0.27237769961357117,0.3702927231788635,-0.15527665615081787,0.0,-0.4000000059604645,-0.05000000074505806,0.3100000023841858,0.49000000953674316,-0.20999999344348907,0.0,0.5870620608329773,-3.1769537925720215,-1.6615049839019775,0.10791028290987015,-2.4356632232666016,3.0016181468963623,8.028887748718262,2.5075182914733887,-15.912675857543945,2.9853265285491943,0.22268030047416687,-10.02359676361084,0.009071245789527893,0.1799415946006775,0.027064615860581398,1.2310174703598022,-0.031260907649993896,0.07985284924507141,220.0137176513672,0.0,0.5,0.0,0.0,0.0033779426012188196,0.0,0.8895012736320496,0.8586138486862183,0.0,0.0,0.0,0.0,1047.583740234375,0.0
0.72,0.5666667222976685,-0.4067369623963569,-0.9135453154718622,0.0,1.0,1.0,0.0,0.07780521363019943,0.3162493109703064,0.6147994995117188,-0.1822361946105957,-0.1997079849243164,1.1598740816116333,0.2752925455570221,0.09623987972736359,0.3538597822189331,-2.2398223876953125,-0.028393030166625977,0.3454708158969879,0.5183412432670593,0.0859527662396431,-0.9518305659294128,0.4867487847805023,-0.0013818866573274136,-0.09959316998720169,-2.7024571895599365,0.8332566618919373,-1.654046654701233,-0.1897173821926117,-0.04226627200841904,0.03277868777513504,0.29831576347351074,0.029663152992725372,-0.26525893807411194,0.34764206409454346,-0.14492207765579224,0.0,-0.4000000059604645,-0.05000000074505806,0.3100000023841858,0.49000000953674316,-0.20999999344348907,0.0,1.048333764076233,-3.164837121963501,-1.9321633577346802,0.10846378654241562,-2.5256967544555664,-2.976802110671997,7.758524417877197,1.7964789867401123,-15.370262145996094,2.0445635318756104,-3.0564255714416504,-10.121614456176758,0.010189108550548553,0.1940266191959381,-0.028365304693579674,1.10236656665802,0.019586797803640366,0.02968478575348854,211.24200439453125,0.0,0.5,0.0,0.0,0.0024325186386704445,0.0,0.8873541355133057,0.7876510620117188,0.0,0.0,0.0,0.0,1091.311767578125,0.0
0.73,0.5777778625488281,-0.4694720330721589,-0.8829473428031218,0.0,1.0,1.0,0.0,0.08227657526731491,0.3164757192134857,0.619764506816864,-0.18240118026733398,-0.22217321395874023,1.1624871492385864,0.2591180205345154,0.07078707218170166,0.32981300354003906,-2.037546157836914,-0.18622562289237976,0.2935408353805542,0.525808572769165,0.05580899119377136,-0.9710052013397217,0.48769962787628174,-0.026138436049222946,-0.11238086223602295,-2.7116098403930664,0.853214681148529,-1.6835920810699463,-0.1656070351600647,-0.05169276148080826,-0.10543396323919296,0.2826319634914398,0.026526393368840218,-0.25835806131362915,0.3256847560405731,-0.13488444685935974,0.0,-0.4000000059604645,-0.05000000074505806,0.3100000023841858,0.49000000953674316,-0.20999999344348907,0.0,0.2948225438594818,-2.6467673778533936,-1.893721342086792,0.21176764369010925,-2.247939109802246,-0.5232784152030945,6.915046691894531,1.6307073831558228,-14.150506019592285,1.9369653463363647,-0.21562403440475464,-10.262304306030273,0.011397510766983032,0.20784270763397217,0.03959206864237785,1.0971003770828247,-0.055874746292829514,0.04073382914066315,204.24874877929688,0.0,0.5,0.0,0.0,0.0017554499208927155,0.0,0.8815532922744751,0.8416993021965027,0.0,0.0,0.0,0.0,1201.1634521484375,0.0
0.74,0.588888943195343,-0.5299195536020376,-0.8480479153386424,0.0,1.0,1.0,0.0,0.08662247657775879,0.3169894516468048,0.6245549321174622,-0.18391656875610352,-0.24292373657226562,1.164813756942749,0.24321559071540833,0.05041501671075821,0.3022215962409973,-1.8659133911132812,-0.33362990617752075,0.26298102736473083,0.5265639424324036,0.028451474383473396,-1.0050036907196045,0.48630157113075256,-0.05997689068317413,-0.20504629611968994,-2.722397804260254,0.8742094039916992,-1.7108805179595947,-0.13731558620929718,-0.061353713274002075,-0.22402840852737427,0.26752007007598877,0.023504016920924187,-0.25170883536338806,0.3045281171798706,-0.12521284818649292,0.0,-0.4000000059604645,-0.05000000074505806,0.3100000023841858,0.49000000953674316,-0.20999999344348907,0.0,-0.3956279456615448,-2.4470317363739014,-3.4356143474578857,-0.1710488200187683,-3.5955312252044678,-9.662531852722168,5.928233623504639,1.7714911699295044,-13.399605751037598,2.199509620666504,0.04209691658616066,-10.128094673156738,0.012875109910964966,0.22134217619895935,0.1523752510547638,1.0286129713058472,-0.037180203944444656,0.06505995988845825,191.7753143310547,0.0,0.5,0.0,0.0,0.0012656965991482139,0.0,0.87200528383255,0.8708217144012451,0.0,0.0,0.0,0.0,1068.4669189453125,0.0
0.75,0.6000000238418579,-0.5877853734854867,-0.8090169063230552,0.0,1.0,1.0,0.0,0.09057222306728363,0.3177908957004547,0.629040002822876,-0.1864023208618164,-0.26117467880249023,1.1671149730682373,0.22278694808483124,0.03407023102045059,0.2733980715274811,-1.6014682054519653,-0.3813856840133667,0.2506815195083618,0.522912323474884,0.0034496879670768976,-1.0238239765167236,0.4837270677089691,-0.08353504538536072,-0.20649759471416473,-2.7430458068847656,0.8929752111434937,-1.7499351501464844,-0.10901401191949844,-0.08182475715875626,-0.12263187766075134,0.25305360555648804,0.02061072364449501,-0.24534359574317932,0.2842750549316406,-0.11595430970191956,0.0,-0.4000000059604645,-0.05000000074505806,0.3100000023841858,0.49000000953674316,-0.20999999344348907,0.0,-0.509620726108551,-2.286654472351074,-1.7437883615493774,-0.1479165256023407,-2.3014402389526367,-2.421553611755371,3.1488044261932373,1.5072304010391235,-12.385136604309082,2.186288356781006,-0.8284111618995667,8.903271675109863,0.014080040156841278,0.23414266109466553,0.06876777112483978,0.8938774466514587,-0.04726535081863403,-0.20335949957370758,199.96719360351562,0.0,0.5,0.0,0.0,0.0009326957515440881,0.0,0.8555457592010498,0.8818948268890381,0.0,0.0,0.0,0.0,716.2799072265625,0.0
0.76,0.6111111640930176,-0.642787864698973,-0.7660442291380668,0.0,1.0,1.0,0.0,0.09415575116872787,0.3187623918056488,0.6331123113632202,-0.18957948684692383,-0.2770524024963379,1.1687076091766357,0.2039884477853775,0.021888379007577896,0.24028879404067993,-1.4104255437850952,-0.47064366936683655,0.137871652841568,0.5195770859718323,-0.021150385960936546,-1.0346214771270752,0.48128020763397217,-0.1066669225692749,-0.22044405341148376,-2.763643741607666,0.9076078534126282,-1.8035603761672974,-0.08941994607448578,-0.0786709114909172,-0.009461111389100552,0.23930302262306213,0.01786060258746147,-0.23929333686828613,0.26502424478530884,-0.10715392976999283,0.0,-0.4000000059604645,-0.05000000074505806,0.3100000023841858,0.49000000953674316,-0.20999999344348907,0.0,-0.6133155822753906,-2.2844889163970947,-0.7848165035247803,-0.15297575294971466,-1.8646633625030518,-1.245978593826294,2.433612585067749,1.1342363357543945,-12.428683280944824,1.1753162145614624,1.0612064599990845,10.066901206970215,0.015188135206699371,0.24512603878974915,0.026488298550248146,0.6928680539131165,-0.042714864015579224,-0.12564390897750854,191.46104431152344,0.0,0.5,0.0,0.0,0.0007061110227368772,0.0,0.8384469747543335,0.9626964330673218,0.0,0.0,0.0,0.0,693.6076049804688,0.0
0.77,0.6222223043441772,-0.6946587416292223,-0.7193394419035465,0.0,1.0,1.0,0.0,0.09741856902837753,0.31944605708122253,0.6367338299751282,-0.19144487380981445,-0.29156064987182617,1.1702909469604492,0.1945849508047104,0.00816567987203598,0.2078213393688202,-1.3597869873046875,-0.14415264129638672,0.19058622419834137,0.5226049423217773,-0.04273025691509247,-1.0439780950546265,0.4830714166164398,-0.131137415766716,-0.22576279938220978,-2.7992422580718994,0.9190673232078552,-1.839789628982544,-0.07426396757364273,-0.12246162444353104,0.12562920153141022,0.2263353168964386,0.015267062932252884,-0.23358753323554993,0.24686944484710693,-0.09885459393262863,0.0,-0.4000000059604645,-0.05000000074505806,0.3100000023841858,0.49000000953674316,-0.20999999344348907,0.0,0.5189862251281738,-2.0215775966644287,-0.9268178343772888,0.2544558048248291,-2.6918582916259766,-0.07354667782783508,-2.440248966217041,0.964739978313446,-5.453207492828369,1.1021758317947388,-4.0668535232543945,10.239877700805664,0.016421403735876083,0.2551594078540802,-0.029376914724707603,0.5548582673072815,-0.030181363224983215,-0.008404568769037724,175.98861694335938,0.0,0.5,0.0,0.0,0.0005529702175408602,0.0,0.8297008872032166,0.929929792881012,0.0,0.0,0.0,0.0,492.5920104980469,0.0
0.78,0.6333334445953369,-0.743145293252894,-0.669130086841169,0.0,1.0,1.0,0.0,0.10046357661485672,0.31995606422424316,0.6400497555732727,-0.1922154426574707,-0.3050041198730469,1.172739028930664,0.18359427154064178,-0.008284186944365501,0.18957427144050598,-1.2581156492233276,-0.14615653455257416,0.25617316365242004,0.5249183177947998,-0.060739096254110336,-1.047858715057373,0.48269346356391907,-0.1457255631685257,-0.18472377955913544,-2.828599691390991,0.9295329451560974,-1.8600515127182007,-0.06305048614740372,-0.13846628367900848,0.27962684631347656,0.21421365439891815,0.012842729687690735,-0.22825400531291962,0.2298991084098816,-0.09109672904014587,0.0,-0.4000000059604645,-0.05000000074505806,0.3100000023841858,0.49000000953674316,-0.20999999344348907,0.0,0.18743707239627838,-1.6995474100112915,-0.39986181259155273,0.005331503227353096,-1.6735024452209473,4.731237411499023,-1.8524290323257446,1.134592890739441,-2.0929670333862305,1.1417207717895508,-0.950286328792572,10.386367797851562,0.017412610352039337,0.2639220058917999,0.07521159201860428,0.44655466079711914,-0.04306056722998619,-0.11734947562217712,201.95286560058594,0.0,0.5,0.0,0.0,0.000444623117800802,0.0,0.8184340596199036,0.876999020576477,0.0,0.0,0.0,0.0,534.22705078125,0.0
0.79,0.6444445252418518,-0.7880110661564543,-0.6156610752800346,0.0,1.0,1.0,0.0,0.10350439697504044,0.3201347887516022,0.6432013511657715,-0.19170093536376953,-0.3183097839355469,1.175816297531128,0.177081897854805,-0.02618333138525486,0.17189837992191315,-1.265548586845398,-0.0033713728189468384,0.3742585778236389,0.5281888246536255,-0.07779999822378159,-1.0533136129379272,0.48032137751579285,-0.15676359832286835,-0.12874378263950348,-2.860297203063965,0.9421741366386414,-1.857693076133728,-0.05028190091252327,-0.1769973188638687,0.4289821982383728,0.20299725234508514,0.010599449276924133,-0.22331878542900085,0.21419614553451538,-0.08391822874546051,0.0,-0.4000000059604645,-0.05000000074505806,0.3100000023841858,0.49000000953674316,-0.20999999344348907,0.0,0.2975952923297882,-1.6795129776000977,-1.0028696060180664,-0.04981936886906624,-1.3920903205871582,4.791097164154053,-2.1829912662506104,1.3040757179260254,-0.658097505569458,1.091996431350708,-3.6426198482513428,10.349777221679688,0.018245749175548553,0.2718869149684906,0.009014545939862728,0.31961336731910706,-0.09751936048269272,-0.10276221483945847,203.49899291992188,0.0,0.5,0.0,0.0,0.0003621760115493089,0.0,0.8106464147567749,0.7556787133216858,0.0,0.0,0.0,0.0,515.968994140625,0.0
0.8,0.6555556058883667,-0.829037749399968,-0.5591926412872722,0.0,1.0,1.0,0.0,0.10638108849525452,0.3200933635234833,0.6461865305900574,-0.18996953964233398,-0.33071231842041016,1.1795169115066528,0.16864866018295288,-0.046427853405475616,0.16499532759189606,-1.0898936986923218,0.08277350664138794,0.4443569481372833,0.5290834903717041,-0.09194241464138031,-1.0625931024551392,0.47797855734825134,-0.168489009141922,-0.05471337214112282,-2.887619733810425,0.956217885017395,-1.841001272201538,-0.034196604043245316,-0.2568981349468231,0.5761187076568604,0.1927405446767807,0.008548106998205185,-0.21880584955215454,0.19983676075935364,-0.07735393941402435,0.0,-0.4000000059604645,-0.05000000074505806,0.3100000023841858,0.49000000953674316,-0.20999999344348907,0.0,0.044748879969120026,-1.224730134010315,-1.073866367340088,-0.24453076720237732,-1.4365965127944946,7.859687805175781,-1.9613091945648193,1.3813056945800781,1.5535521507263184,1.5223277807235718,-7.2187323570251465,10.335875511169434,0.018939901143312454,0.27940064668655396,0.08204731345176697,0.21819713711738586,-0.08143136650323868,-0.1369888037443161,244.26956176757812,0.0,0.5,0.0,0.0,0.000302034430205822,0.0,0.799396276473999,0.6737433075904846,0.0,0.0,0.0,0.0,524.7911376953125,0.0
0.81,0.6666667461395264,-0.8660256534556828,-0.49999956755647035,0.0,1.0,1.0,0.0,0.10912790894508362,0.3192845284938812,0.6490737795829773,-0.18484878540039062,-0.34309959411621094,1.1842466592788696,0.16239267587661743,-0.07121126353740692,0.15940770506858826,-1.1029398441314697,0.45292437076568604,0.775403618812561,0.5482229590415955,-0.10986708104610443,-1.081730842590332,0.4715900719165802,-0.1836840659379959,-0.07356537878513336,-2.918459177017212,0.9768438935279846,-1.785233974456787,-0.015319686383008957,-0.3081473410129547,0.5559208989143372,0.18349358439445496,0.006698716431856155,-0.2147371768951416,0.18689101934432983,-0.07143588364124298,0.0,-0.4000000059604645,-0.05000000074505806,0.3100000023841858,0.49000000953674316,-0.20999999344348907,0.0,2.4962353706359863,-1.7548471689224243,-1.6632317304611206,-0.8949781656265259,-1.2634873390197754,0.36414799094200134,-2.6467537879943848,2.2335705757141113,5.336706638336182,1.708680510520935,-3.635296106338501,-1.720739722251892,0.020159147679805756,0.28467804193496704,-0.014825376681983471,0.2549173831939697,0.07533697783946991,0.0077379606664180756,265.57940673828125,0.0,0.5,0.0,0.0,0.0002587582275737077,0.0,0.7881242632865906,0.300441712141037,0.0,0.0,0.0,0.0,315.8126220703125,0.0
0.8200000000000001,0.6777778267860413,-0.8987941812858752,-0.43837087002520264,0.0,1.0,1.0,0.0,0.11148396134376526,0.31826770305633545,0.6517714262008667,-0.1777181625366211,-0.35399818420410156,1.1903376579284668,0.1556299924850464,-0.0847381204366684,0.1556423008441925,-0.8845720887184143,0.4856399893760681,0.8528217077255249,0.5671334266662598,-0.1254827380180359,-1.1016324758529663,0.4602891206741333,-0.19284550845623016,-0.07263820618391037,-2.9312291145324707,0.9983000755310059,-1.7163810729980469,-0.00312232319265604,-0.3195590376853943,0.4466579854488373,0.1753014773130417,0.0050602927803993225,-0.21113264560699463,0.1754220724105835,-0.06619293987751007,0.0,-0.4000000059604645,-0.05000000074505806,0.3100000023841858,0.49000000953674316,-0.20999999344348907,0.0,1.5187666416168213,-1.3537222146987915,-2.189513683319092,-1.2108616828918457,-0.8330854773521423,0.538195013999939,-0.7234456539154053,2.125704288482666,6.897380828857422,1.103581190109253,-0.5173363089561462,-10.054411888122559,0.02117818593978882,0.2871634364128113,-0.007378297857940197,0.22157804667949677,-0.02324318327009678,0.08221796154975891,282.3464050292969,0.0,0.5,0.0,0.0,0.0002297404280398041,0.0,0.7776004076004028,0.2334914654493332,0.0,0.0,0.0,0.0,283.09625244140625,0.0
0.8300000000000001,0.6888889670372009,-0.927184038506127,-0.37460613814974886,0.0,1.0,1.0,0.0,0.11346419900655746,0.31720221042633057,0.6542699337005615,-0.16938400268554688,-0.36304569244384766,1.1974315643310547,0.1478831171989441,-0.1004372388124466,0.1470528393983841,-0.6994569301605225,0.5794206857681274,1.043634057044983,0.5793285369873047,-0.13705992698669434,-1.124027967453003,0.4456203281879425,-0.19785042107105255,-0.051178548485040665,-2.931527853012085,1.019623041152954,-1.6305197477340698,0.006694062612950802,-0.3047027885913849,0.3397076725959778,0.16820396482944489,0.003640793263912201,-0.2080097496509552,0.16548556089401245,-0.06165052950382233,0.0,-0.4000000059604645,-0.05000000074505806,0.3100000023841858,0.49000000953674316,-0.20999999344348907,0.0,1.1292743682861328,-0.9823535084724426,-2.433577060699463,-1.5203841924667358,-0.6067616939544678,2.379014730453491,0.5296054482460022,2.1218953132629395,8.5278959274292,0.974054217338562,1.2982221841812134,-10.033246994018555,0.02193216234445572,0.28808215260505676,0.014742573723196983,0.11291700601577759,-0.06254883855581284,0.026736071333289146,277.3679504394531,0.0,0.5,0.0,0.0,0.0002110314671881497,0.0,0.7647947072982788,0.11322887986898422,0.0,0.0,0.0,0.0,235.51416015625,0.0
0.84,0.7000001072883606,-0.9510567246072028,-0.3090163532556479,0.0,1.0,1.0,0.0,0.11495693027973175,0.3161259591579437,0.6564527153968811,-0.15987300872802734,-0.36940431594848633,1.2056375741958618,0.13149133324623108,-0.12689507007598877,0.1348867416381836,-0.3619531989097595,0.6309230327606201,1.1243904829025269,0.5927314162254333,-0.1461380124092102,-1.1467784643173218,0.42766156792640686,-0.19715812802314758,-0.0509154349565506,-2.9182939529418945,1.0354541540145874,-1.5532171726226807,0.014299473725259304,-0.30191826820373535,0.1999916285276413,0.1622358113527298,0.0024471618235111237,-0.20538374781608582,0.1571301519870758,-0.05783091485500336,0.0,-0.4000000059604645,-0.05000000074505806,0.3100000023841858,0.49000000953674316,-0.20999999344348907,0.0,1.7869081497192383,-0.9285421371459961,-1.9046043157577515,-1.7792482376098633,-1.3460649251937866,-1.8345460891723633,1.1955307722091675,1.2373992204666138,7.595308303833008,0.6856005191802979,0.06795400381088257,-10.282613754272461,0.022770501673221588,0.289084792137146,-0.05113596469163895,0.11627458035945892,-0.0035288119688630104,0.021731365472078323,298.01812744140625,0.0,0.5,0.0,0.0,0.00020328401296865195,0.0,0.7380069494247437,0.07977797091007233,0.0,0.0,0.0,0.0,502.66363525390625,0.0
0.85,0.7111111879348755,-0.970295843051086,-0.24192142723988422,0.0,1.0,1.0,0.0,0.1159018725156784,0.31523993611335754,0.6582207083702087,-0.14975357055664062,-0.3725605010986328,1.2157080173492432,0.11681465059518814,-0.13712432980537415,0.11792665719985962,-0.022105105221271515,0.599406898021698,1.3509880304336548,0.6058168411254883,-0.152362659573555,-1.1645171642303467,0.4071592390537262,-0.2003486007452011,-0.058596331626176834,-2.8901004791259766,1.040524959564209,-1.5055193901062012,0.011421458795666695,-0.28989988565444946,0.047938648611307144,0.15742604434490204,0.0014852061867713928,-0.20326745510101318,0.150396466255188,-0.054752662777900696,0.0,-0.4000000059604645,-0.05000000074505806,0.3100000023841858,0.49000000953674316,-0.20999999344348907,0.0,0.7333431243896484,-0.23216946423053741,-2.021833896636963,-1.983038067817688,-0.25374823808670044,0.6265348196029663,2.5843050479888916,0.2574171721935272,4.824702739715576,-0.34488463401794434,0.8715141415596008,-10.375055313110352,0.023580990731716156,0.2900642454624176,-0.006901000160723925,0.03349676355719566,-0.04824618622660637,-0.009041203185915947,260.725341796875,0.0,0.5,0.0,0.0,0.00020641520677600056,0.0,0.7180126309394836,0.025982365012168884,0.0,0.0,0.0,0.0,503.527587890625,0.0
0.86,0.7222222685813904,-0.9848078035929707,-0.17364789080892623,0.0,1.0,1.0,0.0,0.11615161597728729,0.31456446647644043,0.6595191359519958,-0.13972997665405273,-0.37178564071655273,1.2258332967758179,0.09494125097990036,-0.15619318187236786,0.10268598794937134,0.3984379470348358,0.5656493306159973,1.3013389110565186,0.6079993844032288,-0.15532930195331573,-1.178152084350586,0.38056594133377075,-0.19269613921642303,-0.05449992045760155,-2.8630142211914062,1.035201907157898,-1.4540163278579712,-0.0018865864258259535,-0.2397775650024414,-0.11773360520601273,0.15379804372787476,0.000759609043598175,-0.20167113840579987,0.14531725645065308,-0.052430734038352966,0.0,-0.4000000059604645,-0.05000000074505806,0.3100000023841858,0.49000000953674316,-0.20999999344348907,0.0,0.18600085377693176,-0.1724945455789566,-0.9162377119064331,-2.774148464202881,0.8040534853935242,0.6062540411949158,2.2347190380096436,-0.7773780822753906,5.207294464111328,-1.2518033981323242,4.37491512298584,-10.470165252685547,0.02403894066810608,0.29049208760261536,-0.010911956429481506,0.027099618688225746,-0.010399209335446358,0.07500004023313522,306.9934997558594,0.0,0.5,0.0,0.0,0.00022300380805972964,0.0,0.685958743095398,0.03381110355257988,0.0,0.0,0.0,0.0,639.8086547851562,0.0
0.87,0.73333340883255,-0.9945219449539106,-0.10452799149075155,0.0,1.0,1.0,0.0,0.11553873866796494,0.3142801821231842,0.6602717638015747,-0.13003778457641602,-0.3662385940551758,1.2374241352081299,0.07311277836561203,-0.1694956123828888,0.09019538760185242,0.9319658279418945,0.49711230397224426,1.4339529275894165,0.6040510535240173,-0.1521875113248825,-1.1862668991088867,0.3536025881767273,-0.1842394918203354,-0.054973334074020386,-2.8253629207611084,1.0245466232299805,-1.443483829498291,-0.01316354051232338,-0.17439743876457214,-0.2836698591709137,0.15136951208114624,0.00027390196919441223,-0.20060259103775024,0.14191731810569763,-0.05087648332118988,0.0,-0.4000000059604645,-0.05000000074505806,0.3100000023841858,0.49000000953674316,-0.20999999344348907,0.0,-0.5490318536758423,0.590259850025177,-0.4585056006908417,-2.661679267883301,0.6198886036872864,0.11879906803369522,3.2268853187561035,-1.2271252870559692,1.1908084154129028,-0.9416588544845581,5.6031694412231445,-10.47348403930664,0.024600833654403687,0.2907872796058655,-0.02147337608039379,-0.015764499083161354,-0.03143749386072159,0.2107977569103241,309.169189453125,0.0,0.5,0.0,0.0,0.0002603384491521865,0.0,0.6557846069335938,0.016367755830287933,0.0,0.0,0.0,0.0,635.0657348632812,0.0
0.88,0.7444445490837097,-0.9993908499641785,-0.03489883963511143,0.0,1.0,1.0,0.0,0.1136903166770935,0.3143666088581085,0.6603615880012512,-0.12125730514526367,-0.35448169708251953,1.2482869625091553,0.04582708328962326,-0.17656409740447998,0.07544335722923279,1.579148769378662,0.436012327671051,1.2033734321594238,0.5912718176841736,-0.14222651720046997,-1.1850603818893433,0.3264920115470886,-0.1752786785364151,-0.05433019623160362,-2.792233467102051,1.0056705474853516,-1.4668688774108887,-0.02827683836221695,-0.07810347527265549,-0.447375625371933,0.1501522958278656,3.045797348022461e-05,-0.20006701350212097,0.1402132213115692,-0.05009746551513672,0.0,-0.4000000059604645,-0.05000000074505806,0.3100000023841858,0.49000000953674316,-0.20999999344348907,0.0,-1.5567755699157715,1.2627798318862915,0.6122888922691345,-2.7406272888183594,0.9766802787780762,-0.0793689489364624,2.3220081329345703,-2.0971481800079346,-2.142716407775879,-1.336219310760498,9.297236442565918,-10.454756736755371,0.025208599865436554,0.2894264757633209,-0.030610080808401108,-0.09225199371576309,-0.04233099892735481,0.5258480310440063,288.2559509277344,0.0,0.5,0.0,0.0,0.0003366161836311221,0.0,0.6219498515129089,0.055231865495443344,0.0,0.0,0.0,0.0,703.5377197265625,0.0
0.89,0.7555556893348694,-0.9993907976836143,0.03490033675066114,0.0,1.0,1.0,0.0,0.11025823652744293,0.3145923316478729,0.6596097946166992,-0.11282730102539062,-0.3357052803039551,1.2570579051971436,0.015798192471265793,-0.16846691071987152,0.04899105802178383,2.2838523387908936,0.5431675314903259,0.9742268919944763,0.5792632699012756,-0.11848156154155731,-1.1763277053833008,0.3115392029285431,-0.1767251044511795,-0.0644216537475586,-2.7702622413635254,0.9837891459465027,-1.5388015508651733,-0.03514974191784859,0.01813015528023243,-0.6329094171524048,0.15030452609062195,6.090477108955383e-05,-0.20013399422168732,0.14042633771896362,-0.050194889307022095,0.0,-0.4000000059604645,-0.05000000074505806,0.3100000023841858,0.49000000953674316,-0.20999999344348907,0.0,-1.1452183723449707,2.793297052383423,1.4374339580535889,-1.423478603363037,0.16978372633457184,-1.5179470777511597,0.8523702621459961,-2.251116991043091,-6.894256114959717,-0.4301166534423828,9.354202270507812,-10.61392879486084,0.026469744741916656,0.2857765853404999,-0.06671685725450516,-0.27760523557662964,-0.003630789928138256,0.8495834469795227,283.2739562988281,0.0,0.5,0.0,0.0,0.000492322607897222,0.0,0.5911620855331421,0.14983269572257996,0.0,0.0,0.0,0.0,902.0086059570312,0.0
0.9,0.7666667699813843,-0.9945218275138805,0.10452910885705992,0.0,1.0,1.0,0.0,0.10478541254997253,0.3149518072605133,0.6574628353118896,-0.10541486740112305,-0.3084726333618164,1.2600417137145996,-0.010811766609549522,-0.12417668104171753,-0.05057677626609802,3.0741422176361084,0.6248467564582825,0.10764086246490479,0.5719671249389648,-0.07928748428821564,-1.1530194282531738,0.33505621552467346,-0.20046330988407135,-0.16780589520931244,-2.7757973670959473,0.9518224000930786,-1.6622319221496582,-0.04870273172855377,0.12230763584375381,-0.8189280033111572,0.15273161232471466,0.0005463212728500366,-0.2012019157409668,0.1438242495059967,-0.051748231053352356,0.0,-0.4000000059604645,-0.05000000074505806,0.3100000023841858,0.49000000953674316,-0.20999999344348907,0.0,-1.170219898223877,3.8136937618255615,3.3237061500549316,2.8135244846343994,-2.116929054260254,-10.034374237060547,-2.668391227722168,-3.3310060501098633,-11.88047981262207,-1.1817632913589478,10.001748085021973,-10.649129867553711,0.027329325675964355,0.27735188603401184,-0.9095721244812012,-0.5753772854804993,-0.7029404044151306,1.1160228252410889,38.347999572753906,0.0,0.5,0.0,0.0,0.0008353161392733455,0.0,0.575395941734314,0.9770933389663696,0.0,0.0,0.0,0.0,1300.143798828125,0.0
0.91,0.7777778506278992,-0.9848076735279835,0.17364862844376458,0.0,1.0,0.0,0.0,0.09743059426546097,0.3163089454174042,0.6538151502609253,-0.10256671905517578,-0.27279138565063477,1.2547425031661987,-0.03193723410367966,-0.07604357600212097,-0.1588212549686432,3.8080782890319824,0.27291110157966614,-0.8918688893318176,0.5543389320373535,-0.03171999007463455,-1.0962353944778442,0.40033501386642456,-0.18644961714744568,-0.14895230531692505,-2.799133777618408,0.9208431839942932,-1.8267841339111328,-0.053629521280527115,0.22410638630390167,-1.0033259391784668,0.15753847360610962,0.001507692039012909,-0.20331692695617676,0.1505538821220398,-0.054824620485305786,0.0,-0.4000000059604645,-0.05000000074505806,0.3100000023841858,0.49000000953674316,-0.20999999344348907,0.0,-2.448131561279297,4.54403829574585,5.974737644195557,6.990510940551758,2.354416847229004,0.9407867193222046,-3.925889015197754,-2.927847385406494,-15.665741920471191,-0.29471105337142944,10.01330852508545,-10.641058921813965,0.02647041529417038,0.2639511823654175,-2.0137815475463867,-1.0028587579727173,-1.3395848274230957,1.1095633506774902,0.0,0.0,0.5,0.0,0.0,0.0016107144765555859,0.0,0.5613112449645996,0.20375026762485504,0.0,0.0,0.0,0.0,1489.0794677734375,0.0
0.92,0.7888889908790588,-0.9702955712466492,0.24192251738756956,0.0,1.0,0.0,0.0,0.08938496559858322,0.3190372884273529,0.6492751836776733,-0.10604143142700195,-0.2324991226196289,1.241334080696106,-0.04610690101981163,-0.062065742909908295,-0.2568107843399048,3.954160451889038,-0.19714272022247314,-1.711629033088684,0.5250582695007324,0.0011518755927681923,-1.0133339166641235,0.4625745117664337,-0.18867018818855286,-0.05932658910751343,-2.8393490314483643,0.8971787691116333,-1.981240153312683,-0.05646982789039612,0.24716490507125854,-1.1606067419052124,0.1646316647529602,0.002926331013441086,-0.20643793046474457,0.16048434376716614,-0.059364259243011475,0.0,-0.4000000059604645,-0.05000000074505806,0.3100000023841858,0.49000000953674316,-0.20999999344348907,0.0,-3.197767496109009,2.7027783393859863,8.353031158447266,5.984047889709473,-0.03553031012415886,6.943135738372803,-4.4784111976623535,-2.0569045543670654,-14.896738052368164,-0.5138624906539917,0.4804854691028595,-10.412564277648926,0.024628639221191406,0.24536359310150146,-2.4198226928710938,-1.4945014715194702,-1.222019076347351,1.0110546350479126,0.0,0.0,0.5,0.0,0.0,0.003212233539670706,0.0,0.5465280413627625,0.002853103680536151,0.0,0.0,0.0,0.0,953.7096557617188,0.0
0.93,0.8000000715255737,-0.9510563774202141,0.3090174217877357,0.0,1.0,0.0,0.0,0.08193634450435638,0.3227247893810272,0.6442819833755493,-0.11373567581176758,-0.1931300163269043,1.2254241704940796,-0.06144799292087555,-0.06662552803754807,-0.34508228302001953,3.492036819458008,-0.3996415138244629,-1.8519757986068726,0.4971979260444641,0.012987895868718624,-0.906582236289978,0.5133014917373657,-0.26381760835647583,0.04048267379403114,-2.8508567810058594,0.8835638761520386,-2.140744924545288,-0.06471831351518631,0.1555255502462387,-1.0452786684036255,0.1738729625940323,0.004774592816829681,-0.21050411462783813,0.17342215776443481,-0.06527869403362274,0.0,-0.4000000059604645,-0.05000000074505806,0.3100000023841858,0.49000000953674316,-0.20999999344348907,0.0,-2.069493532180786,0.15390893816947937,10.963573455810547,4.678700923919678,-7.44777774810791,8.52689266204834,-7.644161701202393,-0.22829537093639374,-5.031630516052246,0.45309892296791077,-10.002471923828125,10.114302635192871,0.022519387304782867,0.2231345772743225,-2.4729645252227783,-1.5862785577774048,-0.9941302537918091,0.6871552467346191,0.0,0.0,0.5,0.0,0.0,0.005908767692744732,0.0,0.5276481509208679,0.0010493035661056638,0.0,0.0,0.0,0.0,486.59112548828125,0.0
0.9400000000000001,0.8111112117767334,-0.9271836176276474,0.37460717986032827,0.0,1.0,1.0,0.0,0.07577578723430634,0.3261924386024475,0.6390032768249512,-0.12184810638427734,-0.1583857536315918,1.208037257194519,-0.08243662863969803,-0.07691466063261032,-0.4168265461921692,2.941458225250244,-0.4369261860847473,-1.9986367225646973,0.4878019094467163,0.006534941028803587,-0.8078454732894897,0.5439580082893372,-0.30303308367729187,0.04449481517076492,-2.829892635345459,0.8786999583244324,-2.2873947620391846,-0.09352955967187881,0.053727887570858,-0.8601671457290649,0.18508262932300568,0.00701652467250824,-0.21543635427951813,0.18911567330360413,-0.07245287299156189,0.0,-0.4000000059604645,-0.05000000074505806,0.3100000023841858,0.49000000953674316,-0.20999999344348907,0.0,0.5780050754547119,-1.165662407875061,9.295281410217285,2.5823001861572266,-1.7945011854171753,-0.6262667775154114,-4.018305778503418,0.5913257002830505,-4.554368019104004,-1.907545804977417,-9.998052597045898,10.657861709594727,0.021006722003221512,0.19719332456588745,-1.9596679210662842,-2.1346380710601807,0.01296289823949337,0.9108614921569824,139.17030334472656,0.0,0.5,0.0,0.0,0.009493635967373848,0.0,0.5014273524284363,0.00033913995139300823,0.0,0.0,0.0,0.0,1125.404052734375,0.0
0.9500000000000001,0.8222223520278931,-0.8987936887663924,0.4383718798391395,0.0,1.0,1.0,0.0,0.0713961124420166,0.32840976119041443,0.6337497234344482,-0.12749290466308594,-0.13153791427612305,1.190276026725769,-0.09622659534215927,-0.09258189052343369,-0.44750410318374634,1.957817792892456,-0.1441645622253418,-1.8356645107269287,0.5116809606552124,-0.005969177931547165,-0.7280957102775574,0.5684931874275208,-0.32673993706703186,0.008012532256543636,-2.8115358352661133,0.8884291052818298,-2.393324136734009,-0.1343558132648468,-0.051058579236269,-0.6724216938018799,0.19804248213768005,0.009608495980501175,-0.22113868594169617,0.20725947618484497,-0.08074718713760376,0.0,-0.4000000059604645,-0.05000000074505806,0.3100000023841858,0.49000000953674316,-0.20999999344348907,0.0,3.59563946723938,-1.5761797428131104,7.869592666625977,2.3100645542144775,-0.0017559528350830078,3.8781871795654297,-5.030374050140381,2.0834779739379883,0.167458176612854,-3.0825040340423584,-10.00560474395752,10.655524253845215,0.02057018131017685,0.16961944103240967,-1.230007290840149,-2.5266990661621094,0.5862025022506714,1.0578455924987793,233.217529296875,0.0,0.5,0.0,0.0,0.01315009780228138,0.0,0.48281821608543396,0.0011834417236968875,0.0,0.0,0.0,0.0,1280.3203125,0.0
0.96,0.833333432674408,-0.8660250916950798,0.5000005405542363,0.0,1.0,1.0,0.0,0.06927226483821869,0.3292427957057953,0.6287328600883484,-0.1307373046875,-0.11474323272705078,1.1745295524597168,-0.09623860567808151,-0.1102789044380188,-0.4600946009159088,0.9513750076293945,-0.048409223556518555,-1.5012649297714233,0.5447684526443481,-0.021018749102950096,-0.6704100966453552,0.5828603506088257,-0.3136959373950958,-0.004238833207637072,-2.778092622756958,0.9083780646324158,-2.453993082046509,-0.18818919360637665,-0.1597488969564438,-0.48125696182250977,0.21250019967556,0.012500040233135223,-0.2275000810623169,0.2275002896785736,-0.09000012278556824,0.0,-0.4000000059604645,-0.05000000074505806,0.3100000023841858,0.49000000953674316,-0.20999999344348907,0.0,3.606048107147217,-1.697248101234436,4.699337005615234,1.5899714231491089,-0.9240763187408447,-4.092694282531738,-0.9041872024536133,2.691774368286133,2.232210159301758,-4.690117359161377,-10.022590637207031,10.690899848937988,0.0194135420024395,0.14320436120033264,-0.509098470211029,-2.794238567352295,0.5550723671913147,0.980079174041748,246.8377227783203,0.0,0.5,0.0,0.0,0.015760865062475204,0.0,0.479350209236145,0.011024968698620796,0.0,0.0,0.0,0.0,1600.7093505859375,0.0
0.97,0.8444445133209229,-0.8290373305565872,0.5591932622480423,0.0,1.0,1.0,0.0,0.06967814266681671,0.32907670736312866,0.6240946054458618,-0.1332263946533203,-0.10853815078735352,1.164994478225708,-0.09043116867542267,-0.13757091760635376,-0.4567989408969879,0.027668580412864685,-0.13858705759048462,-0.6235735416412354,0.5736029148101807,-0.03805115818977356,-0.6332035660743713,0.5862893462181091,-0.27143141627311707,-0.022848736494779587,-2.7277989387512207,0.9344571828842163,-2.464177370071411,-0.24003885686397552,-0.2680996358394623,-0.2863573133945465,0.22817428410053253,0.01563485711812973,-0.23439669609069824,0.24944400787353516,-0.1000315323472023,0.0,-0.4000000059604645,-0.05000000074505806,0.3100000023841858,0.49000000953674316,-0.20999999344348907,0.0,2.9178404808044434,-1.7505635023117065,2.627368211746216,0.26872536540031433,4.6611528396606445,-0.20161031186580658,3.17624831199646,2.9485206604003906,3.9386487007141113,-4.446015357971191,-10.021611213684082,10.730714797973633,0.016818389296531677,0.12083541601896286,-0.07468423247337341,-2.6936655044555664,0.45819246768951416,0.3435145616531372,328.9070129394531,0.0,0.5,0.0,0.0,0.016434159129858017,0.0,0.47947221994400024,0.4594671130180359,0.0,0.0,0.0,0.0,1736.5699462890625,0.0
0.98,0.8555556535720825,-0.7880103744477578,0.6156619606266936,0.0,1.0,1.0,0.0,0.07243776321411133,0.3280404508113861,0.6197512149810791,-0.13496065139770508,-0.11215829849243164,1.164764642715454,-0.08143268525600433,-0.16333737969398499,-0.47540855407714844,-0.6386831998825073,-0.2827947735786438,0.5190375447273254,0.5946798920631409,-0.05544562637805939,-0.6341491341590881,0.5840720534324646,-0.2199464738368988,-0.056886326521635056,-2.6982877254486084,0.9596982002258301,-2.3854968547821045,-0.27862098813056946,-0.37001773715019226,-0.0878719910979271,0.24475990235805511,0.018951980397105217,-0.2416943609714508,0.2726638615131378,-0.1106463298201561,0.0,-0.4000000059604645,-0.05000000074505806,0.3100000023841858,0.49000000953674316,-0.20999999344348907,0.0,1.5205583572387695,-1.6919732093811035,-1.1715458631515503,-0.5296260118484497,4.532334327697754,-1.34743070602417,7.395693778991699,2.4058754444122314,3.328359365463257,-4.282191753387451,-9.988001823425293,10.783895492553711,0.013015545904636383,0.10399555414915085,-0.11085353046655655,-2.224541187286377,0.26979684829711914,-0.4075731337070465,316.2378845214844,0.0,0.5,0.0,0.0,0.015331271104514599,0.0,0.4821566939353943,0.5834479928016663,0.0,0.0,0.0,0.0,1680.5831298828125,0.0
0.99,0.8666667342185974,-0.743144541470664,0.6691309217801527,0.0,1.0,1.0,0.0,0.07725747674703598,0.32662510871887207,0.615708589553833,-0.13704586029052734,-0.12375593185424805,1.1759231090545654,-0.090861015021801,-0.2019905298948288,-0.46999096870422363,-1.240182638168335,-0.49168509244918823,1.6317977905273438,0.6083729267120361,-0.07336682081222534,-0.666793704032898,0.5745909810066223,-0.1612163931131363,-0.13304632902145386,-2.68806791305542,0.9836894273757935,-2.231543779373169,-0.30002734065055847,-0.39730581641197205,0.11146996170282364,0.2619341015815735,0.022386817261576653,-0.24925099313259125,0.29670771956443787,-0.12163780629634857,0.0,-0.4000000059604645,-0.05000000074505806,0.3100000023841858,0.49000000953674316,-0.20999999344348907,0.0,1.1966171264648438,-1.8233528137207031,-3.7645199298858643,-1.1476448774337769,5.79884672164917,-4.245237350463867,1.6861271858215332,2.4860122203826904,16.96500015258789,-1.6081054210662842,-0.807551383972168,10.761465072631836,0.008303724229335785,0.09265711158514023,-0.010098867118358612,-1.2988450527191162,0.17918631434440613,-1.4158682823181152,345.5052490234375,0.0,0.5,0.0,0.0,0.012860128656029701,0.0,0.45848217606544495,0.004865780472755432,0.0,0.0,0.0,0.0,1928.537841796875,0.0
1.0,0.8777779340744019,-0.6946576640377359,0.7193404825210633,0.0,1.0,1.0,0.0,0.08363386988639832,0.325514554977417,0.6120328903198242,-0.14105796813964844,-0.14022016525268555,1.1977170705795288,-0.10451013594865799,-0.24392709136009216,-0.46747350692749023,-1.4359220266342163,-0.8693434000015259,2.5239417552948,0.6114205121994019,-0.09071317315101624,-0.7056540250778198,0.5574987530708313,-0.08989962190389633,-0.13868531584739685,-2.6851308345794678,1.006070852279663,-2.031620502471924,-0.3097750246524811,-0.4192347824573517,0.31100836396217346,0.2793627381324768,0.025872549042105675,-0.25691962242126465,0.3211078643798828,-0.1327921450138092,0.0,-0.4000000059604645,-0.05000000074505806,0.3100000023841858,0.49000000953674316,-0.20999999344348907,0.0,-0.05462772399187088,-1.6988013982772827,-4.324213027954102,-1.7841222286224365,7.174892902374268,0.4256135821342468,0.9980188608169556,2.332801103591919,20.208192825317383,-0.6991580724716187,-1.9807451963424683,10.76050090789795,0.0028071701526641846,0.08673767000436783,0.07073378562927246,-0.34494784474372864,0.08083944767713547,-1.675162672996521,354.0484924316406,0.0,0.5,0.0,0.0,0.00977783091366291,0.0,0.4274722933769226,2.929835545728565e-06,0.0,0.0,0.0,0.0,1899.6568603515625,0.0
1.01,0.8888890147209167,-0.6427870040317241,0.7660449513233022,0.0,1.0,1.0,0.0,0.090895876288414,0.3248134255409241,0.6093024015426636,-0.14703750610351562,-0.15768051147460938,1.2278761863708496,-0.17122988402843475,-0.4090563654899597,-0.22076022624969482,-0.9783948063850403,-1.1212804317474365,3.2868165969848633,0.6237025856971741,-0.10200989246368408,-0.760988175868988,0.5595207810401917,-0.05751554295420647,-0.17020072042942047,-2.693453311920166,1.0262130498886108,-1.8161499500274658,-0.3106326162815094,-0.4187561869621277,0.5086594223976135,0.2967061996459961,0.029341241344809532,-0.26455074548721313,0.3453887104988098,-0.14389196038246155,0.0,-0.4000000059604645,-0.05000000074505806,0.3100000023841858,0.49000000953674316,-0.20999999344348907,0.0,4.100200653076172,1.2639527320861816,-7.351841449737549,5.138537883758545,-3.027571439743042,1.8712098598480225,-1.2371457815170288,1.7130106687545776,21.94375991821289,0.5052237510681152,-0.3467642366886139,10.743165969848633,-0.000323709100484848,0.08609039336442947,0.00937365647405386,0.9134913682937622,-0.04875143617391586,-1.167121410369873,2049.529296875,0.0,0.5,0.0,0.0,0.007072380743920803,0.0,0.2906157672405243,4.135151110418178e-10,0.0,0.0,0.0,0.0,2590.216064453125,0.0
1.02,0.9000000953674316,-0.5877847675202872,0.8090173465823349,0.0,1.0,1.0,0.0,0.09791435301303864,0.32491299510002136,0.6095465421676636,-0.1568155288696289,-0.16936302185058594,1.2629154920578003,-0.18092088401317596,-0.5243526697158813,-0.051512181758880615,-0.38957667350769043,-1.609778881072998,3.3243415355682373,0.6196061968803406,-0.10943347215652466,-0.7992852926254272,0.55999755859375,-0.05926390364766121,-0.18200059235095978,-2.665933609008789,1.0497969388961792,-1.6247608661651611,-0.29866552352905273,-0.34746116399765015,0.49454057216644287,0.31362733244895935,0.03272546827793121,-0.27199602127075195,0.36907827854156494,-0.1547214835882187,0.0,-0.4000000059604645,-0.05000000074505806,0.3100000023841858,0.49000000953674316,-0.20999999344348907,0.0,-1.530498743057251,-0.9442496299743652,-2.7553131580352783,-0.9735355973243713,-0.4824240505695343,-0.37004533410072327,4.027799129486084,2.6914079189300537,19.212018966674805,1.485911250114441,7.423818111419678,-0.5729516744613647,-0.00021623820066452026,0.0903048887848854,0.002781299874186516,1.2408782243728638,-0.02008122391998768,-1.2809677124023438,676.5030517578125,0.0,0.5,0.0,0.0,0.0052598752081394196,0.0,0.22827643156051636,2.517729913442679e-10,0.0,0.0,0.0,0.0,318.20697021484375,0.0
1.03,0.9111112356185913,-0.5299186008019894,0.8480485107138988,0.0,1.0,1.0,0.0,0.1039016991853714,0.325088232755661,0.610466480255127,-0.16518497467041016,-0.17572927474975586,1.2983267307281494,-0.18419164419174194,-0.5580413341522217,-0.02990836650133133,0.14530229568481445,-1.2440654039382935,3.1848912239074707,0.59966641664505,-0.11739619076251984,-0.8222581744194031,0.5410158038139343,-0.05153388902544975,-0.19260896742343903,-2.6254327297210693,1.0668797492980957,-1.505089521408081,-0.28341343998908997,-0.24317286908626556,0.29624712467193604,0.32979661226272583,0.03595932200551033,-0.27911052107810974,0.39171528816223145,-0.1650698184967041,0.0,-0.4000000059604645,-0.05000000074505806,0.3100000023841858,0.49000000953674316,-0.20999999344348907,0.0,-2.0330493450164795,-0.6486515998840332,-1.8485950231552124,-2.1710145473480225,0.4206480085849762,-0.6683741807937622,1.6908864974975586,0.9665643572807312,10.006490707397461,1.6076635122299194,10.074080467224121,-10.77230167388916,-0.00018735229969024658,0.09623811393976212,0.0005084668518975377,1.8239210844039917,-0.018080996349453926,0.5343850255012512,265.77142333984375,0.0,0.5,0.0,0.0,0.00429365923628211,0.0,0.21033437550067902,1.5468215597280732e-09,0.0,0.0,0.0,0.0,1016.6320190429688,0.0
1.04,0.9222223162651062,-0.4694710410619063,0.8829478702642923,0.0,1.0,1.0,0.0,0.10783015191555023,0.324951171875,0.6110360026359558,-0.17051172256469727,-0.17343616485595703,1.329950213432312,-0.20191167294979095,-0.5866370797157288,-0.006063565611839294,1.1590036153793335,-0.8402973413467407,2.660823345184326,0.5779231190681458,-0.11476914584636688,-0.8353474140167236,0.5217822194099426,-0.05278466269373894,-0.20864814519882202,-2.5904152393341064,1.0618056058883667,-1.515191674232483,-0.26585543155670166,-0.12747421860694885,0.09820538014173508,0.3448992371559143,0.038979846984148026,-0.2857556641101837,0.4128589332103729,-0.17473550140857697,0.0,-0.4000000059604645,-0.05000000074505806,0.3100000023841858,0.49000000953674316,-0.20999999344348907,0.0,-2.010446786880493,0.605333685874939,-0.3130493462085724,-1.892770528793335,-0.9424434304237366,-2.265615463256836,1.4391618967056274,-1.2845288515090942,-2.049220561981201,2.008391857147217,10.131418228149414,-10.763641357421875,0.0003922581672668457,0.10077313333749771,0.01695844531059265,1.8922145366668701,-0.04328230768442154,1.8303918838500977,377.1261291503906,0.0,0.5,0.0,0.0,0.00411838386207819,0.0,0.18756191432476044,7.086091500241309e-07,0.0,0.0,0.0,0.0,1305.0543212890625,0.0
1.05,0.9333333969116211,-0.40673627813796054,0.913545620123308,0.0,1.0,1.0,0.0,0.10882328450679779,0.3239765167236328,0.6109029054641724,-0.17206573486328125,-0.15925168991088867,1.3520185947418213,-0.22316448390483856,-0.5668751001358032,-0.018956340849399567,2.239790201187134,-0.28413593769073486,1.6033446788787842,0.5540899634361267,-0.09106604754924774,-0.8477564454078674,0.5126274228096008,-0.05968206003308296,-0.21223005652427673,-2.5829813480377197,1.0360169410705566,-1.5743539333343506,-0.24923892319202423,-0.009420262649655342,-0.0978943482041359,0.35864144563674927,0.04172828793525696,-0.29180222749710083,0.43209803104400635,-0.1835305243730545,0.0,-0.4000000059604645,-0.05000000074505806,0.3100000023841858,0.49000000953674316,-0.20999999344348907,0.0,-2.8602945804595947,2.9001426696777344,-1.0248008966445923,-0.8954447507858276,-1.4827170372009277,-1.0035431385040283,-1.1893246173858643,-3.1131649017333984,-6.292362689971924,1.908681869506836,10.130091667175293,-10.730207443237305,0.0019658133387565613,0.10188654810190201,-0.0458960197865963,1.422168254852295,-0.13337069749832153,2.5105412006378174,190.04530334472656,0.0,0.5,0.0,0.0,0.004869915544986725,0.0,0.18477272987365723,0.0058493283577263355,0.0,0.0,0.0,0.0,1621.96240234375,0.0
1.06,0.9444445967674255,-0.342019243970591,0.9396929481238994,0.0,1.0,0.0,0.0,0.10687363147735596,0.3219985067844391,0.6094939112663269,-0.17004776000976562,-0.1332383155822754,1.3577195405960083,-0.22868414223194122,-0.5139220356941223,-0.09911012649536133,3.0682170391082764,0.3495025038719177,-0.23942863941192627,0.5254423022270203,-0.05088284984230995,-0.8654786348342896,0.5352281332015991,-0.0870257094502449,-0.18869847059249878,-2.626962900161743,0.9970684051513672,-1.657729148864746,-0.23188860714435577,0.1152530163526535,-0.2902008593082428,0.37075576186180115,0.044151149690151215,-0.2971325218677521,0.44905805587768555,-0.1912836730480194,0.0,-0.4000000059604645,-0.05000000074505806,0.3100000023841858,0.49000000953674316,-0.20999999344348907,0.0,-3.489880323410034,4.153816223144531,-1.5887410640716553,2.70116925239563,-1.3565038442611694,1.500969409942627,-7.376450538635254,-4.123485088348389,-8.766013145446777,2.041036367416382,10.194660186767578,-10.70229434967041,0.004159264266490936,0.09798287600278854,-0.903549313545227,0.749552845954895,-0.977941632270813,2.8902366161346436,0.0,0.0,0.5,0.0,0.0,0.006952668074518442,0.0,0.2038862705230713,0.8916762471199036,0.0,0.0,0.0,0.0,2292.299072265625,0.0
1.07,0.9555556774139404,-0.27563661981842924,0.9612619069822079,0.0,1.0,1.0,0.0,0.10265443474054337,0.31954577565193176,0.606881856918335,-0.16581296920776367,-0.09728193283081055,1.3467527627944946,-0.22342072427272797,-0.49367067217826843,-0.18793943524360657,3.717829704284668,0.6322795748710632,-1.5694626569747925,0.4922676682472229,-0.011835242621600628,-0.8610705733299255,0.5669036507606506,-0.1168762817978859,-0.08838345110416412,-2.705315351486206,0.9578546285629272,-1.7831735610961914,-0.22137358784675598,0.2431030124425888,-0.48036912083625793,0.381006121635437,0.046201225370168686,-0.30164268612861633,0.46340858936309814,-0.19784390926361084,0.0,-0.4000000059604645,-0.05000000074505806,0.3100000023841858,0.49000000953674316,-0.20999999344348907,0.0,-3.3399884700775146,3.785569429397583,0.7178184986114502,3.0815298557281494,-1.3374416828155518,9.157235145568848,-8.313957214355469,-3.431302309036255,-13.279376983642578,1.0214674472808838,10.271745681762695,-10.802400588989258,0.006052564829587936,0.08865369111299515,-1.549223780632019,-0.3419027328491211,-1.05048406124115,2.2093756198883057,27.336650848388672,0.0,0.5,0.0,0.0,0.011050790548324585,0.0,0.21565045416355133,0.007252377457916737,0.0,0.0,0.0,0.0,2237.8447265625,0.0
1.08,0.9666667580604553,-0.20791112912222715,0.9781477201257083,0.0,1.0,0.0,0.0,0.09732685983181,0.31743794679641724,0.6035349369049072,-0.16139459609985352,-0.055388450622558594,1.3259098529815674,-0.21335022151470184,-0.5129092931747437,-0.2672600746154785,3.9885857105255127,0.6265398263931274,-2.3320958614349365,0.4547956883907318,0.011062472127377987,-0.8527238965034485,0.5749143958091736,-0.17307184636592865,-0.09450871497392654,-2.787533760070801,0.9342555999755859,-1.8699517250061035,-0.21095998585224152,0.3574148714542389,-0.6697836518287659,0.38919326663017273,0.04783865436911583,-0.305245041847229,0.47487059235572815,-0.20308369398117065,0.0,-0.4000000059604645,-0.05000000074505806,0.3100000023841858,0.49000000953674316,-0.20999999344348907,0.0,-3.6212058067321777,1.8755817413330078,0.7611547112464905,0.3193935751914978,-5.903505802154541,-0.3008720278739929,-8.184983253479004,-1.91831374168396,-8.502119064331055,0.8621429204940796,10.19445514678955,-10.711968421936035,0.007812738418579102,0.0747004821896553,-1.9182130098342896,-1.2685351371765137,-0.49697819352149963,1.131935477256775,0.0,0.0,0.5,0.0,0.0,0.016926074400544167,0.0,0.21354898810386658,1.8881230062106624e-05,0.0,0.0,0.0,0.0,1341.838623046875,0.0
1.09,0.977777898311615,-0.13917235099393677,0.9902681741421463,0.0,1.0,0.0,1.0,0.09068605303764343,0.31564024090766907,0.6002697944641113,-0.15527868270874023,-0.010624408721923828,1.3016881942749023,-0.18924212455749512,-0.2348140925168991,-0.054744649678468704,4.488974571228027,0.7874454259872437,-2.53470778465271,0.4270319938659668,0.02141030691564083,-0.8401133418083191,0.5634475350379944,-0.20650728046894073,-0.09225359559059143,-2.831608295440674,0.9123082160949707,-1.9432377815246582,-0.18187350034713745,0.39265960454940796,-0.7957233190536499,0.3951577842235565,0.04903155565261841,-0.30786943435668945,0.4832209050655365,-0.2069009691476822,0.0,-0.4000000059604645,-0.05000000074505806,0.3100000023841858,0.49000000953674316,-0.20999999344348907,0.0,-1.52651047706604,0.9283122420310974,0.5470424294471741,-1.0704100131988525,-1.1148455142974854,-0.32102078199386597,5.402001857757568,-4.138848304748535,-14.989352226257324,6.374846935272217,-11.202713012695312,-6.107433319091797,0.010517776012420654,0.06326095014810562,-2.801530361175537,0.09166556596755981,0.36926889419555664,-1.2146494388580322,0.0,3827.630615234375,0.5,0.0,0.0,0.022857611998915672,0.0,0.34632253646850586,2.627474941618857e-06,0.0,0.0,0.0,0.0,1588.2786865234375,0.0
1.1,0.9888889789581299,-0.06975590920093967,0.9975640897363689,1.0,1.0,0.0,1.0,0.08035651594400406,0.31373482942581177,0.5992276668548584,-0.1435375213623047,0.03730073198676109,1.2709460258483887,-0.1794431358575821,-0.15446747839450836,-0.039865560829639435,4.245083332061768,1.1946943998336792,-3.021036386489868,0.40702515840530396,0.018278906121850014,-0.8186638951301575,0.5247394442558289,-0.2587118148803711,-0.08156927675008774,-2.836658000946045,0.8496685028076172,-2.0106289386749268,-0.1702800989151001,0.3664097189903259,-0.867888331413269,0.4000000059604645,0.05000000074505806,-0.3100000023841858,0.49000000953674316,-0.20999999344348907,0.0,-0.4000000059604645,-0.05000000074505806,0.3100000023841858,0.49000000953674316,-0.20999999344348907,0.0,-2.30446457862854,-0.4284076392650604,2.208585500717163,-4.390483856201172,-6.2240777015686035,3.055391550064087,7.23219108581543,-6.704339981079102,-16.054580688476562,-0.4331919252872467,0.15729868412017822,-9.502484321594238,0.01577828824520111,0.06192520260810852,-2.5267770290374756,-0.5253618955612183,0.6456485390663147,-0.9798368215560913,0.0,651.7000122070312,0.5,0.0,0.0,0.029547717422246933,0.0,0.378701776266098,1.1821775558473746e-08,0.0,0.0,0.0,0.0,1028.786865234375,0.0
1.11,1.0000001192092896,7.490140567548978e-07,0.9999999999997194,1.0,1.0,0.0,1.0,0.07029937952756882,0.31124043464660645,0.5986195206642151,-0.1281743049621582,0.07933314144611359,1.243142008781433,-0.19998161494731903,-0.09013980627059937,-0.047840118408203125,3.585610866546631,1.4199082851409912,-2.6134774684906006,0.40177279710769653,0.006043878383934498,-0.7851606607437134,0.48696914315223694,-0.2878306806087494,-0.09809848666191101,-2.8460521697998047,0.8023772239685059,-2.1226143836975098,-0.15701612830162048,0.3545718491077423,-0.8963888883590698,0.4000000059604645,0.05000000074505806,-0.3100000023841858,0.49000000953674316,-0.20999999344348907,0.0,-0.4000000059604645,-0.05000000074505806,0.3100000023841858,0.49000000953674316,-0.20999999344348907,0.0,0.1583692580461502,-1.6036484241485596,4.012017726898193,-3.765408992767334,-2.4476749897003174,-1.3925316333770752,5.098486423492432,-4.554941654205322,-19.601593017578125,0.38567623496055603,-0.5256690979003906,-1.1261622905731201,0.02175769954919815,0.059729404747486115,-2.496271848678589,-0.6816266775131226,0.5613465309143066,-1.1312944889068604,0.0,442.9289855957031,0.5,0.0,0.0,0.0275899525731802,0.0,0.3692804276943207,1.167636355603463e-06,0.0,0.0,0.0,0.0,908.5076293945312,0.0
1.12,1.0111112594604492,0.06975740357991196,0.9975639852389365,1.0,1.0,0.0,1.0,0.0614214763045311,0.3082050085067749,0.5977781414985657,-0.111846923828125,0.11306414008140564,1.2221248149871826,-0.22571726143360138,-0.06808651983737946,-0.11004221439361572,2.792705774307251,1.4186731576919556,-1.9849189519882202,0.41366493701934814,-0.015940872952342033,-0.7437378168106079,0.4528352618217468,-0.2931436598300934,-0.09135410189628601,-2.867647647857666,0.763869047164917,-2.2418105602264404,-0.15566618740558624,0.3263663351535797,-0.8417237997055054,0.4000000059604645,0.05000000074505806,-0.3100000023841858,0.49000000953674316,-0.20999999344348907,0.0,-0.4000000059604645,-0.05000000074505806,0.3100000023841858,0.49000000953674316,-0.20999999344348907,0.0,1.854507327079773,-2.583941698074341,3.9308462142944336,-3.148571491241455,-0.24332557618618011,-0.3857043981552124,3.154330253601074,-3.300246477127075,-18.51433753967285,-0.15797750651836395,-2.7884938716888428,7.578886985778809,0.028024017810821533,0.057093843817710876,-2.527320384979248,-0.6908272504806519,0.6925091743469238,-1.0752627849578857,0.0,146.6690673828125,0.5,0.0,0.0,0.0232156440615654,0.0,0.3455553352832794,0.0003783062275033444,0.0,0.0,0.0,0.0,659.523193359375,0.0
1.1300000000000001,1.0222223997116089,0.13917420530564842,0.9902679135352922,1.0,0.0,0.0,1.0,0.054029837250709534,0.30471476912498474,0.5962998867034912,-0.09619760513305664,0.13840869069099426,1.20792555809021,-0.2493371069431305,-0.05740698426961899,-0.189814031124115,2.087353467941284,1.427460789680481,-1.4716155529022217,0.44343647360801697,-0.04493177309632301,-0.7064647674560547,0.42989790439605713,-0.29108017683029175,-0.0950780138373375,-2.8700296878814697,0.7393194437026978,-2.338587760925293,-0.1556604504585266,0.22603750228881836,-0.7778132557868958,0.4000000059604645,0.05000000074505806,-0.3100000023841858,0.49000000953674316,-0.20999999344348907,0.0,-0.4347935914993286,-0.056958720088005066,0.3253091871738434,0.5387110710144043,-0.23226790130138397,0.0,3.825134038925171,-3.1889102458953857,3.5526137351989746,-1.96706223487854,-0.08953504264354706,-1.1878345012664795,8.013931274414062,-1.8598684072494507,-18.39147186279297,0.13900652527809143,-9.994561195373535,7.917595863342285,0.03486241400241852,0.05275595933198929,-2.4772896766662598,-0.9582093358039856,0.7529046535491943,-0.9532982707023621,0.0,72.77630615234375,0.5,0.0,0.0,0.021402059122920036,0.0,0.3231614828109741,0.013150380924344063,0.0,0.0,0.0,0.0,1035.731689453125,0.0
1.1400000000000001,1.033333420753479,0.20791222809168242,0.9781474865325537,1.0,0.0,0.0,1.0,0.047723084688186646,0.3010024428367615,0.5941312313079834,-0.08200263977050781,0.15765531361103058,1.198818564414978,-0.2717123031616211,-0.04483068734407425,-0.2631717920303345,1.668244481086731,1.2752810716629028,-1.0734539031982422,0.4791018068790436,-0.07515404373407364,-0.6758946776390076,0.41174474358558655,-0.276309609413147,-0.12762700021266937,-2.8734657764434814,0.7253485321998596,-2.4259285926818848,-0.14959445595741272,0.13608920574188232,-0.702267587184906,0.4000000059604645,0.05000000074505806,-0.3100000023841858,0.49000000953674316,-0.20999999344348907,0.0,-0.4519781470298767,-0.060395628213882446,0.33287039399147034,0.5627694129943848,-0.2432660013437271,0.0,3.5182712078094482,-2.8327817916870117,2.9805922508239746,-1.618938684463501,1.231028437614441,-2.4684178829193115,7.224755764007568,-1.0445194244384766,-17.291027069091797,1.0666908025741577,-8.146859169006348,10.407950401306152,0.041253261268138885,0.04788891226053238,-2.1585373878479004,-0.8530129790306091,0.5131168961524963,-1.030590295791626,0.0,69.94294738769531,0.5,0.0,0.0,0.016270576044917107,0.0,0.302673876285553,0.0997980386018753,0.0,0.0,0.0,0.0,955.034912109375,0.0
1.1500000000000001,1.0444445610046387,0.2756380598154803,0.9612614940697239,1.0,0.0,0.0,1.0,0.04224726930260658,0.2971815764904022,0.5912933945655823,-0.06983375549316406,0.17198193073272705,1.1937732696533203,-0.30081111192703247,-0.02625696174800396,-0.32677388191223145,1.185096025466919,1.08140230178833,-0.5961079597473145,0.5128313899040222,-0.10181638598442078,-0.6425141096115112,0.3986802101135254,-0.24468716979026794,-0.14320266246795654,-2.8885140419006348,0.7168607115745544,-2.5558879375457764,-0.14351698756217957,0.12637223303318024,-0.6292699575424194,0.4000000059604645,0.05000000074505806,-0.3100000023841858,0.49000000953674316,-0.20999999344348907,0.0,-0.4689095914363861,-0.06378191709518433,0.3403202295303345,0.5864734053611755,-0.25410211086273193,0.0,3.1720387935638428,-2.416555881500244,3.3770439624786377,-1.0530470609664917,3.001943826675415,-1.1746554374694824,4.406483173370361,-0.5141389966011047,-20.052642822265625,0.8777358531951904,0.059803158044815063,10.996681213378906,0.045771703124046326,0.04398012161254883,-1.774207592010498,-0.5061160326004028,0.14381948113441467,-0.9519868493080139,0.0,143.7064208984375,0.5,0.0,0.0,0.013296063989400864,0.0,0.27693408727645874,0.4913053512573242,0.0,0.0,0.0,0.0,786.0274658203125,0.0
1.16,1.0555557012557983,0.34202100357805826,0.9396923076791986,1.0,0.0,0.0,1.0,0.037388622760772705,0.2932531237602234,0.5877624154090881,-0.059816837310791016,0.18215546011924744,1.1939349174499512,-0.3236047625541687,-0.004533461295068264,-0.4010135531425476,0.899273157119751,1.0316580533981323,-0.04108402878046036,0.5349934101104736,-0.11620651930570602,-0.6244210004806519,0.3882439136505127,-0.21089354157447815,-0.12306994944810867,-2.903621196746826,0.7113472819328308,-2.6417884826660156,-0.1343187838792801,0.06533319503068924,-0.5076003670692444,0.4000000059604645,0.05000000074505806,-0.3100000023841858,0.49000000953674316,-0.20999999344348907,0.0,-0.48550528287887573,-0.06710106134414673,0.3476223349571228,0.6097074151039124,-0.26472336053848267,0.0,2.046046257019043,-1.0207831859588623,1.4969770908355713,-0.9668747186660767,2.6838948726654053,1.4495726823806763,3.9285902976989746,-0.7482532262802124,-15.252459526062012,1.204973578453064,-4.857245445251465,11.588977813720703,0.0471704825758934,0.03985052555799484,-1.2900480031967163,-0.38077035546302795,-0.13970813155174255,-0.8280363082885742,0.0,189.52899169921875,0.5,0.0,0.0,0.011568606831133366,0.0,0.25751152634620667,0.9966298937797546,0.0,0.0,0.0,0.0,957.5750732421875,0.0
1.17,1.0666667222976685,0.4067369623963564,0.9135453154718625,1.0,0.0,0.0,0.0,0.032929785549640656,0.2887282967567444,0.5833209753036499,-0.04984569549560547,0.18824152648448944,1.1992526054382324,-0.3400287330150604,0.012243634089827538,-0.4893086552619934,0.40032386779785156,1.2087221145629883,0.443004846572876,0.5626533627510071,-0.1230367049574852,-0.6213718056678772,0.38457703590393066,-0.2273188829421997,-0.021082758903503418,-2.904475212097168,0.7020264863967896,-2.667431592941284,-0.12999370694160461,-0.045919910073280334,-0.3503992259502411,0.4000000059604645,0.05000000074505806,-0.3100000023841858,0.49000000953674316,-0.20999999344348907,0.0,-0.501684308052063,-0.07033686339855194,0.35474109649658203,0.6323580741882324,-0.2750779390335083,0.0,3.11181902885437,-0.673578143119812,0.011642362922430038,-0.4206201434135437,-1.4199093580245972,9.597640037536621,7.248431205749512,-0.5413345694541931,-8.75910758972168,0.7966761589050293,-10.057380676269531,10.619670867919922,0.04651385545730591,0.03587467968463898,-1.1865627765655518,-0.555623471736908,-0.11964250355958939,-0.5000665187835693,0.0,0.0,0.5,0.0,0.0,0.010775795206427574,0.0,0.2437538355588913,0.6753619313240051,0.0,0.0,0.0,0.0,1293.7784423828125,0.0
1.18,1.0777779817581177,0.4694726944119977,0.8829469911617224,1.0,0.0,0.0,0.0,0.02923855558037758,0.28333523869514465,0.5778499841690063,-0.03899669647216797,0.1889260709285736,1.208335518836975,-0.348060667514801,0.033220384269952774,-0.5798625946044922,-0.16490253806114197,1.3595843315124512,0.7572368383407593,0.5851163268089294,-0.12572580575942993,-0.6260802745819092,0.3879398703575134,-0.2726907432079315,0.08316419273614883,-2.8880503177642822,0.6960563659667969,-2.6500964164733887,-0.13617756962776184,-0.16937917470932007,-0.17960789799690247,0.4000000059604645,0.05000000074505806,-0.3100000023841858,0.49000000953674316,-0.20999999344348907,0.0,-0.5173682570457458,-0.07347365468740463,0.3616420328617096,0.6543155908584595,-0.28511568903923035,0.0,1.7505587339401245,-0.1657637059688568,-0.39114874601364136,0.38790175318717957,-3.6359453201293945,9.996201515197754,7.476082801818848,-0.01449473388493061,-4.0429558753967285,-0.11272874474525452,-10.111271858215332,10.6920747756958,0.042466796934604645,0.030111946165561676,-0.8815345168113708,-0.741245448589325,-0.9764306545257568,-0.3623107075691223,0.0,0.0,0.5,0.0,0.0,0.011105653829872608,0.0,0.23678068816661835,0.3176467716693878,0.0,0.0,0.0,0.0,1362.29541015625,0.0
1.19,1.0888890027999878,0.5299198712019048,0.8480477168799858,1.0,0.0,0.0,0.0,0.026434045284986496,0.277662068605423,0.5714460611343384,-0.029091835021972656,0.1852734088897705,1.219077229499817,-0.3551349639892578,0.03738769143819809,-0.657524824142456,-0.5028602480888367,1.1457875967025757,0.819395899772644,0.5945939421653748,-0.12786681950092316,-0.6307141184806824,0.39244383573532104,-0.2991245985031128,0.0799647718667984,-2.8601667881011963,0.6944393515586853,-2.5920276641845703,-0.1457246094942093,-0.2767980098724365,0.012814465910196304,0.4000000059604645,0.05000000074505806,-0.3100000023841858,0.49000000953674316,-0.20999999344348907,0.0,-0.532480001449585,-0.07649599760770798,0.3682911992073059,0.6754720211029053,-0.29478719830513,0.0,0.8388944864273071,-0.2657139003276825,-0.31484830379486084,0.5283832550048828,-2.1471059322357178,0.4851328134536743,7.604799270629883,0.39734604954719543,2.739654779434204,-0.4859602749347687,-10.081888198852539,10.760400772094727,0.03515346348285675,0.022619470953941345,-0.5432774424552917,-1.0219234228134155,-1.3531641960144043,-0.48389536142349243,0.0,0.0,0.5,0.0,0.0,0.012330197729170322,0.0,0.23100699484348297,0.26110848784446716,0.0,0.0,0.0,0.0,1131.95654296875,0.0
1.2,1.1000001430511475,0.5877859794503565,0.8090164660633213,1.0,0.0,1.0,0.0,0.02444998174905777,0.27125903964042664,0.5647088289260864,-0.01950693130493164,0.17902019619941711,1.2331387996673584,-0.4334573447704315,-0.06318069994449615,-0.5661439895629883,-0.6209971308708191,1.3847274780273438,1.5140385627746582,0.6227336525917053,-0.12744037806987762,-0.667392909526825,0.38342881202697754,-0.2781393229961395,0.022646544501185417,-2.8370003700256348,0.6936901211738586,-2.5248894691467285,-0.16122318804264069,-0.3010447025299072,0.21017946302890778,0.4000000059604645,0.05000000074505806,-0.3100000023841858,0.49000000953674316,-0.20999999344348907,0.0,-0.5469465255737305,-0.0793893039226532,0.37465646862983704,0.6957250833511353,-0.30404573678970337,0.0,5.578466892242432,0.08588921278715134,-6.979172229766846,-2.934696674346924,9.787991523742676,-11.539490699768066,7.053770542144775,0.1362924426794052,-0.8178389072418213,-0.27405107021331787,-0.5204894542694092,10.700578689575195,0.028793402016162872,0.014901984483003616,-0.19250930845737457,-0.3911246359348297,0.44257277250289917,-0.7312057018280029,1069.65771484375,0.0,0.5,0.0,0.0,0.014213900081813335,0.0,0.17365774512290955,0.010207570157945156,0.0,0.0,0.0,0.0,1711.6881103515625,0.0
1.21,1.1111112833023071,0.6427884384766878,0.7660437476807063,1.0,0.0,1.0,1.0,0.023404084146022797,0.26380455493927,0.5589890480041504,-0.011792182922363281,0.17368656396865845,1.2518858909606934,-0.5105001926422119,-0.1291012465953827,-0.4986950159072876,-0.4337005615234375,0.961112916469574,1.733884572982788,0.6740827560424805,-0.12548595666885376,-0.7182522416114807,0.3656976521015167,-0.2252851128578186,-0.05464575067162514,-2.818956136703491,0.6918361783027649,-2.4641764163970947,-0.17075005173683167,-0.32446467876434326,0.3802565634250641,0.4000000059604645,0.05000000074505806,-0.3100000023841858,0.49000000953674316,-0.20999999344348907,0.0,-0.5606971979141235,-0.08213943988084793,0.3807067573070526,0.7149760723114014,-0.31284618377685547,0.0,5.188364028930664,0.35044097900390625,-5.119280815124512,-1.4554405212402344,4.523170471191406,-8.77499008178711,5.369913101196289,-0.08065199106931686,1.3473231792449951,-0.3848762810230255,-7.514003276824951,10.86259651184082,0.02626688778400421,0.009048789739608765,-0.18987801671028137,-0.37800994515419006,0.17250420153141022,-0.4396037757396698,537.01708984375,120.8427505493164,0.5,0.0,0.0,0.0158709567040205,0.0,0.12548668682575226,0.002447442850098014,0.0,0.0,0.0,0.0,1209.55224609375,0.0
1.22,1.1222224235534668,0.6946592804243806,0.7193389215941828,1.0,0.0,1.0,1.0,0.022393688559532166,0.25708240270614624,0.5542480945587158,-0.009040355682373047,0.17115053534507751,1.2681388854980469,-0.5657610297203064,-0.11356456577777863,-0.4046085774898529,-0.06115308403968811,0.24284420907497406,1.2904629707336426,0.7179514169692993,-0.11950317025184631,-0.7556469440460205,0.3623563051223755,-0.21043919026851654,-0.12091118842363358,-2.8402981758117676,0.6903854012489319,-2.4345364570617676,-0.17586317658424377,-0.3736215829849243,0.3959762156009674,0.4000000059604645,0.05000000074505806,-0.3100000023841858,0.49000000953674316,-0.20999999344348907,0.0,-0.5736649036407471,-0.08473297953605652,0.3864125609397888,0.7331308126449585,-0.32114553451538086,0.0,3.853740692138672,0.8408269882202148,-3.276657819747925,0.440847247838974,0.22115081548690796,-6.092729568481445,-2.94328236579895,-0.32246431708335876,2.0119001865386963,-0.3026595711708069,-2.699737071990967,-1.4127928018569946,0.025171898305416107,0.005053691565990448,-0.16074378788471222,0.11966492235660553,0.056709595024585724,-0.022869911044836044,327.41632080078125,328.916748046875,0.5,0.0,0.0,0.01665736734867096,0.0,0.1005110889673233,0.035772018134593964,0.0,0.0,0.0,0.0,570.6656494140625,0.0
1.23,1.133333444595337,0.7431452932528939,0.6691300868411691,1.0,0.0,1.0,1.0,0.0205046609044075,0.2517857253551483,0.5504785180091858,-0.011265754699707031,0.17353610694408417,1.2761154174804688,-0.6077024936676025,-0.08934973925352097,-0.3456673324108124,0.5181836485862732,-0.4070752263069153,0.6356958150863647,0.7454065084457397,-0.11047954857349396,-0.7699971795082092,0.37089666724205017,-0.2140192985534668,-0.168625608086586,-2.848369836807251,0.6866744160652161,-2.433073043823242,-0.17140516638755798,-0.4038865566253662,0.35697823762893677,0.4000000059604645,0.05000000074505806,-0.3100000023841858,0.49000000953674316,-0.20999999344348907,0.0,-0.5857863426208496,-0.08715726435184479,0.39174598455429077,0.75010085105896,-0.3289032578468323,0.0,1.8133840560913086,1.166477084159851,-0.8174242377281189,1.2109160423278809,0.33465009927749634,-4.662565231323242,-5.471156597137451,-1.0323385000228882,3.9780948162078857,-0.1415107697248459,-2.1390933990478516,2.476569652557373,0.02479255199432373,0.0021657943725585938,-0.11254595220088959,0.036438338458538055,0.011188983917236328,-0.015903111547231674,204.2146759033203,460.0653381347656,0.5,0.0,0.0,0.015816733241081238,0.0,0.08458687365055084,0.4456513524055481,0.0,0.0,0.0,0.0,566.5181274414062,0.0
1.24,1.1444445848464966,0.7880112967257985,0.615660780164309,1.0,0.0,1.0,1.0,0.017080731689929962,0.24759657680988312,0.5475168824195862,-0.016242027282714844,0.1813158392906189,1.277746558189392,-0.6346489191055298,-0.016859717667102814,-0.29289889335632324,1.0140914916992188,-0.6058090925216675,0.12785795331001282,0.7537180781364441,-0.08768618106842041,-0.7791183590888977,0.39866557717323303,-0.2399492710828781,-0.22827178239822388,-2.8393990993499756,0.6736348867416382,-2.449566125869751,-0.16434350609779358,-0.4263073205947876,0.3717727065086365,0.4000000059604645,0.05000000074505806,-0.3100000023841858,0.49000000953674316,-0.20999999344348907,0.0,-0.5970028638839722,-0.08940057456493378,0.3966812789440155,0.7658040523529053,-0.3360818326473236,0.0,-0.4355613887310028,3.0148887634277344,-0.7903416156768799,2.9595718383789062,-0.6491875648498535,-4.581724166870117,-0.8781360387802124,-2.0216002464294434,0.3066977560520172,-0.06120035797357559,0.8051007986068726,4.819915771484375,0.023946858942508698,0.0009947456419467926,0.2567247450351715,0.022039316594600677,-0.3835809826850891,0.06479161232709885,88.40733337402344,546.340087890625,0.5,0.0,0.0,0.013471418060362339,0.0,0.076121486723423,0.9678333401679993,0.0,0.0,0.0,0.0,645.8634033203125,0.0
1.25,1.1555557250976562,0.8290381682428843,0.5591920203261873,1.0,0.0,1.0,1.0,0.012120604515075684,0.24487070739269257,0.5456284880638123,-0.02509021759033203,0.19458921253681183,1.2742207050323486,-0.6577956080436707,0.0370636060833931,-0.21226494014263153,1.5201833248138428,-1.170164704322815,-0.45197081565856934,0.7203762531280518,-0.05158406123518944,-0.7895755767822266,0.4194226861000061,-0.2126719057559967,-0.21020296216011047,-2.8265180587768555,0.6551896929740906,-2.4600777626037598,-0.14991332590579987,-0.4350831210613251,0.38630104064941406,0.4000000059604645,0.05000000074505806,-0.3100000023841858,0.49000000953674316,-0.20999999344348907,0.0,-0.6072595715522766,-0.09145191311836243,0.4011942148208618,0.7801634073257446,-0.34264612197875977,0.0,-4.843092441558838,4.051297664642334,-1.4720468521118164,2.058805465698242,2.1039936542510986,-0.11115413904190063,0.8833699822425842,-1.7950814962387085,-0.4908767342567444,2.048469305038452,-1.9650460481643677,-1.7391563653945923,0.02120228111743927,0.0011567771434783936,0.44361767172813416,-0.03482546657323837,-0.5515685081481934,-0.03446265682578087,116.1454849243164,399.9279479980469,0.5,0.0,0.0,0.010232442058622837,0.0,0.06830794364213943,0.6646097302436829,0.0,0.0,0.0,0.0,705.1502075195312,0.0
1.26,1.1666667461395264,0.8660256534556828,0.49999956755647046,1.0,0.0,1.0,1.0,0.006364960223436356,0.24260340631008148,0.5446668863296509,-0.034348487854003906,0.21005745232105255,1.266021966934204,-0.6676297187805176,0.08342716097831726,-0.1406201273202896,1.5070288181304932,-1.0214437246322632,-0.723207950592041,0.6756933331489563,-0.007421799469739199,-0.8160874247550964,0.434884250164032,-0.1812344193458557,-0.16275975108146667,-2.8246963024139404,0.6318928003311157,-2.4559245109558105,-0.13891780376434326,-0.4447113573551178,0.3738234341144562,0.4000000059604645,0.05000000074505806,-0.3100000023841858,0.49000000953674316,-0.20999999344348907,0.0,-0.6165064573287964,-0.09330129623413086,0.40526285767555237,0.7931090593338013,-0.34856414794921875,0.0,-3.9647927284240723,4.584630966186523,-2.181328296661377,1.6104035377502441,3.5707545280456543,5.673666954040527,0.5099645853042603,-2.5670461654663086,0.6010289192199707,0.5253533124923706,0.7025547623634338,-1.1595054864883423,0.019061341881752014,0.002588842064142227,0.5219645500183105,-0.04887061566114426,-0.19279445707798004,-0.006711650639772415,182.42471313476562,446.1165466308594,0.5,0.0,0.0,0.00742751732468605,0.0,0.06452913582324982,0.35131940245628357,0.0,0.0,0.0,0.0,590.6591186523438,0.0
1.27,1.177777886390686,0.8987943454587838,0.4383705334204344,1.0,0.0,1.0,1.0,0.00022186711430549622,0.24001170694828033,0.5444204807281494,-0.04070758819580078,0.22524935007095337,1.2528923749923706,-0.6604488492012024,0.13150711357593536,-0.0878717303276062,1.43953275680542,-0.85465008020401,-1.392516016960144,0.6285086870193481,0.03716668486595154,-0.8456295132637024,0.4428636133670807,-0.16350500285625458,-0.1333252191543579,-2.799492597579956,0.6051000356674194,-2.474914312362671,-0.13360363245010376,-0.44813936948776245,0.3436092138290405,0.4000000059604645,0.05000000074505806,-0.3100000023841858,0.49000000953674316,-0.20999999344348907,0.0,-0.6246986389160156,-0.09493972361087799,0.40886738896369934,0.8045780658721924,-0.35380709171295166,0.0,-5.063755512237549,4.443422317504883,-3.126821279525757,0.6529349088668823,1.2736021280288696,2.1283204555511475,2.1657869815826416,-2.8184914588928223,-1.1565399169921875,0.06844404339790344,-0.25100278854370117,-5.4052019119262695,0.01682693511247635,0.005072101950645447,0.6475734114646912,-0.074137844145298,-0.38029617071151733,-0.07369005680084229,101.89013671875,410.3338623046875,0.5,0.0,0.0,0.005485167261213064,0.0,0.06535827368497849,0.020687993615865707,0.0,0.0,0.0,0.0,864.038818359375,0.0
1.28,1.1888890266418457,0.9271841787986937,0.3746057909127832,1.0,0.0,1.0,1.0,-0.0058806054294109344,0.23672057688236237,0.5447317361831665,-0.043444156646728516,0.23829521238803864,1.2376149892807007,-0.6597854495048523,0.15789099037647247,-0.016942977905273438,1.1285297870635986,-0.5156372785568237,-1.2415125370025635,0.5920822024345398,0.07553769648075104,-0.870649516582489,0.4486749470233917,-0.141228586435318,-0.10899625718593597,-2.7904505729675293,0.5766642093658447,-2.5027284622192383,-0.1416335254907608,-0.4436028301715851,0.2918373644351959,0.4000000059604645,0.05000000074505806,-0.3100000023841858,0.49000000953674316,-0.20999999344348907,0.0,-0.6317960619926453,-0.09635921567678452,0.41199028491973877,0.8145145177841187,-0.358349472284317,0.0,-2.2850394248962402,3.0550248622894287,-1.218626618385315,0.7962677478790283,-0.2385900616645813,-0.2943105697631836,-2.282958745956421,-3.1129629611968994,-0.8620713949203491,-1.9018118381500244,0.5809383392333984,-7.064592361450195,0.015341542661190033,0.008362263441085815,0.3474544584751129,0.035798873752355576,-0.3052404522895813,-0.04773789271712303,292.41448974609375,374.11370849609375,0.5,0.0,0.0,0.004290045704692602,0.0,0.0645662173628807,0.04583502933382988,0.0,0.0,0.0,0.0,1038.3199462890625,0.0
1.29,1.2000000476837158,0.95105660887834,0.30901670943305387,1.0,0.0,1.0,1.0,-0.011623695492744446,0.23276124894618988,0.5456331372261047,-0.04407310485839844,0.2482627034187317,1.2219250202178955,-0.6756092309951782,0.2084096372127533,0.03522441163659096,0.8161381483078003,-0.386238157749176,-1.6080538034439087,0.5713182091712952,0.09430825710296631,-0.8671902418136597,0.4450736939907074,-0.15822088718414307,-0.10404383391141891,-2.778465509414673,0.5491101741790771,-2.5387916564941406,-0.15703976154327393,-0.42264223098754883,0.22326885163784027,0.4000000059604645,0.05000000074505806,-0.3100000023841858,0.49000000953674316,-0.20999999344348907,0.0,-0.6377642154693604,-0.0975528359413147,0.4146162271499634,0.8228698968887329,-0.362169086933136,0.0,-1.8108783960342407,1.4349491596221924,0.5217142701148987,-0.7966710925102234,0.4292250871658325,1.2883827686309814,2.2880067825317383,-2.7230234146118164,-2.378575325012207,-1.823538899421692,1.914146900177002,-7.273936748504639,0.01500401645898819,0.012566648423671722,0.2002808004617691,-0.08430376648902893,-0.19957228004932404,-0.0619153268635273,81.05943298339844,504.3684997558594,0.5,0.0,0.0,0.0035879856441169977,0.0,0.057787466794252396,0.005675059277564287,0.0,0.0,0.0,0.0,1004.6168212890625,0.0
1.3,1.2111111879348755,0.970295843051086,0.24192142723988433,1.0,0.0,1.0,1.0,-0.017306014895439148,0.22836372256278992,0.5468997955322266,-0.04327678680419922,0.2550213932991028,1.2058396339416504,-0.6875990033149719,0.2744278907775879,0.07465765625238419,0.43943315744400024,-0.2795673906803131,-1.5295207500457764,0.5583557486534119,0.10512730479240417,-0.8554053902626038,0.43583136796951294,-0.1520073413848877,-0.09991871565580368,-2.755563497543335,0.5249185562133789,-2.564558744430542,-0.17549210786819458,-0.40457531809806824,0.13551263511180878,0.4000000059604645,0.05000000074505806,-0.3100000023841858,0.49000000953674316,-0.20999999344348907,0.0,-0.6425739526748657,-0.09851479530334473,0.4167325496673584,0.8296035528182983,-0.36524733901023865,0.0,-0.9176803827285767,0.8922621607780457,1.3002125024795532,-0.8828133940696716,0.28832608461380005,-0.24335625767707825,2.080263137817383,-2.1362571716308594,-2.525273323059082,-1.9434561729431152,1.5797462463378906,-8.999701499938965,0.014847710728645325,0.01660442352294922,0.25385913252830505,-0.13614237308502197,-0.22099369764328003,-0.1055198609828949,28.7810001373291,455.7861022949219,0.5,0.0,0.0,0.003210956696420908,0.0,0.05123133957386017,0.009289530105888844,0.0,0.0,0.0,0.0,985.2977294921875,0.0
1.31,1.2222223281860352,0.9848078686252574,0.17364752199146954,1.0,0.0,1.0,1.0,-0.022718388587236404,0.223709374666214,0.5485445857048035,-0.04268455505371094,0.25848472118377686,1.1907798051834106,-0.7105833292007446,0.31643572449684143,0.11699668318033218,0.1962641030550003,-0.4006829261779785,-1.4173309803009033,0.5573900938034058,0.10629275441169739,-0.8357582092285156,0.4281926155090332,-0.15101619064807892,-0.08144402503967285,-2.746506690979004,0.5132327079772949,-2.610727071762085,-0.1981285810470581,-0.27904000878334045,0.025963425636291504,0.4000000059604645,0.05000000074505806,-0.3100000023841858,0.49000000953674316,-0.20999999344348907,0.0,-0.6462019681930542,-0.09924039244651794,0.4183288812637329,0.8346827626228333,-0.3675692677497864,0.0,-0.07984978705644608,-0.08737663924694061,2.147087335586548,-0.7504063248634338,-0.2994493842124939,1.2658007144927979,0.3986891806125641,-0.6834454536437988,-4.891392230987549,-1.724928855895996,10.66039752960205,-5.772993564605713,0.01602792739868164,0.019080303609371185,-0.01137999165803194,-0.2605030834674835,-0.04373770207166672,-0.4451683461666107,96.85356140136719,486.4330139160156,0.5,0.0,0.0,0.0030340414959937334,0.0,0.04366156458854675,0.01799512468278408,0.0,0.0,0.0,0.0,829.5538330078125,0.0
1.32,1.2333335876464844,0.9945220623926854,0.104526874124311,1.0,0.0,1.0,1.0,-0.027905810624361038,0.21883459389209747,0.5505037903785706,-0.04266357421875,0.2585637867450714,1.176737666130066,-0.7311643958091736,0.3782265782356262,0.17130884528160095,-0.30982065200805664,-0.36845242977142334,-1.3369197845458984,0.5655479431152344,0.10326678305864334,-0.8138514161109924,0.4290776550769806,-0.1757427603006363,-0.08039240539073944,-2.74586820602417,0.5046911239624023,-2.656344175338745,-0.21017268300056458,-0.2934030592441559,-0.06083012372255325,0.4000000059604645,0.05000000074505806,-0.3100000023841858,0.49000000953674316,-0.20999999344348907,0.0,-0.6486304998397827,-0.0997261106967926,0.41939741373062134,0.8380827307701111,-0.36912351846694946,0.0,1.0842126607894897,-0.7279908061027527,2.2573652267456055,0.12336866557598114,-2.6936399936676025,0.4760540723800659,-1.50046706199646,-0.3622093200683594,-4.290137767791748,-0.9755104780197144,-9.403213500976562,-9.755109786987305,0.018094979226589203,0.024123862385749817,-0.09795890748500824,-0.122496597468853,-0.029982581734657288,-0.5838227272033691,133.7617950439453,471.0667419433594,0.5,0.0,0.0,0.00302767101675272,0.0,0.0362381674349308,0.028023581951856613,0.0,0.0,0.0,0.0,1035.8226318359375,0.0
1.33,1.2444446086883545,0.9993908630339692,0.034898465356211134,1.0,0.0,1.0,1.0,-0.03190774470567703,0.21329665184020996,0.5525732040405273,-0.04271507263183594,0.2526041567325592,1.1616182327270508,-0.7690221071243286,0.3781653344631195,0.20479772984981537,-0.8660935163497925,-0.4062988758087158,-1.5442240238189697,0.5825059413909912,0.09270808845758438,-0.795268714427948,0.43653780221939087,-0.20767192542552948,-0.08052613586187363,-2.7332804203033447,0.5077558159828186,-2.6632580757141113,-0.22675614058971405,-0.30765268206596375,-0.20023109018802643,0.4000000059604645,0.05000000074505806,-0.3100000023841858,0.49000000953674316,-0.20999999344348907,0.0,-0.6498477458953857,-0.0999695435166359,0.4199329912662506,0.8397867679595947,-0.36990252137184143,0.0,1.547497272491455,-1.0436707735061646,1.2043757438659668,0.7226415872573853,-2.2012665271759033,0.9511862993240356,2.452361822128296,0.26870623230934143,-1.3970510959625244,-2.2279508113861084,0.03277863562107086,-10.936928749084473,0.02041589468717575,0.02595796436071396,-0.025046203285455704,-0.43172067403793335,-0.0827905461192131,-0.44398751854896545,184.6309356689453,261.2305908203125,0.5,0.0,0.0,0.003360437462106347,0.0,0.029991168528795242,0.00848669558763504,0.0,0.0,0.0,0.0,478.61187744140625,0.0
1.34,1.2555557489395142,0.9993907846131228,-0.034900711029536076,1.0,0.0,1.0,1.0,-0.03436485677957535,0.20646260678768158,0.554385781288147,-0.04175901412963867,0.2392531931400299,1.145721197128296,-0.7960144281387329,0.34218692779541016,0.22363266348838806,-1.8168426752090454,-0.2016286998987198,-1.5438100099563599,0.6125949621200562,0.07277607917785645,-0.7850293517112732,0.4493439495563507,-0.2438659518957138,-0.08516312390565872,-2.6730356216430664,0.5144290328025818,-2.627903699874878,-0.2520555853843689,-0.41202253103256226,-0.07895063608884811,0.4000000059604645,0.05000000074505806,-0.3100000023841858,0.49000000953674316,-0.20999999344348907,0.0,-0.6496955156326294,-0.09993909299373627,0.41986602544784546,0.8395736813545227,-0.36980509757995605,0.0,3.9500036239624023,-2.7625668048858643,1.0549309253692627,1.3409401178359985,-4.267388820648193,1.3179199695587158,8.829232215881348,0.9462984204292297,5.27941370010376,-2.9782605171203613,-8.572342872619629,1.1958537101745605,0.02280852198600769,0.02472543716430664,-0.21324701607227325,-1.4276059865951538,0.0394083708524704,-0.595192015171051,199.8600616455078,468.1441345214844,0.5,0.0,0.0,0.00427661556750536,0.0,0.027502164244651794,0.00850842148065567,0.0,0.0,0.0,0.0,789.2725830078125,0.0
1.35,1.2666668891906738,0.9945217492198296,-0.10452985376785928,1.0,0.0,1.0,0.0,-0.03506403788924217,0.19840095937252045,0.555778980255127,-0.04078197479248047,0.21883314847946167,1.1316157579421997,-0.8143594264984131,0.2770254611968994,0.2244196981191635,-2.388298988342285,-0.21346411108970642,-1.3054391145706177,0.6437703967094421,0.04563739895820618,-0.7948965430259705,0.4534517526626587,-0.2607582211494446,-0.0943780392408371,-2.5960092544555664,0.5185430645942688,-2.542937755584717,-0.2818649113178253,-0.5198958516120911,0.12152073532342911,0.4000000059604645,0.05000000074505806,-0.3100000023841858,0.49000000953674316,-0.20999999344348907,0.0,-0.6472684144973755,-0.09945367276668549,0.4187980890274048,0.8361757397651672,-0.3682517409324646,0.0,3.2069966793060303,-2.856456756591797,-1.932139277458191,0.1355944573879242,-0.11068818718194962,0.14988374710083008,7.723003387451172,0.526314914226532,9.647380828857422,-2.770019054412842,-10.120987892150879,10.7904052734375,0.024115733802318573,0.02332405000925064,0.003496665507555008,-1.2444134950637817,-0.05562876537442207,-1.7538630962371826,309.830322265625,0.0,0.5,0.0,0.0,0.006250374019145966,0.0,0.02709062024950981,0.033096008002758026,0.0,0.0,0.0,0.0,1497.2261962890625,0.0
1.36,1.277777910232544,0.9848076084952826,-0.1736489972611482,1.0,0.0,1.0,0.0,-0.033940959721803665,0.18936671316623688,0.5567617416381836,-0.04138946533203125,0.19242601096630096,1.1213781833648682,-0.8348354697227478,0.19852827489376068,0.21516753733158112,-2.9409842491149902,-0.3188120722770691,-0.7423076629638672,0.6776711940765381,0.014918492175638676,-0.8251157999038696,0.4525063633918762,-0.25661227107048035,-0.09262178093194962,-2.520787239074707,0.5226594805717468,-2.4267492294311523,-0.30895423889160156,-0.5336000919342041,0.32362833619117737,0.4000000059604645,0.05000000074505806,-0.3100000023841858,0.49000000953674316,-0.20999999344348907,0.0,-0.6424614787101746,-0.09849229454994202,0.41668304800987244,0.8294460773468018,-0.36517533659935,0.0,3.6770217418670654,-3.30643892288208,-3.513319492340088,-0.24386610090732574,1.2369569540023804,0.6114996671676636,7.5959672927856445,0.6556267142295837,12.61193561553955,-2.234543800354004,0.008956044912338257,10.781916618347168,0.02477724850177765,0.02349197119474411,0.051170866936445236,-0.5225980281829834,-0.0575704388320446,-2.756051778793335,331.8384094238281,0.0,0.5,0.0,0.0,0.010223663412034512,0.0,0.026189452037215233,0.33219224214553833,0.0,0.0,0.0,0.0,1433.61328125,0.0
1.37,1.2888890504837036,0.9702954806448982,-0.24192288077006321,1.0,0.0,1.0,0.0,-0.03091282956302166,0.1797368824481964,0.5574390292167664,-0.045160770416259766,0.16092687845230103,1.1169694662094116,-0.8500008583068848,0.11103662848472595,0.20592617988586426,-3.366360902786255,-0.55109703540802,-0.08372899889945984,0.7130248546600342,-0.02007952891290188,-0.8722062706947327,0.4455055594444275,-0.23995442688465118,-0.08578761667013168,-2.450291872024536,0.5296645164489746,-2.2951016426086426,-0.3323100209236145,-0.57582688331604,0.5248364806175232,0.4000000059604645,0.05000000074505806,-0.3100000023841858,0.49000000953674316,-0.20999999344348907,0.0,-0.6353683471679688,-0.09707367420196533,0.4135620892047882,0.8195157051086426,-0.36063575744628906,0.0,3.7051076889038086,-3.6862127780914307,-5.071414947509766,-0.9140390157699585,2.4357972145080566,1.2502048015594482,7.166217803955078,0.9233032464981079,13.858147621154785,-2.180128812789917,-4.2366042137146,10.772096633911133,0.025095142424106598,0.02630755305290222,0.104676753282547,0.03180919587612152,-0.061309199780225754,-3.162566661834717,372.2914123535156,0.0,0.5,0.0,0.0,0.018175173550844193,0.0,0.02548505738377571,0.9860767722129822,0.0,0.0,0.0,0.0,1546.47314453125,0.0
1.3800000000000001,1.3000001907348633,0.951056145961555,-0.30901813414224377,1.0,0.0,1.0,0.0,-0.025999579578638077,0.1700819879770279,0.5579530000686646,-0.053639888763427734,0.1258358508348465,1.1189020872116089,-0.864199161529541,0.017703112214803696,0.18494471907615662,-3.6090121269226074,-1.0126434564590454,0.620118260383606,0.7482001781463623,-0.060562729835510254,-0.9295773506164551,0.4328038692474365,-0.2230840027332306,-0.08213622868061066,-2.3776841163635254,0.541312575340271,-2.147733211517334,-0.35248783230781555,-0.5496202707290649,0.7218751311302185,0.4000000059604645,0.05000000074505806,-0.3100000023841858,0.49000000953674316,-0.20999999344348907,0.0,-0.6261268854141235,-0.09522537887096405,0.40949583053588867,0.8065776824951172,-0.35472121834754944,0.0,3.6361680030822754,-4.27285099029541,-5.7265849113464355,-1.3469432592391968,1.4724221229553223,0.47106051445007324,7.500075340270996,1.5086679458618164,15.641064643859863,-1.5026780366897583,2.591292142868042,10.703336715698242,0.02541155368089676,0.03208277374505997,0.08881852775812149,0.9364935755729675,-0.08692128956317902,-3.452408790588379,364.50189208984375,0.0,0.5,0.0,0.0,0.03294992446899414,0.0,0.024168487638235092,0.46343305706977844,0.0,0.0,0.0,0.0,1578.7138671875,0.0
1.3900000000000001,1.3111112117767334,0.9271836176276476,-0.3746071798603281,1.0,0.0,1.0,0.0,-0.019732631742954254,0.16134782135486603,0.5584453344345093,-0.06852531433105469,0.09056612104177475,1.1290602684020996,-0.8731772899627686,-0.07056927680969238,0.1632138192653656,-3.394843578338623,-1.5973318815231323,1.4714267253875732,0.7787900567054749,-0.10029807686805725,-0.9933573603630066,0.41960030794143677,-0.21161694824695587,-0.07143864035606384,-2.32700252532959,0.5611221194267273,-1.97249174118042,-0.36356407403945923,-0.5028999447822571,0.9046545624732971,0.4000000059604645,0.05000000074505806,-0.3100000023841858,0.49000000953674316,-0.20999999344348907,0.0,-0.6149173378944397,-0.09298346936702728,0.4045636057853699,0.790884256362915,-0.3475470542907715,0.0,2.9277503490448,-3.978452682495117,-6.0573835372924805,-1.299067497253418,0.48028504848480225,1.3070348501205444,4.991586685180664,2.355384349822998,18.217958450317383,-0.5088234543800354,3.923149585723877,10.590514183044434,0.02605157345533371,0.04213474690914154,0.09540187567472458,1.7013567686080933,-0.11588210612535477,-3.1827290058135986,359.0692443847656,0.0,0.5,0.0,0.0,0.0521085187792778,0.0,0.02279551327228546,0.013165006414055824,0.0,0.0,0.0,0.0,1486.654541015625,0.0
1.4000000000000001,1.322222352027893,0.898793688766393,-0.43837187983913856,1.0,0.0,1.0,0.0,-0.013061443343758583,0.15362407267093658,0.5592743158340454,-0.08745098114013672,0.05800757557153702,1.1427361965179443,-0.8794653415679932,-0.1331702321767807,0.1758633255958557,-2.933619737625122,-1.8890254497528076,1.4883838891983032,0.8106077313423157,-0.1429685354232788,-1.0450694561004639,0.40766263008117676,-0.2304905503988266,-0.07714617252349854,-2.2553834915161133,0.5974159240722656,-1.7807577848434448,-0.3459099233150482,-0.39764633774757385,0.8043029308319092,0.4000000059604645,0.05000000074505806,-0.3100000023841858,0.49000000953674316,-0.20999999344348907,0.0,-0.6019575595855713,-0.09039151668548584,0.3988613188266754,0.7727406024932861,-0.3392528295516968,0.0,3.3968663215637207,-4.48701286315918,-4.220339298248291,-1.2462457418441772,-3.4213175773620605,-1.7883137464523315,7.786412715911865,4.2390360832214355,19.43979835510254,2.233391284942627,10.039127349853516,-9.043111801147461,0.027820520102977753,0.0561300590634346,-0.09701666980981827,2.165827989578247,-0.1283036172389984,-2.8733787536621094,326.33721923828125,0.0,0.5,0.0,0.0,0.061781272292137146,0.0,0.021465294063091278,0.011907665990293026,0.0,0.0,0.0,0.0,650.3781127929688,0.0
1.41,1.3333334922790527,0.8660249044413022,-0.5000008648866852,1.0,0.0,1.0,0.0,-0.006728086154907942,0.14633752405643463,0.5604768991470337,-0.10674381256103516,0.029034044593572617,1.155836820602417,-0.8815844655036926,-0.17587551474571228,0.19663460552692413,-2.55129337310791,-1.9947336912155151,1.3649652004241943,0.8386186361312866,-0.17335690557956696,-1.10024893283844,0.40719401836395264,-0.25302228331565857,-0.04766533896327019,-2.201083183288574,0.635601282119751,-1.6672476530075073,-0.3208816945552826,-0.2910945415496826,0.6200823187828064,0.4000000059604645,0.05000000074505806,-0.3100000023841858,0.49000000953674316,-0.20999999344348907,0.0,-0.587499737739563,-0.0874999463558197,0.3924998939037323,0.7524996399879456,-0.32999980449676514,0.0,1.7311241626739502,-2.276247978210449,-5.927496910095215,0.491379976272583,-2.6396052837371826,3.613837957382202,3.300931215286255,3.3448407649993896,8.064184188842773,2.4149277210235596,10.141363143920898,-10.633808135986328,0.02996475249528885,0.07019573450088501,0.21369358897209167,2.147839307785034,-0.2635769248008728,-1.0473016500473022,312.7536315917969,0.0,0.5,0.0,0.0,0.055156391113996506,0.0,0.020662903785705566,0.024082738906145096,0.0,0.0,0.0,0.0,1195.121337890625,0.0
1.42,1.3444445133209229,0.8290373305565868,-0.559193262248043,1.0,0.0,1.0,0.0,-0.0012427186593413353,0.1396993100643158,0.562021017074585,-0.12670660018920898,0.005866232328116894,1.1663105487823486,-0.8860045671463013,-0.21810391545295715,0.21272629499435425,-1.8860615491867065,-2.0038554668426514,0.858240008354187,0.8407117128372192,-0.1858203411102295,-1.1607121229171753,0.4192189574241638,-0.2811855673789978,0.004016754683107138,-2.188265562057495,0.6599214673042297,-1.6199913024902344,-0.2904604375362396,-0.1841106116771698,0.424288272857666,0.4000000059604645,0.05000000074505806,-0.3100000023841858,0.49000000953674316,-0.20999999344348907,0.0,-0.5718256235122681,-0.0843651294708252,0.38560327887535095,0.7305558919906616,-0.31996840238571167,0.0,-0.93198162317276,-0.7507885098457336,-5.556341648101807,1.5549951791763306,-3.055955410003662,6.034270286560059,0.33011502027511597,1.7374892234802246,2.540605306625366,3.094965934753418,10.111068725585938,-10.74231243133545,0.03141512721776962,0.08358234167098999,0.4527909457683563,2.1919302940368652,-0.3889976739883423,0.14961138367652893,282.2959899902344,0.0,0.5,0.0,0.0,0.0400061309337616,0.0,0.019503604620695114,0.22920195758342743,0.0,0.0,0.0,0.0,1188.561767578125,0.0
1.43,1.3555556535720825,0.7880103744477579,-0.6156619606266936,1.0,0.0,1.0,0.0,0.0029592905193567276,0.13338060677051544,0.5635186433792114,-0.14545345306396484,-0.010703086853027344,1.1733622550964355,-0.8786331415176392,-0.24139636754989624,0.193060964345932,-1.2813472747802734,-1.7806532382965088,0.553848147392273,0.819693386554718,-0.18913045525550842,-1.213384985923767,0.42810726165771484,-0.34994783997535706,-0.048736028373241425,-2.229031562805176,0.6680033206939697,-1.6104905605316162,-0.26471856236457825,-0.07365761697292328,0.229140043258667,0.4000000059604645,0.05000000074505806,-0.3100000023841858,0.49000000953674316,-0.20999999344348907,0.0,-0.5552401542663574,-0.08104802668094635,0.37830567359924316,0.7073361873626709,-0.30935367941856384,0.0,-2.8225138187408447,0.1190294399857521,-4.858852386474609,0.809861958026886,-6.575778484344482,-4.782678604125977,-4.448091983795166,0.32148998975753784,-1.4260460138320923,2.528902769088745,10.09896183013916,-10.732951164245605,0.0320797860622406,0.09517846256494522,0.9709498882293701,1.8999663591384888,-0.4126002788543701,0.8282670378684998,158.52854919433594,0.0,0.5,0.0,0.0,0.027525583282113075,0.0,0.019884731620550156,0.5414549112319946,0.0,0.0,0.0,0.0,1220.752685546875,0.0
1.44,1.3666669130325317,0.7431437896874963,-0.6691317567182912,1.0,0.0,1.0,0.0,0.005336787551641464,0.12701548635959625,0.5646997690200806,-0.1611928939819336,-0.019518375396728516,1.1750454902648926,-0.8788444995880127,-0.25617894530296326,0.17732550203800201,-0.4737609922885895,-1.4860416650772095,-0.11348704993724823,0.7798500061035156,-0.17934489250183105,-1.2630513906478882,0.44293412566185,-0.40570420026779175,-0.048798829317092896,-2.2773849964141846,0.6619205474853516,-1.66303551197052,-0.24502307176589966,0.042268939316272736,0.03530168905854225,0.4000000059604645,0.05000000074505806,-0.3100000023841858,0.49000000953674316,-0.20999999344348907,0.0,-0.5380656123161316,-0.07761311531066895,0.3707488775253296,0.6832918524742126,-0.29836195707321167,0.0,-4.720394134521484,1.3949849605560303,-4.182249069213867,1.529622197151184,-5.595364570617676,0.4433501958847046,-4.434413433074951,-0.9425841569900513,-7.215429782867432,2.035142421722412,10.124980926513672,-10.720622062683105,0.032540254294872284,0.10415566712617874,0.9163396954536438,1.4855152368545532,-0.40694543719291687,1.1869637966156006,152.73654174804688,0.0,0.5,0.0,0.0,0.019928477704524994,0.0,0.019571524113416672,0.9745703339576721,0.0,0.0,0.0,0.0,1563.3939208984375,0.0
1.45,1.3777779340744019,0.6946576640377365,-0.7193404825210626,1.0,0.0,1.0,0.0,0.006069248542189598,0.12100602686405182,0.5655178427696228,-0.1756911277770996,-0.020661354064941406,1.1715497970581055,-0.8750378489494324,-0.26263612508773804,0.14959198236465454,0.10219702869653702,-1.4289193153381348,-0.5363910794258118,0.7290039658546448,-0.16380612552165985,-1.2866920232772827,0.4556698203086853,-0.4088250994682312,0.008151575922966003,-2.3346288204193115,0.6543970704078674,-1.7587873935699463,-0.2245645970106125,0.16147254407405853,-0.1573600322008133,0.4000000059604645,0.05000000074505806,-0.3100000023841858,0.49000000953674316,-0.20999999344348907,0.0,-0.5206372141838074,-0.0741274431347847,0.36308038234710693,0.6588920950889587,-0.28720778226852417,0.0,-5.248132228851318,1.7574176788330078,-1.3496054410934448,1.1974093914031982,-1.2290124893188477,5.1945414543151855,-5.231170654296875,-0.6612698435783386,-11.208706855773926,2.09478759765625,10.165703773498535,-10.713922500610352,0.032147228717803955,0.11009465903043747,0.873794674873352,1.0269826650619507,-0.37062519788742065,1.1545521020889282,53.74785614013672,0.0,0.5,0.0,0.0,0.015043993480503559,0.0,0.01985272206366062,0.562462568283081,0.0,0.0,0.0,0.0,1606.96484375,0.0
1.46,1.3888890743255615,0.6427867171424603,-0.7660451920514996,1.0,0.0,0.0,0.0,0.005279567092657089,0.11548428982496262,0.5657406449317932,-0.18954038619995117,-0.014994144439697266,1.1634552478790283,-0.8785951733589172,-0.2519837021827698,0.09778241813182831,0.7289782166481018,-1.3818978071212769,-0.9864740371704102,0.6788280010223389,-0.1391574740409851,-1.2832320928573608,0.47446954250335693,-0.39123961329460144,0.015182694420218468,-2.394345998764038,0.6489867568016052,-1.9061121940612793,-0.2035868912935257,0.28230103850364685,-0.3484432101249695,0.4000000059604645,0.05000000074505806,-0.3100000023841858,0.49000000953674316,-0.20999999344348907,0.0,-0.5032937526702881,-0.07065874338150024,0.35544922947883606,0.634611189365387,-0.2761079668998718,0.0,-5.248841762542725,2.9134724140167236,1.0333211421966553,2.042405605316162,1.9126490354537964,2.31837797164917,-5.687143802642822,-0.5285232067108154,-15.984543800354004,2.074233055114746,10.211155891418457,-10.703818321228027,0.031227275729179382,0.11311372369527817,0.9046889543533325,0.6546159982681274,-0.4978316128253937,1.0165214538574219,0.0,0.0,0.5,0.0,0.0,0.011678830720484257,0.0,0.019682200625538826,0.14280688762664795,0.0,0.0,0.0,0.0,1825.473876953125,0.0
1.47,1.4000002145767212,0.5877841615547574,-0.8090177868411613,1.0,0.0,0.0,0.0,0.003180699422955513,0.11063311249017715,0.5653027892112732,-0.20350122451782227,-0.0034079551696777344,1.1528019905090332,-0.8837213516235352,-0.24821852147579193,0.0425296388566494,1.1714545488357544,-1.4147260189056396,-1.0892664194107056,0.6329947113990784,-0.1090911254286766,-1.2647888660430908,0.49508213996887207,-0.38873106241226196,0.05057777091860771,-2.4618873596191406,0.6472952961921692,-2.0742733478546143,-0.18909019231796265,0.4009919762611389,-0.5389565825462341,0.4000000059604645,0.05000000074505806,-0.3100000023841858,0.49000000953674316,-0.20999999344348907,0.0,-0.4863725006580353,-0.06727449595928192,0.34800389409065247,0.6109215021133423,-0.2652783989906311,0.0,-4.285765647888184,3.1320128440856934,1.9615087509155273,2.0144548416137695,-0.14032717049121857,2.6269125938415527,-6.630130290985107,0.0011384524405002594,-17.32726287841797,1.2033331394195557,10.230186462402344,-10.703788757324219,0.03054898977279663,0.11282218247652054,0.76844722032547,0.14440353214740753,-0.3142716884613037,0.6953583359718323,0.0,0.0,0.5,0.0,0.0,0.009046223014593124,0.0,0.01920481026172638,0.0932004451751709,0.0,0.0,0.0,0.0,1778.502685546875,0.0
1.48,1.4111112356185913,0.5299186008019895,-0.8480485107138988,1.0,0.0,1.0,0.0,0.0004289839416742325,0.10631519556045532,0.5642600059509277,-0.2179851531982422,0.011431248858571053,1.142937183380127,-0.8925389647483826,-0.2628484070301056,-0.013008026406168938,1.3890877962112427,-1.460363507270813,-0.8710806369781494,0.6014816164970398,-0.08334709703922272,-1.2413537502288818,0.5099656581878662,-0.3980189561843872,0.09101685136556625,-2.5312607288360596,0.6535167694091797,-2.2242963314056396,-0.17528994381427765,0.5011903643608093,-0.720178484916687,0.4000000059604645,0.05000000074505806,-0.3100000023841858,0.49000000953674316,-0.20999999344348907,0.0,-0.47020334005355835,-0.0640406683087349,0.34088945388793945,0.5882846713066101,-0.2549301087856293,0.0,-2.4602537155151367,2.3474831581115723,2.5882914066314697,1.2698081731796265,-2.028892993927002,3.5441107749938965,-6.974015235900879,0.7777592539787292,-14.777692794799805,1.1369134187698364,9.317988395690918,-10.596245765686035,0.03121957927942276,0.10954894870519638,0.45148077607154846,-0.22945603728294373,-0.00994802825152874,0.3184926211833954,17.416481018066406,0.0,0.5,0.0,0.0,0.006804442498832941,0.0,0.01801576465368271,0.2192455381155014,0.0,0.0,0.0,0.0,1112.5340576171875,0.0
1.49,1.422222375869751,0.4694707103916907,-0.8829480460844348,1.0,0.0,1.0,0.0,-0.0021321214735507965,0.10220666974782944,0.5627427697181702,-0.2333998680114746,0.026018066331744194,1.1351218223571777,-0.9075392484664917,-0.2784869372844696,-0.05019865185022354,1.1939715147018433,-1.5931280851364136,-0.6480223536491394,0.5838839411735535,-0.06889910250902176,-1.2106735706329346,0.516075849533081,-0.4042453169822693,0.12400973588228226,-2.60909366607666,0.6674754619598389,-2.348576068878174,-0.16679003834724426,0.45636874437332153,-0.868820309638977,0.4000000059604645,0.05000000074505806,-0.3100000023841858,0.49000000953674316,-0.20999999344348907,0.0,-0.4551007151603699,-0.0610201433300972,0.3342443108558655,0.5671409964561462,-0.2452644407749176,0.0,-1.2202703952789307,0.9357377290725708,3.8680717945098877,0.2837326228618622,-3.323390483856201,3.9777660369873047,-7.750083923339844,1.775550365447998,-12.183239936828613,0.297084778547287,-5.5598530769348145,-10.365787506103516,0.032532595098018646,0.10326532274484634,0.26297450065612793,-0.6006154417991638,0.09129878878593445,0.3516748547554016,35.777713775634766,0.0,0.5,0.0,0.0,0.004936120472848415,0.0,0.0162860956043005,0.43176841735839844,0.0,0.0,0.0,0.0,657.9208984375,0.0
1.5,1.4333335161209106,0.4067355938793362,-0.9135459247742411,1.0,0.0,1.0,0.0,-0.0034774038940668106,0.09767220914363861,0.5608504414558411,-0.24985837936401367,0.0356520377099514,1.1298258304595947,-0.9355648756027222,-0.3034937381744385,-0.07022570818662643,0.5012392997741699,-1.684694528579712,-0.312764436006546,0.5869019031524658,-0.07339122146368027,-1.1701886653900146,0.5175806283950806,-0.4132414162158966,0.15124216675758362,-2.6603403091430664,0.6902850270271301,-2.398578405380249,-0.1723531037569046,0.34407922625541687,-0.7477410435676575,0.4000000059604645,0.05000000074505806,-0.3100000023841858,0.49000000953674316,-0.20999999344348907,0.0,-0.44135841727256775,-0.058271683752536774,0.3281976878643036,0.5479017496109009,-0.23646937310695648,0.0,1.494067668914795,-1.486149787902832,4.281212329864502,0.12663498520851135,-0.6546010971069336,0.42119598388671875,-3.7847843170166016,3.238632917404175,-3.51997971534729,-0.6341268420219421,-10.105961799621582,10.161245346069336,0.03449258208274841,0.09212308377027512,-0.35415804386138916,-1.0666372776031494,0.12911991775035858,0.2383284717798233,164.7041015625,0.0,0.5,0.0,0.0,0.0035079950466752052,0.0,0.013488604687154293,0.8223056197166443,0.0,0.0,0.0,0.0,642.9869384765625,0.0
1.51,1.4444445371627808,0.3420195958921813,-0.9396928200352225,1.0,0.0,1.0,0.0,-0.0025995001196861267,0.09170501679182053,0.5584924817085266,-0.2656264305114746,0.03586027771234512,1.1273878812789917,-0.9588116407394409,-0.3488022983074188,-0.09807884693145752,-0.5054541230201721,-1.5833418369293213,0.07690136134624481,0.6178769469261169,-0.10184376686811447,-1.1327359676361084,0.5094601511955261,-0.4367213249206543,0.14888174831867218,-2.6244404315948486,0.7147728800773621,-2.3724899291992188,-0.19206085801124573,0.21454265713691711,-0.559116542339325,0.4000000059604645,0.05000000074505806,-0.3100000023841858,0.49000000953674316,-0.20999999344348907,0.0,-0.4292442798614502,-0.0558488555252552,0.3228674829006195,0.5309419631958008,-0.22871632874011993,0.0,3.41728138923645,-3.1918187141418457,3.1570682525634766,-1.2058991193771362,-5.324841499328613,4.653225421905518,3.2402310371398926,2.0134687423706055,6.215691089630127,-2.272261619567871,-10.27403450012207,10.6715087890625,0.03720293194055557,0.0787043422460556,-0.1409471333026886,-0.9007869958877563,0.3636859655380249,0.09230291843414307,137.3297576904297,0.0,0.5,0.0,0.0,0.0025768126361072063,0.0,0.011113563552498817,0.9882420301437378,0.0,0.0,0.0,0.0,1960.9298095703125,0.0
1.52,1.4555556774139404,0.2756366198184286,-0.9612619069822081,1.0,0.0,1.0,0.0,0.0009386446326971054,0.08449814468622208,0.5556640028953552,-0.2819347381591797,0.024707116186618805,1.1328333616256714,-0.9927839636802673,-0.4246658384799957,-0.10376863926649094,-1.304557204246521,-1.736689567565918,0.8330082893371582,0.6407803297042847,-0.12738226354122162,-1.1431398391723633,0.4966695308685303,-0.43717876076698303,0.1513674557209015,-2.597750425338745,0.7210670113563538,-2.272887945175171,-0.21282859146595,0.08510652929544449,-0.3721888065338135,0.4000000059604645,0.05000000074505806,-0.3100000023841858,0.49000000953674316,-0.20999999344348907,0.0,-0.41899392008781433,-0.05379877984523773,0.31835731863975525,0.516591489315033,-0.2221560925245285,0.0,0.25055745244026184,-0.9397536516189575,-8.049546241760254,1.2506184577941895,19.76112937927246,-4.654116630554199,0.803222119808197,-0.2061612755060196,7.856889247894287,-1.2009565830230713,-10.241060256958008,10.773218154907227,0.03849739581346512,0.07504333555698395,-0.37611517310142517,0.8020831346511841,-0.13953897356987,-0.3384351134300232,889.0792846679688,0.0,0.5,0.0,0.0,0.0019243063870817423,0.0,0.00808705948293209,0.24962249398231506,0.0,0.0,0.0,0.0,3059.251220703125,0.0
1.53,1.4666668176651,0.20791076279901613,-0.9781477979898189,1.0,0.0,1.0,0.0,0.00747213140130043,0.0767458975315094,0.5533620715141296,-0.3027210235595703,0.005660599563270807,1.1423702239990234,-1.0307053327560425,-0.5626744031906128,-0.05839001014828682,-1.8962469100952148,-2.3000807762145996,1.09913170337677,0.6409773826599121,-0.14367623627185822,-1.1815012693405151,0.4929177463054657,-0.425510972738266,0.20406921207904816,-2.587271213531494,0.7173689007759094,-2.2101662158966064,-0.22205223143100739,-0.03202996775507927,-0.186101496219635,0.4000000059604645,0.05000000074505806,-0.3100000023841858,0.49000000953674316,-0.20999999344348907,0.0,-0.41080671548843384,-0.05216133967041969,0.3147549629211426,0.5051293969154358,-0.2169162780046463,0.0,-0.07104702293872833,-1.2001821994781494,-8.181684494018555,0.7457418441772461,17.474475860595703,0.9956350326538086,0.8877271413803101,-0.2667578458786011,7.133477687835693,-0.9404750466346741,-10.164161682128906,10.756204605102539,0.03829869627952576,0.08275719732046127,0.2891896665096283,1.5219855308532715,0.053915876895189285,-0.36479684710502625,811.8262329101562,0.0,0.5,0.0,0.0,0.0013233072822913527,0.0,0.004896069411188364,0.08926185220479965,0.0,0.0,0.0,0.0,2615.29638671875,0.0
1.54,1.4777778387069702,0.139172721856318,-0.9902681220210533,1.0,0.0,1.0,0.0,0.017330050468444824,0.06896021217107773,0.5518941283226013,-0.33016443252563477,-0.020585060119628906,1.1553373336791992,-1.0670069456100464,-0.7057269811630249,-0.053730957210063934,-2.5034728050231934,-3.097923994064331,1.4348623752593994,0.6432690024375916,-0.17349599301815033,-1.2203121185302734,0.47822704911231995,-0.4388485848903656,0.2327418178319931,-2.5778093338012695,0.7140679955482483,-2.1062097549438477,-0.23644870519638062,-0.14698514342308044,0.003660954302176833,0.4000000059604645,0.05000000074505806,-0.3100000023841858,0.49000000953674316,-0.20999999344348907,0.0,-0.40484222769737244,-0.05096844583749771,0.31213057041168213,0.4967791438102722,-0.21309901773929596,0.0,1.1059449911117554,-4.68687629699707,-4.978108882904053,-2.1456804275512695,4.920767784118652,-3.7492570877075195,0.9914480447769165,-0.12875521183013916,19.18092918395996,-2.3585703372955322,-10.16169548034668,10.728602409362793,0.03895803540945053,0.09394007176160812,0.5577442049980164,1.5665092468261719,0.2572178244590759,-0.9193065762519836,366.07666015625,0.0,0.5,0.0,0.0,0.0007854372961446643,0.0,0.0027200020849704742,0.016282571479678154,0.0,0.0,0.0,0.0,2503.225830078125,0.0
1.55,1.4888890981674194,0.06975516201139513,-0.9975641419842455,1.0,1.0,1.0,0.0,0.03004341758787632,0.06160205602645874,0.550938069820404,-0.3641223907470703,-0.054139137268066406,1.1758062839508057,-1.1167184114456177,-0.813464343547821,-0.10880298167467117,-2.78391695022583,-3.7266478538513184,2.15594482421875,0.6669541001319885,-0.2363268882036209,-1.2465174198150635,0.4413720667362213,-0.4839736521244049,0.1986599713563919,-2.531899929046631,0.7154453992843628,-1.8777271509170532,-0.2587503492832184,-0.26095157861709595,0.19646207988262177,0.4000000059604645,0.05000000074505806,-0.3100000023841858,0.49000000953674316,-0.20999999344348907,0.0,-0.4000000059604645,-0.05000000074505806,0.3100000023841858,0.49000000953674316,-0.20999999344348907,0.0,3.305164098739624,-6.431717872619629,-4.01950740814209,-3.4177515506744385,3.24520206451416,-6.822397232055664,5.641669750213623,0.6906983256340027,24.616239547729492,-1.9001647233963013,-10.186809539794922,10.92370319366455,0.04133488982915878,0.1049167737364769,0.4449872672557831,2.023383378982544,0.30083125829696655,-1.8445943593978882,357.3546142578125,0.0,0.5,0.0,0.0,0.00037643866380676627,0.0,0.00142867851536721,9.177267202176154e-05,0.0,0.0,0.0,0.0,2829.698486328125,0.0
1.56,0.5,1.2246467991473532e-16,-1.0,1.0,1.0,1.0,0.0,0.0,0.0,0.699999988079071,0.0,0.0,0.0,0.0,0.0,0.0,0.0,0.0,0.0,0.3843509554862976,0.12199424207210541,-0.2377176284790039,0.5573265552520752,-0.12929153442382812,-0.09943284839391708,-0.48967835307121277,-0.09217117726802826,0.2971012592315674,0.5235977172851562,-0.26569005846977234,-0.09249531477689743,0.4000000059604645,0.05000000074505806,-0.3100000023841858,0.49000000953674316,-0.20999999344348907,0.0,-0.4000000059604645,-0.05000000074505806,0.3100000023841858,0.49000000953674316,-0.20999999344348907,0.0,0.0,0.0,0.0,0.0,0.0,0.0,0.0,0.0,0.0,0.0,0.0,0.0,0.04412058740854263,0.12194398790597916,1.0393108129501343,2.993069887161255,0.41124799847602844,-1.497907280921936,306.69000244140625,0.0,-0.14836637675762177,0.3919993042945862,0.13378465175628662,0.00016276091628242284,0.0,0.0006989435059949756,3.2158388307834684e-07,0.0,0.0,0.0,0.0,2585.900390625,0.0
1.57,0.5111111402511597,-0.06975665639044526,-0.9975640374879325,1.0,1.0,0.0,0.0,6.407196633517742e-05,-2.4810899049043655e-05,0.699506402015686,-0.000171661376953125,-0.00014066696166992188,0.00016142812091857195,0.0022621527314186096,0.0006214772583916783,-0.09267301112413406,-0.027880536392331123,-0.018344763666391373,0.02809150516986847,0.3820801377296448,0.12205775082111359,-0.23897558450698853,0.5543081760406494,-0.1579418182373047,-0.06140400469303131,-0.48745712637901306,-0.09155945479869843,0.2973405122756958,0.519944429397583,-0.24501405656337738,-0.059964995831251144,0.4000000059604645,0.05000000074505806,-0.3100000023841858,0.49000000953674316,-0.20999999344348907,0.0,-0.4000000059604645,-0.05000000074505806,0.3100000023841858,0.49000000953674316,-0.20999999344348907,0.0,-0.2630682587623596,-0.022151006385684013,-0.35869544744491577,-0.456560343503952,-2.9245896339416504,2.987220525741577,0.2666288912296295,0.03497891128063202,-0.009150943718850613,-0.3469327390193939,1.8668999671936035,2.3787760734558105,0.09557221084833145,0.09279384464025497,0.12245190888643265,-0.02108238823711872,0.1225752905011177,0.027902694419026375,0.0,0.0,0.5,0.0,0.0,0.8110174536705017,0.0,0.6092743277549744,0.9984229803085327,0.0,0.0,0.0,0.0,3.3031773567199707,0.0
1.58,0.5222222208976746,-0.13917309271867956,-0.9902680698998213,0.0,1.0,0.0,0.0,0.000128535320982337,-0.00013247830793261528,0.6980413198471069,-0.0003275871276855469,-0.00054168701171875,0.000555696664378047,0.002075802069157362,-0.0007009155233390629,-0.19072633981704712,-0.048848722130060196,-0.015307736583054066,0.050289086997509,0.3800460696220398,0.12132801115512848,-0.2433127760887146,0.5494208335876465,-0.17979365587234497,-0.039262741804122925,-0.4844385087490082,-0.09149588644504547,0.2974236011505127,0.5168356895446777,-0.23186390101909637,-0.04275677725672722,0.3652067184448242,0.04304134473204613,-0.29469096660614014,0.44128942489624023,-0.1877322942018509,0.0,-0.4000000059604645,-0.05000000074505806,0.3100000023841858,0.49000000953674316,-0.20999999344348907,0.0,-0.14976394176483154,-0.11536656320095062,-0.452894926071167,-0.4912494122982025,-1.621273398399353,1.678767204284668,0.33446428179740906,0.0017228320939466357,-0.01607559621334076,-0.2976531982421875,0.9341316819190979,1.2584153413772583,0.09362409263849258,0.09115929156541824,0.1324094831943512,-0.03619843348860741,0.12975412607192993,4.7362776967929676e-05,0.0,0.0,0.5,0.0,0.0,0.8597752451896667,0.0,0.609048068523407,0.9949547648429871,0.0,0.0,0.0,0.0,1.9253512620925903,0.0
1.59,0.5333333611488342,-0.2079118617685598,-0.9781475643970758,0.0,1.0,0.0,0.0,0.00018685264512896538,-0.0002907912712544203,0.6955947875976562,-0.0004677772521972656,-0.0010929107666015625,0.001147434115409851,0.0016871810657903552,-0.0014249682426452637,-0.2890222668647766,-0.060173895210027695,-0.014258087612688541,0.06802748143672943,0.379216730594635,0.11971871554851532,-0.24772518873214722,0.5447182655334473,-0.19110101461410522,-0.027020977810025215,-0.4808642566204071,-0.0915389209985733,0.2975120544433594,0.5140984058380127,-0.22558121383190155,-0.03358757123351097,0.3480220139026642,0.03960439935326576,-0.287129670381546,0.4172308146953583,-0.1767340749502182,0.0,-0.4000000059604645,-0.05000000074505806,0.3100000023841858,0.49000000953674316,-0.20999999344348907,0.0,-0.034748323261737823,-0.19423054158687592,-0.427551805973053,-0.4524717628955841,-0.8053489327430725,0.9200777411460876,0.37826859951019287,0.0015742529649287462,-0.004924533423036337,-0.26335030794143677,0.43929776549339294,0.6486364603042603,0.09065916389226913,0.08856796473264694,0.13443049788475037,-0.05208615958690643,0.13319048285484314,-0.025944022461771965,0.0,0.0,0.5,0.0,0.0,0.8596551418304443,0.0,0.6085748076438904,0.9907872080802917,0.0,0.0,0.0,0.0,1.2161462306976318,0.0
1.6,0.5444444417953491,-0.275637339817032,-0.9612617005262356,0.0,1.0,0.0,0.0,0.0002492705825716257,-0.0004783463664352894,0.6921674013137817,-0.0006308555603027344,-0.0017290115356445312,0.0018847481114789844,0.0013593966141343117,-0.0016297722468152642,-0.38698309659957886,-0.06623002141714096,-0.02243855968117714,0.07878803461790085,0.3791942000389099,0.1174313873052597,-0.25177130103111267,0.540276050567627,-0.19667279720306396,-0.020324120298027992,-0.4768831431865692,-0.09150911867618561,0.2976607084274292,0.5116777420043945,-0.22264675796031952,-0.028836164623498917,0.33109062910079956,0.03621812164783478,-0.2796798646450043,0.3935268819332123,-0.16589799523353577,0.0,-0.4000000059604645,-0.05000000074505806,0.3100000023841858,0.49000000953674316,-0.20999999344348907,0.0,-0.0011423707474023104,-0.2537631392478943,-0.38336923718452454,-0.45081987977027893,-0.4037681818008423,0.5038039684295654,0.4234180748462677,0.013502870686352253,-0.0036583354230970144,-0.23208042979240417,0.20449012517929077,0.3250124752521515,0.08670767396688461,0.08501084893941879,0.13567541539669037,-0.06854984909296036,0.13836467266082764,-0.04446954280138016,0.0,0.0,0.5,0.0,0.0,0.8581857681274414,0.0,0.6081764698028564,0.9876616597175598,0.0,0.0,0.0,0.0,0.8920446038246155,0.0
1.61,0.5555555820465088,-0.3420202997352155,-0.9396925638574744,0.0,1.0,0.0,0.0,0.0010481112403795123,-0.0003176257014274597,0.6882820129394531,-0.0028982162475585938,-0.0022978782653808594,0.0028958276379853487,0.027920115739107132,0.04384706914424896,-0.4264809489250183,-0.034762877970933914,-0.1602037400007248,-0.14189936220645905,0.3634186089038849,0.1017431691288948,-0.2526405155658722,0.5250040292739868,-0.09164373576641083,-0.17666618525981903,-0.46090084314346313,-0.04996487498283386,0.15401478111743927,0.44627127051353455,-0.11887448281049728,0.16935476660728455,0.31449490785598755,0.032898981124162674,-0.27237775921821594,0.37029287219047546,-0.15527673065662384,0.0,-0.4000000059604645,-0.05000000074505806,0.3100000023841858,0.49000000953674316,-0.20999999344348907,0.0,-1.8481193780899048,-2.1625847816467285,0.4480447769165039,-1.1845961809158325,10.003914833068848,-10.408132553100586,0.29403185844421387,4.68011474609375,-17.60881805419922,-6.330468654632568,9.934110641479492,10.773752212524414,0.0812189057469368,0.07788699120283127,-0.7087010741233826,1.646543025970459,0.7754520773887634,0.07331214100122452,0.0,0.0,0.5,0.0,0.0,0.9449840784072876,0.0,0.6379062533378601,0.9605292677879333,0.0,0.0,0.0,0.0,2451.046875,0.0
1.62,0.5666666626930237,-0.40673662026718693,-0.9135454677976493,0.0,1.0,0.0,0.0,4.790467210114002e-05,0.0015750902239233255,0.6830114126205444,0.001951772253960371,0.0023665891494601965,-0.0002875328063964844,0.03562718257308006,0.08012941479682922,-0.5914843678474426,0.8088012933731079,0.8064872026443481,-0.49528831243515015,0.3632732033729553,0.08610772341489792,-0.2386724203824997,0.5349140763282776,-0.0226640235632658,-0.053535595536231995,-0.5172383785247803,0.01806315779685974,-0.07695068418979645,0.4296874403953552,-0.006765584461390972,0.04237865284085274,0.2983158230781555,0.029663164168596268,-0.2652589678764343,0.3476421535015106,-0.14492210745811462,0.0,-0.4000000059604645,-0.05000000074505806,0.3100000023841858,0.49000000953674316,-0.20999999344348907,0.0,0.155020073056221,-1.6791709661483765,1.6217700242996216,1.1485400199890137,5.8739423751831055,10.151498794555664,-8.031702041625977,8.005986213684082,-23.645803451538086,-1.0250614881515503,10.11276626586914,-10.191191673278809,0.07698727399110794,0.0731353685259819,-1.2607471942901611,2.4125399589538574,1.5963459014892578,-0.9616124629974365,0.0,0.0,0.5,0.0,0.0,0.9640854597091675,0.0,0.6413848400115967,0.612246036529541,0.0,0.0,0.0,0.0,2733.50048828125,0.0
1.6300000000000001,0.5777778029441833,-0.4694717024021403,-0.882947518623636,0.0,1.0,0.0,0.0,-0.000542033463716507,0.004385720938444138,0.6765698790550232,0.006084020249545574,0.01025742944329977,-0.008453845977783203,0.06082446873188019,0.06341718137264252,-0.6984017491340637,0.7439436912536621,0.08973043411970139,-1.0120091438293457,0.3299579620361328,0.05753191560506821,-0.24729463458061218,0.5237378478050232,-0.033337999135255814,-0.15860553085803986,-0.5987960696220398,0.09832306206226349,-0.3052355945110321,0.42615368962287903,0.10495350509881973,-0.05216211825609207,0.28263208270072937,0.02652641385793686,-0.2583581209182739,0.32568490505218506,-0.1348845213651657,0.0,-0.4000000059604645,-0.05000000074505806,0.3100000023841858,0.49000000953674316,-0.20999999344348907,0.0,-5.301723003387451,-3.816528797149658,-1.3505476713180542,-1.6585326194763184,-2.84763503074646,-10.02311897277832,-8.02504825592041,8.004034996032715,-22.131135940551758,-0.17606306076049805,10.097577095031738,-7.750442028045654,0.07094065099954605,0.06987801194190979,-1.8080397844314575,2.9265942573547363,2.7469289302825928,-1.612777829170227,0.0,0.0,0.5,0.0,0.0,0.7530670166015625,0.0,0.674493134021759,0.12895070016384125,0.0,0.0,0.0,0.0,2422.826171875,0.0
1.6400000000000001,0.5888888835906982,-0.529919236002096,-0.84804811379718,0.0,1.0,0.0,0.0,-0.00026380689814686775,0.008554763160645962,0.668786883354187,0.007560734637081623,0.022797830402851105,-0.014345169067382812,0.07757861912250519,0.08892993628978729,-0.8414753675460815,1.7061172723770142,0.11692962050437927,-0.3323972523212433,0.28602302074432373,0.05087689310312271,-0.32522013783454895,0.5253444314002991,-0.1372019201517105,-0.26358136534690857,-0.6803654432296753,0.17535322904586792,-0.47249916195869446,0.42789292335510254,0.04670626297593117,-0.20034314692020416,0.2675201892852783,0.023504037410020828,-0.25170889496803284,0.30452826619148254,-0.1252129077911377,0.0,-0.4000000059604645,-0.05000000074505806,0.3100000023841858,0.49000000953674316,-0.20999999344348907,0.0,-4.385636329650879,0.858822226524353,-8.714768409729004,0.010076770558953285,-10.02473258972168,-10.015088081359863,-8.00971794128418,7.862809658050537,-14.512885093688965,-0.092869333922863,-7.0499773025512695,-10.344673156738281,0.06653459370136261,0.06654610484838486,-1.1786136627197266,2.237344980239868,2.439199686050415,-2.0898072719573975,0.0,0.0,0.5,0.0,0.0,0.5394303202629089,0.0,0.6888741254806519,0.801736056804657,0.0,0.0,0.0,0.0,1496.23388671875,0.0
1.6500000000000001,0.6000000238418579,-0.5877853734854867,-0.8090169063230552,0.0,1.0,0.0,0.0,0.0007820497266948223,0.015565594658255577,0.6598610281944275,0.007013338152319193,0.045170675963163376,-0.017996788024902344,0.09330906718969345,0.09594563394784927,-0.965070903301239,2.6251699924468994,-0.22879305481910706,-0.31024396419525146,0.2307925671339035,0.07630355656147003,-0.40201401710510254,0.5165755748748779,-0.19688329100608826,-0.1562386304140091,-0.7621772885322571,0.24726220965385437,-0.5758943557739258,0.4218638241291046,0.00454574404284358,-0.34304729104042053,0.25305360555648804,0.02061072364449501,-0.24534359574317932,0.2842750549316406,-0.11595430970191956,0.0,-0.4000000059604645,-0.05000000074505806,0.3100000023841858,0.49000000953674316,-0.20999999344348907,0.0,-5.945382595062256,3.5859951972961426,-7.836322784423828,-0.9196850061416626,-4.329919338226318,10.038225173950195,-8.013030052185059,7.061717510223389,-9.21385383605957,-0.8326290249824524,-3.105570077896118,-10.302136421203613,0.061945199966430664,0.06118570268154144,-0.8540093898773193,1.674446940422058,2.1690399646759033,-1.5968953371047974,0.0,0.0,0.5,0.0,0.0,0.36159443855285645,0.0,0.7052477598190308,0.8248921632766724,0.0,0.0,0.0,0.0,1289.02734375,0.0
1.6600000000000001,0.6111111044883728,-0.64278757780998,-0.7660444698665863,0.0,1.0,0.0,0.0,0.002682229271158576,0.024016300216317177,0.6498683094978333,0.0032809146214276552,0.07243411242961884,-0.016144752502441406,0.08830133080482483,0.0715196430683136,-1.0834139585494995,2.8010854721069336,-0.4651605188846588,0.5727881193161011,0.18494492769241333,0.11846762150526047,-0.4963899254798889,0.5237166881561279,-0.30722883343696594,-0.14209134876728058,-0.8462134003639221,0.3224388360977173,-0.6266568899154663,0.43468379974365234,-0.09921271353960037,-0.3163796365261078,0.2393031120300293,0.017860621213912964,-0.23929336667060852,0.2650243639945984,-0.107153981924057,0.0,-0.4000000059604645,-0.05000000074505806,0.3100000023841858,0.49000000953674316,-0.20999999344348907,0.0,-4.110464096069336,4.415110111236572,-9.183040618896484,0.6509928703308105,-10.0723876953125,0.9193841814994812,-8.029119491577148,7.857572078704834,-4.714597225189209,1.5094572305679321,-10.002883911132812,1.4330129623413086,0.05795575678348541,0.05330321192741394,-0.26047006249427795,0.8432934284210205,1.7410696744918823,-1.1719647645950317,0.0,0.0,0.5,0.0,0.0,0.24788179993629456,0.0,0.7052367925643921,0.5188333988189697,0.0,0.0,0.0,0.0,1210.12060546875,0.0
1.67,0.6222222447395325,-0.6946584722314966,-0.7193397020580772,0.0,1.0,0.0,0.0,0.005561097525060177,0.03292950615286827,0.6390445232391357,-0.004421234130859375,0.1017666831612587,-0.011321067810058594,0.08602462708950043,0.01993485353887081,-1.1931371688842773,2.967107057571411,-0.8844467401504517,0.6533496379852295,0.13928769528865814,0.14964264631271362,-0.520689845085144,0.5153982043266296,-0.4120927155017853,-0.13992680609226227,-0.9293264150619507,0.4025872051715851,-0.6808758974075317,0.4446699619293213,-0.04294219985604286,-0.43057942390441895,0.22633536159992218,0.01526707038283348,-0.23358756303787231,0.2468695044517517,-0.09885462373495102,0.0,-0.4000000059604645,-0.05000000074505806,0.3100000023841858,0.49000000953674316,-0.20999999344348907,0.0,-4.420019149780273,2.8086836338043213,-0.6839063167572021,-0.8384141325950623,-10.030725479125977,-1.029297947883606,-8.021801948547363,8.006781578063965,-5.582187652587891,0.8854554295539856,7.067222595214844,-10.095582008361816,0.05203863978385925,0.04424241930246353,-0.3031981587409973,0.5216182470321655,1.1885632276535034,-0.7203468084335327,0.0,0.0,0.5,0.0,0.0,0.17480215430259705,0.0,0.7092508673667908,0.42582300305366516,0.0,0.0,0.0,0.0,801.229248046875,0.0
1.68,0.6333333253860474,-0.7431447920648445,-0.6691306434672524,0.0,1.0,0.0,0.0,0.008581532165408134,0.041722409427165985,0.6273048520088196,-0.013517379760742188,0.13070067763328552,-0.00047016143798828125,0.08199836313724518,-0.035325609147548676,-1.3033403158187866,2.850534677505493,-0.7290809750556946,1.5809478759765625,0.11237689852714539,0.17531466484069824,-0.5361893177032471,0.5164194703102112,-0.5131896138191223,-0.03763679042458534,-1.0130075216293335,0.481889545917511,-0.7299020290374756,0.4620300829410553,-0.06939233839511871,-0.5527427792549133,0.2142137736082077,0.012842752039432526,-0.2282540500164032,0.22989928722381592,-0.09109681099653244,0.0,-0.4000000059604645,-0.05000000074505806,0.3100000023841858,0.49000000953674316,-0.20999999344348907,0.0,-1.7494040727615356,2.049262762069702,-1.821678638458252,0.04997076839208603,-9.983795166015625,9.991500854492188,-8.03368091583252,7.859135627746582,-4.90878963470459,1.6545913219451904,-3.357844114303589,-10.151130676269531,0.045461349189281464,0.03366084396839142,0.38243067264556885,0.26609206199645996,1.740214228630066,-0.34769439697265625,0.0,0.0,0.5,0.0,0.0,0.13380752503871918,0.0,0.7033177018165588,0.006746090017259121,0.0,0.0,0.0,0.0,846.7581787109375,0.0
1.69,0.644444465637207,-0.7880108355869995,-0.6156613703956738,0.0,1.0,0.0,0.0,0.012083960697054863,0.05021851882338524,0.6147667765617371,-0.02564382553100586,0.15856383740901947,0.015110872685909271,0.06872422248125076,-0.09356389939785004,-1.3974478244781494,2.7346606254577637,-1.1171090602874756,1.8096072673797607,0.08932193368673325,0.19127695262432098,-0.5531958937644958,0.5071029663085938,-0.5829678177833557,-0.09303152561187744,-1.09844970703125,0.5622251629829407,-0.7589882612228394,0.4811713695526123,0.025698592886328697,-0.6604034304618835,0.20299725234508514,0.010599449276924133,-0.22331878542900085,0.21419614553451538,-0.08391822874546051,0.0,-0.4000000059604645,-0.05000000074505806,0.3100000023841858,0.49000000953674316,-0.20999999344348907,0.0,-2.4360151290893555,1.436080813407898,-1.4325993061065674,-1.0120681524276733,-5.407403945922852,-4.534172534942627,-8.0443754196167,8.003510475158691,-2.869502544403076,2.011904239654541,10.014633178710938,-10.052397727966309,0.03686235100030899,0.021156221628189087,0.33696240186691284,0.05266505107283592,1.4735279083251953,0.2526768147945404,0.0,0.0,0.5,0.0,0.0,0.11750687658786774,0.0,0.6773914098739624,0.0014310355763882399,0.0,0.0,0.0,0.0,560.7542114257812,0.0
1.7,0.6555556058883667,-0.829037749399968,-0.5591926412872722,0.0,1.0,0.0,1.0,0.015432696789503098,0.05861520767211914,0.6024234294891357,-0.03912067413330078,0.18361131846904755,0.034848958253860474,0.04786066710948944,0.09111025184392929,-1.2166882753372192,2.534905195236206,-1.0235823392868042,2.7444934844970703,0.0799502357840538,0.19793616235256195,-0.5638502836227417,0.4985494017601013,-0.5619972944259644,-0.10900738835334778,-1.163917899131775,0.6085168123245239,-0.734565258026123,0.48830536007881165,-0.0047478703781962395,-0.4876679480075836,0.1927405446767807,0.008548106998205185,-0.21880584955215454,0.19983676075935364,-0.07735393941402435,0.0,-0.4000000059604645,-0.05000000074505806,0.3100000023841858,0.49000000953674316,-0.20999999344348907,0.0,-0.33767837285995483,0.14861896634101868,-0.684640109539032,-0.7799985408782959,2.5678277015686035,-0.6933936476707458,-3.5378546714782715,3.240177631378174,3.1126585006713867,-1.4830832481384277,-2.9075822830200195,35.11647033691406,0.027782827615737915,0.006153549998998642,0.6616084575653076,1.3282477855682373,2.0851151943206787,0.9435306191444397,0.0,2738.38623046875,0.5,0.0,0.0,0.13864712417125702,0.0,0.6534677743911743,2.867975297249359e-07,0.0,0.0,0.0,0.0,919.218994140625,0.0
1.71,0.6666666865348816,-0.8660254662022696,-0.49999989188912974,0.0,1.0,0.0,1.0,0.01913783699274063,0.06970374286174774,0.5957360863685608,-0.0582118034362793,0.2046382874250412,0.06420472264289856,0.02926795557141304,0.7744807004928589,-0.3221932053565979,1.297566533088684,-1.5748709440231323,3.7601795196533203,0.07488647848367691,0.19239912927150726,-0.55515456199646,0.481006383895874,-0.47383323311805725,-0.1629101037979126,-1.221913456916809,0.6429028511047363,-0.6665291786193848,0.47587135434150696,-0.05030268803238869,-0.336344450712204,0.18349364399909973,0.006698727607727051,-0.214737206697464,0.186891108751297,-0.07143592834472656,0.0,-0.4000000059604645,-0.05000000074505806,0.3100000023841858,0.49000000953674316,-0.20999999344348907,0.0,-0.6427252292633057,-1.3067508935928345,1.2305513620376587,-2.3159139156341553,10.076287269592285,-5.481791973114014,-9.751958847045898,6.354142189025879,10.779927253723145,-0.5806710720062256,-1.2963842153549194,9.01860237121582,0.022925138473510742,-0.004190310835838318,0.8465816974639893,-0.04126647859811783,1.8449015617370605,-0.0383538082242012,0.0,4448.94482421875,0.5,0.0,0.0,0.1899333894252777,0.0,0.19343417882919312,5.236772929358147e-13,0.0,0.0,0.0,0.0,806.9459838867188,0.0
1.72,0.6777777671813965,-0.8987940171128403,-0.4383712066299096,0.0,1.0,0.0,1.0,0.02190304920077324,0.08020893484354019,0.5980759859085083,-0.07948923110961914,0.20465688407421112,0.10110853612422943,0.016643155366182327,1.124732494354248,0.19445228576660156,-0.5033031105995178,-0.9761688113212585,4.191775798797607,0.07958824932575226,0.16076801717281342,-0.5192914605140686,0.4488171935081482,-0.3828072249889374,-0.27325502038002014,-1.2591981887817383,0.7101132869720459,-0.6537044048309326,0.4765690267086029,0.0083328727632761,-0.28867295384407043,0.1753014773130417,0.0050602927803993225,-0.21113264560699463,0.1754220724105835,-0.06619293987751007,0.0,-0.4000000059604645,-0.05000000074505806,0.3100000023841858,0.49000000953674316,-0.20999999344348907,0.0,1.8146029710769653,-4.282871246337891,4.185644626617432,-3.186432361602783,7.762253761291504,-10.092180252075195,-3.024761915206909,5.949090003967285,0.2272394299507141,0.7232874631881714,3.4206583499908447,-2.4857983589172363,0.02265259623527527,-0.0012800805270671844,1.237926721572876,-0.06530188024044037,1.520777940750122,-0.11154283583164215,0.0,1271.832763671875,0.5,0.0,0.0,0.17890919744968414,0.0,0.04992096498608589,5.470629523082087e-16,0.0,0.0,0.0,0.0,490.79901123046875,0.0
1.73,0.6888889074325562,-0.9271838982134304,-0.3746064853866613,0.0,1.0,0.0,1.0,0.023443957790732384,0.0903908908367157,0.6021938323974609,-0.09684133529663086,0.19827066361904144,0.14048123359680176,0.10227663815021515,1.1311784982681274,0.15615080296993256,-0.1019265204668045,-0.9173582792282104,4.247899532318115,0.08169273287057877,0.13870137929916382,-0.4806618094444275,0.41649940609931946,-0.30778756737709045,-0.3319788873195648,-1.2898001670837402,0.7428104877471924,-0.658595085144043,0.47057071328163147,0.06458363682031631,-0.21369418501853943,0.16820400953292847,0.003640800714492798,-0.2080097645521164,0.16548562049865723,-0.061650559306144714,0.0,-0.4000000059604645,-0.05000000074505806,0.3100000023841858,0.49000000953674316,-0.20999999344348907,0.0,-0.7572079300880432,-1.047749400138855,3.9234306812286377,-3.086778163909912,6.430370807647705,-4.807916641235352,0.2200922667980194,1.9197187423706055,-4.773993968963623,-1.566312551498413,6.286253929138184,11.7962007522583,0.022917024791240692,0.006910726428031921,0.5621132254600525,2.225053071975708,0.4538275897502899,0.6288354992866516,0.0,201.65179443359375,0.5,0.0,0.0,0.12108158320188522,0.0,0.056388091295957565,2.1213642378963433e-16,0.0,0.0,0.0,0.0,1270.2755126953125,0.0
1.74,0.7000000476837158,-0.95105660887834,-0.3090167094330537,0.0,1.0,0.0,1.0,0.025287039577960968,0.10144522786140442,0.6059768199920654,-0.11416959762573242,0.19347962737083435,0.18206915259361267,0.19331713020801544,1.1184546947479248,0.09956074506044388,0.025794140994548798,-0.8667261004447937,4.46380090713501,0.07363539189100266,0.1301431655883789,-0.44917765259742737,0.3907790780067444,-0.2880087196826935,-0.34015557169914246,-1.331341028213501,0.7563584446907043,-0.6423744559288025,0.4586946368217468,0.10151956230401993,-0.07143642753362656,0.16223584115505219,0.002447165548801422,-0.2053837776184082,0.1571301817893982,-0.05783092975616455,0.0,-0.4000000059604645,-0.05000000074505806,0.3100000023841858,0.49000000953674316,-0.20999999344348907,0.0,-0.7483268976211548,-0.736676812171936,2.712709903717041,-2.2466487884521484,1.288419246673584,-0.6267659664154053,0.9744483828544617,1.0410341024398804,-4.214094161987305,-1.060874104499817,6.675200939178467,14.56784439086914,0.023613587021827698,0.015026360750198364,0.5398457050323486,2.589094877243042,0.7266698479652405,1.2910517454147339,0.0,144.37246704101562,0.5,0.0,0.0,0.08026420325040817,0.0,0.06788158416748047,4.93077234623062e-18,0.0,0.0,0.0,0.0,1436.3343505859375,0.0
1.75,0.7111111283302307,-0.9702957524497433,-0.2419217906224798,0.0,1.0,0.0,0.0,0.027542535215616226,0.11363332718610764,0.6092551946640015,-0.13195562362670898,0.19144967198371887,0.22555960714817047,0.29563161730766296,1.0823884010314941,-0.006498311646282673,0.5518149137496948,-0.9175230860710144,4.645787715911865,0.06243405491113663,0.1267232745885849,-0.4297780692577362,0.3671831786632538,-0.27735838294029236,-0.33925411105155945,-1.388939619064331,0.7670838832855225,-0.6234304904937744,0.44483482837677,0.16713066399097443,0.09616350382566452,0.15742604434490204,0.0014852061867713928,-0.20326745510101318,0.150396466255188,-0.054752662777900696,0.0,-0.4000000059604645,-0.05000000074505806,0.3100000023841858,0.49000000953674316,-0.20999999344348907,0.0,-1.1321895122528076,-0.2600551247596741,1.8469696044921875,-2.3744654655456543,0.4623044729232788,-0.5984582304954529,-3.2982470989227295,1.3199210166931152,-2.6458537578582764,-1.6457016468048096,10.598005294799805,17.58475112915039,0.024782761931419373,0.022761300206184387,0.5418662428855896,2.897329568862915,1.0287960767745972,1.611371397972107,0.0,0.0,0.5,0.0,0.0,0.052683137357234955,0.0,0.08833117038011551,1.7903834512691288e-19,0.0,0.0,0.0,0.0,1672.7227783203125,0.0
1.76,0.7222222685813904,-0.9848078035929707,-0.17364789080892623,0.0,1.0,0.0,0.0,0.029184427112340927,0.12743929028511047,0.6116152405738831,-0.14722347259521484,0.19475993514060974,0.2708829939365387,0.38801756501197815,1.0470166206359863,-0.1498652994632721,1.2716504335403442,-0.44632792472839355,4.71004581451416,0.06022728234529495,0.1324242353439331,-0.4334760308265686,0.361558198928833,-0.31832194328308105,-0.23099751770496368,-1.472063660621643,0.7713799476623535,-0.5823602080345154,0.4177549481391907,0.2276849001646042,0.2702433466911316,0.15379804372787476,0.000759609043598175,-0.20167113840579987,0.14531725645065308,-0.052430734038352966,0.0,-0.4000000059604645,-0.05000000074505806,0.3100000023841858,0.49000000953674316,-0.20999999344348907,0.0,-0.20071657001972198,0.7016232013702393,-0.6115469336509705,-0.7809315919876099,-4.282186031341553,10.052638053894043,-7.995483875274658,0.6015163660049438,0.19197207689285278,-3.132467269897461,8.999137878417969,11.497228622436523,0.027182795107364655,0.02853204309940338,0.22855395078659058,2.7157998085021973,1.666923999786377,1.8690067529678345,0.0,0.0,0.5,0.0,0.0,0.037902556359767914,0.0,0.10887357592582703,5.3797264719254566e-20,0.0,0.0,0.0,0.0,1421.1773681640625,0.0
1.77,0.7333333492279053,-0.9945219058073734,-0.10452836394620216,0.0,1.0,0.0,0.0,0.028484327718615532,0.14236398041248322,0.6125544309616089,-0.1546182632446289,0.2040184587240219,0.3177008330821991,0.43515029549598694,0.988142192363739,-0.3211239278316498,1.9570584297180176,0.5713359117507935,4.6346306800842285,0.08389169722795486,0.14516769349575043,-0.44620755314826965,0.3827572464942932,-0.34129393100738525,-0.21764035522937775,-1.5697531700134277,0.7695382833480835,-0.6553289294242859,0.3892175257205963,0.1306510716676712,0.0648898258805275,0.15136952698230743,0.0002739056944847107,-0.20060259103775024,0.14191734790802002,-0.05087648332118988,0.0,-0.4000000059604645,-0.05000000074505806,0.3100000023841858,0.49000000953674316,-0.20999999344348907,0.0,2.8621859550476074,1.4591596126556396,-0.9097616672515869,2.3183953762054443,-0.8632544875144958,0.8975433707237244,-8.173181533813477,-0.5751664638519287,-12.169526100158691,-3.2055795192718506,-10.03579044342041,-10.817302703857422,0.030689053237438202,0.03722309321165085,-0.4862540066242218,2.953687906265259,1.7092313766479492,1.7134393453598022,0.0,0.0,0.5,0.0,0.0,0.018807383254170418,0.0,0.1406809240579605,2.202326763397867e-19,0.0,0.0,0.0,0.0,2071.821533203125,0.0
1.78,0.7444444894790649,-0.9993908368942477,-0.03489921391400607,0.0,1.0,0.0,0.0,0.02605709806084633,0.1581226885318756,0.6121564507484436,-0.1575007438659668,0.2186240553855896,0.36684322357177734,0.48854848742485046,0.9189357161521912,-0.47716450691223145,2.4398598670959473,0.8566936254501343,4.920201778411865,0.1063193753361702,0.15918812155723572,-0.4709455966949463,0.3973919153213501,-0.32822439074516296,-0.2934940755367279,-1.6689974069595337,0.7650144100189209,-0.7729965448379517,0.3593370020389557,0.053569015115499496,-0.1387467235326767,0.1501522958278656,3.045797348022461e-05,-0.20006701350212097,0.1402132213115692,-0.05009746551513672,0.0,-0.4000000059604645,-0.05000000074505806,0.3100000023841858,0.49000000953674316,-0.20999999344348907,0.0,1.9629712104797363,1.3720792531967163,-2.5241994857788086,1.3045159578323364,1.01229727268219,-5.799537658691406,-8.168290138244629,-0.4565196633338928,-12.760065078735352,-2.951921224594116,-5.91028356552124,-10.787074089050293,0.03385055810213089,0.04508640617132187,-0.9746318459510803,2.266505002975464,1.943346381187439,2.2159929275512695,0.0,0.0,0.5,0.0,0.0,0.009303465485572815,0.0,0.18467681109905243,9.394280725190324e-22,0.0,0.0,0.0,0.0,1741.4676513671875,0.0
1.79,0.7555556297302246,-0.9993908107539656,0.03489996247178119,0.0,1.0,0.0,0.0,0.023171845823526382,0.17465463280677795,0.610714852809906,-0.16154146194458008,0.23663851618766785,0.41901060938835144,0.5456106662750244,0.8505037426948547,-0.6237474083900452,2.780165910720825,0.7131940722465515,5.242181777954102,0.11455754190683365,0.1752632111310959,-0.5110607743263245,0.4053651690483093,-0.3268786072731018,-0.25702333450317383,-1.7633260488510132,0.7647954225540161,-0.8899260759353638,0.33450233936309814,0.0914694294333458,-0.33943966031074524,0.15030452609062195,6.090477108955383e-05,-0.20013399422168732,0.14042633771896362,-0.050194889307022095,0.0,-0.4000000059604645,-0.05000000074505806,0.3100000023841858,0.49000000953674316,-0.20999999344348907,0.0,0.3423815667629242,1.5530701875686646,-4.2862548828125,0.6211467981338501,0.1513264775276184,2.9859209060668945,-8.121176719665527,0.20737721025943756,-11.894515991210938,-2.0109896659851074,4.391322612762451,-10.766077041625977,0.0365598201751709,0.049193836748600006,-1.3584294319152832,1.8219726085662842,2.334932565689087,3.045903205871582,0.0,0.0,0.5,0.0,0.0,0.005706173367798328,0.0,0.23436540365219116,1.3513456505219839e-24,0.0,0.0,0.0,0.0,1443.1605224609375,0.0
1.8,0.7666666507720947,-0.9945219058073733,0.1045283639462018,0.0,1.0,0.0,0.0,0.020879700779914856,0.19163312017917633,0.6083942651748657,-0.17076444625854492,0.2552027106285095,0.473663330078125,0.5912894010543823,0.7658451199531555,-0.7525020837783813,2.7534828186035156,0.22148865461349487,5.676853656768799,0.10966738313436508,0.18394382297992706,-0.5369759798049927,0.4107987582683563,-0.4187021553516388,-0.13519316911697388,-1.8545962572097778,0.7714349627494812,-0.9761636853218079,0.3153306841850281,0.19350814819335938,-0.5192895531654358,0.15273155272006989,0.0005463100969791412,-0.2012018859386444,0.14382418990135193,-0.051748186349868774,0.0,-0.4000000059604645,-0.05000000074505806,0.3100000023841858,0.49000000953674316,-0.20999999344348907,0.0,-0.8112587332725525,0.4965627193450928,-2.5682618618011475,0.3743096888065338,-9.122188568115234,10.147128105163574,-8.088768005371094,1.1035066843032837,-8.519844055175781,-1.6158416271209717,9.923791885375977,-10.579371452331543,0.03884007781744003,0.048801325261592865,-1.4556688070297241,1.4479548931121826,2.6369354724884033,3.584578514099121,0.0,0.0,0.5,0.0,0.0,0.004442843608558178,0.0,0.30431100726127625,1.019226441435273e-28,0.0,0.0,0.0,0.0,1203.58349609375,0.0
1.81,0.7777777910232544,-0.9848077385605463,0.1736482596263574,0.0,1.0,0.0,1.0,0.019014019519090652,0.20810112357139587,0.605156421661377,-0.18331527709960938,0.27070510387420654,0.5298431515693665,0.6034423112869263,0.7222221493721008,-0.8313112258911133,2.1273086071014404,0.45577365159988403,5.3863725662231445,0.09826295077800751,0.1768227219581604,-0.5803573131561279,0.4005771279335022,-0.49284809827804565,-0.03980136290192604,-1.9282857179641724,0.7668192982673645,-1.04569411277771,0.26956647634506226,0.22260284423828125,-0.579060435295105,0.15753847360610962,0.001507692039012909,-0.20331692695617676,0.1505538821220398,-0.054824620485305786,0.0,-0.4000000059604645,-0.05000000074505806,0.3100000023841858,0.49000000953674316,-0.20999999344348907,0.0,-0.4969114661216736,-2.046799421310425,-4.948641300201416,-1.3508832454681396,-6.384523868560791,8.03970718383789,-3.4583780765533447,-2.8836123943328857,-8.207701683044434,-7.96984338760376,-7.161564826965332,-0.3054039776325226,0.040638528764247894,0.04596657305955887,-1.6642518043518066,1.3612499237060547,3.4054818153381348,2.069528579711914,0.0,416.2364196777344,0.5,0.0,0.0,0.003938560374081135,0.0,0.3448622524738312,6.304050652688706e-26,0.0,0.0,0.0,0.0,904.15234375,0.0
1.82,0.7888889312744141,-0.9702956618482644,0.24192215400504102,0.0,1.0,0.0,1.0,0.017571011558175087,0.2224597930908203,0.6010826826095581,-0.1940779685974121,0.2764860987663269,0.5828508138656616,0.6448063254356384,0.7066198587417603,-0.8697133660316467,1.133993148803711,0.3424161672592163,5.176000595092773,0.08854115754365921,0.13987700641155243,-0.6350555419921875,0.3709205687046051,-0.45553845167160034,-0.13839249312877655,-2.015347719192505,0.7391001582145691,-1.0675686597824097,0.18829400837421417,0.192608043551445,-0.4586063027381897,0.16463162004947662,0.002926323562860489,-0.20643791556358337,0.16048428416252136,-0.05936422944068909,0.0,-0.4000000059604645,-0.05000000074505806,0.3100000023841858,0.49000000953674316,-0.20999999344348907,0.0,-1.0147590637207031,-4.620276927947998,-5.524785041809082,-2.955192804336548,4.124918460845947,-8.667930603027344,-8.032356262207031,-2.7396740913391113,-3.868834972381592,-8.008379936218262,-0.640721321105957,8.6685791015625,0.04207218438386917,0.04454655200242996,-2.069561004638672,1.5115588903427124,3.2960689067840576,1.4109171628952026,0.0,256.2099914550781,0.5,0.0,0.0,0.0030620198231190443,0.0,0.3532564342021942,5.365983733037577e-24,0.0,0.0,0.0,0.0,789.5335083007812,0.0
1.83,0.800000011920929,-0.9510564931493437,0.30901706561041664,0.0,1.0,0.0,1.0,0.017382973805069923,0.2354450821876526,0.5959823727607727,-0.20489931106567383,0.27414432168006897,0.6309680342674255,0.667518138885498,0.6625822186470032,-0.9548557996749878,0.4761621654033661,0.12164008617401123,4.6864800453186035,0.0796126201748848,0.08154596388339996,-0.6641650795936584,0.34291544556617737,-0.3703635334968567,-0.24901968240737915,-2.109194755554199,0.7146489024162292,-1.0515919923782349,0.12326760590076447,0.17994964122772217,-0.44103649258613586,0.1738729029893875,0.0047745779156684875,-0.21050408482551575,0.17342206835746765,-0.06527864933013916,0.0,-0.4000000059604645,-0.05000000074505806,0.3100000023841858,0.49000000953674316,-0.20999999344348907,0.0,-0.9870544075965881,-6.371164321899414,-2.3825817108154297,-2.362820625305176,7.825117588043213,-10.057510375976562,-6.905289649963379,-1.8925633430480957,-1.5234007835388184,-5.655733585357666,9.409381866455078,1.1289491653442383,0.0436592698097229,0.044427819550037384,-2.6128089427948,1.5321675539016724,3.1269853115081787,1.8280470371246338,0.0,94.86351013183594,0.5,0.0,0.0,0.0020738299936056137,0.0,0.3929177224636078,8.377188935569532e-20,0.0,0.0,0.0,0.0,896.0962524414062,0.0
1.84,0.8111111521720886,-0.927183757920604,0.3746068326235209,0.0,1.0,0.0,1.0,0.01802833378314972,0.24806451797485352,0.590119481086731,-0.21602725982666016,0.26739734411239624,0.6753990650177002,0.7024153470993042,0.6765031218528748,-0.9944431781768799,0.05806073546409607,0.07259160280227661,4.310015678405762,0.06275220960378647,0.023845257237553596,-0.7084798812866211,0.31289100646972656,-0.3086090385913849,-0.3063359558582306,-2.1999168395996094,0.6944548487663269,-1.0210235118865967,0.06396924704313278,0.12293087691068649,-0.3276737928390503,0.1850825548171997,0.007016509771347046,-0.21543632447719574,0.18911558389663696,-0.07245282828807831,0.0,-0.4000000059604645,-0.05000000074505806,0.3100000023841858,0.49000000953674316,-0.20999999344348907,0.0,-1.9025379419326782,-5.091243743896484,-4.56363582611084,-2.987086057662964,4.191620349884033,-4.099649429321289,-7.833122253417969,-1.9218740463256836,1.34319007396698,-6.087456226348877,-2.300050735473633,10.534677505493164,0.044562309980392456,0.04415133595466614,-2.0385241508483887,1.2572675943374634,2.4752354621887207,1.1025390625,0.0,281.98260498046875,0.5,0.0,0.0,0.0014376197941601276,0.0,0.3688899874687195,7.326346626316047e-17,0.0,0.0,0.0,0.0,966.1676635742188,0.0
1.85,0.8222222328186035,-0.8987940171128406,0.4383712066299093,0.0,1.0,0.0,1.0,0.0191953107714653,0.2605725824832916,0.5837382078170776,-0.22600317001342773,0.2576320767402649,0.7135787606239319,0.7293219566345215,0.6969305276870728,-1.041553258895874,-0.35655301809310913,-0.005287185311317444,3.426745653152466,0.034284528344869614,-0.027762465178966522,-0.739956259727478,0.28188642859458923,-0.2875363230705261,-0.31068602204322815,-2.2878758907318115,0.6671900153160095,-1.021111011505127,-0.008670327253639698,0.08676066994667053,-0.22330157458782196,0.1980423778295517,0.009608473628759384,-0.22113865613937378,0.20725932717323303,-0.08074711263179779,0.0,-0.4000000059604645,-0.05000000074505806,0.3100000023841858,0.49000000953674316,-0.20999999344348907,0.0,-3.471024751663208,-5.340723991394043,-2.882998466491699,-2.9649853706359863,1.1953206062316895,-0.34935182332992554,-8.053608894348145,-3.0978024005889893,-1.3615522384643555,-7.445306777954102,-1.614459753036499,10.062508583068848,0.04296044260263443,0.04478796571493149,-2.1771998405456543,1.0989094972610474,2.0235607624053955,0.442533016204834,0.0,271.4996032714844,0.5,0.0,0.0,0.0010324742179363966,0.0,0.340751588344574,6.317121825638594e-11,0.0,0.0,0.0,0.0,923.8241577148438,0.0
1.86,0.8333333730697632,-0.8660252789487355,0.5000002162217179,0.0,1.0,0.0,1.0,0.020569374784827232,0.272559255361557,0.5766130089759827,-0.23235607147216797,0.24501420557498932,0.7445657849311829,0.7489880323410034,0.7056387662887573,-1.1005756855010986,-0.6918197870254517,0.25163620710372925,2.8175241947174072,0.008532311767339706,-0.08095452934503555,-0.7477774024009705,0.2660781145095825,-0.2689814865589142,-0.306490033864975,-2.375640392303467,0.6397964954376221,-1.0066394805908203,-0.06307099759578705,0.08535292744636536,-0.13326779007911682,0.21250009536743164,0.012500017881393433,-0.2275000512599945,0.22750014066696167,-0.09000005573034286,0.0,-0.4000000059604645,-0.05000000074505806,0.3100000023841858,0.49000000953674316,-0.20999999344348907,0.0,-2.2814714908599854,-5.400751113891602,-0.311964750289917,-1.1540435552597046,2.246058225631714,0.042310766875743866,-7.543988227844238,-2.7087669372558594,-0.6474959850311279,-4.739724159240723,5.196413993835449,9.590851783752441,0.04099380224943161,0.04698377102613449,-2.3536784648895264,1.3108597993850708,1.7298696041107178,0.5298429727554321,0.0,137.47540283203125,0.5,0.0,0.0,0.0008450148161500692,0.0,0.3263312876224518,1.2727886655738985e-07,0.0,0.0,0.0,0.0,590.7623291015625,0.0
1.87,0.8444445133209229,-0.8290373305565872,0.5591932622480423,0.0,1.0,0.0,1.0,0.021270083263516426,0.283796101808548,0.5683521032333374,-0.23301219940185547,0.23105071485042572,0.7732661962509155,0.7642249464988708,0.7023651003837585,-1.185193419456482,-0.8014213442802429,0.765086829662323,2.6048309803009033,0.008208483457565308,-0.13204598426818848,-0.7483234405517578,0.2709448039531708,-0.2036048173904419,-0.3254268169403076,-2.4597856998443604,0.6023719310760498,-1.0560535192489624,-0.11324402689933777,0.12745413184165955,-0.22979168593883514,0.22817428410053253,0.01563485711812973,-0.23439669609069824,0.24944400787353516,-0.1000315323472023,0.0,-0.4000000059604645,-0.05000000074505806,0.3100000023841858,0.49000000953674316,-0.20999999344348907,0.0,0.8134289383888245,-5.181489944458008,0.2190551608800888,0.7813491225242615,6.698812961578369,-1.333250880241394,-7.8136796951293945,-3.9236366748809814,-6.893446445465088,-4.646759986877441,6.791677951812744,-7.469666004180908,0.03944583237171173,0.05028941482305527,-2.467061758041382,1.2817788124084473,1.6051052808761597,0.7896441221237183,0.0,75.25726318359375,0.5,0.0,0.0,0.0008671152172610164,0.0,0.32424262166023254,1.2779048574884655e-06,0.0,0.0,0.0,0.0,492.2557678222656,0.0
1.8800000000000001,0.8555555939674377,-0.7880106050174337,0.6156616655112271,0.0,1.0,0.0,1.0,0.021381068974733353,0.2947045564651489,0.5590052604675293,-0.2294926643371582,0.21752089262008667,0.7992573976516724,0.780531644821167,0.7038636207580566,-1.2722604274749756,-0.7260681986808777,1.0056496858596802,2.1928794384002686,0.027440983802080154,-0.1760585904121399,-0.7268378734588623,0.29014772176742554,-0.1480887085199356,-0.3617628812789917,-2.5399858951568604,0.5556517839431763,-1.1538065671920776,-0.16119793057441711,0.14296342432498932,-0.328492134809494,0.24475990235805511,0.018951980397105217,-0.2416943609714508,0.2726638615131378,-0.1106463298201561,0.0,-0.4000000059604645,-0.05000000074505806,0.3100000023841858,0.49000000953674316,-0.20999999344348907,0.0,2.287980079650879,-3.9156477451324463,2.6738879680633545,2.1962735652923584,4.9213385581970215,-3.115257501602173,-7.998289108276367,-5.163541316986084,-8.055776596069336,-4.771852493286133,-2.799994707107544,-8.153286933898926,0.036447443068027496,0.053569383919239044,-2.1684064865112305,1.175642490386963,0.9346864819526672,0.6798573136329651,0.0,179.833984375,0.5,0.0,0.0,0.001035256776958704,0.0,0.31719326972961426,6.655776815023273e-05,0.0,0.0,0.0,0.0,704.5819091796875,0.0
1.8900000000000001,0.8666666746139526,-0.7431447920648447,0.669130643467252,0.0,1.0,0.0,1.0,0.020288623869419098,0.30530425906181335,0.5487374067306519,-0.21981382369995117,0.20615926384925842,0.8210943341255188,0.8188124299049377,0.7310271263122559,-1.3313542604446411,-0.587639331817627,1.6418346166610718,1.7097796201705933,0.057674042880535126,-0.1960338056087494,-0.7119764685630798,0.31975919008255005,-0.1745608150959015,-0.25605055689811707,-2.6022958755493164,0.5039467215538025,-1.2253416776657104,-0.20263543725013733,0.115250363945961,-0.4549584984779358,0.26193398237228394,0.022386794909834862,-0.24925094842910767,0.2967075705528259,-0.1216377392411232,0.0,-0.4000000059604645,-0.05000000074505806,0.3100000023841858,0.49000000953674316,-0.20999999344348907,0.0,3.2772161960601807,-1.0531871318817139,1.2373530864715576,2.678483486175537,-3.026197910308838,10.028979301452637,-6.157042980194092,-5.211455821990967,-7.13108491897583,-3.8455140590667725,-2.093674421310425,-10.322750091552734,0.028604254126548767,0.05726880580186844,-1.3048652410507202,0.9245440363883972,0.4318457245826721,0.6678552627563477,0.0,232.8848114013672,0.5,0.0,0.0,0.00135346211027354,0.0,0.2802470028400421,0.002889439929276705,0.0,0.0,0.0,0.0,1069.9949951171875,0.0
1.9000000000000001,0.8777778148651123,-0.6946582028336742,0.7193399622125064,0.0,1.0,1.0,1.0,0.018473071977496147,0.31524452567100525,0.53800368309021,-0.20489072799682617,0.19433274865150452,0.8414443731307983,0.8560212850570679,0.747208833694458,-1.2857446670532227,-0.8820657730102539,2.1410717964172363,1.7322100400924683,0.09078110754489899,-0.20393764972686768,-0.7150698304176331,0.34136879444122314,-0.28643596172332764,-0.19704511761665344,-2.6618034839630127,0.463413804769516,-1.2842438220977783,-0.22957484424114227,0.08597224950790405,-0.522487461566925,0.2793624997138977,0.025872496888041496,-0.2569195032119751,0.32110750675201416,-0.13279199600219727,0.0,-0.4000000059604645,-0.05000000074505806,0.3100000023841858,0.49000000953674316,-0.20999999344348907,0.0,4.678158760070801,-1.2687050104141235,1.7497349977493286,0.8555044531822205,-14.798821449279785,-9.219183921813965,-3.389892578125,-1.9082993268966675,-0.7278640866279602,-1.0602654218673706,-4.6428542137146,1.1167974472045898,0.016844503581523895,0.058993734419345856,-0.30521705746650696,0.370144784450531,-0.0007876850431784987,0.27733397483825684,656.69970703125,414.4569396972656,0.5,0.0,0.0,0.0019350959919393063,0.0,0.2540702819824219,0.0024760186206549406,0.0,0.0,0.0,0.0,744.766845703125,0.0
1.9100000000000001,0.888888955116272,-0.642787290920897,0.7660447105949979,0.0,1.0,1.0,1.0,0.015302778221666813,0.32226723432540894,0.5277658104896545,-0.18081998825073242,0.1814805567264557,0.8673736453056335,0.8300380110740662,0.6418394446372986,-1.06514573097229,-0.5903580188751221,3.291032075881958,2.1768124103546143,0.1371230185031891,-0.2098730504512787,-0.7452937364578247,0.34654325246810913,-0.37728169560432434,-0.3827700614929199,-2.671194076538086,0.4535130560398102,-1.2675975561141968,-0.22848555445671082,0.04334481805562973,-0.5288244485855103,0.2967061996459961,0.029341241344809532,-0.26455074548721313,0.3453887104988098,-0.14389196038246155,0.0,-0.4000000059604645,-0.05000000074505806,0.3100000023841858,0.49000000953674316,-0.20999999344348907,0.0,3.242248296737671,0.2800902724266052,-6.94654655456543,-0.8227723836898804,13.357328414916992,-18.846067428588867,-0.7338060736656189,-0.8302115201950073,1.173264503479004,1.1101281642913818,-5.462439060211182,-0.602676510810852,0.004006512463092804,0.05662086606025696,-1.1378995180130005,0.20374137163162231,-0.9407490491867065,0.29014748334884644,1183.416015625,779.8632202148438,0.5,0.0,0.0,0.003191642928868532,0.0,0.35283106565475464,7.65915319789201e-05,0.0,0.0,0.0,0.0,1262.5927734375,0.0
1.92,0.9000000357627869,-0.587785070502928,0.8090171264527518,0.0,1.0,1.0,1.0,0.011467930860817432,0.32621344923973083,0.5221644639968872,-0.15304183959960938,0.176314115524292,0.8964659571647644,0.7281421422958374,0.17972727119922638,-0.061557479202747345,0.6669048070907593,3.058593273162842,2.445817470550537,0.1966942697763443,-0.2052692323923111,-0.814162015914917,0.33816641569137573,-0.37334248423576355,-0.5460898280143738,-2.6878154277801514,0.4472562372684479,-1.2527598142623901,-0.21867065131664276,0.023786025121808052,-0.525240421295166,0.3136272132396698,0.03272544592618942,-0.2719959616661072,0.3690780997276306,-0.15472140908241272,0.0,-0.4000000059604645,-0.05000000074505806,0.3100000023841858,0.49000000953674316,-0.20999999344348907,0.0,8.288058280944824,1.4209128618240356,-7.4309821128845215,-1.1182870864868164,1.4521429538726807,-6.0498809814453125,-2.117969274520874,-0.42719751596450806,1.3515467643737793,0.9322501420974731,0.6456145644187927,2.2178516387939453,-0.003133326768875122,0.05528009682893753,0.04617784917354584,-0.06507376581430435,0.25907304883003235,0.40941447019577026,3124.9931640625,509.8622131347656,0.5,0.0,0.0,0.0049417768605053425,0.0,0.8447610139846802,6.369137736328412e-06,0.0,0.0,0.0,0.0,1024.8594970703125,0.0
1.93,0.9111111760139465,-0.5299189184020804,0.8480483122555985,0.0,1.0,1.0,1.0,0.008861111477017403,0.32842934131622314,0.5245054364204407,-0.1300048828125,0.18426115810871124,0.9189472794532776,0.7254771590232849,0.04563833028078079,0.28645867109298706,1.2958070039749146,2.438342332839966,1.2125227451324463,0.26703476905822754,-0.16389156877994537,-0.8820897340774536,0.3662640452384949,-0.3723165690898895,-0.4861774444580078,-2.7282891273498535,0.433387815952301,-1.2484462261199951,-0.21742363274097443,0.055550094693899155,-0.5783411264419556,0.3297964930534363,0.03595929965376854,-0.27911046147346497,0.3917151093482971,-0.16506975889205933,0.0,-0.4000000059604645,-0.05000000074505806,0.3100000023841858,0.49000000953674316,-0.20999999344348907,0.0,5.754039287567139,4.745805740356445,-5.3312201499938965,3.615462064743042,-0.6856334209442139,9.804404258728027,-4.882855415344238,-1.9789986610412598,-1.985810399055481,-0.32904693484306335,3.499117851257324,-5.505955219268799,-0.0010589659214019775,0.057201117277145386,0.038334865123033524,-0.29641371965408325,-0.10452798008918762,0.17848308384418488,630.5720825195312,239.63735961914062,0.5,0.0,0.0,0.005760111380368471,0.0,0.8995635509490967,0.05284338444471359,0.0,0.0,0.0,0.0,935.3472290039062,0.0
1.94,0.9222222566604614,-0.46947137173205616,0.882947694444026,0.0,1.0,1.0,1.0,0.007140222936868668,0.3312162160873413,0.5286712646484375,-0.11003446578979492,0.19542071223258972,0.9308602809906006,0.7283985018730164,0.07011910527944565,0.34125053882598877,1.214991807937622,2.0878117084503174,0.5147466063499451,0.296405166387558,-0.12716686725616455,-0.9088236689567566,0.38129517436027527,-0.3749210238456726,-0.4076358377933502,-2.7789669036865234,0.4172792136669159,-1.2876501083374023,-0.21533802151679993,0.08364498615264893,-0.4643075168132782,0.3448992371559143,0.038979846984148026,-0.2857556641101837,0.4128589332103729,-0.17473550140857697,0.0,-0.4000000059604645,-0.05000000074505806,0.3100000023841858,0.49000000953674316,-0.20999999344348907,0.0,1.7969170808792114,3.5782909393310547,-1.9552353620529175,1.082506775856018,1.6144733428955078,8.5233793258667,-5.701635360717773,-1.5834025144577026,-3.9006428718566895,0.13101786375045776,3.2997348308563232,9.986898422241211,0.0018278732895851135,0.0597657710313797,0.012415500357747078,-0.363241046667099,-0.3276258111000061,-0.4131740927696228,56.904090881347656,255.52780151367188,0.5,0.0,0.0,0.005891514476388693,0.0,0.8921106457710266,0.5886472463607788,0.0,0.0,0.0,0.0,686.60205078125,0.0
1.95,0.9333333969116211,-0.40673627813796054,0.913545620123308,0.0,1.0,1.0,1.0,0.0054757073521614075,0.3342857360839844,0.5328225493431091,-0.09036540985107422,0.20640413463115692,0.9380203485488892,0.7162991166114807,0.10451239347457886,0.3123360276222229,1.1617581844329834,2.03891658782959,0.2148798406124115,0.3096439242362976,-0.09300493448972702,-0.9211726784706116,0.3977982997894287,-0.34247463941574097,-0.3892512917518616,-2.823425769805908,0.40649452805519104,-1.350463628768921,-0.20889131724834442,0.08637326955795288,-0.32182881236076355,0.35864144563674927,0.04172828793525696,-0.29180222749710083,0.43209803104400635,-0.1835305243730545,0.0,-0.4000000059604645,-0.05000000074505806,0.3100000023841858,0.49000000953674316,-0.20999999344348907,0.0,0.7409599423408508,3.188124895095825,-0.805029571056366,1.787934422492981,3.3748176097869873,1.2124791145324707,-3.864997386932373,-0.7549743056297302,-5.468628406524658,0.9991090893745422,-0.09038171172142029,10.64677619934082,0.004489153623580933,0.061071597039699554,-0.40948542952537537,-0.5171138048171997,-0.7737358212471008,-0.2401258498430252,24.92259407043457,179.9357452392578,0.5,0.0,0.0,0.005762604996562004,0.0,0.8909951448440552,0.9117890000343323,0.0,0.0,0.0,0.0,680.891357421875,0.0
1.96,0.9444445371627808,-0.3420195958921803,0.9396928200352228,0.0,1.0,1.0,1.0,0.005138341337442398,0.33891019225120544,0.5368887782096863,-0.0782928466796875,0.21686409413814545,0.9410563111305237,0.6983974575996399,0.0956854522228241,0.29454436898231506,1.0227347612380981,0.7363110780715942,-0.07391515374183655,0.2962118983268738,-0.08268434554338455,-0.8876367807388306,0.39988088607788086,-0.3070102334022522,-0.47040602564811707,-2.872330904006958,0.4052336812019348,-1.4058427810668945,-0.20119449496269226,0.05523541197180748,-0.16076277196407318,0.370755672454834,0.04415113478899002,-0.2971324920654297,0.449057936668396,-0.19128362834453583,0.0,-0.4000000059604645,-0.05000000074505806,0.3100000023841858,0.49000000953674316,-0.20999999344348907,0.0,-2.021449565887451,0.28981471061706543,3.817960500717163,0.12020206451416016,3.7996602058410645,-7.907472133636475,-5.047917366027832,0.09777256101369858,-4.081551551818848,0.7787714600563049,-3.4045474529266357,11.187234878540039,0.007927469909191132,0.06021305173635483,-0.7457929253578186,-0.675836980342865,-0.6304931044578552,-0.03542270511388779,112.29483032226562,109.98360443115234,0.5,0.0,0.0,0.005198155529797077,0.0,0.9075246453285217,0.9891325831413269,0.0,0.0,0.0,0.0,864.1763916015625,0.0
1.97,0.9555556178092957,-0.2756369798177499,0.9612618037542892,0.0,1.0,1.0,1.0,0.006576821208000183,0.3447897434234619,0.5408044457435608,-0.07427597045898438,0.22460705041885376,0.9401941895484924,0.6756213307380676,0.10778217017650604,0.2828633487224579,0.5773104429244995,0.09913185983896255,-0.310396671295166,0.2793163061141968,-0.08151467889547348,-0.8476632833480835,0.41159456968307495,-0.2614675462245941,-0.47683897614479065,-2.91532826423645,0.41674044728279114,-1.4372800588607788,-0.1860007643699646,0.014229269698262215,-0.03314285725355148,0.38100606203079224,0.04620121046900749,-0.30164265632629395,0.463408499956131,-0.19784386456012726,0.0,-0.4000000059604645,-0.05000000074505806,0.3100000023841858,0.49000000953674316,-0.20999999344348907,0.0,-1.6922805309295654,-0.12689846754074097,3.790347099304199,1.2766051292419434,6.5348219871521,-2.349699020385742,-3.741147518157959,1.471571922302246,-2.1742942333221436,1.6716972589492798,-3.5940864086151123,10.663631439208984,0.013342313468456268,0.05820804089307785,-0.6807913780212402,-0.5908281803131104,-0.25916796922683716,0.15990854799747467,76.9852066040039,92.75491333007812,0.5,0.0,0.0,0.004624492488801479,0.0,0.918586015701294,0.8247358202934265,0.0,0.0,0.0,0.0,575.8447875976562,0.0
1.98,0.9666666984558105,-0.2079114954454082,0.9781476422614606,0.0,1.0,0.0,1.0,0.007607642561197281,0.35004615783691406,0.5445880889892578,-0.06706666946411133,0.23016157746315002,0.9363190531730652,0.6689978241920471,0.19887852668762207,0.2841835916042328,0.48691418766975403,0.8326507806777954,-0.6377522945404053,0.2755304276943207,-0.0640384629368782,-0.8798797726631165,0.437153160572052,-0.29635944962501526,-0.32840001583099365,-2.9068362712860107,0.4301081895828247,-1.4745062589645386,-0.15980947017669678,0.029494136571884155,0.1488024890422821,0.38919323682785034,0.04783864691853523,-0.3052450120449066,0.4748705327510834,-0.20308366417884827,0.0,-0.4000000059604645,-0.05000000074505806,0.3100000023841858,0.49000000953674316,-0.20999999344348907,0.0,-0.10638020187616348,1.9646278619766235,-4.38986873626709,2.0173349380493164,-3.540234088897705,10.344446182250977,1.4050087928771973,1.1478475332260132,-3.4350404739379883,2.9081010818481445,-0.02301744371652603,12.071996688842773,0.01971336454153061,0.05855788290500641,-0.18980813026428223,-0.21901068091392517,0.5654966235160828,0.16049723327159882,0.0,317.42095947265625,0.5,0.0,0.0,0.004346778616309166,0.0,0.8726455569267273,0.4433232843875885,0.0,0.0,0.0,0.0,1536.334228515625,0.0
1.99,0.9777778387069702,-0.13917272185631788,0.9902681220210533,0.0,1.0,0.0,1.0,0.008094463497400284,0.3550906777381897,0.548626184463501,-0.057872772216796875,0.2344588041305542,0.9338895678520203,0.678211510181427,0.2608024477958679,0.3118395507335663,0.35200196504592896,0.8877426981925964,-0.3094819486141205,0.25679081678390503,-0.05033877491950989,-0.940047025680542,0.42316532135009766,-0.3505285978317261,-0.2121542990207672,-2.9038543701171875,0.44300827383995056,-1.508461833000183,-0.12434312701225281,0.04080640524625778,0.2934424579143524,0.39515775442123413,0.04903154820203781,-0.30786940455436707,0.4832208454608917,-0.206900954246521,0.0,-0.4000000059604645,-0.05000000074505806,0.3100000023841858,0.49000000953674316,-0.20999999344348907,0.0,-1.8332946300506592,1.2065930366516113,-6.087029457092285,-1.7718173265457153,-5.1990203857421875,10.107105255126953,-0.044622719287872314,1.156356930732727,-3.0624465942382812,2.9549031257629395,2.7568798065185547,12.28948974609375,0.02307884395122528,0.0619780570268631,0.29039570689201355,-0.2076152116060257,0.7635302543640137,0.03705308586359024,0.0,287.5610046386719,0.5,0.0,0.0,0.0041975718922913074,0.0,0.8190955519676208,0.8256716132164001,0.0,0.0,0.0,0.0,1367.888916015625,0.0
2.0,0.9888889789581299,-0.06975590920093967,0.9975640897363689,1.0,1.0,0.0,1.0,0.008665867149829865,0.35969531536102295,0.5527167320251465,-0.047559261322021484,0.23541253805160522,0.9301624298095703,0.6532917618751526,0.31962311267852783,0.32664749026298523,-0.11751822382211685,0.892085611820221,-0.6341925859451294,0.24764199554920197,-0.04911224916577339,-0.9536591172218323,0.40300533175468445,-0.3445402979850769,-0.22347350418567657,-2.8807356357574463,0.4569770097732544,-1.5467791557312012,-0.09775269031524658,0.07157280296087265,0.4100782871246338,0.4000000059604645,0.05000000074505806,-0.3100000023841858,0.49000000953674316,-0.20999999344348907,0.0,-0.4000000059604645,-0.05000000074505806,0.3100000023841858,0.49000000953674316,-0.20999999344348907,0.0,-0.7496148943901062,0.00011191656813025475,-0.4748836159706116,-1.7673697471618652,0.9940924644470215,-1.181477427482605,2.832819938659668,1.680638074874878,-3.981929063796997,2.525407552719116,3.7352428436279297,10.33131217956543,0.024915702641010284,0.06477957218885422,0.25336241722106934,-0.212702214717865,0.11781806498765945,0.17635157704353333,0.0,283.55908203125,0.5,0.0,0.0,0.004319906700402498,0.0,0.7777777314186096,0.44735607504844666,0.0,0.0,0.0,0.0,767.4835205078125,0.0
2.0100000000000002,1.0,-2.4492935982947064e-16,1.0,1.0,1.0,0.0,1.0,0.009089283645153046,0.3636285662651062,0.5565407276153564,-0.035021305084228516,0.23310117423534393,0.9270870089530945,0.6528048515319824,0.36151114106178284,0.29633820056915283,-0.33815377950668335,1.3627530336380005,-0.6040895581245422,0.25582754611968994,-0.044473543763160706,-0.9543483257293701,0.39783430099487305,-0.4404406249523163,-0.22428908944129944,-2.857923746109009,0.47554832696914673,-1.5572545528411865,-0.08075212687253952,0.1324150264263153,0.29329439997673035,0.4000000059604645,0.05000000074505806,-0.3100000023841858,0.49000000953674316,-0.20999999344348907,0.0,-0.4000000059604645,-0.05000000074505806,0.3100000023841858,0.49000000953674316,-0.20999999344348907,0.0,1.6957545280456543,0.6795757412910461,0.00648827338591218,-0.6122190356254578,-9.967575073242188,0.014968511648476124,2.631016969680786,2.046193838119507,-1.701981782913208,1.9995261430740356,5.170870780944824,-9.727163314819336,0.02605176717042923,0.06525688618421555,0.7974487543106079,-0.26696375012397766,0.09171324223279953,0.22434085607528687,0.0,219.51368713378906,0.5,0.0,0.0,0.004711452405899763,0.0,0.7348570823669434,0.4819820523262024,0.0,0.0,0.0,0.0,524.0367431640625,0.0
2.02,1.0111112594604492,0.06975740357991196,0.9975639852389365,1.0,1.0,0.0,1.0,0.008501779288053513,0.3667283356189728,0.5599084496498108,-0.01704263687133789,0.22983820736408234,0.9243310689926147,0.6600518822669983,0.4027242660522461,0.24504399299621582,-0.37750014662742615,1.8739885091781616,-0.6988101005554199,0.28449857234954834,-0.02715439908206463,-0.956346333026886,0.4027932286262512,-0.5425865054130554,-0.15577729046344757,-2.8422892093658447,0.4849649965763092,-1.597017765045166,-0.07887715101242065,0.19887274503707886,0.12058985978364944,0.4000000059604645,0.05000000074505806,-0.3100000023841858,0.49000000953674316,-0.20999999344348907,0.0,-0.4000000059604645,-0.05000000074505806,0.3100000023841858,0.49000000953674316,-0.20999999344348907,0.0,3.4455342292785645,2.1226296424865723,-0.20475779473781586,0.4848981499671936,-10.005595207214355,5.354348659515381,1.0980223417282104,0.8242673873901367,-4.89806604385376,0.13957934081554413,5.746788501739502,-9.571907997131348,0.0252574160695076,0.06576579809188843,1.182401180267334,-0.5832910537719727,0.017941029742360115,-0.18294104933738708,0.0,165.25547790527344,0.5,0.0,0.0,0.00522214500233531,0.0,0.6868723034858704,0.37656256556510925,0.0,0.0,0.0,0.0,964.9757080078125,0.0
2.0300000000000002,1.0222222805023193,0.13917346358102195,0.9902680177784505,1.0,0.0,0.0,1.0,0.0076620206236839294,0.3691938817501068,0.5630016326904297,0.004857000429183245,0.22364474833011627,0.9167031049728394,0.6502834558486938,0.4592638611793518,0.23999491333961487,-0.8452740907669067,2.003289222717285,-1.5099321603775024,0.3090074360370636,-0.010950388386845589,-0.9470230340957642,0.40542149543762207,-0.5395958423614502,-0.052387237548828125,-2.818211078643799,0.49269402027130127,-1.663049340248108,-0.07500515878200531,0.2381124049425125,-0.04144665226340294,0.4000000059604645,0.05000000074505806,-0.3100000023841858,0.49000000953674316,-0.20999999344348907,0.0,-0.4347933530807495,-0.056958671659231186,0.32530906796455383,0.5387107133865356,-0.23226773738861084,0.0,1.0494029521942139,0.757067084312439,0.8792878985404968,0.45144689083099365,1.373466968536377,9.884038925170898,2.4820969104766846,0.5577940940856934,-8.312058448791504,-0.4150002896785736,5.215597629547119,-12.418792724609375,0.02273966372013092,0.06813138723373413,0.15204386413097382,-0.6276097297668457,-0.5114904642105103,-0.5204225778579712,0.0,86.69800567626953,0.5,0.0,0.0,0.006385438144207001,0.0,0.6268695592880249,0.010464254766702652,0.0,0.0,0.0,0.0,1049.4039306640625,0.0
2.04,1.0333333015441895,0.20791149544540774,0.9781476422614607,1.0,0.0,0.0,1.0,0.007574785500764847,0.3710669279098511,0.5657703876495361,0.027453286573290825,0.2120153158903122,0.9037027955055237,0.6302697062492371,0.4771258234977722,0.23012658953666687,-1.3505096435546875,1.8371951580047607,-1.8680994510650635,0.31287750601768494,-0.010958894155919552,-0.9317451119422913,0.40545669198036194,-0.4935845732688904,-0.04903806000947952,-2.791057586669922,0.5044779181480408,-1.7528923749923706,-0.07544510066509247,0.29819780588150024,-0.20303285121917725,0.4000000059604645,0.05000000074505806,-0.3100000023841858,0.49000000953674316,-0.20999999344348907,0.0,-0.4519779086112976,-0.060395583510398865,0.3328702747821808,0.5627690553665161,-0.24326585233211517,0.0,0.037937503308057785,-0.15388092398643494,1.7602953910827637,0.11896222829818726,4.464731693267822,0.7796580195426941,3.207932710647583,1.5485377311706543,-9.697921752929688,-0.11581481993198395,6.764446258544922,-10.68227481842041,0.020633436739444733,0.07039748877286911,0.0328320749104023,-0.7435129284858704,-0.9814099669456482,-0.7566424608230591,0.0,37.305335998535156,0.5,0.0,0.0,0.0079464977607131,0.0,0.6130930781364441,0.000930683920159936,0.0,0.0,0.0,0.0,618.3263549804688,0.0
2.05,1.0444445610046387,0.2756380598154803,0.9612614940697239,1.0,0.0,0.0,0.0,0.007895566523075104,0.3721703290939331,0.5680606365203857,0.05055127665400505,0.19589924812316895,0.8908746838569641,0.6107802391052246,0.4966343343257904,0.1897335648536682,-1.6644834280014038,2.0274746417999268,-1.4834192991256714,0.3256664276123047,-0.006694810464978218,-0.9277105331420898,0.4175170063972473,-0.47563236951828003,-0.050506509840488434,-2.737578868865967,0.529608964920044,-1.8147724866867065,-0.06848213076591492,0.3136138319969177,-0.3200507164001465,0.4000000059604645,0.05000000074505806,-0.3100000023841858,0.49000000953674316,-0.20999999344348907,0.0,-0.4689095914363861,-0.06378191709518433,0.3403202295303345,0.5864734053611755,-0.25410211086273193,0.0,1.4236232042312622,0.6202899813652039,0.1309594213962555,1.0267928838729858,1.1453803777694702,0.7524088621139526,4.535263538360596,2.3439292907714844,-4.371197700500488,0.6834346055984497,1.413698673248291,-10.100180625915527,0.017974816262722015,0.07077886909246445,0.41252401471138,-0.855003297328949,-1.0276734828948975,-0.8262265920639038,0.0,0.0,0.5,0.0,0.0,0.010251767002046108,0.0,0.5958085656166077,0.012264261022210121,0.0,0.0,0.0,0.0,452.49298095703125,0.0
2.06,1.0555555820465088,0.3420202997352154,0.9396925638574744,1.0,0.0,0.0,1.0,0.008408337831497192,0.3733096718788147,0.5699269771575928,0.07152370363473892,0.17826804518699646,0.8821994662284851,0.5981063842773438,0.516012966632843,0.15527233481407166,-1.6899306774139404,1.7506498098373413,-0.972562313079834,0.33634117245674133,0.0054796915501356125,-0.930501401424408,0.42864108085632324,-0.46002304553985596,-0.04440034553408623,-2.677367925643921,0.5635174512863159,-1.8625415563583374,-0.05210944637656212,0.3626675307750702,-0.22809623181819916,0.4000000059604645,0.05000000074505806,-0.3100000023841858,0.49000000953674316,-0.20999999344348907,0.0,-0.4855051636695862,-0.06710103154182434,0.347622275352478,0.609707236289978,-0.2647233009338379,0.0,0.6710182428359985,1.767762303352356,-0.34046682715415955,1.112499713897705,1.4374849796295166,0.5143001079559326,5.478374004364014,3.737807512283325,-5.4032206535339355,2.0227394104003906,2.3005223274230957,7.291357040405273,0.013452798128128052,0.07073410600423813,0.8088362216949463,-1.0587489604949951,-1.3349815607070923,-1.0196062326431274,0.0,134.31710815429688,0.5,0.0,0.0,0.0133838951587677,0.0,0.5759188532829285,0.15080693364143372,0.0,0.0,0.0,0.0,463.33453369140625,0.0
2.07,1.0666667222976685,0.4067369623963564,0.9135453154718625,1.0,0.0,1.0,1.0,0.009151358157396317,0.3756079077720642,0.5713965892791748,0.08691929280757904,0.1619148850440979,0.8793503046035767,0.5893895030021667,0.5329075455665588,0.12250041961669922,-1.5751721858978271,1.2862160205841064,-0.2999595105648041,0.3346409797668457,0.033293843269348145,-0.9502914547920227,0.4436843693256378,-0.4104348421096802,-0.06943198293447495,-2.6320581436157227,0.6097854971885681,-1.9131240844726562,-0.018770569935441017,0.4508875906467438,-0.13282692432403564,0.4000000059604645,0.05000000074505806,-0.3100000023841858,0.49000000953674316,-0.20999999344348907,0.0,-0.501684308052063,-0.07033686339855194,0.35474109649658203,0.6323580741882324,-0.2750779390335083,0.0,-0.4467383623123169,3.1433725357055664,-3.054197311401367,2.162868022918701,1.5644296407699585,-7.291022777557373,4.167933464050293,5.066943168640137,-4.855103969573975,3.736107110977173,9.040886878967285,8.47580337524414,0.007794652134180069,0.07047434896230698,0.9464243650436401,-1.0444360971450806,-1.5819034576416016,-0.940650224685669,167.8776092529297,95.35562896728516,0.5,0.0,0.0,0.017809677869081497,0.0,0.5576845407485962,0.8353107571601868,0.0,0.0,0.0,0.0,781.8140869140625,0.0
2.08,1.0777778625488281,0.46947203307215885,0.8829473428031218,1.0,0.0,1.0,0.0,0.010412454605102539,0.37847474217414856,0.5727412700653076,0.09806662052869797,0.14619138836860657,0.8818075656890869,0.5800130367279053,0.5036167502403259,0.1529237926006317,-1.6630985736846924,1.0038751363754272,0.3486717939376831,0.3376642167568207,0.053281910717487335,-0.9920374155044556,0.47091957926750183,-0.4355400800704956,-0.07038362324237823,-2.58123779296875,0.6536254286766052,-1.9404821395874023,0.01615467295050621,0.5408307909965515,0.010208753868937492,0.4000000059604645,0.05000000074505806,-0.3100000023841858,0.49000000953674316,-0.20999999344348907,0.0,-0.5173680782318115,-0.07347360998392105,0.36164194345474243,0.6543152928352356,-0.2851155400276184,0.0,0.7688212394714355,0.9022309184074402,-3.418006658554077,2.5190980434417725,-4.356454849243164,4.469409465789795,5.146271705627441,4.379199981689453,-0.7934921979904175,3.683945417404175,10.035361289978027,10.409346580505371,0.006063006818294525,0.07191932201385498,0.28005272150039673,-0.39564457535743713,-0.3765890598297119,-0.5926997661590576,173.71363830566406,0.0,0.5,0.0,0.0,0.021687224507331848,0.0,0.5944826602935791,0.7841585278511047,0.0,0.0,0.0,0.0,1221.3388671875,0.0
2.09,1.0888888835906982,0.5299192360020959,0.84804811379718,1.0,0.0,1.0,0.0,0.01269470900297165,0.38136181235313416,0.5739908814430237,0.10618885606527328,0.1291322261095047,0.8891595602035522,0.5907406210899353,0.47615501284599304,0.1463257074356079,-1.8680732250213623,0.7884668111801147,0.8609228730201721,0.34336069226264954,0.0568867027759552,-1.037163496017456,0.4880698621273041,-0.43637195229530334,-0.0931856706738472,-2.515949010848999,0.699906587600708,-1.9589049816131592,0.04557429254055023,0.6371667981147766,0.15514616668224335,0.4000000059604645,0.05000000074505806,-0.3100000023841858,0.49000000953674316,-0.20999999344348907,0.0,-0.5324798822402954,-0.07649597525596619,0.36829113960266113,0.675471842288971,-0.29478710889816284,0.0,0.41707751154899597,0.003989838529378176,-4.211484432220459,1.5202935934066772,-1.5262064933776855,-0.7477045059204102,6.676385402679443,5.02271032333374,-1.7235288619995117,2.7387146949768066,8.438471794128418,10.320058822631836,0.0053065866231918335,0.07300585508346558,0.22047600150108337,-0.5498778223991394,-0.2637801170349121,-0.38482239842414856,136.04978942871094,0.0,0.5,0.0,0.0,0.026024743914604187,0.0,0.6250554323196411,0.22709739208221436,0.0,0.0,0.0,0.0,838.08935546875,0.0
2.1,1.100000023841858,0.5877853734854862,0.8090169063230556,1.0,0.0,1.0,0.0,0.015945717692375183,0.3850531578063965,0.5748356580734253,0.10952065140008926,0.11156701296567917,0.8970434069633484,0.5866835713386536,0.4566793739795685,0.12715253233909607,-1.8551081418991089,0.03202343359589577,0.8198435306549072,0.3418372571468353,0.05603824928402901,-1.067622423171997,0.509773313999176,-0.4249621629714966,-0.1655552089214325,-2.4945220947265625,0.739715039730072,-2.006699800491333,0.051959019154310226,0.5317679643630981,0.14537541568279266,0.4000000059604645,0.05000000074505806,-0.3100000023841858,0.49000000953674316,-0.20999999344348907,0.0,-0.5469464063644409,-0.07938928157091141,0.37465640902519226,0.6957249641418457,-0.3040456771850586,0.0,-0.9515470266342163,-0.3151857852935791,-2.436413288116455,2.412506103515625,-2.180649995803833,0.29141131043434143,-8.020973205566406,4.261228561401367,5.912501335144043,-0.28367915749549866,-10.062850952148438,0.48419150710105896,0.0049727559089660645,0.07301395386457443,0.016553906723856926,-0.8332885503768921,-0.2852717638015747,-0.2409752607345581,200.39315795898438,0.0,0.5,0.0,0.0,0.03131325542926788,0.0,0.6491183638572693,0.26072561740875244,0.0,0.0,0.0,0.0,800.6617431640625,0.0
2.11,1.1111111640930176,0.6427878646989729,0.7660442291380669,1.0,0.0,1.0,0.0,0.020240988582372665,0.39022475481033325,0.575319766998291,0.10577940195798874,0.09487377107143402,0.9010716676712036,0.5694430470466614,0.42199617624282837,0.10999296605587006,-1.612572431564331,-0.7338885068893433,0.2909059524536133,0.32923179864883423,0.055837009102106094,-1.0857657194137573,0.5426338315010071,-0.4447571635246277,-0.16441909968852997,-2.4919519424438477,0.7762416005134583,-2.104762315750122,0.06480997055768967,0.41763749718666077,-0.046098608523607254,0.4000000059604645,0.05000000074505806,-0.3100000023841858,0.49000000953674316,-0.20999999344348907,0.0,-0.5606970191001892,-0.08213940262794495,0.38070666790008545,0.7149758338928223,-0.3128460645675659,0.0,-1.753036379814148,-0.033493682742118835,-0.8175964951515198,3.619136333465576,-1.0699715614318848,-1.2885937690734863,-8.013648986816406,3.0326671600341797,0.9329546689987183,1.4836974143981934,-10.033110618591309,-10.687681198120117,0.00579514354467392,0.07491908222436905,0.010804913938045502,0.18639782071113586,-0.1430746614933014,0.22593115270137787,265.9945373535156,0.0,0.5,0.0,0.0,0.038240399211645126,0.0,0.6936371922492981,0.8442956209182739,0.0,0.0,0.0,0.0,1492.041259765625,0.0
2.12,1.1222223043441772,0.6946587416292218,0.7193394419035468,1.0,0.0,1.0,0.0,0.026680128648877144,0.39712443947792053,0.5756152868270874,0.09133564680814743,0.07637406885623932,0.8999629616737366,0.5534656047821045,0.3922014832496643,0.14141812920570374,-2.0770695209503174,-2.060889720916748,-0.10592547059059143,0.2991912066936493,0.04710482433438301,-1.0799793004989624,0.5781800746917725,-0.4641869366168976,-0.17199933528900146,-2.5074303150177,0.8061736822128296,-2.229534149169922,0.07037899643182755,0.3127171993255615,-0.23944497108459473,0.4000000059604645,0.05000000074505806,-0.3100000023841858,0.49000000953674316,-0.20999999344348907,0.0,-0.5736647248268127,-0.08473294228315353,0.38641247153282166,0.7331305742263794,-0.3211454153060913,0.0,-3.85477614402771,-1.4762147665023804,1.601883888244629,3.8563902378082275,-1.619408130645752,-2.1281001567840576,-8.101666450500488,3.3823113441467285,-5.056156635284424,0.5960698127746582,-9.942988395690918,-10.702566146850586,0.007313422858715057,0.07712042331695557,0.0073076351545751095,0.4337905943393707,-0.0322684571146965,0.6456237435340881,314.74365234375,0.0,0.5,0.0,0.0,0.054271236062049866,0.0,0.7309858798980713,0.977809488773346,0.0,0.0,0.0,0.0,1877.8165283203125,0.0
2.13,1.133333444595337,0.7431452932528939,0.6691300868411691,1.0,0.0,1.0,0.0,0.03558061271905899,0.40564438700675964,0.5759402513504028,0.06598769873380661,0.05521054193377495,0.8916985392570496,0.5532255172729492,0.35444924235343933,0.14162027835845947,-2.1018664836883545,-3.0160017013549805,-1.0345134735107422,0.24841949343681335,0.02853715978562832,-1.04438316822052,0.6142471432685852,-0.4803953766822815,-0.1691358983516693,-2.5154645442962646,0.8278144001960754,-2.412106990814209,0.06339798122644424,0.20738519728183746,-0.4316056966781616,0.4000000059604645,0.05000000074505806,-0.3100000023841858,0.49000000953674316,-0.20999999344348907,0.0,-0.5857863426208496,-0.08715726435184479,0.39174598455429077,0.75010085105896,-0.3289032578468323,0.0,-6.1282124519348145,-1.9825069904327393,4.602977752685547,3.8448023796081543,-1.3098435401916504,0.7342278957366943,-5.987371444702148,1.864090919494629,-12.627398490905762,-0.5680350661277771,-10.000321388244629,-10.688553810119629,0.009676307439804077,0.0789501965045929,0.059891194105148315,1.079155683517456,0.043291181325912476,1.067111611366272,384.0977783203125,0.0,0.5,0.0,0.0,0.09600348025560379,0.0,0.7734189033508301,0.11760353296995163,0.0,0.0,0.0,0.0,1549.204833984375,0.0
2.14,1.144444465637207,0.7880108355869994,0.6156613703956739,1.0,0.0,1.0,0.0,0.047200217843055725,0.4156323969364166,0.5765389204025269,0.02949616312980652,0.03139258548617363,0.8747870326042175,0.5535575747489929,0.3132578730583191,0.14184953272342682,-2.5286905765533447,-4.02147102355957,-1.7550177574157715,0.170272096991539,-0.0025104559026658535,-0.9772910475730896,0.6446313261985779,-0.5004945993423462,-0.20138077437877655,-2.5140328407287598,0.8509013652801514,-2.5946731567382812,0.049862153828144073,0.10366270691156387,-0.5881372094154358,0.4000000059604645,0.05000000074505806,-0.3100000023841858,0.49000000953674316,-0.20999999344348907,0.0,-0.5970027446746826,-0.08940054476261139,0.39668118953704834,0.7658038139343262,-0.33608174324035645,0.0,-8.032271385192871,-3.4196114540100098,7.223722457885742,3.620466709136963,-2.4220852851867676,-7.159849643707275,-5.227747440338135,2.8187522888183594,-10.908738136291504,-1.1631029844284058,-10.019041061401367,-10.38449478149414,0.013343147933483124,0.07981826364994049,0.09765130281448364,1.2291932106018066,0.19741985201835632,1.4017024040222168,383.4446716308594,0.0,0.5,0.0,0.0,0.21596871316432953,0.0,0.8170967102050781,0.002111884066835046,0.0,0.0,0.0,0.0,1847.278076171875,0.0
2.15,1.1555556058883667,0.8290377493999679,0.5591926412872723,1.0,0.0,1.0,0.0,0.0596960186958313,0.42592188715934753,0.5773453712463379,-0.01073312759399414,0.008354999125003815,0.8556981682777405,0.5543518662452698,0.2858867049217224,0.08438878506422043,-2.215200901031494,-3.982684850692749,-1.9190787076950073,0.08977717161178589,-0.029760712757706642,-0.9017593860626221,0.6848748326301575,-0.5108159780502319,-0.28392043709754944,-2.5144495964050293,0.8763331770896912,-2.7166590690612793,0.038037389516830444,0.019472636282444,-0.6950348019599915,0.4000000059604645,0.05000000074505806,-0.3100000023841858,0.49000000953674316,-0.20999999344348907,0.0,-0.6072594523429871,-0.09145189076662064,0.40119415521621704,0.7801632285118103,-0.3426460325717926,0.0,-8.01840877532959,-2.5683791637420654,7.808557033538818,3.5389890670776367,0.7879277467727661,-8.881757736206055,-7.888273239135742,2.771270275115967,-0.3135428726673126,0.27267715334892273,-8.25724983215332,-10.023735046386719,0.01950237900018692,0.08053991943597794,0.2355702519416809,1.3579142093658447,0.2827526032924652,1.4312959909439087,255.38731384277344,0.0,0.5,0.0,0.0,0.3836347758769989,0.0,0.8441959619522095,0.0006325659924186766,0.0,0.0,0.0,0.0,845.877197265625,0.0
2.16,1.1666667461395264,0.8660256534556828,0.49999956755647046,1.0,0.0,0.0,0.0,0.06860547512769699,0.43585675954818726,0.5774638652801514,-0.041719913482666016,-0.004886150360107422,0.8438099026679993,0.5322333574295044,0.3435318171977997,-0.08421124517917633,-0.8856937885284424,-2.5695767402648926,-0.7902957797050476,0.07491610199213028,-0.010219908319413662,-0.8732386231422424,0.7518129348754883,-0.4766656160354614,-0.11698516458272934,-2.4725098609924316,0.8790555596351624,-2.78751540184021,0.01935230940580368,0.11163286119699478,-0.5430693626403809,0.4000000059604645,0.05000000074505806,-0.3100000023841858,0.49000000953674316,-0.20999999344348907,0.0,-0.6165064573287964,-0.09330129623413086,0.40526285767555237,0.7931090593338013,-0.34856414794921875,0.0,2.018441677093506,3.4557759761810303,0.46654900908470154,6.1448187828063965,4.060116291046143,10.492837905883789,3.211334705352783,-0.48790231347084045,-1.4365482330322266,-0.9162638783454895,10.013124465942383,10.376521110534668,0.02306545525789261,0.08294761180877686,2.116177797317505,1.5678285360336304,1.2069733142852783,1.0980687141418457,0.0,0.0,0.5,0.0,0.0,0.21781155467033386,0.0,0.7881190180778503,0.28675276041030884,0.0,0.0,0.0,0.0,1652.3980712890625,0.0
2.17,1.1777777671813965,0.8987940171128403,0.43837120662990975,1.0,0.0,1.0,0.0,0.0738999992609024,0.4450628459453583,0.5766811966896057,-0.060977935791015625,-0.00930023193359375,0.8400479555130005,0.5430087447166443,0.3377307057380676,-0.17669403553009033,-0.0510961078107357,-1.4070475101470947,-0.03814030438661575,0.0985490083694458,0.01871064119040966,-0.8812094926834106,0.7796443700790405,-0.5068164467811584,0.06069540977478027,-2.4598169326782227,0.8676119446754456,-2.767983913421631,0.014524856582283974,0.1813083440065384,-0.3516792356967926,0.4000000059604645,0.05000000074505806,-0.3100000023841858,0.49000000953674316,-0.20999999344348907,0.0,-0.6246985197067261,-0.0949397087097168,0.40886735916137695,0.8045779466629028,-0.3538070321083069,0.0,2.3607261180877686,2.5286216735839844,-1.6485228538513184,1.96015202999115,-6.64414119720459,12.016437530517578,8.10092544555664,-1.4990792274475098,-9.510107040405273,-1.5356675386428833,6.08754825592041,10.696148872375488,0.018645532429218292,0.08674759417772293,2.0286221504211426,1.190491795539856,1.6664470434188843,1.1822009086608887,146.69906616210938,0.0,0.5,0.0,0.0,0.14849674701690674,0.0,0.793086051940918,0.9970948696136475,0.0,0.0,0.0,0.0,2718.657958984375,0.0
2.18,1.1888890266418457,0.9271841787986937,0.3746057909127832,1.0,0.0,1.0,0.0,0.07832679152488708,0.4527462422847748,0.5754623413085938,-0.07274293899536133,-0.014345645904541016,0.8434673547744751,0.5590466856956482,0.29308104515075684,-0.19522300362586975,-0.6880328059196472,-1.0120892524719238,0.7904009222984314,0.12389818578958511,0.011657542549073696,-0.8694050312042236,0.7782207727432251,-0.5739560127258301,0.1081230640411377,-2.4412050247192383,0.866174042224884,-2.739443778991699,-0.006098950747400522,0.24225245416164398,-0.1622723489999771,0.4000000059604645,0.05000000074505806,-0.3100000023841858,0.49000000953674316,-0.20999999344348907,0.0,-0.6317960619926453,-0.09635921567678452,0.41199028491973877,0.8145145177841187,-0.358349472284317,0.0,2.9476583003997803,-1.725850224494934,1.766167163848877,-0.04783659428358078,-6.4786906242370605,2.410978317260742,8.14699649810791,0.5072328448295593,-5.947927474975586,-3.288320541381836,5.552873611450195,10.657801628112793,0.014036457985639572,0.08521788567304611,1.188128113746643,0.620753288269043,1.1486568450927734,1.3683232069015503,215.39071655273438,0.0,0.5,0.0,0.0,0.1175370067358017,0.0,0.8363015651702881,0.2866574823856354,0.0,0.0,0.0,0.0,1609.412109375,0.0
2.19,1.2000000476837158,0.95105660887834,0.30901670943305387,1.0,0.0,1.0,0.0,0.08139032125473022,0.4586873948574066,0.5735944509506226,-0.07500982284545898,-0.019712448120117188,0.855903148651123,0.57309889793396,0.2760528326034546,-0.2679975628852844,-0.17970749735832214,0.2398625910282135,1.5205211639404297,0.1671367734670639,0.007633456494659185,-0.8762995600700378,0.780510425567627,-0.6427854895591736,0.0684332475066185,-2.4319980144500732,0.862037718296051,-2.67655348777771,-0.02158479392528534,0.1377211958169937,0.03205335885286331,0.4000000059604645,0.05000000074505806,-0.3100000023841858,0.49000000953674316,-0.20999999344348907,0.0,-0.6377642154693604,-0.0975528359413147,0.4146162271499634,0.8228698968887329,-0.362169086933136,0.0,4.176529407501221,0.6904027462005615,-1.5525119304656982,1.4819526672363281,-0.10150742530822754,-3.8175477981567383,8.142584800720215,-1.0952188968658447,-3.102961301803589,-2.4540493488311768,-10.081854820251465,10.720709800720215,0.009195856750011444,0.08460215479135513,0.7526322603225708,0.6826357841491699,0.5215584635734558,1.2993441820144653,225.07269287109375,0.0,0.5,0.0,0.0,0.11140915006399155,0.0,0.8495085835456848,0.009813766926527023,0.0,0.0,0.0,0.0,1688.559326171875,0.0
2.2,1.2111111879348755,0.970295843051086,0.24192142723988433,1.0,0.0,1.0,0.0,0.08349104225635529,0.46240532398223877,0.5710776448249817,-0.0669560432434082,-0.027268409729003906,0.8794180750846863,0.5935388803482056,0.22528193891048431,-0.3128001093864441,-0.7674446702003479,1.0985223054885864,3.081221103668213,0.2124994993209839,0.00023942945699673146,-0.904301643371582,0.7859430313110352,-0.6580617427825928,-0.06901048123836517,-2.434372901916504,0.8618547916412354,-2.579619884490967,-0.036063577979803085,0.03046114183962345,0.22368982434272766,0.4000000059604645,0.05000000074505806,-0.3100000023841858,0.49000000953674316,-0.20999999344348907,0.0,-0.6425739526748657,-0.09851479530334473,0.4167325496673584,0.8296035528182983,-0.36524733901023865,0.0,4.26176643371582,-0.9628283977508545,-3.420438528060913,0.4371210038661957,-0.887049674987793,-11.521818161010742,7.906914234161377,0.27352648973464966,-1.0601694583892822,-2.2861831188201904,-10.101447105407715,10.69556999206543,0.005564749240875244,0.08307957649230957,0.08597058057785034,0.37607160210609436,-0.06574656069278717,0.873734712600708,145.345458984375,0.0,0.5,0.0,0.0,0.12377830594778061,0.0,0.8878052234649658,5.671306091414863e-09,0.0,0.0,0.0,0.0,1511.87353515625,0.0
2.21,1.2222223281860352,0.9848078686252574,0.17364752199146954,1.0,0.0,1.0,0.0,0.08600875735282898,0.4648689925670624,0.5681809782981873,-0.05499696731567383,-0.03757143020629883,0.9116359353065491,0.6047053337097168,0.17221830785274506,-0.3150986433029175,-0.6658497452735901,1.0705883502960205,3.4257497787475586,0.24313966929912567,-0.010847827419638634,-0.9369788765907288,0.774455189704895,-0.6041702032089233,-0.14742088317871094,-2.4332287311553955,0.8683851957321167,-2.460599899291992,-0.04227538779377937,-0.07590640336275101,0.38839447498321533,0.4000000059604645,0.05000000074505806,-0.3100000023841858,0.49000000953674316,-0.20999999344348907,0.0,-0.6462019681930542,-0.09924039244651794,0.4183288812637329,0.8346827626228333,-0.3675692677497864,0.0,2.9831080436706543,1.6216622591018677,-7.036614418029785,3.3253085613250732,-3.3121848106384277,0.9064360857009888,8.212667465209961,0.449347585439682,2.5479960441589355,-1.3599534034729004,-10.121613502502441,10.499753952026367,-0.00029872357845306396,0.08229807764291763,-0.051027122884988785,0.3994584083557129,0.07181602716445923,0.5939338803291321,1654.8037109375,0.0,0.5,0.0,0.0,0.1399843841791153,0.0,0.9219680428504944,6.403935715049158e-11,0.0,0.0,0.0,0.0,1278.4334716796875,0.0
2.22,1.2333333492279053,0.9945219058073734,0.10452836394620228,1.0,0.0,1.0,0.0,0.08984584361314774,0.4680308401584625,0.5667815208435059,-0.04781675338745117,-0.04584550857543945,0.9409565329551697,0.6248152256011963,0.01210880558937788,-0.10898062586784363,-0.5241656303405762,0.206659734249115,2.6823887825012207,0.26146775484085083,-0.005902986042201519,-0.9806911945343018,0.794765055179596,-0.615494966506958,-0.14746306836605072,-2.4545135498046875,0.8860722780227661,-2.374311923980713,-0.041490986943244934,0.0016664707800373435,0.49944671988487244,0.4000000059604645,0.05000000074505806,-0.3100000023841858,0.49000000953674316,-0.20999999344348907,0.0,-0.6486304998397827,-0.09972609579563141,0.41939741373062134,0.8380826711654663,-0.36912351846694946,0.0,0.2837423086166382,0.09717081487178802,-3.0471112728118896,1.095786452293396,-0.9162174463272095,0.40244463086128235,2.830169677734375,2.0435678958892822,-0.9540817141532898,-0.3143315613269806,9.978914260864258,10.061506271362305,-0.00021300837397575378,0.07996569573879242,0.0016933539882302284,0.2938143312931061,0.002451872918754816,0.6177635192871094,611.2211303710938,0.0,0.5,0.0,0.0,0.13985902070999146,0.0,0.9690384864807129,5.627563837151683e-07,0.0,0.0,0.0,0.0,329.9568786621094,0.0
2.23,1.2444446086883545,0.9993908630339692,0.034898465356211134,1.0,0.0,1.0,0.0,0.0946839302778244,0.47127392888069153,0.5663859844207764,-0.04242706298828125,-0.05353975296020508,0.967044472694397,0.6422281861305237,-0.05940034240484238,-0.07082486152648926,-0.6175674200057983,0.5591682195663452,2.619004726409912,0.2681616246700287,-0.010633905418217182,-1.0117062330245972,0.7996707558631897,-0.6238542199134827,-0.14946505427360535,-2.513866662979126,0.9141513109207153,-2.2769951820373535,-0.025549212470650673,-0.02744208462536335,0.36903485655784607,0.4000000059604645,0.05000000074505806,-0.3100000023841858,0.49000000953674316,-0.20999999344348907,0.0,-0.6498477458953857,-0.0999695435166359,0.4199329912662506,0.8397867679595947,-0.36990252137184143,0.0,0.8820323944091797,-0.4113272726535797,-3.392055034637451,0.4526691734790802,-0.8768153190612793,-0.12106636166572571,-5.517157554626465,2.415353298187256,6.722569942474365,0.8537924289703369,-3.808885097503662,-10.220876693725586,-0.0001954883337020874,0.07738073170185089,-0.002753887325525284,0.590139627456665,0.0005506275338120759,1.1064540147781372,390.7068176269531,0.0,0.5,0.0,0.0,0.13420529663562775,0.0,0.9535965919494629,1.1020138117601164e-06,0.0,0.0,0.0,0.0,491.4581298828125,0.0
2.24,1.2555556297302246,0.9993908107539655,-0.034899962471781065,1.0,0.0,1.0,0.0,0.10026635229587555,0.47514471411705017,0.5665280818939209,-0.04091644287109375,-0.059339046478271484,0.9847703576087952,0.6353587508201599,-0.14676138758659363,-0.005833491683006287,-0.4309152364730835,-0.31899234652519226,1.1448941230773926,0.25777873396873474,-0.022421689704060555,-1.02239191532135,0.7934319376945496,-0.6307885646820068,-0.1471298336982727,-2.556532859802246,0.9333813190460205,-2.2262537479400635,-0.029779570177197456,0.02397809736430645,0.21956832706928253,0.4000000059604645,0.05000000074505806,-0.3100000023841858,0.49000000953674316,-0.20999999344348907,0.0,-0.6496955156326294,-0.09993909299373627,0.41986602544784546,0.8395736813545227,-0.36980509757995605,0.0,-2.3424277305603027,-1.6651594638824463,0.462198406457901,-1.2187165021896362,-0.5505034327507019,-0.16472196578979492,-5.1100006103515625,1.6725678443908691,5.853598117828369,-0.40513506531715393,5.101744651794434,-10.3518648147583,-0.00020573288202285767,0.072959303855896,0.001454274053685367,0.6785045266151428,0.01644987054169178,1.384895920753479,347.7699279785156,0.0,0.5,0.0,0.0,0.12506446242332458,0.0,0.9233731627464294,0.0726890042424202,0.0,0.0,0.0,0.0,609.6197509765625,0.0
2.25,1.2666667699813843,0.9945218275138806,-0.1045291088570598,1.0,0.0,1.0,0.0,0.1062876433134079,0.4797184467315674,0.5668696761131287,-0.04381608963012695,-0.06274080276489258,0.9890862107276917,0.6259860992431641,-0.1813281923532486,-0.01737883873283863,-0.15583357214927673,-0.4191338121891022,-0.16520237922668457,0.23668745160102844,-0.03674141317605972,-1.011095404624939,0.7891808152198792,-0.6382126808166504,-0.1644950658082962,-2.637843370437622,0.9420661330223083,-2.217517614364624,-0.026913829147815704,-0.06932736188173294,0.0658654272556305,0.4000000059604645,0.05000000074505806,-0.3100000023841858,0.49000000953674316,-0.20999999344348907,0.0,-0.6472684144973755,-0.09945368021726608,0.4187980890274048,0.836175799369812,-0.3682517409324646,0.0,-2.558380603790283,-0.9024392366409302,2.022122621536255,0.039968907833099365,0.194907546043396,0.28569912910461426,-8.19002914428711,0.030657168477773666,-0.4055442810058594,-0.32211580872535706,-9.662039756774902,-10.45830249786377,0.0009713694453239441,0.07039768248796463,0.05172464996576309,0.8937597274780273,0.027381176128983498,1.73193359375,505.6689147949219,0.0,0.5,0.0,0.0,0.11448495090007782,0.0,0.9070979952812195,0.9468792676925659,0.0,0.0,0.0,0.0,769.751220703125,0.0
2.2600000000000002,1.277777910232544,0.9848076084952826,-0.1736489972611482,1.0,0.0,1.0,0.0,0.11246690154075623,0.48559999465942383,0.5671699643135071,-0.05285453796386719,-0.06200981140136719,0.9790092706680298,0.6141818761825562,-0.20643053948879242,-0.02531486749649048,0.20822101831436157,-1.170743703842163,-1.761782169342041,0.19844350218772888,-0.04462551325559616,-0.9749049544334412,0.7939873933792114,-0.6400405764579773,-0.18353524804115295,-2.722402334213257,0.9429330825805664,-2.250537872314453,-0.023691395297646523,-0.16964787244796753,-0.09997287392616272,0.4000000059604645,0.05000000074505806,-0.3100000023841858,0.49000000953674316,-0.20999999344348907,0.0,-0.6424614787101746,-0.09849229454994202,0.41668304800987244,0.8294460773468018,-0.36517533659935,0.0,-4.737589359283447,-0.45794445276260376,5.062765121459961,0.8439974784851074,0.8908359408378601,-1.8099788427352905,-8.21099853515625,-0.20361050963401794,-4.023595333099365,0.14448323845863342,-9.802586555480957,-10.538385391235352,0.003760889172554016,0.06827349960803986,0.03333994746208191,0.876764714717865,0.049811072647571564,1.7060693502426147,331.75439453125,0.0,0.5,0.0,0.0,0.10296288877725601,0.0,0.894668459892273,0.002013757824897766,0.0,0.0,0.0,0.0,1227.3453369140625,0.0
2.27,1.288888931274414,0.9702956618482642,-0.24192215400504177,1.0,0.0,1.0,0.0,0.11933428794145584,0.4923371374607086,0.5675293803215027,-0.06725788116455078,-0.059828758239746094,0.9578475952148438,0.614791989326477,-0.2188252955675125,-0.032732609659433365,-0.03762960806488991,-1.4193785190582275,-2.499373435974121,0.14871689677238464,-0.0486488901078701,-0.919678807258606,0.8077028393745422,-0.6265069842338562,-0.2058863490819931,-2.795314311981201,0.9429548382759094,-2.3126847743988037,-0.042021676898002625,-0.22297635674476624,-0.23623232543468475,0.4000000059604645,0.05000000074505806,-0.3100000023841858,0.49000000953674316,-0.20999999344348907,0.0,-0.6353683471679688,-0.09707367420196533,0.4135620892047882,0.8195157051086426,-0.36063575744628906,0.0,-5.062709331512451,-0.761547327041626,5.9675140380859375,1.4863332509994507,1.1914786100387573,-4.807354927062988,-8.046467781066895,0.5137984752655029,-5.988931655883789,-2.226440191268921,-4.387580394744873,-10.26525592803955,0.00823953002691269,0.06299383193254471,0.01937844417989254,0.6195098161697388,0.09281440079212189,2.0191030502319336,287.28045654296875,0.0,0.5,0.0,0.0,0.08600974828004837,0.0,0.8850390911102295,3.750072892216849e-06,0.0,0.0,0.0,0.0,781.3651733398438,0.0
2.2800000000000002,1.3000000715255737,0.9510563774202142,-0.3090174217877356,1.0,0.0,1.0,0.0,0.12722425162792206,0.5002560019493103,0.5678707361221313,-0.0882568359375,-0.0558018684387207,0.9290125966072083,0.6145918369293213,-0.22884537279605865,-0.07237187772989273,0.2340887039899826,-2.0275378227233887,-3.391127347946167,0.07305749505758286,-0.05584463104605675,-0.8370999097824097,0.81032395362854,-0.6157105565071106,-0.23278628289699554,-2.812110662460327,0.9458616971969604,-2.4467711448669434,-0.07544475048780441,-0.29801276326179504,-0.3436056971549988,0.4000000059604645,0.05000000074505806,-0.3100000023841858,0.49000000953674316,-0.20999999344348907,0.0,-0.6261270642280579,-0.09522540867328644,0.40949589014053345,0.8065778613090515,-0.3547213077545166,0.0,-7.880943775177002,-0.5812980532646179,9.037102699279785,0.2853849232196808,0.3206746578216553,-2.363664388656616,-4.7490692138671875,0.6421945691108704,-8.378973007202148,-2.6391055583953857,-7.701331615447998,-10.04379653930664,0.01284666359424591,0.05615844577550888,0.04390672594308853,0.6005405187606812,0.12695878744125366,2.1682374477386475,267.34515380859375,0.0,0.5,0.0,0.0,0.06427689641714096,0.0,0.8772151470184326,1.0267126732133036e-10,0.0,0.0,0.0,0.0,708.271240234375,0.0
2.29,1.3111112117767334,0.9271836176276476,-0.3746071798603281,1.0,0.0,1.0,0.0,0.13257822394371033,0.5083572864532471,0.5671238899230957,-0.10366487503051758,-0.04448509216308594,0.9091556668281555,0.5856184363365173,-0.155344620347023,-0.2020951807498932,1.3195252418518066,-1.1324143409729004,-1.365209937095642,0.0586741678416729,-0.013197417370975018,-0.8242257237434387,0.8645128607749939,-0.5426153540611267,-0.09838535636663437,-2.7808032035827637,0.938011884689331,-2.507131338119507,-0.11538251489400864,-0.19702155888080597,-0.25296902656555176,0.4000000059604645,0.05000000074505806,-0.3100000023841858,0.49000000953674316,-0.20999999344348907,0.0,-0.6149173378944397,-0.09298346936702728,0.4045636057853699,0.790884256362915,-0.3475470542907715,0.0,1.496005654335022,5.926299571990967,-1.430736780166626,6.233936786651611,4.458388328552246,10.269465446472168,4.636336803436279,-0.8642623424530029,-1.5815365314483643,-2.6805593967437744,10.031624794006348,7.72531795501709,0.0190284326672554,0.04869494587182999,1.1714849472045898,-0.20902566611766815,1.0795433521270752,1.2305082082748413,45.78776168823242,0.0,0.5,0.0,0.0,0.05368593707680702,0.0,0.9390139579772949,0.024050576612353325,0.0,0.0,0.0,0.0,1449.32470703125,0.0
2.3000000000000003,1.322222352027893,0.898793688766393,-0.43837187983913856,1.0,0.0,0.0,0.0,0.13464927673339844,0.5163410305976868,0.5654990673065186,-0.10933399200439453,-0.024941444396972656,0.90422123670578,0.5985447764396667,-0.14403481781482697,-0.26295557618141174,2.4335713386535645,-0.15076929330825806,0.25636982917785645,0.07191742956638336,0.04844889044761658,-0.8787257075309753,0.8825592994689941,-0.5873452425003052,0.09722357988357544,-2.7578275203704834,0.9255569577217102,-2.4665205478668213,-0.1258769929409027,-0.08924948424100876,-0.07426386326551437,0.4000000059604645,0.05000000074505806,-0.3100000023841858,0.49000000953674316,-0.20999999344348907,0.0,-0.6019575595855713,-0.09039151668548584,0.3988613188266754,0.7727406024932861,-0.3392528295516968,0.0,1.3480714559555054,5.521947383880615,-6.81972074508667,0.16875094175338745,-4.639840126037598,12.080031394958496,8.099020004272461,-1.496695876121521,-4.932956218719482,-1.7444814443588257,10.028875350952148,10.589553833007812,0.016745325177907944,0.04065443575382233,1.400783658027649,-0.7116215229034424,2.281256675720215,1.1305735111236572,0.6570835113525391,0.0,0.5,0.0,0.0,0.054433416575193405,0.0,0.9409040212631226,0.8768222332000732,0.0,0.0,0.0,0.0,2870.82373046875,0.0
2.31,1.3333334922790527,0.8660249044413022,-0.5000008648866852,1.0,0.0,1.0,1.0,0.13490885496139526,0.5244537591934204,0.5637416839599609,-0.11067819595336914,-0.0030660629272460938,0.9110406041145325,0.5850704312324524,-0.028099797666072845,-0.2120574414730072,2.321202516555786,-0.07305389642715454,1.0900895595550537,0.07549561560153961,0.06513053923845291,-0.9057459831237793,0.8734163641929626,-0.584587574005127,0.10007866472005844,-2.709935426712036,0.9089407324790955,-2.50795578956604,-0.10195295512676239,-0.06197090074419975,0.07591412961483002,0.4000000059604645,0.05000000074505806,-0.3100000023841858,0.49000000953674316,-0.20999999344348907,0.0,-0.587499737739563,-0.0874999463558197,0.3924998939037323,0.7524996399879456,-0.32999980449676514,0.0,-0.02964400127530098,0.46992969512939453,-1.162271499633789,-0.9699049592018127,1.9711989164352417,2.4259588718414307,5.970772743225098,-2.1955740451812744,-5.9445881843566895,3.947657823562622,-1.2259397506713867,14.825104713439941,0.016887404024600983,0.03778018802404404,-0.7579520344734192,0.251575767993927,1.4724417924880981,0.1788327395915985,120.47660827636719,1132.4140625,0.5,0.0,0.0,0.05576131120324135,0.0,0.9840750098228455,0.0928666740655899,0.0,0.0,0.0,0.0,1120.938232421875,0.0
2.32,1.3444445133209229,0.8290373305565868,-0.559193262248043,1.0,0.0,0.0,1.0,0.13140320777893066,0.5327343344688416,0.5617483854293823,-0.10480499267578125,0.024691468104720116,0.9225777983665466,0.5584549903869629,0.07854388654232025,-0.2780015468597412,3.311718463897705,1.0554002523422241,1.1490235328674316,0.08723074197769165,0.08500003814697266,-0.9399467706680298,0.8664045929908752,-0.5816748738288879,-0.0034898582380264997,-2.682802677154541,0.8702976703643799,-2.5134897232055664,-0.07068776339292526,-0.06959716975688934,0.2084973305463791,0.4000000059604645,0.05000000074505806,-0.3100000023841858,0.49000000953674316,-0.20999999344348907,0.0,-0.5718256235122681,-0.0843651294708252,0.38560327887535095,0.7305558919906616,-0.31996840238571167,0.0,1.9281164407730103,3.10925555229187,-4.621664524078369,-1.1511937379837036,-0.012999007478356361,-10.017016410827637,8.075138092041016,-5.640144348144531,-4.390430450439453,2.1721620559692383,-3.298922061920166,11.540237426757812,0.018672682344913483,0.03915496915578842,-0.5053161978721619,0.5049511790275574,1.4108970165252686,0.4182069003582001,0.0,354.7012023925781,0.5,0.0,0.0,0.05891318619251251,0.0,0.9810103178024292,0.07132487744092941,0.0,0.0,0.0,0.0,1685.289794921875,0.0
2.33,1.3555556535720825,0.7880103744477579,-0.6156619606266936,1.0,0.0,0.0,1.0,0.12586252391338348,0.5388803482055664,0.5593540072441101,-0.0888371467590332,0.051401712000370026,0.9389612078666687,0.552029013633728,0.07903461158275604,-0.29316020011901855,2.4912495613098145,2.0832929611206055,1.938576102256775,0.13871030509471893,0.09528137743473053,-0.9762292504310608,0.8385051488876343,-0.5710674524307251,-0.02431194856762886,-2.618424892425537,0.8265887498855591,-2.5028045177459717,-0.05655202269554138,-0.1217290461063385,0.1231255903840065,0.4000000059604645,0.05000000074505806,-0.3100000023841858,0.49000000953674316,-0.20999999344348907,0.0,-0.5552401542663574,-0.08104802668094635,0.37830567359924316,0.7073361873626709,-0.30935367941856384,0.0,7.767480850219727,0.2639663517475128,-3.8890554904937744,-3.396261692047119,0.3298812806606293,-1.4250946044921875,7.957533359527588,-4.2840142250061035,-0.4649295508861542,0.9152284860610962,-5.359739780426025,-7.639565944671631,0.015858732163906097,0.039570681750774384,0.017643092200160027,0.4990164339542389,1.9326938390731812,0.7666686773300171,0.0,258.2174377441406,0.5,0.0,0.0,0.06511446088552475,0.0,0.9822524189949036,0.0005442211986519396,0.0,0.0,0.0,0.0,1111.992431640625,0.0
2.34,1.3666667938232422,0.743144290876379,-0.6691312000929592,1.0,0.0,1.0,1.0,0.1206144317984581,0.5427157282829285,0.5567401051521301,-0.06760692596435547,0.07123264670372009,0.9585175514221191,0.5492920875549316,0.10383215546607971,-0.3167279064655304,2.0137970447540283,2.4461379051208496,1.6976138353347778,0.1922602653503418,0.09076564759016037,-1.0001863241195679,0.8054909706115723,-0.5191823244094849,-0.13991960883140564,-2.605332374572754,0.7971062064170837,-2.4811739921569824,-0.03976423293352127,-0.1718350052833557,0.046945806592702866,0.4000000059604645,0.05000000074505806,-0.3100000023841858,0.49000000953674316,-0.20999999344348907,0.0,-0.5380658507347107,-0.07761316746473312,0.37074896693229675,0.6832921504974365,-0.298362135887146,0.0,3.6050846576690674,-0.525996744632721,-1.3826020956039429,-2.8221595287323,2.665102958679199,-10.195930480957031,8.023662567138672,-3.2151522636413574,-9.799092292785645,1.8748526573181152,-1.0820083618164062,4.528687000274658,0.012907039374113083,0.03872745484113693,-1.2294631004333496,0.11464287340641022,0.2924764156341553,0.15286612510681152,49.64133834838867,300.56585693359375,0.5,0.0,0.0,0.0710827186703682,0.0,0.9739243984222412,0.003139205975458026,0.0,0.0,0.0,0.0,1011.5607299804688,0.0
2.35,1.3777779340744019,0.6946576640377365,-0.7193404825210626,1.0,0.0,1.0,1.0,0.11516037583351135,0.5462827086448669,0.554244875907898,-0.046057701110839844,0.09012801200151443,0.973882257938385,0.5395434498786926,0.1417681723833084,-0.29036563634872437,2.007122278213501,2.1814661026000977,1.0690910816192627,0.2125760316848755,0.09343314915895462,-1.0131828784942627,0.7756263017654419,-0.5480544567108154,-0.23890621960163116,-2.6151671409606934,0.7629330158233643,-2.46832013130188,-0.022386688739061356,-0.18645785748958588,0.07852545380592346,0.4000000059604645,0.05000000074505806,-0.3100000023841858,0.49000000953674316,-0.20999999344348907,0.0,-0.5206372141838074,-0.0741274431347847,0.36308038234710693,0.6588920950889587,-0.28720778226852417,0.0,1.3700320720672607,1.0591925382614136,-0.8632087111473083,-2.9791314601898193,-3.8334789276123047,-3.0938117504119873,7.593386173248291,-3.7747480869293213,-7.622673034667969,1.6842845678329468,-1.5947399139404297,6.172092437744141,0.010724008083343506,0.04016803950071335,-0.6401335597038269,0.1975865662097931,0.050590142607688904,0.2568800747394562,245.572021484375,319.01239013671875,0.5,0.0,0.0,0.06695816665887833,0.0,0.9576012492179871,0.10168133676052094,0.0,0.0,0.0,0.0,824.72314453125,0.0
2.36,1.3888890743255615,0.6427867171424603,-0.7660451920514996,1.0,0.0,1.0,1.0,0.11005128175020218,0.5496420860290527,0.5521361827850342,-0.02561187744140625,0.1065421998500824,0.9909584522247314,0.5456148386001587,0.16887037456035614,-0.2639238238334656,1.5501620769500732,2.2790892124176025,1.7232155799865723,0.22595848143100739,0.10105770081281662,-1.0323926210403442,0.7414017915725708,-0.5529545545578003,-0.1639888882637024,-2.6581027507781982,0.7375645041465759,-2.3886380195617676,-0.0066606830805540085,-0.21535220742225647,-0.013657947070896626,0.4000000059604645,0.05000000074505806,-0.3100000023841858,0.49000000953674316,-0.20999999344348907,0.0,-0.5032937526702881,-0.07065874338150024,0.35544922947883606,0.634611189365387,-0.2761079668998718,0.0,1.6317722797393799,0.7688857913017273,-2.804327964782715,-3.5062873363494873,-1.1423050165176392,5.5653886795043945,-1.3246773481369019,-2.5598864555358887,2.7316739559173584,1.312142252922058,-1.237606406211853,-0.7423938512802124,0.007170144468545914,0.04074018448591232,-0.550183117389679,0.12140089273452759,0.40280789136886597,0.39040282368659973,104.39896392822266,330.3114318847656,0.5,0.0,0.0,0.056879084557294846,0.0,0.9406390190124512,0.002634810982272029,0.0,0.0,0.0,0.0,348.4044189453125,0.0
2.37,1.4000000953674316,0.5877847675202865,-0.8090173465823355,1.0,0.0,1.0,1.0,0.10556522011756897,0.5534664988517761,0.5502464175224304,-0.009555339813232422,0.12106133997440338,1.010652780532837,0.5300921201705933,0.1962853968143463,-0.2552684247493744,1.4265412092208862,1.5885703563690186,1.7562780380249023,0.22889071702957153,0.10444411635398865,-1.0441575050354004,0.6922886371612549,-0.5824476480484009,-0.17203636467456818,-2.7205700874328613,0.714259147644043,-2.3008267879486084,0.009285547770559788,-0.22432628273963928,-0.012699945829808712,0.4000000059604645,0.05000000074505806,-0.3100000023841858,0.49000000953674316,-0.20999999344348907,0.0,-0.486372709274292,-0.0672745406627655,0.34800398349761963,0.6109218001365662,-0.26527851819992065,0.0,-0.2099890261888504,0.42862117290496826,-0.4622142016887665,-5.0340118408203125,-2.913417339324951,0.27162134647369385,-3.3471033573150635,-2.152909278869629,5.352787494659424,2.0567965507507324,-1.9979100227355957,3.837233066558838,0.0014839023351669312,0.042607083916664124,-0.12950550019741058,0.24582484364509583,-0.0456346794962883,0.4339996576309204,59.98672866821289,283.0832824707031,0.5,0.0,0.0,0.04543356969952583,0.0,0.9241628050804138,0.002093276008963585,0.0,0.0,0.0,0.0,361.48114013671875,0.0
2.38,1.4111112356185913,0.5299186008019895,-0.8480485107138988,1.0,0.0,1.0,1.0,0.10100007802248001,0.5585331916809082,0.5491536855697632,0.00023145601153373718,0.13801394402980804,1.031301498413086,0.48824694752693176,0.18555572628974915,-0.10568670183420181,1.8608412742614746,0.9186400175094604,1.834552526473999,0.23396354913711548,0.13426774740219116,-1.0573394298553467,0.6837567090988159,-0.5837496519088745,-0.15699072182178497,-2.7733445167541504,0.6893017888069153,-2.213838815689087,0.02872002124786377,-0.21759553253650665,0.07657556235790253,0.4000000059604645,0.05000000074505806,-0.3100000023841858,0.49000000953674316,-0.20999999344348907,0.0,-0.47020334005355835,-0.0640406683087349,0.34088945388793945,0.5882846713066101,-0.2549301087856293,0.0,0.23818734288215637,3.7696352005004883,-1.554481863975525,-0.009181492030620575,0.9218840003013611,0.49516987800598145,-2.476877450942993,-2.4239869117736816,7.6064581871032715,2.336519956588745,1.5701632499694824,10.829292297363281,-0.0002080760896205902,0.04594143480062485,-0.007331449538469315,0.3384251296520233,0.004041503183543682,0.7354825735092163,470.49078369140625,269.86419677734375,0.5,0.0,0.0,0.03307788074016571,0.0,0.9331977367401123,0.0011931410990655422,0.0,0.0,0.0,0.0,762.1904296875,0.0
2.39,1.422222375869751,0.4694707103916907,-0.8829480460844348,1.0,0.0,1.0,1.0,0.09684953093528748,0.5654750466346741,0.5496467351913452,0.0008557141991332173,0.15876443684101105,1.0524929761886597,0.4735890030860901,0.18383626639842987,-0.021536286920309067,2.1879193782806396,0.08310991525650024,2.1367812156677246,0.22259648144245148,0.16790840029716492,-1.0639945268630981,0.6727135181427002,-0.5666276216506958,-0.14557872712612152,-2.82548189163208,0.6713014841079712,-2.089540719985962,0.061101581901311874,-0.19245879352092743,0.20676526427268982,0.4000000059604645,0.05000000074505806,-0.3100000023841858,0.49000000953674316,-0.20999999344348907,0.0,-0.4551007151603699,-0.0610201433300972,0.3342443108558655,0.5671409964561462,-0.2452644407749176,0.0,-1.6366803646087646,2.6648898124694824,0.18229719996452332,-1.888087511062622,1.0259265899658203,0.29904210567474365,-3.386111259460449,-1.0490187406539917,11.934627532958984,4.7847514152526855,0.45634162425994873,12.78201675415039,-0.00015978515148162842,0.05010022968053818,-0.15642745792865753,0.3444657623767853,0.1113150417804718,1.0915489196777344,185.68467712402344,514.4660034179688,0.5,0.0,0.0,0.02238589897751808,0.0,0.9333391785621643,0.00010818496957654133,0.0,0.0,0.0,0.0,1147.732177734375,0.0
2.4,1.433333396911621,0.4067362781379607,-0.913545620123308,1.0,0.0,0.0,1.0,0.09305375814437866,0.573433518409729,0.5505792498588562,-0.00408935546875,0.17932739853858948,1.0739203691482544,0.47641128301620483,0.21925237774848938,-0.012966439127922058,1.9217517375946045,-0.23721861839294434,2.0937650203704834,0.21435721218585968,0.1701723039150238,-1.061273217201233,0.6527724862098694,-0.527738094329834,-0.15894833207130432,-2.833867073059082,0.6714137196540833,-1.9972127676010132,0.11527884006500244,-0.15374036133289337,0.3896782398223877,0.4000000059604645,0.05000000074505806,-0.3100000023841858,0.49000000953674316,-0.20999999344348907,0.0,-0.4413585960865021,-0.05827171728014946,0.32819777727127075,0.5479020476341248,-0.23646947741508484,0.0,-0.6048740744590759,-0.47620588541030884,0.28068971633911133,-2.0234174728393555,4.3764801025390625,-0.9731073975563049,-1.4059581756591797,1.2618913650512695,12.304853439331055,8.87292766571045,-3.992034912109375,8.385382652282715,0.0033022835850715637,0.053245238959789276,-1.2077579498291016,0.5813174843788147,0.9694209098815918,1.2497172355651855,0.0,1240.6600341796875,0.5,0.0,0.0,0.015046335756778717,0.0,0.9073236584663391,0.0001556806091684848,0.0,0.0,0.0,0.0,1349.0255126953125,0.0
2.41,1.4444446563720703,0.3420188920489531,-0.9396930762124444,1.0,0.0,1.0,1.0,0.08890700340270996,0.581787109375,0.5518711805343628,-0.008128166198730469,0.19912444055080414,1.0844942331314087,0.4918762445449829,0.29197195172309875,-0.013882584869861603,2.000420570373535,-0.17636066675186157,0.46690604090690613,0.20241470634937286,0.1656138300895691,-1.0332462787628174,0.6237647533416748,-0.5053245425224304,-0.1030055359005928,-2.854508399963379,0.6630319356918335,-1.8734642267227173,0.16144517064094543,-0.14410808682441711,0.520551860332489,0.4000000059604645,0.05000000074505806,-0.3100000023841858,0.49000000953674316,-0.20999999344348907,0.0,-0.42924413084983826,-0.055848825722932816,0.32286742329597473,0.5309417843818665,-0.22871622443199158,0.0,-1.652073621749878,-0.2599222958087921,3.5528337955474854,-3.2504794597625732,2.149939775466919,5.261453151702881,-1.3353641033172607,-1.6472220420837402,11.675629615783691,3.0278923511505127,2.3724570274353027,11.530675888061523,0.0060384199023246765,0.05904790759086609,-0.8363596796989441,0.2660471498966217,0.6527751088142395,1.3021888732910156,78.11573028564453,229.61563110351562,0.5,0.0,0.0,0.010353988036513329,0.0,0.8431357741355896,0.6466161608695984,0.0,0.0,0.0,0.0,954.2728881835938,0.0
2.42,1.4555556774139404,0.2756366198184286,-0.9612619069822081,1.0,0.0,1.0,1.0,0.08444727957248688,0.5903729796409607,0.5533500909805298,-0.010345935821533203,0.2178463637828827,1.0839532613754272,0.49228253960609436,0.3517214059829712,-0.022631678730249405,1.7623090744018555,-0.30280306935310364,-0.2890944480895996,0.18204469978809357,0.16566836833953857,-0.9967291355133057,0.5949848890304565,-0.4664573073387146,-0.11611757427453995,-2.8635377883911133,0.6468420624732971,-1.762060284614563,0.1860954612493515,-0.11553166806697845,0.6172817349433899,0.4000000059604645,0.05000000074505806,-0.3100000023841858,0.49000000953674316,-0.20999999344348907,0.0,-0.41899392008781433,-0.05379877984523773,0.31835731863975525,0.516591489315033,-0.2221560925245285,0.0,-2.603008985519409,0.2451038509607315,4.041202545166016,-2.818495273590088,3.75260066986084,-0.6853993535041809,-0.3755784034729004,-1.700021505355835,10.690244674682617,1.8327686786651611,3.524304151535034,7.507336616516113,0.008114434778690338,0.06336958706378937,-0.6723500490188599,0.11614318937063217,0.2285435050725937,1.3206640481948853,75.82105255126953,247.5635986328125,0.5,0.0,0.0,0.007371445186436176,0.0,0.7807229161262512,0.8460716605186462,0.0,0.0,0.0,0.0,438.859375,0.0
2.43,1.4666666984558105,0.20791149544540746,-0.9781476422614608,1.0,0.0,1.0,1.0,0.0801222026348114,0.5987899899482727,0.5547486543655396,-0.011210441589355469,0.23376382887363434,1.0796747207641602,0.4987201392650604,0.3985927402973175,-0.050479043275117874,1.45303475856781,-0.09367969632148743,-0.4766523241996765,0.15703527629375458,0.17032335698604584,-0.9650509357452393,0.5692892670631409,-0.44769486784935,-0.08984711021184921,-2.8633501529693604,0.6341549754142761,-1.660362958908081,0.20483504235744476,-0.0749402567744255,0.6967297196388245,0.4000000059604645,0.05000000074505806,-0.3100000023841858,0.49000000953674316,-0.20999999344348907,0.0,-0.410806804895401,-0.052161358296871185,0.31475499272346497,0.5051295161247253,-0.21691633760929108,0.0,-2.3698084354400635,0.5587552785873413,2.666987895965576,-2.508817434310913,1.7848713397979736,2.3774755001068115,-0.03212452679872513,-1.0048565864562988,9.790999412536621,1.8504170179367065,4.429248332977295,5.883812427520752,0.009527795016765594,0.06596376746892929,-0.50356525182724,-0.07237304747104645,0.33156317472457886,1.238616704940796,23.448015213012695,233.6680450439453,0.5,0.0,0.0,0.005607302766293287,0.0,0.7277806401252747,0.6348320245742798,0.0,0.0,0.0,0.0,293.1686706542969,0.0
2.44,1.4777779579162598,0.13917198013153623,-0.9902682262631004,1.0,0.0,1.0,1.0,0.07549667358398438,0.6067531704902649,0.5559563636779785,-0.009479045867919922,0.24796397984027863,1.0755271911621094,0.5048587918281555,0.4447194039821625,-0.08673695474863052,1.3892769813537598,0.21866583824157715,-0.46191638708114624,0.13599279522895813,0.18058688938617706,-0.9471920132637024,0.5430905818939209,-0.4650516211986542,-0.004640765022486448,-2.866063356399536,0.6272645592689514,-1.5630475282669067,0.22600360214710236,-0.024337511509656906,0.7667027115821838,0.4000000059604645,0.05000000074505806,-0.3100000023841858,0.49000000953674316,-0.20999999344348907,0.0,-0.40484216809272766,-0.050968434661626816,0.31213054060935974,0.49677905440330505,-0.21309897303581238,0.0,-1.7017147541046143,1.337063193321228,1.212904453277588,-2.7346761226654053,-2.117527723312378,6.87706995010376,-0.2659336030483246,-0.5731217861175537,9.384750366210938,2.115666389465332,5.137066841125488,5.353943347930908,0.009788639843463898,0.06721454858779907,-0.0619744136929512,-0.282835990190506,0.5202341079711914,1.2196882963180542,6.327429294586182,235.02288818359375,0.5,0.0,0.0,0.004523510113358498,0.0,0.6732773780822754,0.6526374816894531,0.0,0.0,0.0,0.0,390.75994873046875,0.0
2.45,1.4888889789581299,0.06975590920093978,-0.9975640897363689,1.0,1.0,0.0,1.0,0.07034577429294586,0.614069402217865,0.557041347026825,-0.003117084503173828,0.26046043634414673,1.0683188438415527,0.514003574848175,0.509651243686676,-0.10811339318752289,1.1479401588439941,0.5034099817276001,-0.9772400259971619,0.12383197247982025,0.1900060623884201,-0.9283973574638367,0.5073362588882446,-0.46495553851127625,-0.04807587340474129,-2.861790180206299,0.6195690035820007,-1.4953447580337524,0.2421862632036209,0.03684571012854576,0.7768809795379639,0.4000000059604645,0.05000000074505806,-0.3100000023841858,0.49000000953674316,-0.20999999344348907,0.0,-0.4000000059604645,-0.05000000074505806,0.3100000023841858,0.49000000953674316,-0.20999999344348907,0.0,-1.04606032371521,0.9810839891433716,2.2043561935424805,-3.583550214767456,-0.06420518457889557,-3.5488317012786865,0.17352715134620667,-0.7104288339614868,5.302093029022217,1.5851809978485107,5.784668922424316,1.1955621242523193,0.008207686245441437,0.06781665980815887,0.18987087905406952,-0.5068948268890381,0.2480086088180542,0.6868064999580383,0.0,318.1366882324219,0.5,0.0,0.0,0.002953200601041317,0.0,0.5945913791656494,0.1480809599161148,0.0,0.0,0.0,0.0,391.0354919433594,0.0
2.46,1.5000001192092896,-7.490140557442546e-07,-0.9999999999997194,1.0,1.0,1.0,1.0,0.06441152095794678,0.6203916668891907,0.5580280423164368,0.009493396617472172,0.2700340449810028,1.0593374967575073,0.5215972065925598,0.6101948022842407,-0.11919891089200974,0.7863980531692505,1.1622475385665894,-1.1163963079452515,0.12800286710262299,0.20347625017166138,-0.9120392203330994,0.4836496114730835,-0.49820753931999207,0.01898016966879368,-2.8473901748657227,0.6031420230865479,-1.4901432991027832,0.24076828360557556,0.09512970596551895,0.6565698385238647,0.4000000059604645,0.05000000074505806,-0.3100000023841858,0.49000000953674316,-0.20999999344348907,0.0,-0.4000000059604645,-0.05000000074505806,0.3100000023841858,0.49000000953674316,-0.20999999344348907,0.0,0.9395927786827087,1.0718157291412354,1.2012128829956055,-1.8194440603256226,-2.74383282661438,3.5438714027404785,1.094079852104187,-1.3487836122512817,-1.0330021381378174,-0.028202086687088013,7.964137554168701,-9.83328628540039,0.00673568993806839,0.06890076398849487,0.03877025470137596,-0.6235032081604004,0.502104640007019,0.04885110631585121,45.036556243896484,426.5947570800781,0.5,0.0,0.0,0.0024647368118166924,0.0,0.4744456112384796,0.08268794417381287,0.0,0.0,0.0,0.0,983.2781982421875,0.0
2.47,1.5111112594604492,-0.06975740357991274,-0.9975639852389365,1.0,1.0,0.0,1.0,0.05768211930990219,0.6256148815155029,0.5591140985488892,0.027696410194039345,0.2768765687942505,1.050313949584961,0.5053017735481262,0.688858687877655,-0.13430249691009521,0.5994361639022827,1.6768288612365723,-1.3623143434524536,0.1412518322467804,0.2102666199207306,-0.9049727916717529,0.47336405515670776,-0.4829532504081726,-0.02098831534385681,-2.820391893386841,0.5900651216506958,-1.5431013107299805,0.23829667270183563,0.18475216627120972,0.4987887144088745,0.4000000059604645,0.05000000074505806,-0.3100000023841858,0.49000000953674316,-0.20999999344348907,0.0,-0.4000000059604645,-0.05000000074505806,0.3100000023841858,0.49000000953674316,-0.20999999344348907,0.0,1.232469916343689,0.28602513670921326,0.930726945400238,-0.9338704943656921,0.413088858127594,-2.361544132232666,2.89851450920105,-0.9117562770843506,-5.9708685874938965,0.8113114833831787,10.624756813049316,-10.739062309265137,0.007566541433334351,0.0700000748038292,-0.7229103446006775,-0.8077179193496704,0.18020851910114288,-0.34103840589523315,0.0,624.9008178710938,0.5,0.0,0.0,0.0021216284949332476,0.0,0.38708585500717163,0.024433482438325882,0.0,0.0,0.0,0.0,1210.742431640625,0.0
2.48,1.5222223997116089,-0.1391742053056483,-0.9902679135352922,0.0,1.0,0.0,1.0,0.050322920083999634,0.6300139427185059,0.5599995851516724,0.04968070611357689,0.28112781047821045,1.0411896705627441,0.4751245379447937,0.7519326210021973,-0.1702681928873062,0.3537476062774658,1.9810562133789062,-1.4828245639801025,0.15291784703731537,0.21219030022621155,-0.8989997506141663,0.46559303998947144,-0.45141226053237915,-0.062214720994234085,-2.785111427307129,0.5787850022315979,-1.6096206903457642,0.23664933443069458,0.28336086869239807,0.3129017651081085,0.36520645022392273,0.04304128885269165,-0.2946908473968506,0.4412890374660492,-0.18773211538791656,0.0,-0.4000000059604645,-0.05000000074505806,0.3100000023841858,0.49000000953674316,-0.20999999344348907,0.0,0.7594627141952515,0.06294675171375275,0.4113807678222656,-0.5294221639633179,2.5408036708831787,-2.9409191608428955,4.810075283050537,-0.7751396894454956,-8.420031547546387,0.09979577362537384,8.188514709472656,-14.2291259765625,0.008821658790111542,0.07137659192085266,-1.1364030838012695,-1.0382678508758545,-0.20549358427524567,-0.3420376181602478,0.0,376.70770263671875,0.5,0.0,0.0,0.001796540804207325,0.0,0.32237398624420166,0.012307614088058472,0.0,0.0,0.0,0.0,1325.9857177734375,0.0
2.49,1.533333420753479,-0.20791222809168317,-0.9781474865325537,0.0,1.0,0.0,1.0,0.043116480112075806,0.6344099044799805,0.5605832934379578,0.07006025314331055,0.28292614221572876,1.0342841148376465,0.4573867619037628,0.7793111801147461,-0.19777798652648926,0.11083301156759262,1.6800087690353394,-1.0850188732147217,0.15004794299602509,0.20947542786598206,-0.8910666108131409,0.4508748948574066,-0.4285627603530884,-0.015585226006805897,-2.7653660774230957,0.5781072974205017,-1.6494102478027344,0.2414248138666153,0.3899620771408081,0.1307085007429123,0.34802189469337463,0.03960438072681427,-0.28712964057922363,0.41723066568374634,-0.17673400044441223,0.0,-0.4000000059604645,-0.05000000074505806,0.3100000023841858,0.49000000953674316,-0.20999999344348907,0.0,-0.40066710114479065,-0.3064429461956024,0.6885108351707458,-1.4644403457641602,1.6722062826156616,3.439100980758667,2.4033563137054443,0.07298292964696884,-3.762860059738159,0.43773844838142395,9.274436950683594,-11.433887481689453,0.009466469287872314,0.0715557336807251,-1.0530483722686768,-1.0612149238586426,-0.22308769822120667,-0.14422646164894104,0.0,195.32374572753906,0.5,0.0,0.0,0.0016055040759965777,0.0,0.2957373261451721,0.09493792802095413,0.0,0.0,0.0,0.0,729.8215942382812,0.0
2.5,1.5444445610046387,-0.2756380598154801,-0.961261494069724,0.0,1.0,0.0,1.0,0.036448605358600616,0.6380923986434937,0.5607343316078186,0.09028416126966476,0.28047576546669006,1.0306599140167236,0.44513770937919617,0.7977136373519897,-0.214069202542305,-0.43192464113235474,1.939900517463684,-0.7315510511398315,0.1565394550561905,0.20426014065742493,-0.8844521641731262,0.44119662046432495,-0.4022538661956787,-0.01593666709959507,-2.7265405654907227,0.5909862518310547,-1.6856014728546143,0.2595472037792206,0.4972690939903259,-0.018613701686263084,0.33109036087989807,0.0362180694937706,-0.2796797454357147,0.39352649450302124,-0.16589781641960144,0.0,-0.4000000059604645,-0.05000000074505806,0.3100000023841858,0.49000000953674316,-0.20999999344348907,0.0,1.0972257852554321,-0.5968833565711975,0.6777940392494202,-0.8557723164558411,2.433722496032715,0.5108569264411926,4.573327541351318,1.6416358947753906,-3.0675816535949707,2.040421962738037,10.228289604187012,-10.73464298248291,0.009229108691215515,0.07099606841802597,-0.8450472354888916,-0.9877244830131531,-0.24295051395893097,0.14906160533428192,0.0,149.42857360839844,0.5,0.0,0.0,0.0015151227125898004,0.0,0.2783951461315155,0.3428940176963806,0.0,0.0,0.0,0.0,723.1785278320312,0.0
2.5100000000000002,1.5555557012557983,-0.3420210035780581,-0.9396923076791988,0.0,1.0,1.0,1.0,0.03036613017320633,0.6410149335861206,0.5605161190032959,0.11046751588582993,0.27379560470581055,1.030637264251709,0.4373124837875366,0.8214113116264343,-0.22227205336093903,-0.8049527406692505,1.9611233472824097,-0.43167781829833984,0.17080260813236237,0.20198829472064972,-0.8869300484657288,0.44044432044029236,-0.41259634494781494,0.004312927834689617,-2.6790082454681396,0.6198644638061523,-1.6718693971633911,0.2954389154911041,0.6087233424186707,-0.06300947815179825,0.3144947588443756,0.032898951321840286,-0.27237769961357117,0.37029266357421875,-0.15527664124965668,0.0,-0.4000000059604645,-0.05000000074505806,0.3100000023841858,0.49000000953674316,-0.20999999344348907,0.0,1.6818567514419556,-0.05048859119415283,-0.5091920495033264,-0.0144679369404912,-2.229311943054199,1.607534646987915,6.163301467895508,3.137294054031372,0.8739984035491943,3.8522188663482666,10.453253746032715,-3.0355544090270996,0.008039146661758423,0.06964565813541412,-0.4437982738018036,-0.9136478900909424,-0.24109049141407013,0.6186900734901428,52.18589782714844,154.65966796875,0.5,0.0,0.0,0.001502883736975491,0.0,0.2573566436767578,0.6888777613639832,0.0,0.0,0.0,0.0,650.4725341796875,0.0
2.52,1.5666667222976685,-0.40673696239635626,-0.9135453154718625,0.0,1.0,1.0,1.0,0.024520687758922577,0.6434376239776611,0.5602426528930664,0.1306227594614029,0.26456788182258606,1.0339910984039307,0.43526747822761536,0.8584883809089661,-0.18868106603622437,-1.0683599710464478,2.113345146179199,-0.018414288759231567,0.18849658966064453,0.20371241867542267,-0.9101499915122986,0.4378524124622345,-0.4760100543498993,0.039934515953063965,-2.605470657348633,0.6528932452201843,-1.6407995223999023,0.3313376009464264,0.7139356732368469,0.06310077011585236,0.29831573367118835,0.029663143679499626,-0.26525890827178955,0.3476420044898987,-0.14492204785346985,0.0,-0.4000000059604645,-0.05000000074505806,0.3100000023841858,0.49000000953674316,-0.20999999344348907,0.0,2.609121561050415,0.11789819598197937,-2.8474221229553223,0.0015561515465378761,-5.401711463928223,-3.8022689819335938,7.5763139724731445,3.4355616569519043,2.821958303451538,3.5856432914733887,9.654765129089355,10.088702201843262,0.005366533994674683,0.06614536792039871,-0.0810384750366211,-1.0018589496612549,-0.04945923760533333,0.8133900165557861,273.65814208984375,176.8732147216797,0.5,0.0,0.0,0.0015140499453991652,0.0,0.227095365524292,0.9993220567703247,0.0,0.0,0.0,0.0,965.1792602539062,0.0
2.5300000000000002,1.5777779817581177,-0.46947269441199835,-0.8829469911617222,0.0,1.0,1.0,1.0,0.01956077665090561,0.6455424427986145,0.5599470734596252,0.14955194294452667,0.25112804770469666,1.0387428998947144,0.43735039234161377,0.8726752996444702,-0.17610809206962585,-1.682045340538025,1.8241503238677979,-0.049624405801296234,0.21289792656898499,0.2007381021976471,-0.9314678907394409,0.4404103755950928,-0.4335041344165802,-0.07036394625902176,-2.5383987426757812,0.692661702632904,-1.5879991054534912,0.3635513484477997,0.8220064043998718,0.20587345957756042,0.28263166546821594,0.026526331901550293,-0.2583579421043396,0.3256843388080597,-0.13488426804542542,0.0,-0.4000000059604645,-0.05000000074505806,0.3100000023841858,0.49000000953674316,-0.20999999344348907,0.0,2.1216046810150146,-0.6240594983100891,-1.790220022201538,0.5355817079544067,-0.05654078722000122,-7.817286491394043,7.818841457366943,4.139657497406006,3.2416913509368896,2.872171640396118,11.169416427612305,10.838282585144043,0.0024601928889751434,0.060857221484184265,-0.2574153542518616,-1.1591625213623047,-0.40867042541503906,0.6101274490356445,126.51299285888672,46.95645523071289,0.5,0.0,0.0,0.0016032798448577523,0.0,0.2163248062133789,0.9950869083404541,0.0,0.0,0.0,0.0,906.557861328125,0.0
2.54,1.5888890027999878,-0.5299198712019053,-0.8480477168799855,0.0,1.0,1.0,0.0,0.015456661581993103,0.6478996276855469,0.5596652626991272,0.16542591154575348,0.23588691651821136,1.0455973148345947,0.41223129630088806,0.8424340486526489,-0.028165802359580994,-1.4080504179000854,1.866210699081421,0.7336709499359131,0.22754573822021484,0.20159636437892914,-0.9665975570678711,0.4468469023704529,-0.46731093525886536,-0.05298846960067749,-2.514812469482422,0.7140213847160339,-1.5472923517227173,0.3708226978778839,0.8024927377700806,0.34387463331222534,0.26752007007598877,0.02350400947034359,-0.25170883536338806,0.3045280873775482,-0.12521281838417053,0.0,-0.4000000059604645,-0.05000000074505806,0.3100000023841858,0.49000000953674316,-0.20999999344348907,0.0,5.098321437835693,1.5797333717346191,-3.2803311347961426,4.484977722167969,-1.628082275390625,-6.6213860511779785,8.088262557983398,1.0490392446517944,-7.430878639221191,-0.25776660442352295,-4.824572563171387,10.058945655822754,-0.00040472671389579773,0.05962546914815903,-0.01240207627415657,-0.5643759369850159,0.08881606161594391,-0.287845641374588,3052.078369140625,0.0,0.5,0.0,0.0,0.0017395169707015157,0.0,0.23816372454166412,0.3407704830169678,0.0,0.0,0.0,0.0,1296.742919921875,0.0
2.5500000000000003,1.6000001430511475,-0.5877859794503564,-0.8090164660633214,0.0,1.0,1.0,0.0,0.012398719787597656,0.6514167189598083,0.5614717602729797,0.1747928410768509,0.2242712825536728,1.0550057888031006,0.3862396776676178,0.7998596429824829,0.15110178291797638,-1.3488656282424927,0.77229905128479,0.589379072189331,0.24401909112930298,0.20839200913906097,-0.9860041737556458,0.4637058973312378,-0.46664881706237793,-0.04118611663579941,-2.516756057739258,0.7223418951034546,-1.5566506385803223,0.358217716217041,0.7474370002746582,0.24868659675121307,0.2530534267425537,0.020610688254237175,-0.24534350633621216,0.2842748165130615,-0.1159541979432106,0.0,-0.4000000059604645,-0.05000000074505806,0.3100000023841858,0.49000000953674316,-0.20999999344348907,0.0,1.0306735038757324,0.14355076849460602,-1.6929042339324951,1.0140368938446045,0.4509137272834778,0.5125284790992737,8.112455368041992,0.4088074862957001,-11.648642539978027,-2.238694190979004,-10.46380615234375,-11.964855194091797,-0.00020503997802734375,0.06270936131477356,0.0032422810327261686,-0.2656719386577606,0.016630515456199646,-0.1040961965918541,389.5931396484375,0.0,0.5,0.0,0.0,0.0018691201694309711,0.0,0.2710549533367157,0.49920654296875,0.0,0.0,0.0,0.0,1209.0693359375,0.0
2.56,1.6111112833023071,-0.6427884384766878,-0.7660437476807063,0.0,1.0,1.0,0.0,0.010841265320777893,0.6569376587867737,0.5632972717285156,0.17311280965805054,0.21306787431240082,1.065201759338379,0.36527112126350403,0.776733934879303,0.15199674665927887,-1.3032360076904297,-0.409570574760437,1.1783497333526611,0.24325762689113617,0.20834223926067352,-0.9782489538192749,0.4765879213809967,-0.46524542570114136,-0.04507341980934143,-2.5390849113464355,0.7204415202140808,-1.6240980625152588,0.3289341926574707,0.6346304416656494,0.03895510360598564,0.23930275440216064,0.017860550433397293,-0.23929321765899658,0.2650238573551178,-0.1071537584066391,0.0,-0.4000000059604645,-0.05000000074505806,0.3100000023841858,0.49000000953674316,-0.20999999344348907,0.0,-0.4943494498729706,-0.13196122646331787,1.2059743404388428,1.4969795942306519,-0.24791452288627625,-4.712347030639648,2.1246135234832764,-0.4529673457145691,-14.384908676147461,-3.8751509189605713,-10.209822654724121,-10.874261856079102,0.0004206746816635132,0.068930484354496,0.016256209462881088,0.07506857812404633,-0.20143446326255798,-0.2443954199552536,218.70248413085938,0.0,0.5,0.0,0.0,0.002249854151159525,0.0,0.2885361313819885,0.0622238963842392,0.0,0.0,0.0,0.0,2063.488037109375,0.0
2.57,1.6222224235534668,-0.69465928042438,-0.7193389215941834,0.0,1.0,1.0,0.0,0.011309444904327393,0.6652687191963196,0.564733624458313,0.1569102555513382,0.20089471340179443,1.0758779048919678,0.35901108384132385,0.7583358287811279,0.20971044898033142,-1.4901423454284668,-2.1153769493103027,1.397477626800537,0.21839329600334167,0.20913122594356537,-0.9740808606147766,0.49599549174308777,-0.4614322781562805,-0.02769000083208084,-2.5461995601654053,0.7248300909996033,-1.7895487546920776,0.29427921772003174,0.5235273241996765,-0.17010802030563354,0.22633516788482666,0.015267033129930496,-0.23358747363090515,0.24686923623085022,-0.09885449707508087,0.0,-0.4000000059604645,-0.05000000074505806,0.3100000023841858,0.49000000953674316,-0.20999999344348907,0.0,-3.8165323734283447,0.15635330975055695,0.755588710308075,2.2806599140167236,1.9053137302398682,3.8824827671051025,-1.7471128702163696,0.8586025834083557,-16.08393669128418,-3.425347328186035,-10.05431842803955,-10.811731338500977,0.0014922358095645905,0.07356300204992294,0.05612083151936531,0.05497940629720688,-0.000745196477510035,0.21254928410053253,332.4605407714844,0.0,0.5,0.0,0.0,0.0032711063977330923,0.0,0.3042510151863098,0.020123090595006943,0.0,0.0,0.0,0.0,2067.739990234375,0.0
2.58,1.633333444595337,-0.7431452932528932,-0.6691300868411698,0.0,1.0,1.0,0.0,0.014782246202230453,0.6766449809074402,0.5660107135772705,0.12523196637630463,0.18443052470684052,1.082000494003296,0.36861953139305115,0.7140213847160339,0.2663097679615021,-1.884950041770935,-3.6988213062286377,1.0290217399597168,0.16771681606769562,0.19797275960445404,-0.9522219300270081,0.5178218483924866,-0.483765184879303,-0.05542628467082977,-2.544189453125,0.7385073900222778,-1.982311487197876,0.2670758068561554,0.4158540964126587,-0.37332969903945923,0.21421362459659576,0.012842722237110138,-0.22825399041175842,0.2298990786075592,-0.09109671413898468,0.0,-0.4000000059604645,-0.05000000074505806,0.3100000023841858,0.49000000953674316,-0.20999999344348907,0.0,-6.379103660583496,-1.2755749225616455,3.6126620769500732,2.241863489151001,0.14508569240570068,0.7156453132629395,0.1740531027317047,1.474311351776123,-18.47003936767578,-2.726743459701538,-10.010400772094727,-10.771574020385742,0.003508046269416809,0.07623101025819778,0.013411990366876125,0.4389858841896057,0.07540459930896759,1.0945876836776733,421.2626953125,0.0,0.5,0.0,0.0,0.006056673359125853,0.0,0.34847986698150635,0.12029942870140076,0.0,0.0,0.0,0.0,2073.21484375,0.0
2.59,1.6444445848464966,-0.7880112967257991,-0.6156607801643084,0.0,1.0,1.0,0.0,0.021751772612333298,0.6909052133560181,0.5674948692321777,0.07911426573991776,0.16164912283420563,1.0793498754501343,0.3890628516674042,0.6664091348648071,0.31077247858047485,-2.5888211727142334,-5.114128112792969,0.3427373766899109,0.08845861256122589,0.17312473058700562,-0.89170902967453,0.5351293683052063,-0.48708513379096985,-0.055574510246515274,-2.5411882400512695,0.7479872703552246,-2.201699733734131,0.22017653286457062,0.304650217294693,-0.5707803964614868,0.20299707353115082,0.010599412024021149,-0.22331871092319489,0.21419590711593628,-0.08391812443733215,0.0,-0.4000000059604645,-0.05000000074505806,0.3100000023841858,0.49000000953674316,-0.20999999344348907,0.0,-8.003111839294434,-3.0138895511627197,6.871598720550537,2.713414192199707,-2.686166524887085,-6.660539150238037,0.04036761447787285,1.0785045623779297,-21.83099365234375,-5.1193766593933105,-10.037187576293945,-10.71989917755127,0.00617285817861557,0.07560017704963684,0.03294984623789787,0.7943093180656433,0.30718228220939636,1.9259380102157593,428.22943115234375,0.0,0.5,0.0,0.0,0.013983029872179031,0.0,0.4013921916484833,0.7906200289726257,0.0,0.0,0.0,0.0,3162.364990234375,0.0
2.6,1.6555557250976562,-0.8290381682428842,-0.5591920203261874,0.0,1.0,1.0,0.0,0.03147294372320175,0.7057572603225708,0.5694615840911865,0.02708016149699688,0.13234959542751312,1.0715495347976685,0.4099658131599426,0.6110480427742004,0.3071971833705902,-3.1375062465667725,-5.29111909866333,-0.09807088971138,0.007001248653978109,0.13249917328357697,-0.8004764318466187,0.5613450407981873,-0.49675095081329346,-0.11338022351264954,-2.514478921890259,0.7606474161148071,-2.4554760456085205,0.15607021749019623,0.1965292990207672,-0.6500217914581299,0.19274045526981354,0.008548088371753693,-0.21880578994750977,0.1998366415500641,-0.07735387980937958,0.0,-0.4000000059604645,-0.05000000074505806,0.3100000023841858,0.49000000953674316,-0.20999999344348907,0.0,-8.012839317321777,-4.7277021408081055,10.146531105041504,2.7511069774627686,-0.08005088567733765,-6.6311516761779785,2.1685984134674072,2.0835916996002197,-24.131555557250977,-6.761984825134277,-10.050993919372559,-5.763963222503662,0.011154323816299438,0.0712658241391182,-0.1644057184457779,0.7481030225753784,0.4469269812107086,2.6061959266662598,359.2503967285156,0.0,0.5,0.0,0.0,0.03383536636829376,0.0,0.46627870202064514,0.9809480309486389,0.0,0.0,0.0,0.0,1720.275634765625,0.0
2.61,1.6666667461395264,-0.8660256534556827,-0.4999995675564705,0.0,1.0,1.0,0.0,0.040822021663188934,0.720176100730896,0.5715459585189819,-0.023308277130126953,0.10483952611684799,1.0672106742858887,0.4157419502735138,0.5958434343338013,0.16485191881656647,-2.4626853466033936,-4.8902201652526855,0.10882332921028137,-0.04197952523827553,0.11576895415782928,-0.7165412902832031,0.6333326101303101,-0.45892515778541565,-0.13246780633926392,-2.514265298843384,0.7813385128974915,-2.5982096195220947,0.11644270271062851,0.21576054394245148,-0.5132956504821777,0.18349355459213257,0.0066987089812755585,-0.2147371619939804,0.18689098954200745,-0.07143586874008179,0.0,-0.4000000059604645,-0.05000000074505806,0.3100000023841858,0.49000000953674316,-0.20999999344348907,0.0,-3.7961864471435547,-0.6456188559532166,8.586685180664062,7.971819877624512,4.4634599685668945,-1.1519982814788818,8.045748710632324,1.333675742149353,-23.36711311340332,-3.0452849864959717,5.297287940979004,10.224438667297363,0.019373200833797455,0.07038143277168274,0.48195627331733704,1.4554873704910278,0.3037138879299164,2.37005615234375,243.43331909179688,0.0,0.5,0.0,0.0,0.058621086180210114,0.0,0.4846842586994171,0.9765932559967041,0.0,0.0,0.0,0.0,2095.4248046875,0.0
2.62,1.677777886390686,-0.8987943454587837,-0.4383705334204345,0.0,1.0,0.0,0.0,0.046871621161699295,0.7336053252220154,0.5731045007705688,-0.06378650665283203,0.08680348843336105,1.0666614770889282,0.4335331916809082,0.5892286896705627,0.0038006864488124847,-1.2946796417236328,-3.338423252105713,0.3804565966129303,-0.053337279707193375,0.13551945984363556,-0.7085381150245667,0.6849290132522583,-0.4706364572048187,0.06400489807128906,-2.5136518478393555,0.7770005464553833,-2.6397507190704346,0.0946427583694458,0.2350451499223709,-0.31905481219291687,0.17530134320259094,0.005060266703367233,-0.21113258600234985,0.17542189359664917,-0.06619285047054291,0.0,-0.4000000059604645,-0.05000000074505806,0.3100000023841858,0.49000000953674316,-0.20999999344348907,0.0,1.3830373287200928,3.1318464279174805,-2.7642781734466553,3.6314306259155273,-2.640765428543091,10.754161834716797,8.054198265075684,-2.0024402141571045,-12.920583724975586,-2.2580885887145996,1.609533429145813,10.696388244628906,0.01955254375934601,0.07746963202953339,2.4211342334747314,2.0820586681365967,2.513932228088379,2.72926926612854,0.0,0.0,0.5,0.0,0.0,0.058289047330617905,0.0,0.4949905574321747,0.7486419081687927,0.0,0.0,0.0,0.0,2811.89013671875,0.0
2.63,1.6888890266418457,-0.9271841787986933,-0.3746057909127841,0.0,1.0,1.0,0.0,0.051182858645915985,0.7457184195518494,0.5741293430328369,-0.09601879119873047,0.07276637107133865,1.072101354598999,0.46528860926628113,0.5374962687492371,-0.040240898728370667,-1.3357917070388794,-2.8763680458068848,1.0578908920288086,-0.04548240825533867,0.14478588104248047,-0.7108484506607056,0.6928994655609131,-0.5216794610023499,0.1845511496067047,-2.5135343074798584,0.7711568474769592,-2.5912914276123047,0.08278954774141312,0.29171136021614075,-0.142639622092247,0.1682039499282837,0.0036407895386219025,-0.208009734749794,0.16548553109169006,-0.06165051460266113,0.0,-0.4000000059604645,-0.05000000074505806,0.3100000023841858,0.49000000953674316,-0.20999999344348907,0.0,1.0605283975601196,0.2116021364927292,0.2537001371383667,1.3705697059631348,-9.38442325592041,8.119667053222656,8.040329933166504,-0.24781391024589539,-4.7582831382751465,-0.8706033229827881,5.712862491607666,10.542051315307617,0.013098638504743576,0.08629550784826279,1.995944857597351,1.7301942110061646,2.2911012172698975,2.417229413986206,323.83685302734375,0.0,0.5,0.0,0.0,0.04525446519255638,0.0,0.5597784519195557,0.10664323717355728,0.0,0.0,0.0,0.0,1745.875732421875,0.0
2.64,1.7000000476837158,-0.9510566088783396,-0.3090167094330548,0.0,1.0,1.0,0.0,0.054795801639556885,0.7559317946434021,0.574797511100769,-0.1193699836730957,0.0578765943646431,1.084028959274292,0.5043165683746338,0.4975457191467285,-0.07853341102600098,-1.3412089347839355,-1.779323697090149,1.4288994073867798,-0.024627776816487312,0.1389053761959076,-0.7142191529273987,0.6990239024162292,-0.5841659903526306,0.15182144939899445,-2.511322498321533,0.7645639777183533,-2.5238399505615234,0.06252572685480118,0.1880563497543335,0.04469528794288635,0.16223584115505219,0.002447165548801422,-0.2053837776184082,0.1571301817893982,-0.05783092975616455,0.0,-0.4000000059604645,-0.05000000074505806,0.3100000023841858,0.49000000953674316,-0.20999999344348907,0.0,2.4785454273223877,-0.710671067237854,0.12921380996704102,1.4393481016159058,1.358860969543457,3.6100387573242188,8.028166770935059,-0.9432045221328735,-3.860398530960083,-2.716465950012207,-10.098779678344727,10.61174488067627,0.007732946425676346,0.09421578794717789,1.3323907852172852,1.4198752641677856,1.8029886484146118,2.683391571044922,273.5836181640625,0.0,0.5,0.0,0.0,0.03553040698170662,0.0,0.6094851493835449,0.01684827357530594,0.0,0.0,0.0,0.0,1608.1697998046875,0.0
2.65,1.7111111879348755,-0.9702958430510862,-0.24192142723988358,0.0,1.0,1.0,0.0,0.0579301156103611,0.7637945413589478,0.5750948190689087,-0.1320347785949707,0.04017229378223419,1.1048768758773804,0.552261233329773,0.4512609839439392,-0.08964364230632782,-1.6183254718780518,-0.6183022856712341,2.5469160079956055,0.009333286434412003,0.13006705045700073,-0.7378866076469421,0.723085343837738,-0.5821002125740051,0.05887589976191521,-2.518136501312256,0.761249303817749,-2.401772975921631,0.03130130469799042,0.06541665643453598,0.2369050830602646,0.15742601454257965,0.0014852024614810944,-0.20326745510101318,0.1503964364528656,-0.0547526478767395,0.0,-0.4000000059604645,-0.05000000074505806,0.3100000023841858,0.49000000953674316,-0.20999999344348907,0.0,3.8815903663635254,-1.1356295347213745,-2.527909755706787,2.146477699279785,-0.7984037399291992,-2.0924739837646484,7.905134677886963,-0.06303174793720245,1.8567752838134766,-3.1825292110443115,-10.25104808807373,10.707372665405273,0.00519094243645668,0.0997355654835701,1.019294023513794,0.9807916879653931,1.3333537578582764,2.3436012268066406,246.09698486328125,0.0,0.5,0.0,0.0,0.03193951025605202,0.0,0.6618373990058899,2.3208845050248783e-06,0.0,0.0,0.0,0.0,2014.013916015625,0.0
2.66,1.7222223281860352,-0.9848078686252573,-0.17364752199146966,0.0,1.0,1.0,0.0,0.061518386006355286,0.7695032954216003,0.5750839710235596,-0.13590288162231445,0.017201486974954605,1.138702630996704,0.5950499773025513,0.37279176712036133,-0.10408675670623779,-2.017402410507202,0.10654671490192413,3.8530948162078857,0.04875070974230766,0.10831437259912491,-0.7641971707344055,0.7416608929634094,-0.5786758065223694,-0.036801598966121674,-2.536134958267212,0.7699614763259888,-2.213488817214966,0.012151342816650867,-0.05353299528360367,0.4259292781352997,0.15379804372787476,0.000759609043598175,-0.20167113840579987,0.14531725645065308,-0.052430734038352966,0.0,-0.4000000059604645,-0.05000000074505806,0.3100000023841858,0.49000000953674316,-0.20999999344348907,0.0,4.3148932456970215,-2.7038729190826416,-2.158930778503418,1.7052972316741943,1.5389461517333984,-0.8257107734680176,4.295764446258545,1.2351301908493042,12.55955696105957,-1.4308151006698608,-10.259025573730469,10.689802169799805,0.0023614391684532166,0.10522659868001938,0.5420525074005127,1.0657615661621094,0.6678689122200012,1.6643733978271484,238.7444305419922,0.0,0.5,0.0,0.0,0.03257569298148155,0.0,0.7437752485275269,1.2724291563979973e-13,0.0,0.0,0.0,0.0,1734.3792724609375,0.0
2.67,1.7333335876464844,-0.9945220623926851,-0.104526874124312,0.0,1.0,1.0,0.0,0.06633751094341278,0.7742908000946045,0.5750061273574829,-0.13564777374267578,-0.01025247573852539,1.178940773010254,0.6436481475830078,0.29212045669555664,-0.08937746286392212,-2.2717413902282715,0.012365147471427917,3.9187750816345215,0.0725625678896904,0.07674703747034073,-0.7832951545715332,0.7530725598335266,-0.554231584072113,-0.06463789939880371,-2.536707639694214,0.785819947719574,-2.049811363220215,0.0009592808783054352,-0.16675908863544464,0.5975448489189148,0.15136946737766266,0.00027389079332351685,-0.20060256123542786,0.14191725850105286,-0.05087645351886749,0.0,-0.4000000059604645,-0.05000000074505806,0.3100000023841858,0.49000000953674316,-0.20999999344348907,0.0,0.9891464710235596,-2.421954870223999,-4.034275531768799,2.5338900089263916,-1.9262986183166504,-0.648457407951355,7.341612815856934,1.6474379301071167,6.709377765655518,-1.0426136255264282,-10.225165367126465,10.536699295043945,-0.00021076202392578125,0.11157374829053879,-0.07172011584043503,1.1783483028411865,0.03759855777025223,1.4146569967269897,576.8778686523438,0.0,0.5,0.0,0.0,0.033193353563547134,0.0,0.809014618396759,4.584105379903773e-14,0.0,0.0,0.0,0.0,1414.63818359375,0.0
2.68,1.7444446086883545,-0.9993908630339691,-0.03489846535621215,0.0,1.0,1.0,0.0,0.07246768474578857,0.7796377539634705,0.5758789777755737,-0.13608789443969727,-0.03871774673461914,1.217388391494751,0.6958642601966858,0.18884360790252686,-0.0036144042387604713,-2.287243127822876,-0.1630244106054306,3.6730918884277344,0.07037759572267532,0.04906535521149635,-0.8199962973594666,0.7670875787734985,-0.5719631314277649,-0.06974166631698608,-2.5693039894104004,0.8144872188568115,-1.8994444608688354,0.007698814384639263,-0.26934313774108887,0.6064851880073547,0.1501522958278656,3.045797348022461e-05,-0.20006701350212097,0.1402132213115692,-0.05009746551513672,0.0,-0.4000000059604645,-0.05000000074505806,0.3100000023841858,0.49000000953674316,-0.20999999344348907,0.0,-0.6556556820869446,-2.8786535263061523,-3.4808006286621094,0.9060179591178894,-1.5255870819091797,-0.07550704479217529,0.5261670351028442,2.9831767082214355,7.6909003257751465,0.5566346049308777,-10.009331703186035,1.9819568395614624,-0.0002055913209915161,0.11866412311792374,0.0033567810896784067,1.1062394380569458,0.0045425477437675,1.4068710803985596,455.0511474609375,0.0,0.5,0.0,0.0,0.029812321066856384,0.0,0.8623884916305542,1.9113569234285865e-12,0.0,0.0,0.0,0.0,557.700927734375,0.0
2.69,1.7555557489395142,-0.9993907846131228,0.03490071102953684,0.0,1.0,1.0,0.0,0.0791814848780632,0.7848151326179504,0.5773009061813354,-0.13399076461791992,-0.06668710708618164,1.2529338598251343,0.723591148853302,0.1006898283958435,0.006416244897991419,-2.259641408920288,0.15344920754432678,3.422673225402832,0.06581850349903107,0.016524583101272583,-0.8540537357330322,0.7716360688209534,-0.5868436098098755,-0.07408221811056137,-2.6489760875701904,0.8480944037437439,-1.774901032447815,0.029976075515151024,-0.29670268297195435,0.46063876152038574,0.15030452609062195,6.090477108955383e-05,-0.20013399422168732,0.14042633771896362,-0.050194889307022095,0.0,-0.4000000059604645,-0.05000000074505806,0.3100000023841858,0.49000000953674316,-0.20999999344348907,0.0,-0.26874345541000366,-3.3158886432647705,-3.496961832046509,0.28622639179229736,-1.5812313556671143,-0.49883395433425903,-8.207770347595215,2.9063735008239746,10.068260192871094,2.239668369293213,0.011210475116968155,-10.382451057434082,-0.00019922852516174316,0.1268061101436615,-0.0051297591999173164,1.6233700513839722,0.002129782224074006,1.7987890243530273,280.0163269042969,0.0,0.5,0.0,0.0,0.025385059416294098,0.0,0.8866873383522034,6.679558295363819e-11,0.0,0.0,0.0,0.0,716.8114013671875,0.0
2.7,1.7666668891906738,-0.9945217492198296,0.10452985376785916,0.0,1.0,1.0,0.0,0.08604341745376587,0.7900069952011108,0.5786240100860596,-0.13071393966674805,-0.09205961227416992,1.2815263271331787,0.7272243499755859,0.02556282840669155,-0.02645852416753769,-2.116011619567871,0.04231613874435425,2.5141024589538574,0.06039171293377876,-0.017733115702867508,-0.8754812479019165,0.7715868353843689,-0.600822389125824,-0.07778515666723251,-2.720653772354126,0.8611317276954651,-1.7009419202804565,0.029960790649056435,-0.25324758887290955,0.27606892585754395,0.15273165702819824,0.0005463287234306335,-0.201201930642128,0.14382433891296387,-0.051748260855674744,0.0,-0.4000000059604645,-0.05000000074505806,0.3100000023841858,0.49000000953674316,-0.20999999344348907,0.0,-0.6886723041534424,-3.5554325580596924,-1.1401461362838745,-0.130890354514122,-0.965900182723999,0.3942270278930664,-8.200471878051758,0.7891523241996765,7.76936149597168,-0.24440039694309235,3.819422960281372,-10.644478797912598,-0.0001987367868423462,0.135733962059021,0.07490568608045578,1.7223148345947266,-0.10018713027238846,1.8470990657806396,240.3369903564453,0.0,0.5,0.0,0.0,0.020772578194737434,0.0,0.9007129073143005,3.2351920253859134e-06,0.0,0.0,0.0,0.0,916.669921875,0.0
2.71,1.777777910232544,-0.9848076084952826,0.1736489972611481,0.0,1.0,1.0,0.0,0.09343772381544113,0.7962599992752075,0.579956591129303,-0.13193750381469727,-0.11444330215454102,1.3001147508621216,0.7255426049232483,-0.0528312511742115,-0.05096057429909706,-1.8690625429153442,-0.5662391185760498,1.293205976486206,0.0375579297542572,-0.055794861167669296,-0.875040590763092,0.7638271450996399,-0.6160209774971008,-0.0865980014204979,-2.8010406494140625,0.8693417906761169,-1.6648564338684082,0.04133527725934982,-0.24726414680480957,0.13800621032714844,0.15753856301307678,0.0015077106654644012,-0.20331697165966034,0.15055400133132935,-0.05482468008995056,0.0,-0.4000000059604645,-0.05000000074505806,0.3100000023841858,0.49000000953674316,-0.20999999344348907,0.0,-3.2082784175872803,-3.8362433910369873,1.0580750703811646,-0.9859074354171753,-1.3903743028640747,-2.1123874187469482,-8.204853057861328,0.4846569001674652,2.8942315578460693,1.180882215499878,0.5402075052261353,-10.327461242675781,0.00016871094703674316,0.14760950207710266,-0.012049277313053608,1.8633102178573608,0.031620193272829056,1.810835599899292,301.5682067871094,0.0,0.5,0.0,0.0,0.015541518107056618,0.0,0.8982371091842651,0.03526856377720833,0.0,0.0,0.0,0.0,688.6221923828125,0.0
2.72,1.7888890504837036,-0.9702954806448982,0.2419228807700631,0.0,1.0,1.0,0.0,0.10074324905872345,0.8029849529266357,0.5811095833778381,-0.13518571853637695,-0.133209228515625,1.3122175931930542,0.7204318046569824,-0.10820320248603821,-0.08380590379238129,-1.6283948421478271,-0.5002017021179199,1.032151699066162,0.016706887632608414,-0.08747943490743637,-0.8724098205566406,0.7689570188522339,-0.6384428143501282,-0.13915076851844788,-2.8899853229522705,0.8669821619987488,-1.6610782146453857,0.04575610160827637,-0.3276958763599396,-0.0004264966119080782,0.1646316945552826,0.0029263384640216827,-0.20643794536590576,0.16048437356948853,-0.05936427414417267,0.0,-0.4000000059604645,-0.05000000074505806,0.3100000023841858,0.49000000953674316,-0.20999999344348907,0.0,-2.1289916038513184,-3.3359689712524414,0.310855507850647,0.4587688446044922,-4.8493170738220215,-9.979814529418945,-8.226286888122559,-0.4008624255657196,-0.524081289768219,0.11661862581968307,-8.057316780090332,-10.356125831604004,0.0026178844273090363,0.16020533442497253,-0.01247146911919117,1.6017786264419556,0.08772457391023636,1.7331264019012451,235.60614013671875,0.0,0.5,0.0,0.0,0.01155579648911953,0.0,0.886391818523407,0.11875718086957932,0.0,0.0,0.0,0.0,1128.552978515625,0.0
2.73,1.8000001907348633,-0.951056145961555,0.30901813414224366,0.0,1.0,1.0,0.0,0.10775873810052872,0.8097507953643799,0.5820095539093018,-0.13815641403198242,-0.1488661766052246,1.3219417333602905,0.7216065526008606,-0.15236826241016388,-0.11016131937503815,-1.3456617593765259,-0.38242655992507935,0.8061840534210205,-0.0006898818537592888,-0.112773597240448,-0.8695472478866577,0.7807753086090088,-0.6505246162414551,-0.19393311440944672,-2.959160089492798,0.8549590706825256,-1.7088922262191772,0.02992953173816204,-0.39979028701782227,-0.16466617584228516,0.17387312650680542,0.004774622619152069,-0.2105041742324829,0.17342239618301392,-0.0652787983417511,0.0,-0.4000000059604645,-0.05000000074505806,0.3100000023841858,0.49000000953674316,-0.20999999344348907,0.0,-1.7711541652679443,-2.453125,0.29598531126976013,1.194772720336914,-1.8670659065246582,-6.569839954376221,-8.181548118591309,-1.18039071559906,-4.035293102264404,-1.7180087566375732,-6.274508476257324,-10.492079734802246,0.005951084196567535,0.17030620574951172,-0.025651438161730766,1.3631172180175781,0.07562915235757828,1.6964930295944214,332.8478698730469,0.0,0.5,0.0,0.0,0.008911674842238426,0.0,0.8653241991996765,0.2725684344768524,0.0,0.0,0.0,0.0,1112.41162109375,0.0
2.74,1.8111112117767334,-0.9271836176276476,0.37460717986032804,0.0,1.0,1.0,0.0,0.11425547301769257,0.8169809579849243,0.5826164484024048,-0.14255189895629883,-0.16020536422729492,1.3276574611663818,0.7237151265144348,-0.18438155949115753,-0.1415768265724182,-0.9274265170097351,-0.5325052738189697,0.17890943586826324,-0.025210337713360786,-0.12695316970348358,-0.8585713505744934,0.7960385680198669,-0.6371941566467285,-0.21149186789989471,-2.986987829208374,0.8383722305297852,-1.78687584400177,0.001825210521928966,-0.39847856760025024,-0.3492528796195984,0.18508277833461761,0.0070165544748306274,-0.2154364287853241,0.18911588191986084,-0.07245297729969025,0.0,-0.4000000059604645,-0.05000000074505806,0.3100000023841858,0.49000000953674316,-0.20999999344348907,0.0,-2.5859124660491943,-1.133219838142395,1.526599645614624,1.7587076425552368,1.45194673538208,-1.8636658191680908,-8.33710765838623,-1.3173727989196777,1.4292770624160767,-2.079038381576538,-0.24544845521450043,-10.68718147277832,0.009562261402606964,0.17717474699020386,0.031810808926820755,1.2003990411758423,0.04528426378965378,1.5959824323654175,332.89910888671875,0.0,0.5,0.0,0.0,0.007145284209400415,0.0,0.845277726650238,0.9379889369010925,0.0,0.0,0.0,0.0,1296.576416015625,0.0
2.75,1.822222352027893,-0.898793688766393,0.43837187983913845,0.0,1.0,1.0,0.0,0.11912131309509277,0.82402104139328,0.5824223756790161,-0.14435482025146484,-0.16505956649780273,1.3330345153808594,0.7193663120269775,-0.17936012148857117,-0.19355285167694092,-0.17914806306362152,-0.04083506390452385,0.5210210084915161,-0.02631942555308342,-0.11398005485534668,-0.8584292531013489,0.8379667401313782,-0.5807765126228333,-0.15131692588329315,-2.9820778369903564,0.8156049847602844,-1.8799223899841309,-0.03102886490523815,-0.33446449041366577,-0.4858982264995575,0.19804251194000244,0.009608499705791473,-0.22113871574401855,0.20725953578948975,-0.08074720203876495,0.0,-0.4000000059604645,-0.05000000074505806,0.3100000023841858,0.49000000953674316,-0.20999999344348907,0.0,0.7466647028923035,1.9082322120666504,-0.35402217507362366,4.625877857208252,4.940191745758057,5.998205661773682,-8.045230865478516,-2.0178091526031494,2.662442684173584,-2.310678482055664,5.110445976257324,-10.267505645751953,0.014288768172264099,0.18152925372123718,0.29498350620269775,0.977514922618866,-0.05326077714562416,1.4841457605361938,217.81529235839844,0.0,0.5,0.0,0.0,0.00650492450222373,0.0,0.8516469597816467,0.5810457468032837,0.0,0.0,0.0,0.0,1100.639892578125,0.0
2.7600000000000002,1.8333334922790527,-0.8660249044413022,0.500000864886685,0.0,1.0,1.0,0.0,0.12118776142597198,0.8301279544830322,0.5809874534606934,-0.13869190216064453,-0.16132402420043945,1.3447868824005127,0.6964269876480103,-0.14907003939151764,-0.273507297039032,0.9952946305274963,0.7222827672958374,1.555154800415039,0.002336048986762762,-0.069099560379982,-0.8985780477523804,0.8844565749168396,-0.5679038763046265,0.004531651269644499,-2.923649549484253,0.7881106734275818,-1.9616280794143677,-0.05365975573658943,-0.23086321353912354,-0.37243184447288513,0.21250031888484955,0.012500062584877014,-0.22750014066696167,0.22750043869018555,-0.0900001972913742,0.0,-0.4000000059604645,-0.05000000074505806,0.3100000023841858,0.49000000953674316,-0.20999999344348907,0.0,3.967642068862915,5.6880621910095215,-5.822316646575928,5.780704498291016,-11.578495979309082,6.5320024490356445,8.004281044006348,-2.7840867042541504,-5.732138633728027,-1.7229958772659302,10.025023460388184,10.088074684143066,0.015663061290979385,0.1842079758644104,1.0150655508041382,0.5589361786842346,0.6021826267242432,0.9369044899940491,402.6673278808594,0.0,0.5,0.0,0.0,0.007384663447737694,0.0,0.8854928612709045,0.007930709049105644,0.0,0.0,0.0,0.0,1691.20849609375,0.0
2.77,1.8444445133209229,-0.8290373305565869,0.5591932622480429,0.0,1.0,1.0,0.0,0.12173214554786682,0.834492564201355,0.5786887407302856,-0.12352657318115234,-0.15372323989868164,1.3649240732192993,0.698352575302124,-0.1844731569290161,-0.2932811677455902,1.1183369159698486,1.6309369802474976,2.687652826309204,0.041658349335193634,-0.03990516439080238,-0.9421555995941162,0.9037714600563049,-0.6249043345451355,0.11855096369981766,-2.901383638381958,0.7739540934562683,-1.947372555732727,-0.06425756216049194,-0.12831281125545502,-0.2383100986480713,0.22817443311214447,0.015634886920452118,-0.23439675569534302,0.24944421648979187,-0.10003162920475006,0.0,-0.4000000059604645,-0.05000000074505806,0.3100000023841858,0.49000000953674316,-0.20999999344348907,0.0,4.862372398376465,2.306360960006714,-4.900057315826416,1.6873445510864258,-6.127875328063965,7.297794342041016,8.103837966918945,-1.076900601387024,-6.653603553771973,-1.063641905784607,10.007501602172852,10.264253616333008,0.014194834977388382,0.18046680092811584,0.28649070858955383,0.01627545990049839,0.2927236258983612,0.8960984349250793,216.31214904785156,0.0,0.5,0.0,0.0,0.009994457475841045,0.0,0.8635113835334778,5.318227067618864e-07,0.0,0.0,0.0,0.0,1578.134765625,0.0
2.7800000000000002,1.8555556535720825,-0.788010374447758,0.6156619606266935,0.0,1.0,1.0,0.0,0.12173518538475037,0.8370780944824219,0.5757801532745361,-0.10014104843139648,-0.14449596405029297,1.391717553138733,0.6999611258506775,-0.2237536907196045,-0.33295464515686035,1.3495454788208008,2.2339694499969482,3.1398916244506836,0.08887778967618942,-0.027468165382742882,-0.9866508841514587,0.8886591196060181,-0.674216091632843,0.09095574915409088,-2.8984663486480713,0.7592355012893677,-1.922558069229126,-0.08605681359767914,-0.08370283991098404,-0.08217237144708633,0.2447599172592163,0.018951982259750366,-0.2416943609714508,0.2726638913154602,-0.1106463372707367,0.0,-0.4000000059604645,-0.05000000074505806,0.3100000023841858,0.49000000953674316,-0.20999999344348907,0.0,5.114326477050781,1.104795217514038,-4.395045757293701,-2.143342971801758,-5.747451305389404,-2.9046525955200195,8.023571968078613,-1.5811501741409302,-8.001853942871094,-2.2935311794281006,1.9770671129226685,10.42734432220459,0.008323974907398224,0.17259421944618225,0.4727196991443634,-0.3685847520828247,0.032497890293598175,1.006990671157837,62.44878005981445,0.0,0.5,0.0,0.0,0.015188160352408886,0.0,0.8351864218711853,2.7330755436594245e-09,0.0,0.0,0.0,0.0,1381.5828857421875,0.0
2.79,1.8666669130325317,-0.7431437896874964,0.6691317567182911,0.0,1.0,1.0,0.0,0.12162739038467407,0.8384072184562683,0.5724809169769287,-0.07166814804077148,-0.1338787078857422,1.4240171909332275,0.6944641470909119,-0.2806898057460785,-0.33910611271858215,1.3996244668960571,2.641728639602661,3.7425379753112793,0.13416364789009094,-0.025891421362757683,-1.0154552459716797,0.8655259609222412,-0.7093697786331177,-0.03489524498581886,-2.9049320220947266,0.7539290189743042,-1.9074152708053589,-0.09542347490787506,-0.1197286993265152,0.05910645052790642,0.2619344890117645,0.02238689735531807,-0.24925117194652557,0.29670828580856323,-0.12163806706666946,0.0,-0.4000000059604645,-0.05000000074505806,0.3100000023841858,0.49000000953674316,-0.20999999344348907,0.0,4.101569175720215,-0.08785803616046906,-2.049771308898926,-1.8964911699295044,-1.3947322368621826,-11.525343894958496,7.802628517150879,-0.22005142271518707,-9.577534675598145,-0.6209977865219116,-3.460800886154175,10.328207015991211,0.0029312223196029663,0.16249051690101624,-0.07527297735214233,-0.630247175693512,-1.348571538925171,0.8757038116455078,136.33978271484375,0.0,0.5,0.0,0.0,0.024316977709531784,0.0,0.791990339756012,6.823854632395654e-13,0.0,0.0,0.0,0.0,1165.332763671875,0.0
2.8000000000000003,1.8777779340744019,-0.6946576640377367,0.7193404825210625,0.0,1.0,1.0,0.0,0.12165679037570953,0.8393939733505249,0.5694212913513184,-0.04276704788208008,-0.12134885787963867,1.4588596820831299,0.6838014125823975,-0.3672409653663635,-0.22624075412750244,1.5846455097198486,2.276123523712158,3.551079273223877,0.17356230318546295,-0.015796709805727005,-1.0449507236480713,0.8535398840904236,-0.6765322685241699,-0.06985020637512207,-2.9100093841552734,0.7593996524810791,-1.8832811117172241,-0.09631740301847458,-0.1493057757616043,0.1849827617406845,0.27936267852783203,0.02587253227829933,-0.2569195628166199,0.32110774517059326,-0.13279208540916443,0.0,-0.4000000059604645,-0.05000000074505806,0.3100000023841858,0.49000000953674316,-0.20999999344348907,0.0,5.214348793029785,3.563783645629883,-7.243616580963135,1.9143253564834595,0.4059998691082001,-0.9385243058204651,7.99169397354126,1.0425056219100952,-7.913506984710693,0.2803630232810974,-2.3367512226104736,10.211336135864258,-0.00021003931760787964,0.1494264304637909,-0.0024382288102060556,-0.9632743000984192,0.022183820605278015,0.7222766876220703,639.5719604492188,0.0,0.5,0.0,0.0,0.03844013810157776,0.0,0.7136963605880737,1.1141688266436134e-11,0.0,0.0,0.0,0.0,1325.094482421875,0.0
2.81,1.8888890743255615,-0.6427867171424604,0.7660451920514995,0.0,1.0,1.0,0.0,0.12222283333539963,0.8423672914505005,0.5680420398712158,-0.024192333221435547,-0.10548591613769531,1.4848077297210693,0.6802589297294617,-0.4779106378555298,-0.10738806426525116,1.832233190536499,1.0846083164215088,2.1703124046325684,0.19633764028549194,0.008746938779950142,-1.086688756942749,0.8532305955886841,-0.6725844144821167,-0.07103027403354645,-2.9089243412017822,0.7753158211708069,-1.8626095056533813,-0.09895521402359009,-0.052027203142642975,0.13473258912563324,0.2967063784599304,0.029341276735067368,-0.2645508050918579,0.3453889489173889,-0.1438920795917511,0.0,-0.4000000059604645,-0.05000000074505806,0.3100000023841858,0.49000000953674316,-0.20999999344348907,0.0,0.7132094502449036,2.1373889446258545,-2.3800113201141357,-0.6714025735855103,0.548876941204071,-0.381122350692749,8.042580604553223,1.6755061149597168,-9.096481323242188,-0.27978360652923584,10.00879192352295,-1.431914210319519,-0.00021310150623321533,0.1324109137058258,-0.004931415896862745,-1.1406316757202148,0.014953031204640865,0.9929415583610535,456.7044677734375,0.0,0.5,0.0,0.0,0.0576585978269577,0.0,0.5934610366821289,8.104449807433411e-05,0.0,0.0,0.0,0.0,896.0712890625,0.0
2.82,1.9000002145767212,-0.5877841615547575,0.8090177868411613,0.0,1.0,1.0,0.0,0.12298842519521713,0.8469580411911011,0.567155122756958,-0.013670921325683594,-0.08707380294799805,1.5039644241333008,0.6718985438346863,-0.5298359394073486,-0.10370940715074539,2.003030776977539,0.7483012080192566,1.8574110269546509,0.19519919157028198,0.02708187885582447,-1.1024608612060547,0.8412661552429199,-0.6669129133224487,-0.06739313900470734,-2.911320447921753,0.7971265912055969,-1.8464453220367432,-0.09534807503223419,0.04677040874958038,0.030003689229488373,0.31362760066986084,0.03272552043199539,-0.2719961404800415,0.3690786361694336,-0.15472166240215302,0.0,-0.4000000059604645,-0.05000000074505806,0.3100000023841858,0.49000000953674316,-0.20999999344348907,0.0,-0.49471235275268555,1.9331326484680176,-1.1838258504867554,-1.2774285078048706,0.8448535799980164,0.551677942276001,8.033791542053223,2.016127109527588,-9.715089797973633,0.1876780092716217,9.131217956542969,-10.003091812133789,-0.00019778311252593994,0.11431337147951126,0.002585246227681637,-1.2879555225372314,0.005528202746063471,1.1162128448486328,240.48287963867188,0.0,0.5,0.0,0.0,0.0859813541173935,0.0,0.5376483798027039,0.0010078343329951167,0.0,0.0,0.0,0.0,747.8745727539062,0.0
2.83,1.9111112356185913,-0.5299186008019895,0.8480485107138986,0.0,1.0,1.0,0.0,0.1236080527305603,0.8530454635620117,0.566342830657959,-0.010571002960205078,-0.06586551666259766,1.5162471532821655,0.6523138284683228,-0.5838184952735901,-0.08796631544828415,2.3337199687957764,-0.17854595184326172,0.8557958006858826,0.1737818717956543,0.04224567487835884,-1.0964584350585938,0.8216174840927124,-0.6607776880264282,-0.05772380903363228,-2.9196250438690186,0.8178753852844238,-1.812272548675537,-0.08650997281074524,0.06478718668222427,-0.09799308329820633,0.32979655265808105,0.035959307104349136,-0.27911049127578735,0.3917151689529419,-0.16506977379322052,0.0,-0.4000000059604645,-0.05000000074505806,0.3100000023841858,0.49000000953674316,-0.20999999344348907,0.0,-3.172004461288452,1.5325086116790771,1.7701263427734375,-2.2178726196289062,0.770496129989624,0.42434316873550415,7.5966477394104,1.4771510362625122,-7.533590316772461,0.21425417065620422,1.0330572128295898,-10.194025039672852,-0.00020176172256469727,0.09695441275835037,0.00470330473035574,-1.4765909910202026,-0.012212610803544521,1.215061068534851,245.95375061035156,0.0,0.5,0.0,0.0,0.1318230926990509,0.0,0.482831746339798,0.2311304658651352,0.0,0.0,0.0,0.0,834.8404541015625,0.0
2.84,1.922222375869751,-0.46947071039169075,0.8829480460844347,0.0,1.0,1.0,0.0,0.12432167679071426,0.8612486124038696,0.5656298398971558,-0.01750659942626953,-0.0429835319519043,1.5165750980377197,0.6352035999298096,-0.6282306909561157,-0.07682140171527863,2.3394646644592285,-1.1931360960006714,-0.5233190059661865,0.12906989455223083,0.051437120884656906,-1.0588123798370361,0.7952577471733093,-0.6578543186187744,-0.052731502801179886,-2.9263477325439453,0.8314115405082703,-1.7992416620254517,-0.08819104731082916,-0.03981536999344826,-0.22112740576267242,0.34489935636520386,0.038979873061180115,-0.2857557237148285,0.41285911202430725,-0.17473559081554413,0.0,-0.4000000059604645,-0.05000000074505806,0.3100000023841858,0.49000000953674316,-0.20999999344348907,0.0,-5.549065113067627,0.8678627610206604,4.893314838409424,-2.6815109252929688,0.45263582468032837,-0.4535037577152252,7.480980396270752,1.014736294746399,-10.480352401733398,-1.1522578001022339,-10.024520874023438,-10.160110473632812,0.00024358928203582764,0.07980584353208542,-0.012010825797915459,-1.8776905536651611,0.028734490275382996,1.418708086013794,315.5422668457031,0.0,0.5,0.0,0.0,0.19769978523254395,0.0,0.4378374218940735,0.5782635807991028,0.0,0.0,0.0,0.0,1174.2662353515625,0.0
2.85,1.9333335161209106,-0.40673559387933633,0.9135459247742411,0.0,1.0,1.0,0.0,0.12570765614509583,0.8712772130966187,0.5650583505630493,-0.032636165618896484,-0.02093219757080078,1.5045902729034424,0.6322545409202576,-0.6434940695762634,-0.08268093317747116,2.1349687576293945,-1.8523563146591187,-1.6591894626617432,0.0708276554942131,0.06044355407357216,-1.0019598007202148,0.7770893573760986,-0.6552408337593079,-0.07406416535377502,-2.9467287063598633,0.844786524772644,-1.8179196119308472,-0.10636964440345764,-0.14664512872695923,-0.35163187980651855,0.358641654253006,0.04172833263874054,-0.291802316904068,0.4320983290672302,-0.18353065848350525,0.0,-0.4000000059604645,-0.05000000074505806,0.3100000023841858,0.49000000953674316,-0.20999999344348907,0.0,-6.560182094573975,1.0624516010284424,6.246495246887207,-1.5176541805267334,0.2007875144481659,-3.420553684234619,4.628012180328369,1.3650879859924316,-12.738516807556152,-2.601696491241455,-10.044269561767578,-10.211042404174805,0.0026985257863998413,0.06074068695306778,-0.031078094616532326,-2.26900053024292,0.08956578373908997,1.756975769996643,283.39276123046875,0.0,0.5,0.0,0.0,0.23031696677207947,0.0,0.4218304753303528,0.004063058644533157,0.0,0.0,0.0,0.0,1455.5859375,0.0
2.86,1.9444445371627808,-0.3420195958921814,0.9396928200352225,0.0,1.0,1.0,1.0,0.12712904810905457,0.8812923431396484,0.564274787902832,-0.0473780632019043,0.0005320862401276827,1.493554949760437,0.6392136216163635,-0.5520559549331665,-0.12226303666830063,2.3411386013031006,-1.3847488164901733,-0.634466290473938,0.03564084693789482,0.08817553520202637,-0.9700132608413696,0.7916204333305359,-0.6010676622390747,-0.024546563625335693,-2.9431018829345703,0.8649382591247559,-1.8639920949935913,-0.10498443245887756,-0.1549597531557083,-0.3804088830947876,0.37075579166412354,0.04415115714073181,-0.29713255167007446,0.4490581154823303,-0.1912836879491806,0.0,-0.4000000059604645,-0.05000000074505806,0.3100000023841858,0.49000000953674316,-0.20999999344348907,0.0,-0.9289798140525818,2.27447247505188,0.7760090827941895,1.302228331565857,3.7715554237365723,2.3571572303771973,8.199849128723145,-0.9018234610557556,-6.998198986053467,3.1643059253692627,-5.124025344848633,6.196292877197266,0.007554627954959869,0.04407554119825363,-0.5479791164398193,0.05724898353219032,1.4089818000793457,0.8450075387954712,106.2418212890625,351.1954345703125,0.5,0.0,0.0,0.1939622312784195,0.0,0.5229379534721375,0.4470454752445221,0.0,0.0,0.0,0.0,1233.541259765625,0.0
2.87,1.9555556774139404,-0.2756366198184287,0.9612619069822081,0.0,1.0,1.0,1.0,0.12552006542682648,0.8904982209205627,0.5634757280349731,-0.05706596374511719,0.02881745994091034,1.490647315979004,0.657486617565155,-0.4353962242603302,-0.13113433122634888,3.3196792602539062,-0.8080446720123291,0.1766100376844406,0.028087906539440155,0.11199040710926056,-0.9928985238075256,0.7905917167663574,-0.6101714968681335,0.11534174531698227,-2.9381842613220215,0.848742663860321,-1.8255516290664673,-0.07284364104270935,-0.16112728416919708,-0.20734970271587372,0.3810061514377594,0.046201229095458984,-0.3016427159309387,0.46340861916542053,-0.19784392416477203,0.0,-0.4000000059604645,-0.05000000074505806,0.3100000023841858,0.49000000953674316,-0.20999999344348907,0.0,-0.6158949136734009,2.1650867462158203,-2.748277187347412,-0.3171522617340088,-1.452962875366211,11.7018404006958,8.32127571105957,-1.7578272819519043,-4.8062357902526855,4.378326892852783,-8.706835746765137,8.496933937072754,0.010721053928136826,0.04133984446525574,-1.4189931154251099,-0.20975472033023834,2.040597438812256,0.8913370370864868,60.103843688964844,724.9356079101562,0.5,0.0,0.0,0.13943266868591309,0.0,0.6513267755508423,0.9395237565040588,0.0,0.0,0.0,0.0,1981.9354248046875,0.0
2.88,1.9666668176651,-0.20791076279901627,0.9781477979898188,0.0,1.0,1.0,1.0,0.12173264473676682,0.8991473317146301,0.5630009174346924,-0.06307268142700195,0.06185454502701759,1.4906049966812134,0.6790975332260132,-0.379034161567688,-0.09992245584726334,3.3105568885803223,-0.4865663945674896,0.06739503145217896,0.009133968502283096,0.12485471367835999,-1.031034231185913,0.7492603659629822,-0.6196348071098328,0.15897095203399658,-2.903949499130249,0.8205884099006653,-1.779762625694275,-0.03811737522482872,-0.19925354421138763,-0.10667501389980316,0.3891933560371399,0.04783866927027702,-0.3052450716495514,0.4748706817626953,-0.20308372378349304,0.0,-0.4000000059604645,-0.05000000074505806,0.3100000023841858,0.49000000953674316,-0.20999999344348907,0.0,-2.263338327407837,1.3217216730117798,-4.601813316345215,-4.980697154998779,-1.01963472366333,5.038177967071533,8.114970207214355,-3.2835161685943604,-0.6845467686653137,2.7365217208862305,-3.275811195373535,11.673709869384766,0.01082618534564972,0.041422270238399506,-0.985127329826355,0.055727168917655945,2.167921304702759,0.9106602668762207,73.22440338134766,421.3559265136719,0.5,0.0,0.0,0.0857556089758873,0.0,0.703641951084137,0.9909569621086121,0.0,0.0,0.0,0.0,1268.99365234375,0.0
2.89,1.9777778387069702,-0.13917272185631813,0.9902681220210533,0.0,1.0,0.0,1.0,0.11807433515787125,0.906019926071167,0.5626717805862427,-0.061847686767578125,0.09157443046569824,1.4902751445770264,0.6853920817375183,-0.32671844959259033,-0.09351008385419846,2.704883337020874,0.5372755527496338,-0.07058580219745636,0.02440579980611801,0.12546774744987488,-1.0468096733093262,0.7033148407936096,-0.5937667489051819,0.05131564289331436,-2.8197617530822754,0.7927184104919434,-1.771924376487732,-0.018302176147699356,-0.230006605386734,-0.16484025120735168,0.3951577842235565,0.04903155937790871,-0.30786943435668945,0.4832209050655365,-0.20690098404884338,0.0,-0.4000000059604645,-0.05000000074505806,0.3100000023841858,0.49000000953674316,-0.20999999344348907,0.0,3.5962960720062256,-0.3965003192424774,-0.10881121456623077,-4.560694217681885,2.544567346572876,-10.044584274291992,8.023443222045898,-2.754363536834717,0.14073851704597473,1.62732994556427,-3.051198959350586,-7.12326717376709,0.009853065013885498,0.04049614816904068,-0.5635181665420532,-0.17270205914974213,1.7138537168502808,0.8438749313354492,0.0,351.0076904296875,0.5,0.0,0.0,0.05522351339459419,0.0,0.75409996509552,0.9900847673416138,0.0,0.0,0.0,0.0,816.08251953125,0.0
2.9,1.9888890981674194,-0.06975516201139526,0.9975641419842455,1.0,1.0,0.0,1.0,0.11503241956233978,0.9102319478988647,0.5621210336685181,-0.050145626068115234,0.11584357172250748,1.4905263185501099,0.6946433782577515,-0.2773842215538025,-0.11271090805530548,2.227759599685669,1.616890549659729,-0.06165032088756561,0.07753098011016846,0.11906973272562027,-1.029748797416687,0.6688395738601685,-0.6067913770675659,0.03777338191866875,-2.7421255111694336,0.7663387656211853,-1.7773447036743164,-0.010422567836940289,-0.2578539550304413,-0.30010876059532166,0.4000000059604645,0.05000000074505806,-0.3100000023841858,0.49000000953674316,-0.20999999344348907,0.0,-0.4000000059604645,-0.05000000074505806,0.3100000023841858,0.49000000953674316,-0.20999999344348907,0.0,5.07150936126709,-0.7192060947418213,1.8900700807571411,-2.6806540489196777,-0.9159337282180786,-0.894447922706604,6.2757487297058105,-2.0002827644348145,-0.7552381753921509,1.8799322843551636,-4.354970932006836,-11.870148658752441,0.009023774415254593,0.03860735148191452,-0.7051609754562378,-0.3141622543334961,1.0057843923568726,0.34938105940818787,0.0,490.3870544433594,0.5,0.0,0.0,0.040734026581048965,0.0,0.7948068976402283,0.9924273490905762,0.0,0.0,0.0,0.0,1272.6689453125,0.0
2.91,2.000000238418579,1.4980281135093752e-06,0.999999999998878,1.0,1.0,0.0,1.0,0.11197085678577423,0.9125534892082214,0.5613353252410889,-0.030335426330566406,0.1376030594110489,1.4885517358779907,0.7074965238571167,-0.2202826291322708,-0.13498075306415558,2.124969244003296,2.2066123485565186,-0.7613167762756348,0.1136835590004921,0.11157377064228058,-1.0081582069396973,0.6373048424720764,-0.5617790818214417,-0.06585966050624847,-2.7133121490478516,0.7382376194000244,-1.7909036874771118,0.001204481697641313,-0.28328776359558105,-0.3912796378135681,0.4000000059604645,0.05000000074505806,-0.3100000023841858,0.49000000953674316,-0.20999999344348907,0.0,-0.4000000059604645,-0.05000000074505806,0.3100000023841858,0.49000000953674316,-0.20999999344348907,0.0,3.7525134086608887,-0.6571720242500305,2.8955447673797607,-3.423090696334839,4.368839263916016,-10.01710319519043,8.050938606262207,-3.8960390090942383,-9.247295379638672,-0.09359869360923767,-0.9905288815498352,-3.5490851402282715,0.009443022310733795,0.03835438936948776,-0.5682335495948792,-0.02368086390197277,0.10247442126274109,-0.09630857408046722,0.0,327.3059997558594,0.5,0.0,0.0,0.030502982437610626,0.0,0.8326362371444702,0.3137350380420685,0.0,0.0,0.0,0.0,955.059814453125,0.0
2.92,2.011111259460449,0.06975740357991261,0.9975639852389365,1.0,1.0,1.0,1.0,0.10919597744941711,0.9152868986129761,0.5605716705322266,-0.011852264404296875,0.15673668682575226,1.4854929447174072,0.7024284601211548,-0.18963277339935303,-0.12082845717668533,1.7653530836105347,1.7132853269577026,-0.7914544343948364,0.13444003462791443,0.09500976651906967,-0.9557977318763733,0.5891914367675781,-0.4855997860431671,-0.16512253880500793,-2.713156223297119,0.7129574418067932,-1.8433735370635986,0.014347567223012447,-0.288131445646286,-0.30997318029403687,0.4000000059604645,0.05000000074505806,-0.3100000023841858,0.49000000953674316,-0.20999999344348907,0.0,-0.4000000059604645,-0.05000000074505806,0.3100000023841858,0.49000000953674316,-0.20999999344348907,0.0,1.365264892578125,-1.781509518623352,5.628766059875488,-4.522789001464844,0.6435728669166565,-9.062643051147461,7.727344989776611,-2.1710379123687744,-14.739507675170898,2.0015814304351807,-1.6970821619033813,10.45555305480957,0.008061803877353668,0.038742370903491974,-0.4195046126842499,0.10584384948015213,-0.21712037920951843,-0.29274672269821167,96.2992172241211,340.6733093261719,0.5,0.0,0.0,0.022187547758221626,0.0,0.8573785424232483,0.2857036590576172,0.0,0.0,0.0,0.0,1212.259765625,0.0
2.93,2.0222225189208984,0.13917494703019567,0.9902678092915784,1.0,0.0,1.0,1.0,0.1071712076663971,0.9184410572052002,0.5598664879798889,0.004072617739439011,0.17196497321128845,1.4861512184143066,0.6978744864463806,-0.16445398330688477,-0.10287370532751083,1.310549259185791,1.7228368520736694,-0.08279874920845032,0.14410893619060516,0.07212033867835999,-0.901154637336731,0.5357037782669067,-0.471189945936203,-0.14102840423583984,-2.719424247741699,0.7018638849258423,-1.893641471862793,0.040687043219804764,-0.30408844351768494,-0.21923626959323883,0.4000000059604645,0.05000000074505806,-0.3100000023841858,0.49000000953674316,-0.20999999344348907,0.0,-0.4347938895225525,-0.05695877596735954,0.32530930638313293,0.538711428642273,-0.2322680652141571,0.0,1.4619239568710327,-2.5481011867523193,5.141324520111084,-5.364008903503418,1.5542429685592651,1.8368148803710938,6.741204738616943,-0.7208192348480225,-13.741567611694336,3.068681240081787,-1.100703477859497,10.755749702453613,0.006451461464166641,0.03936685621738434,-0.5494552254676819,0.10567127168178558,0.2152923196554184,-0.2981671690940857,48.428646087646484,305.5334167480469,0.5,0.0,0.0,0.018045980483293533,0.0,0.8759915828704834,0.9863823056221008,0.0,0.0,0.0,0.0,1152.0513916015625,0.0
2.94,2.0333335399627686,0.20791296073784107,0.9781473308030979,1.0,0.0,1.0,1.0,0.10552814602851868,0.9214982986450195,0.5590684413909912,0.018609272316098213,0.18430396914482117,1.4937430620193481,0.68504399061203,-0.12403745204210281,-0.10978098213672638,1.111868977546692,1.642358660697937,0.5508809089660645,0.15578939020633698,0.054928191006183624,-0.8698726892471313,0.4929845631122589,-0.4640994966030121,-0.14400003850460052,-2.734606981277466,0.6968269348144531,-1.91395103931427,0.0673494040966034,-0.3178948163986206,-0.14635524153709412,0.4000000059604645,0.05000000074505806,-0.3100000023841858,0.49000000953674316,-0.20999999344348907,0.0,-0.4519784152507782,-0.06039568409323692,0.3328705132007599,0.5627697706222534,-0.24326618015766144,0.0,1.3774664402008057,-1.5221503973007202,2.7919697761535645,-4.095648288726807,0.6623774170875549,-0.8017781376838684,5.85856294631958,-0.39203259348869324,-9.829030990600586,2.875591516494751,0.02633953094482422,10.56177806854248,0.0053711384534835815,0.03975605219602585,-0.3937537372112274,0.05642564967274666,0.195777028799057,-0.026507362723350525,28.890365600585938,282.4532775878906,0.5,0.0,0.0,0.01436171680688858,0.0,0.9055134654045105,0.5450162887573242,0.0,0.0,0.0,0.0,805.6660766601562,0.0
2.95,2.0444445610046387,0.27563805981548,0.961261494069724,1.0,0.0,1.0,1.0,0.1035577654838562,0.9250779151916504,0.5582054853439331,0.02929242141544819,0.1965341717004776,1.5074214935302734,0.6703123450279236,-0.08497004956007004,-0.11961117386817932,1.1751412153244019,1.283027172088623,1.16402268409729,0.15773406624794006,0.052276331931352615,-0.8591777086257935,0.4676692485809326,-0.46283984184265137,-0.12794369459152222,-2.759507894515991,0.6948826313018799,-1.9006528854370117,0.09555982798337936,-0.32583141326904297,-0.003633559914305806,0.4000000059604645,0.05000000074505806,-0.3100000023841858,0.49000000953674316,-0.20999999344348907,0.0,-0.46890950202941895,-0.06378190219402313,0.3403201699256897,0.5864733457565308,-0.25410208106040955,0.0,-0.1728857457637787,-0.022347167134284973,1.0010873079299927,-2.2948150634765625,0.3322575092315674,1.2065666913986206,3.6756558418273926,0.04219852760434151,-4.405849456787109,3.2557995319366455,2.1022720336914062,13.0460786819458,0.005252569913864136,0.039832696318626404,-0.3481053411960602,-0.03299816697835922,-0.228333979845047,0.36252203583717346,10.428894996643066,268.5769348144531,0.5,0.0,0.0,0.011317003518342972,0.0,0.930109977722168,0.06654362380504608,0.0,0.0,0.0,0.0,1125.1429443359375,0.0
2.96,2.055555820465088,0.3420217074207089,0.939692051500396,1.0,0.0,1.0,1.0,0.10149093717336655,0.9292060732841492,0.5575291514396667,0.03643667697906494,0.20821209251880646,1.5252264738082886,0.6679232120513916,-0.04676203802227974,-0.07666639983654022,1.035922884941101,1.1107594966888428,1.598709225654602,0.1477135866880417,0.052848223596811295,-0.8578161597251892,0.43868717551231384,-0.495473176240921,-0.0746898502111435,-2.7555019855499268,0.7039821147918701,-1.8831595182418823,0.14232580363750458,-0.3480938673019409,0.14422358572483063,0.4000000059604645,0.05000000074505806,-0.3100000023841858,0.49000000953674316,-0.20999999344348907,0.0,-0.4855055510997772,-0.06710111349821091,0.34762245416641235,0.609707772731781,-0.264723539352417,0.0,-0.7269409894943237,0.20271161198616028,-0.5063591003417969,-3.00844669342041,-2.3408589363098145,-0.6911295652389526,3.298483371734619,1.11250638961792,0.23949787020683289,5.681605815887451,-4.529420375823975,12.117889404296875,0.00470917671918869,0.04060649871826172,-0.06611721217632294,0.055992256850004196,-0.04445067048072815,0.741168737411499,161.76641845703125,428.1796569824219,0.5,0.0,0.0,0.009176819585263729,0.0,0.9410398602485657,0.006025574170053005,0.0,0.0,0.0,0.0,1582.115234375,0.0
2.97,2.066666841506958,0.4067376466545243,0.9135450108199044,1.0,0.0,1.0,1.0,0.09954749792814255,0.9331443309783936,0.5573410987854004,0.04407627508044243,0.21779945492744446,1.5427573919296265,0.6694245934486389,-0.0029403604567050934,-0.023321695625782013,0.7409785985946655,1.1652883291244507,1.470901608467102,0.14141829311847687,0.051353104412555695,-0.8587172031402588,0.40769433975219727,-0.4832722246646881,-0.07232727855443954,-2.7302000522613525,0.71246337890625,-1.8751356601715088,0.18927524983882904,-0.38648563623428345,0.2743239402770996,0.4000000059604645,0.05000000074505806,-0.3100000023841858,0.49000000953674316,-0.20999999344348907,0.0,-0.5016845464706421,-0.07033691555261612,0.3547412157058716,0.6323584318161011,-0.2750781178474426,0.0,-0.4233308434486389,-0.38320717215538025,0.07335182279348373,-2.9062232971191406,1.1744117736816406,-0.4498203694820404,4.8692498207092285,0.9438813328742981,-2.037478446960449,4.282675266265869,-2.581240177154541,12.87378978729248,0.004082821309566498,0.04307594150304794,-0.18991632759571075,-0.033752188086509705,-0.12260349839925766,0.73701411485672,97.7320327758789,356.3509521484375,0.5,0.0,0.0,0.007815948687493801,0.0,0.9441910982131958,0.013205748051404953,0.0,0.0,0.0,0.0,1460.4884033203125,0.0
2.98,2.077777862548828,0.4694720330721578,0.8829473428031224,1.0,0.0,1.0,1.0,0.09786058217287064,0.9377126097679138,0.557667076587677,0.04937712475657463,0.22560712695121765,1.5588455200195312,0.6681767702102661,0.015958774834871292,0.040396761149168015,0.620753288269043,0.7827030420303345,1.2141255140304565,0.12965036928653717,0.046218790113925934,-0.8596301674842834,0.37908169627189636,-0.4806618094444275,-0.07255277782678604,-2.7449936866760254,0.7143833637237549,-1.8491873741149902,0.21248659491539001,-0.41160842776298523,0.4200280010700226,0.4000000059604645,0.05000000074505806,-0.3100000023841858,0.49000000953674316,-0.20999999344348907,0.0,-0.5173680186271667,-0.07347360253334045,0.36164191365242004,0.654315173625946,-0.285115510225296,0.0,-0.7339860200881958,-0.6526384949684143,-0.3577044606208801,-2.217801570892334,-5.099949836730957,-7.845633506774902,5.706648349761963,0.07797218859195709,-6.393171787261963,1.720524787902832,-1.6245368719100952,16.03235626220703,0.004580788314342499,0.044342562556266785,-0.1665230542421341,-0.23655200004577637,-0.014940261840820312,0.7219802737236023,432.7378234863281,313.5431213378906,0.5,0.0,0.0,0.00683421129360795,0.0,0.9445221424102783,0.05243392661213875,0.0,0.0,0.0,0.0,1746.531494140625,0.0
2.99,2.0888891220092773,0.5299205064014169,0.8480473199623154,1.0,0.0,1.0,1.0,0.09666478633880615,0.9431629180908203,0.5582253932952881,0.05188532918691635,0.2304876297712326,1.5708683729171753,0.6674660444259644,0.04596567898988724,0.05909585952758789,0.24350492656230927,0.44829946756362915,0.8330506086349487,0.11830659210681915,0.041126929223537445,-0.8572535514831543,0.36109596490859985,-0.4558908939361572,-0.05899139493703842,-2.7606823444366455,0.7151702642440796,-1.8010494709014893,0.22315602004528046,-0.4213716387748718,0.5612613558769226,0.4000000059604645,0.05000000074505806,-0.3100000023841858,0.49000000953674316,-0.20999999344348907,0.0,-0.5324802398681641,-0.07649604976177216,0.36829131841659546,0.6754723191261292,-0.29478734731674194,0.0,-1.0874254703521729,-0.5569257736206055,0.4615241289138794,-1.5773333311080933,1.3776874542236328,2.138108491897583,5.7925591468811035,0.032261814922094345,-3.5735363960266113,0.5126817226409912,-0.6279777884483337,13.754131317138672,0.005687013268470764,0.04469846934080124,-0.2151055783033371,-0.2088647037744522,0.07404462993144989,0.9440330266952515,73.9487533569336,248.2364044189453,0.5,0.0,0.0,0.006240242626518011,0.0,0.9414675235748291,0.249587282538414,0.0,0.0,0.0,0.0,1039.1689453125,0.0
3.0,2.1000001430511475,0.5877859794503563,0.8090164660633214,1.0,0.0,1.0,1.0,0.09606513381004333,0.9488722085952759,0.5587986707687378,0.05590883642435074,0.23072902858257294,1.5728111267089844,0.6806132793426514,0.09578559547662735,0.07410469651222229,-0.14141207933425903,0.4947333037853241,-0.5033076405525208,0.10630658268928528,0.035348568111658096,-0.8458061814308167,0.3504006266593933,-0.4258948862552643,-0.0880993977189064,-2.7809667587280273,0.7113978266716003,-1.7137062549591064,0.2165612280368805,-0.4097232222557068,0.5456576347351074,0.4000000059604645,0.05000000074505806,-0.3100000023841858,0.49000000953674316,-0.20999999344348907,0.0,-0.54694664478302,-0.07938932627439499,0.3746565282344818,0.6957253217697144,-0.3040458559989929,0.0,-1.2971826791763306,-0.5836079120635986,1.3061074018478394,-0.8774886727333069,2.353656053543091,-2.1476707458496094,5.7320990562438965,-0.8419845700263977,-0.9100347757339478,-1.4809703826904297,1.008641242980957,-2.9691522121429443,0.0064846426248550415,0.0446484237909317,-0.034769028425216675,0.0033009201288223267,-0.09307358413934708,0.7023779153823853,129.85281372070312,242.80569458007812,0.5,0.0,0.0,0.006103502120822668,0.0,0.9198064208030701,0.6025183796882629,0.0,0.0,0.0,0.0,315.4731750488281,0.0
3.0100000000000002,2.1111111640930176,0.6427878646989728,0.766044229138067,1.0,0.0,1.0,1.0,0.09575088322162628,0.9549987316131592,0.5593540668487549,0.0609610453248024,0.22746242582798004,1.5640298128128052,0.6866651177406311,0.14005360007286072,0.08286850899457932,-0.3836553692817688,0.22107930481433868,-1.4983458518981934,0.08997053653001785,0.03243562951683998,-0.8269464373588562,0.3531317710876465,-0.411436527967453,-0.11252239346504211,-2.799666404724121,0.6995481848716736,-1.656943917274475,0.19039545953273773,-0.3840859532356262,0.4515356719493866,0.4000000059604645,0.05000000074505806,-0.3100000023841858,0.49000000953674316,-0.20999999344348907,0.0,-0.5606971383094788,-0.08213943243026733,0.3807067275047302,0.7149760127067566,-0.3128461539745331,0.0,-1.5939116477966309,-0.18155845999717712,1.8528920412063599,0.533833384513855,0.6157981157302856,-0.7811400890350342,4.992312908172607,-1.275422215461731,-5.780102252960205,-2.7481887340545654,2.681633949279785,-9.2860746383667,0.007793106138706207,0.044857338070869446,0.03600688651204109,0.06965768337249756,-0.05594811588525772,0.04681842029094696,160.9425506591797,217.7581329345703,0.5,0.0,0.0,0.006164373364299536,0.0,0.89680415391922,0.011219742707908154,0.0,0.0,0.0,0.0,816.5272216796875,0.0
3.02,2.122222423553467,0.6946592804243799,0.7193389215941836,1.0,0.0,1.0,1.0,0.0958576500415802,0.962212324142456,0.5597264766693115,0.06341246515512466,0.22125139832496643,1.546225666999817,0.6777471899986267,0.151299849152565,0.07322035729885101,-0.6058988571166992,-0.3383251130580902,-2.194178581237793,0.06821154057979584,0.028841422870755196,-0.7865591645240784,0.3659675717353821,-0.4081258177757263,-0.13488058745861053,-2.8009204864501953,0.6901352405548096,-1.6879782676696777,0.15907008945941925,-0.3501082956790924,0.2793375253677368,0.4000000059604645,0.05000000074505806,-0.3100000023841858,0.49000000953674316,-0.20999999344348907,0.0,-0.5736649036407471,-0.08473297953605652,0.3864125609397888,0.7331308722496033,-0.32114553451538086,0.0,-2.7080092430114746,-0.36758607625961304,4.530210971832275,1.4610264301300049,0.12303078174591064,0.26098906993865967,4.124053478240967,-0.7673279047012329,-10.3446044921875,-3.096771478652954,2.156649351119995,-9.433989524841309,0.009630858898162842,0.04486621916294098,0.03349776193499565,-0.07798125594854355,-0.21313132345676422,-0.3444506824016571,164.53720092773438,96.44755554199219,0.5,0.0,0.0,0.006483007688075304,0.0,0.896756112575531,6.580337503692135e-05,0.0,0.0,0.0,0.0,1318.72314453125,0.0
3.0300000000000002,2.133333683013916,0.7431462956277414,0.669128973587877,1.0,0.0,1.0,0.0,0.09677392244338989,0.9707866311073303,0.5597790479660034,0.06096486747264862,0.2120647132396698,1.5217067003250122,0.6596797108650208,0.14519533514976501,0.06098972260951996,-0.8499805331230164,-0.9946412444114685,-2.694260597229004,0.036691661924123764,0.020862223580479622,-0.7327913045883179,0.3870794475078583,-0.41642048954963684,-0.19625097513198853,-2.7901902198791504,0.6934736371040344,-1.7947607040405273,0.13515327870845795,-0.3070935010910034,0.11223851889371872,0.4000000059604645,0.05000000074505806,-0.3100000023841858,0.49000000953674316,-0.20999999344348907,0.0,-0.5857865810394287,-0.08715732395648956,0.3917461037635803,0.7501012086868286,-0.3289034068584442,0.0,-3.576781988143921,-0.7900201678276062,5.58675479888916,2.225344181060791,-0.9880877733230591,-1.847388505935669,6.741164207458496,0.703125,-19.44579315185547,-2.1750292778015137,4.571821689605713,-10.472917556762695,0.01273578405380249,0.043346695601940155,-0.07740640640258789,-0.27119123935699463,-0.11252275854349136,-0.4053381681442261,198.41448974609375,0.0,0.5,0.0,0.0,0.00721694715321064,0.0,0.9110490679740906,4.953106440552801e-07,0.0,0.0,0.0,0.0,1603.7652587890625,0.0
3.04,2.144444704055786,0.788011757864156,0.6156601899325982,1.0,0.0,1.0,1.0,0.09826421737670898,0.9800942540168762,0.5597675442695618,0.055923089385032654,0.20075513422489166,1.4912141561508179,0.6574610471725464,0.1790570467710495,0.07258068770170212,-1.013116478919983,-1.1032843589782715,-3.271012306213379,0.007725748233497143,0.018836582079529762,-0.6866387724876404,0.4214684069156647,-0.4212946891784668,-0.21616467833518982,-2.768369197845459,0.7109525799751282,-1.908976435661316,0.13239148259162903,-0.29774346947669983,0.0748848095536232,0.4000000059604645,0.05000000074505806,-0.3100000023841858,0.49000000953674316,-0.20999999344348907,0.0,-0.5970029830932617,-0.08940060436725616,0.3966813087463379,0.7658041715621948,-0.33608192205429077,0.0,-2.6000468730926514,-0.006805583834648132,4.793427467346191,3.8937580585479736,-0.06802937388420105,-2.0153489112854004,8.041936874389648,1.813861608505249,-18.133270263671875,0.22552111744880676,-1.2310367822647095,2.3192713260650635,0.01642879843711853,0.04226953536272049,0.03441058099269867,-0.2461475431919098,0.08180627226829529,-1.0080478191375732,200.98248291015625,242.7851104736328,0.5,0.0,0.0,0.008630873635411263,0.0,0.892516016960144,5.087613108578637e-10,0.0,0.0,0.0,0.0,1170.13427734375,0.0
3.0500000000000003,2.1555557250976562,0.8290381682428841,0.5591920203261875,1.0,0.0,1.0,1.0,0.09885305911302567,0.9890874028205872,0.5598404407501221,0.051611147820949554,0.1915881484746933,1.4604774713516235,0.6402595043182373,0.2562347650527954,0.034242354333400726,-0.5645594596862793,-0.9748900532722473,-2.748944044113159,0.00048318912740796804,0.03919810429215431,-0.6465837359428406,0.47790148854255676,-0.4067259132862091,-0.10732451826334,-2.699836254119873,0.7271192669868469,-2.029296875,0.14330393075942993,-0.2867833077907562,0.14065192639827728,0.4000000059604645,0.05000000074505806,-0.3100000023841858,0.49000000953674316,-0.20999999344348907,0.0,-0.6072596311569214,-0.09145192801952362,0.4011942148208618,0.7801634669303894,-0.34264612197875977,0.0,0.05203540623188019,3.022808313369751,3.847318172454834,5.860940933227539,0.40552711486816406,10.079550743103027,7.459836006164551,1.256623387336731,-11.766974449157715,1.1710208654403687,1.3002485036849976,4.502803325653076,0.019603345543146133,0.04320511966943741,0.7566038966178894,-0.15681271255016327,0.3731003999710083,-0.6726616024971008,52.04373550415039,271.6601867675781,0.5,0.0,0.0,0.010183612816035748,0.0,0.8431098461151123,2.731111123921437e-07,0.0,0.0,0.0,0.0,1069.662353515625,0.0
3.06,2.1666669845581055,0.8660264024681193,0.4999982702251348,1.0,0.0,0.0,1.0,0.09747432917356491,0.9969437718391418,0.5600739121437073,0.050483785569667816,0.18850143253803253,1.4404985904693604,0.6373993754386902,0.3081044554710388,-0.0030720308423042297,0.05417296290397644,-0.07836627215147018,-1.427514910697937,0.01478783693164587,0.08409930765628815,-0.6891037225723267,0.5171887874603271,-0.5087791681289673,0.07206140458583832,-2.643120527267456,0.7407962679862976,-2.046887159347534,0.17228247225284576,-0.26914942264556885,0.17282146215438843,0.4000000059604645,0.05000000074505806,-0.3100000023841858,0.49000000953674316,-0.20999999344348907,0.0,-0.6165066361427307,-0.09330132603645325,0.40526291728019714,0.7931092977523804,-0.3485642075538635,0.0,2.8500564098358154,4.674551486968994,-6.489541053771973,2.5406293869018555,-10.055337905883789,10.575133323669434,7.96604061126709,0.9736039638519287,-1.932748556137085,2.8853890895843506,4.745033264160156,6.764379978179932,0.017697088420391083,0.04658272862434387,1.1056400537490845,0.03206004574894905,2.208916187286377,-0.06923040002584457,0.0,254.8256378173828,0.5,0.0,0.0,0.010938379913568497,0.0,0.7964316606521606,0.0169820599257946,0.0,0.0,0.0,0.0,2194.5234375,0.0
3.0700000000000003,2.1777780055999756,0.898794673804223,0.43836986021071334,1.0,0.0,1.0,1.0,0.09513431787490845,1.003764271736145,0.5604680776596069,0.052050843834877014,0.18738889694213867,1.4292452335357666,0.6278942823410034,0.3711739480495453,0.0295855775475502,-0.1356445848941803,-0.11834676563739777,-0.857721745967865,0.03673020750284195,0.120473213493824,-0.7495153546333313,0.5325429439544678,-0.49705958366394043,0.11760111898183823,-2.5613794326782227,0.7416706085205078,-2.0738914012908936,0.18183749914169312,-0.2546813189983368,0.1866482049226761,0.4000000059604645,0.05000000074505806,-0.3100000023841858,0.49000000953674316,-0.20999999344348907,0.0,-0.6246986985206604,-0.09493973851203918,0.40886741876602173,0.8045781850814819,-0.35380715131759644,0.0,1.4916709661483765,3.0324504375457764,-5.317232608795166,2.2354013919830322,-1.330643653869629,1.5490176677703857,8.122237205505371,-0.14418810606002808,-2.5152275562286377,0.6984161138534546,-1.3934893608093262,2.943963050842285,0.013582825660705566,0.048689208924770355,0.47621122002601624,-0.03220004960894585,1.4943897724151611,0.6603448390960693,239.67251586914062,385.7100830078125,0.5,0.0,0.0,0.011403881013393402,0.0,0.7347286343574524,0.22960998117923737,0.0,0.0,0.0,0.0,773.6455688476562,0.0
3.08,2.1888890266418457,0.9271841787986933,0.37460579091278423,1.0,0.0,1.0,1.0,0.09235762804746628,1.0100895166397095,0.5611814260482788,0.0554516576230526,0.1859220415353775,1.4219231605529785,0.636459231376648,0.43500325083732605,0.030284829437732697,-0.08575623482465744,0.43132469058036804,-0.665378987789154,0.05556640028953552,0.15295597910881042,-0.8139817118644714,0.5358026623725891,-0.5313950181007385,0.12974882125854492,-2.474344253540039,0.7376579642295837,-2.0990655422210693,0.1839451789855957,-0.23635435104370117,0.21451960504055023,0.4000000059604645,0.05000000074505806,-0.3100000023841858,0.49000000953674316,-0.20999999344348907,0.0,-0.63179612159729,-0.09635922312736511,0.41199028491973877,0.8145145177841187,-0.3583495020866394,0.0,2.578693151473999,3.563025712966919,-6.899816989898682,-0.2659728527069092,-4.186965465545654,0.8205412030220032,8.065150260925293,-0.5391514897346497,-2.074573516845703,0.26763397455215454,0.31732702255249023,1.519633173942566,0.00894087553024292,0.050761207938194275,1.2236465215682983,-0.09992523491382599,2.0942671298980713,0.6413665413856506,12.75678539276123,321.48980712890625,0.5,0.0,0.0,0.012145809829235077,0.0,0.6598795652389526,0.4125250279903412,0.0,0.0,0.0,0.0,605.267333984375,0.0
3.09,2.200000286102295,0.9510570717929909,0.3090152847231701,1.0,0.0,1.0,1.0,0.08966544270515442,1.0151777267456055,0.561791181564331,0.06226159632205963,0.18240907788276672,1.423906683921814,0.641664445400238,0.4528653025627136,0.007604122161865234,-0.49020978808403015,0.8871642351150513,0.5997329950332642,0.1029103621840477,0.18799683451652527,-0.8925303220748901,0.5499666333198547,-0.5243009328842163,0.050919100642204285,-2.393885374069214,0.7560741901397705,-2.065243721008301,0.2106068879365921,-0.17780643701553345,0.09481869637966156,0.4000000059604645,0.05000000074505806,-0.3100000023841858,0.49000000953674316,-0.20999999344348907,0.0,-0.6377642750740051,-0.09755285084247589,0.41461628675460815,0.8228700160980225,-0.3621691167354584,0.0,5.75355863571167,3.361241579055786,-7.467466354370117,2.197305679321289,3.009580135345459,-9.839479446411133,8.068120956420898,2.4148428440093994,3.702737331390381,2.8603100776672363,6.761124610900879,-8.044509887695312,0.0034294836223125458,0.05265907198190689,1.0791730880737305,-0.11437832564115524,2.0565595626831055,0.8440530896186829,96.0765151977539,169.05194091796875,0.5,0.0,0.0,0.013727427460253239,0.0,0.6374295353889465,0.4870642125606537,0.0,0.0,0.0,0.0,1191.05078125,0.0
3.1,2.211111307144165,0.9702960242533635,0.24192070047459083,1.0,0.0,1.0,1.0,0.08752012997865677,1.0199865102767944,0.5622799396514893,0.06906432658433914,0.1765299290418625,1.4328570365905762,0.6614142656326294,0.46354830265045166,0.035440847277641296,-0.7586748600006104,0.7908477783203125,0.9682120680809021,0.1477130800485611,0.2079971879720688,-0.9434777498245239,0.5635837912559509,-0.5078763961791992,-0.02474641241133213,-2.3129420280456543,0.7748756408691406,-2.03745698928833,0.225062295794487,-0.15013135969638824,0.029649315401911736,0.4000000059604645,0.05000000074505806,-0.3100000023841858,0.49000000953674316,-0.20999999344348907,0.0,-0.6425740122795105,-0.09851481020450592,0.4167325794696808,0.8296036720275879,-0.36524736881256104,0.0,4.085038185119629,1.7360128164291382,-2.813385248184204,4.268807411193848,-0.8204727172851562,1.3392484188079834,8.012049674987793,1.8619896173477173,3.2502875328063965,0.9940723180770874,3.348449945449829,-3.980294704437256,-0.00019979476928710938,0.05288621783256531,0.08881831169128418,-0.2338603138923645,0.9669448137283325,0.9940093755722046,895.4116821289062,224.22390747070312,0.5,0.0,0.0,0.01588994264602661,0.0,0.6176316142082214,0.15337501466274261,0.0,0.0,0.0,0.0,708.6168212890625,0.0
3.11,2.222222328186035,0.9848078686252573,0.1736475219914698,1.0,0.0,1.0,1.0,0.08644600957632065,1.0258702039718628,0.5630372762680054,0.07184755057096481,0.1673794686794281,1.444546103477478,0.6884654760360718,0.4684186279773712,0.0916152074933052,-1.0942001342773438,0.3261445164680481,1.2255096435546875,0.16651959717273712,0.20632703602313995,-0.9470950365066528,0.579032838344574,-0.5099151730537415,-0.030705075711011887,-2.288200616836548,0.8015502691268921,-1.9695361852645874,0.2341594099998474,-0.11946951597929001,-0.04264482483267784,0.4000000059604645,0.05000000074505806,-0.3100000023841858,0.49000000953674316,-0.20999999344348907,0.0,-0.6462019681930542,-0.09924039244651794,0.4183288812637329,0.8346827626228333,-0.3675692677497864,0.0,0.6647410988807678,-0.7014212012290955,-0.10421784967184067,0.9294341802597046,-0.41958683729171753,-0.6323723793029785,8.06702709197998,2.710577964782715,-2.081414222717285,0.22437311708927155,2.9095661640167236,-4.965683460235596,-0.0001363009214401245,0.05234021693468094,-0.018414698541164398,-0.3336515426635742,0.24497942626476288,0.60135817527771,160.209228515625,257.1983947753906,0.5,0.0,0.0,0.018015354871749878,0.0,0.6005733609199524,0.04960083216428757,0.0,0.0,0.0,0.0,670.1795043945312,0.0
3.12,2.2333335876464844,0.9945220623926851,0.10452687412431212,1.0,0.0,1.0,1.0,0.08592574298381805,1.0316712856292725,0.5638836622238159,0.07536430656909943,0.15577301383018494,1.4611197710037231,0.7240036725997925,0.4748712480068207,0.08398663997650146,-1.2340991497039795,0.8038147687911987,1.8438621759414673,0.17589284479618073,0.2062731832265854,-0.9719032645225525,0.5977386832237244,-0.5136634707450867,-0.040465835481882095,-2.2841928005218506,0.8391957879066467,-1.8782505989074707,0.2556537687778473,-0.050265662372112274,-0.15184363722801208,0.4000000059604645,0.05000000074505806,-0.3100000023841858,0.49000000953674316,-0.20999999344348907,0.0,-0.6486304998397827,-0.099726103246212,0.41939741373062134,0.8380827307701111,-0.36912351846694946,0.0,1.0568677186965942,0.4207374155521393,-3.2158594131469727,1.9325995445251465,-0.5030373930931091,-1.0726501941680908,7.889700889587402,3.054722309112549,0.9422699213027954,1.1370960474014282,9.083270072937012,-10.084939002990723,0.00046684592962265015,0.0526573583483696,0.10930175334215164,-0.20134902000427246,0.17274364829063416,0.9581236839294434,140.51419067382812,102.06629180908203,0.5,0.0,0.0,0.020756622776389122,0.0,0.5761653184890747,0.0011141590075567365,0.0,0.0,0.0,0.0,859.4163818359375,0.0
3.13,2.2444446086883545,0.9993908630339691,0.034898465356212265,1.0,0.0,1.0,1.0,0.08587175607681274,1.0372955799102783,0.5646945238113403,0.08015663176774979,0.14259035885334015,1.4812004566192627,0.7524861693382263,0.45501217246055603,0.11055336892604828,-1.5464649200439453,0.7317829728126526,2.069979429244995,0.17885658144950867,0.199021115899086,-0.9947020411491394,0.6047967672348022,-0.5183044075965881,-0.022887278348207474,-2.2651431560516357,0.8737514019012451,-1.797254204750061,0.2676720917224884,0.030793679878115654,-0.26942721009254456,0.4000000059604645,0.05000000074505806,-0.3100000023841858,0.49000000953674316,-0.20999999344348907,0.0,-0.6498477458953857,-0.0999695435166359,0.4199329912662506,0.8397867679595947,-0.36990252137184143,0.0,0.0558948814868927,-1.1429980993270874,-2.360591411590576,0.3635410964488983,-1.1261520385742188,0.2227708101272583,3.4402382373809814,3.4422049522399902,6.772885322570801,0.7157238721847534,8.282255172729492,-10.253316879272461,0.00019995123147964478,0.05233818292617798,-0.01102368999272585,-0.3996277153491974,-0.0019145336700603366,1.0132428407669067,169.6332550048828,112.77222442626953,0.5,0.0,0.0,0.02458431012928486,0.0,0.5818336009979248,0.00018978292064275593,0.0,0.0,0.0,0.0,468.09674072265625,0.0
3.14,2.2555558681488037,0.9993907584717193,-0.03490145958727216,1.0,0.0,1.0,1.0,0.08618097007274628,1.0433515310287476,0.5658754110336304,0.08438897877931595,0.12830579280853271,1.4974216222763062,0.7543221116065979,0.4317280948162079,0.19723570346832275,-1.5203144550323486,0.48160916566848755,1.2408024072647095,0.17472924292087555,0.18305359780788422,-1.0103447437286377,0.6015245914459229,-0.5275611281394958,-0.017470363527536392,-2.2843892574310303,0.8909282684326172,-1.7109036445617676,0.24872124195098877,0.09903932362794876,-0.3704477548599243,0.4000000059604645,0.05000000074505806,-0.3100000023841858,0.49000000953674316,-0.20999999344348907,0.0,-0.6496954560279846,-0.09993909299373627,0.41986599564552307,0.8395736217498779,-0.36980509757995605,0.0,-0.6938259601593018,-1.6586987972259521,-1.051810383796692,-0.39878860116004944,-0.3247396945953369,0.19347399473190308,-2.363980293273926,1.297250509262085,8.091958999633789,-2.4963083267211914,7.4201130867004395,-10.038419723510742,-0.00018744170665740967,0.05107995122671127,6.136046431493014e-05,-0.4464573860168457,0.006413027178496122,0.755774199962616,251.45814514160156,129.8394775390625,0.5,0.0,0.0,0.02969565987586975,0.0,0.6052353978157043,0.045996904373168945,0.0,0.0,0.0,0.0,261.0169372558594,0.0
3.15,2.266666889190674,0.9945217492198297,-0.10452985376785903,1.0,0.0,1.0,0.0,0.08680516481399536,1.0510128736495972,0.5672659873962402,0.08265239745378494,0.11447058618068695,1.51035737991333,0.7408050894737244,0.3754200041294098,0.2083309441804886,-1.570999026298523,-0.39416077733039856,1.1810216903686523,0.16360199451446533,0.16688035428524017,-1.0043916702270508,0.6053318977355957,-0.5280207991600037,-0.016333486884832382,-2.341200351715088,0.9003029465675354,-1.7359943389892578,0.22323589026927948,-0.005245871376246214,-0.5637926459312439,0.4000000059604645,0.05000000074505806,-0.3100000023841858,0.49000000953674316,-0.20999999344348907,0.0,-0.6472684144973755,-0.09945367276668549,0.4187980890274048,0.8361757397651672,-0.3682517409324646,0.0,-1.6850697994232178,-1.7050020694732666,1.023347020149231,0.6945251226425171,0.17783817648887634,-0.06243755668401718,-8.205423355102539,0.8971136808395386,-3.8955941200256348,-2.5941104888916016,-10.161219596862793,-10.73001480102539,0.0007490776479244232,0.053738370537757874,0.015416694805026054,-0.031720876693725586,-0.09216185659170151,0.6077931523323059,301.63287353515625,0.0,0.5,0.0,0.0,0.03649607673287392,0.0,0.6717597246170044,0.06144428625702858,0.0,0.0,0.0,0.0,1148.697021484375,0.0
3.16,2.277778148651123,0.984807348363098,-0.17365047253043578,1.0,0.0,1.0,0.0,0.08811141550540924,1.0611666440963745,0.5684719681739807,0.07099220901727676,0.09934724122285843,1.5192509889602661,0.7262048721313477,0.33960485458374023,0.2071681022644043,-1.6969622373580933,-1.606136441230774,0.6832782030105591,0.13405804336071014,0.1518641710281372,-0.994188666343689,0.6172394156455994,-0.5344141125679016,-0.024607710540294647,-2.4210710525512695,0.8986032605171204,-1.8968168497085571,0.17485861480236053,-0.12131798267364502,-0.7524790167808533,0.4000000059604645,0.05000000074505806,-0.3100000023841858,0.49000000953674316,-0.20999999344348907,0.0,-0.642461359500885,-0.09849226474761963,0.41668298840522766,0.8294458389282227,-0.3651752471923828,0.0,-4.077391147613525,-1.550852656364441,1.881168246269226,1.4440301656723022,0.18167632818222046,1.2627631425857544,-8.300978660583496,-0.10598495602607727,-17.535337448120117,-4.669761657714844,-10.242734909057617,-10.754770278930664,0.0026613250374794006,0.05619090050458908,0.025307951495051384,0.09386816620826721,0.030290931463241577,1.0609139204025269,302.24859619140625,0.0,0.5,0.0,0.0,0.049835629761219025,0.0,0.7167701125144958,0.39308154582977295,0.0,0.0,0.0,0.0,1851.01904296875,0.0
3.17,2.288889169692993,0.970295299440988,-0.2419236075349487,1.0,0.0,1.0,0.0,0.0906752347946167,1.0738563537597656,0.5695985555648804,0.04981563240289688,0.08022814989089966,1.5189881324768066,0.7273097038269043,0.3020058870315552,0.20440620183944702,-2.1084587574005127,-2.5084941387176514,-0.2671321630477905,0.08535398542881012,0.13297231495380402,-0.9633583426475525,0.6356374025344849,-0.5351558923721313,-0.026726050302386284,-2.4959206581115723,0.8956378102302551,-2.101677656173706,0.12202003598213196,-0.22703205049037933,-0.9371681809425354,0.4000000059604645,0.05000000074505806,-0.3100000023841858,0.49000000953674316,-0.20999999344348907,0.0,-0.6353681683540344,-0.09707362949848175,0.41356199979782104,0.8195154666900635,-0.3606356084346771,0.0,-5.595391273498535,-2.1241579055786133,4.040767192840576,2.204683780670166,-0.552435040473938,-0.8417608737945557,-7.825916290283203,-0.13358844816684723,-20.74274253845215,-5.09290885925293,-10.162015914916992,-10.646449089050293,0.005675621330738068,0.055963627994060516,0.026033394038677216,0.1655014008283615,0.07950998842716217,1.8397831916809082,343.73431396484375,0.0,0.5,0.0,0.0,0.08087517321109772,0.0,0.7514470815658569,0.866997480392456,0.0,0.0,0.0,0.0,1838.7529296875,0.0
3.18,2.3000001907348633,0.951056145961555,-0.30901813414224355,1.0,0.0,1.0,0.0,0.09483213722705841,1.0892478227615356,0.5708179473876953,0.018234923481941223,0.05689232051372528,1.5082448720932007,0.724689781665802,0.2586044371128082,0.18139880895614624,-2.471445083618164,-3.550762414932251,-1.2609679698944092,0.01042111124843359,0.10183772444725037,-0.9023865461349487,0.6475389003753662,-0.5456503033638,-0.06570025533437729,-2.533602476119995,0.9039444923400879,-2.32774019241333,0.07580278813838959,-0.28515294194221497,-1.0668411254882812,0.4000000059604645,0.05000000074505806,-0.3100000023841858,0.49000000953674316,-0.20999999344348907,0.0,-0.6261268258094788,-0.09522536396980286,0.4094958007335663,0.8065775632858276,-0.35472115874290466,0.0,-7.95509147644043,-3.4344658851623535,7.3267083168029785,1.5549328327178955,-0.692184567451477,-7.249371528625488,-3.9775466918945312,1.369788408279419,-21.532920837402344,-4.399959564208984,-4.007912635803223,-10.218533515930176,0.009698115289211273,0.05399738997220993,-0.08719092607498169,0.20136617124080658,0.13216614723205566,2.20182728767395,323.985595703125,0.0,0.5,0.0,0.0,0.15525749325752258,0.0,0.7907894849777222,0.04158230870962143,0.0,0.0,0.0,0.0,1320.615478515625,0.0
3.19,2.3111114501953125,0.9271830564545201,-0.37460856880703364,1.0,0.0,1.0,0.0,0.10001738369464874,1.10697340965271,0.5721097588539124,-0.023313045501708984,0.03215932846069336,1.4904844760894775,0.7249067425727844,0.23385730385780334,0.10176000744104385,-2.5546698570251465,-4.649900913238525,-1.827595829963684,-0.06979252398014069,0.06997894495725632,-0.807539165019989,0.6735938787460327,-0.5483083128929138,-0.14853790402412415,-2.4921650886535645,0.9173136353492737,-2.5436391830444336,0.03478424623608589,-0.23851615190505981,-0.892508327960968,0.4000000059604645,0.05000000074505806,-0.3100000023841858,0.49000000953674316,-0.20999999344348907,0.0,-0.6149170398712158,-0.09298340231180191,0.4045634865760803,0.7908837795257568,-0.34754687547683716,0.0,-8.003602981567383,-3.1231930255889893,11.003796577453613,3.542052745819092,2.422182559967041,-7.721453666687012,8.064879417419434,1.4029154777526855,-23.349069595336914,-4.258253574371338,6.6717529296875,10.576242446899414,0.016319476068019867,0.05418185889720917,-0.08450658619403839,0.8394156098365784,0.4865962564945221,2.2689764499664307,412.4943542480469,0.0,0.5,0.0,0.0,0.22819291055202484,0.0,0.810142993927002,0.0012555106077343225,0.0,0.0,0.0,0.0,2241.2080078125,0.0
3.2,2.3222224712371826,0.8987933604194404,-0.4383725530481234,1.0,0.0,1.0,0.0,0.10418395698070526,1.1238912343978882,0.5729206204414368,-0.0624079704284668,0.012243535369634628,1.4748523235321045,0.707603394985199,0.2749916613101959,-0.06698103994131088,-1.5905113220214844,-3.6449806690216064,-1.246373176574707,-0.08893945813179016,0.07212453335523605,-0.7420880794525146,0.7419442534446716,-0.4802790582180023,-0.04547948017716408,-2.473179817199707,0.9193711876869202,-2.649332284927368,0.017651865258812904,-0.1266433447599411,-0.7047167420387268,0.4000000059604645,0.05000000074505806,-0.3100000023841858,0.49000000953674316,-0.20999999344348907,0.0,-0.6019572615623474,-0.09039145708084106,0.39886119961738586,0.7727401256561279,-0.33925265073776245,0.0,0.6242442727088928,1.6431951522827148,4.713331699371338,7.6073102951049805,2.0486457347869873,7.783386707305908,8.099874496459961,-0.9230842590332031,-17.951473236083984,-2.5458688735961914,10.183839797973633,10.698709487915039,0.022127367556095123,0.05960448831319809,0.8737480044364929,1.3623164892196655,2.059049129486084,2.4188694953918457,208.35885620117188,0.0,0.5,0.0,0.0,0.14160752296447754,0.0,0.7886449098587036,0.04473978653550148,0.0,0.0,0.0,0.0,2168.223876953125,0.0
3.21,2.3333334922790527,0.8660249044413024,-0.5000008648866849,1.0,0.0,1.0,0.0,0.10501593351364136,1.1381855010986328,0.5727493762969971,-0.09005022048950195,0.004171357490122318,1.463391661643982,0.7139528393745422,0.30689820647239685,-0.19981896877288818,-0.1768566071987152,-2.257749557495117,-0.9297008514404297,-0.06950113922357559,0.10834582895040512,-0.7569230198860168,0.7900717258453369,-0.5020020008087158,0.14000222086906433,-2.4765548706054688,0.8996012210845947,-2.652841806411743,0.012911397963762283,-0.017737755551934242,-0.5149439573287964,0.4000000059604645,0.05000000074505806,-0.3100000023841858,0.49000000953674316,-0.20999999344348907,0.0,-0.5874996185302734,-0.08749992400407791,0.3924998342990875,0.7524994611740112,-0.32999974489212036,0.0,2.2237401008605957,4.123714923858643,-3.336421251296997,3.5751984119415283,-6.737957000732422,12.497871398925781,8.088627815246582,-2.6432251930236816,-10.854907989501953,-2.1148054599761963,10.096715927124023,10.692046165466309,0.019562214612960815,0.0671648159623146,0.9971643686294556,0.8805431127548218,3.4498562812805176,2.2077062129974365,112.87286376953125,0.0,0.5,0.0,0.0,0.08431337028741837,0.0,0.7558407187461853,0.17751726508140564,0.0,0.0,0.0,0.0,3184.2900390625,0.0
3.22,2.344444751739502,0.8290364928684297,-0.5591945041686426,1.0,0.0,1.0,0.0,0.10386981815099716,1.1508162021636963,0.5718275308609009,-0.10966157913208008,0.003036190290004015,1.4578750133514404,0.7303856015205383,0.28901079297065735,-0.2425670325756073,-0.017127156257629395,-1.748684287071228,-0.08402539789676666,-0.05027393996715546,0.13041234016418457,-0.7685320377349854,0.816907525062561,-0.5511523485183716,0.22487425804138184,-2.466996669769287,0.8882768154144287,-2.6129658222198486,0.008856302127242088,0.09211425483226776,-0.3243229389190674,0.4000000059604645,0.05000000074505806,-0.3100000023841858,0.49000000953674316,-0.20999999344348907,0.0,-0.5718252658843994,-0.08436505496501923,0.385603129863739,0.7305554151535034,-0.31996816396713257,0.0,2.0194854736328125,1.8552069664001465,-0.9518828392028809,2.8950629234313965,-3.5480234622955322,2.463365077972412,8.141833305358887,-0.7842860817909241,-5.122685432434082,-1.4477487802505493,10.05301570892334,10.707551956176758,0.016935646533966064,0.06968990713357925,0.4232679605484009,0.19819726049900055,2.4141838550567627,1.6980568170547485,311.1800537109375,0.0,0.5,0.0,0.0,0.057998061180114746,0.0,0.7609333992004395,0.9859786629676819,0.0,0.0,0.0,0.0,1876.64697265625,0.0
3.23,2.355555772781372,0.7880099133080747,-0.6156625508573675,1.0,0.0,1.0,0.0,0.10191162675619125,1.1616617441177368,0.5703415870666504,-0.12106180191040039,0.004474622197449207,1.458177924156189,0.7408477663993835,0.2749723494052887,-0.3073018193244934,0.41340330243110657,-0.7390616536140442,0.25748541951179504,-0.022407691925764084,0.14205989241600037,-0.7750314474105835,0.8251053094863892,-0.6487477421760559,0.27504977583885193,-2.454174041748047,0.8761045932769775,-2.551884174346924,-0.002927933819591999,0.10310117900371552,-0.131026953458786,0.4000000059604645,0.05000000074505806,-0.3100000023841858,0.49000000953674316,-0.20999999344348907,0.0,-0.555239737033844,-0.08104795217514038,0.37830549478530884,0.7073356509208679,-0.30935341119766235,0.0,3.411177635192871,1.4821012020111084,-1.0372142791748047,1.8815702199935913,-6.779129981994629,-4.492865562438965,8.189482688903809,-1.716401219367981,-3.4603710174560547,-2.693239212036133,0.8028440475463867,10.725838661193848,0.012382104992866516,0.06950916349887848,0.44493037462234497,-0.25167396664619446,2.065244436264038,1.7547886371612549,242.62744140625,0.0,0.5,0.0,0.0,0.04734339192509651,0.0,0.7654932737350464,0.875817596912384,0.0,0.0,0.0,0.0,1710.3900146484375,0.0
3.24,2.366666793823242,0.7431442908763792,-0.669131200092959,1.0,0.0,1.0,0.0,0.09965658187866211,1.1700359582901,0.5681410431861877,-0.12207794189453125,0.005942592862993479,1.4673243761062622,0.7543187141418457,0.23397532105445862,-0.3443987965583801,0.2746986150741577,0.31653279066085815,1.4735147953033447,0.02425794117152691,0.14216695725917816,-0.7869771718978882,0.8362203240394592,-0.672762930393219,0.14677946269512177,-2.4489550590515137,0.8672047853469849,-2.464238166809082,-0.017468122765421867,-0.0040717776864767075,0.061462026089429855,0.4000000059604645,0.05000000074505806,-0.3100000023841858,0.49000000953674316,-0.20999999344348907,0.0,-0.5380656719207764,-0.07761313021183014,0.3707488775253296,0.6832919120788574,-0.29836201667785645,0.0,5.089385509490967,-0.2851870059967041,-1.2491035461425781,1.359162449836731,-0.3738555908203125,-8.619813919067383,8.195653915405273,-0.7332631349563599,-0.9775533676147461,-2.705733060836792,-10.112811088562012,10.720447540283203,0.008583463728427887,0.06677926331758499,0.038296304643154144,-0.7186338305473328,1.4185539484024048,1.2917195558547974,158.58604431152344,0.0,0.5,0.0,0.0,0.046875178813934326,0.0,0.7875370383262634,0.013004086911678314,0.0,0.0,0.0,0.0,1703.0357666015625,0.0
3.25,2.3777780532836914,0.6946571252414081,-0.7193410028292164,1.0,0.0,1.0,0.0,0.09840649366378784,1.1764910221099854,0.5654609203338623,-0.11520624160766602,0.003275443334132433,1.4874746799468994,0.7755081057548523,0.17397662997245789,-0.36743074655532837,-0.1099749505519867,0.9584128856658936,2.5303704738616943,0.06773455440998077,0.12620753049850464,-0.7975916266441345,0.8344274759292603,-0.6701208353042603,0.0051783169619739056,-2.4671127796173096,0.8684064745903015,-2.327126979827881,-0.03098125569522381,-0.11761212348937988,0.25280219316482544,0.4000000059604645,0.05000000074505806,-0.3100000023841858,0.49000000953674316,-0.20999999344348907,0.0,-0.520637035369873,-0.07412740588188171,0.36308029294013977,0.6588918566703796,-0.287207692861557,0.0,3.928391933441162,-1.7128986120224,-1.1901037693023682,-0.2901107668876648,0.4633890986442566,-11.132259368896484,5.351198673248291,0.1685432493686676,4.410121440887451,-2.2311813831329346,-10.18651294708252,10.699851989746094,0.003955557942390442,0.06216707080602646,-0.04244920611381531,-0.6422179341316223,0.5502163171768188,0.8635382652282715,126.11361694335938,0.0,0.5,0.0,0.0,0.054048024117946625,0.0,0.8086854815483093,2.745493929978693e-06,0.0,0.0,0.0,0.0,1443.896484375,0.0
3.2600000000000002,2.3888893127441406,0.6427855695845064,-0.7660461549632124,1.0,0.0,1.0,0.0,0.09811504930257797,1.1825895309448242,0.5625710487365723,-0.1062765121459961,-0.002148151397705078,1.5158522129058838,0.8067717552185059,0.10969971865415573,-0.3365694582462311,-0.10677474737167358,0.7903451919555664,3.017158031463623,0.0936206802725792,0.11203476041555405,-0.8111812472343445,0.8315070271492004,-0.6241620182991028,-0.0399014987051487,-2.4756550788879395,0.8829929828643799,-2.213221311569214,-0.030171796679496765,-0.1913251280784607,0.39081335067749023,0.4000000059604645,0.05000000074505806,-0.3100000023841858,0.49000000953674316,-0.20999999344348907,0.0,-0.5032933354377747,-0.07065866142511368,0.35544905066490173,0.634610652923584,-0.2761077284812927,0.0,2.1434922218322754,0.5714613795280457,-2.694946765899658,2.9531266689300537,0.21626543998718262,1.493009090423584,6.393353462219238,1.5630383491516113,1.4240524768829346,-0.5560361742973328,-4.445578575134277,10.266350746154785,-0.00021791458129882812,0.05769628286361694,-0.1639891117811203,-0.4606734812259674,-0.03191471844911575,0.586014986038208,1027.0738525390625,0.0,0.5,0.0,0.0,0.06435112655162811,0.0,0.8087334632873535,1.2388642112171055e-08,0.0,0.0,0.0,0.0,845.7175903320312,0.0
3.27,2.4000000953674316,0.5877847675202869,-0.8090173465823353,1.0,0.0,1.0,0.0,0.09859863668680191,1.189135193824768,0.5608872175216675,-0.09770536422729492,-0.007215976715087891,1.543573021888733,0.859926700592041,-0.004905411973595619,-0.1851259171962738,-0.17568767070770264,0.9089511632919312,2.61276912689209,0.10321985930204391,0.11659804731607437,-0.8424544334411621,0.8487855195999146,-0.6367671489715576,-0.03875286504626274,-2.534750461578369,0.9147258996963501,-2.1030197143554688,-0.003651263890787959,-0.1728730946779251,0.27375534176826477,0.4000000059604645,0.05000000074505806,-0.3100000023841858,0.49000000953674316,-0.20999999344348907,0.0,-0.48637256026268005,-0.06727451086044312,0.34800392389297485,0.6109215617179871,-0.2652784287929535,0.0,0.6365773677825928,0.46350544691085815,-3.156937599182129,1.2837355136871338,-0.8809226155281067,0.4242331087589264,-7.173192977905273,3.1554267406463623,8.13934326171875,2.6512227058410645,3.786580801010132,-10.11400318145752,-0.0002088397741317749,0.053245365619659424,0.003942008130252361,-0.2798326313495636,0.006574139930307865,1.2466834783554077,572.1200561523438,0.0,0.5,0.0,0.0,0.07445115596055984,0.0,0.7717130184173584,1.1763138445530785e-06,0.0,0.0,0.0,0.0,454.4345397949219,0.0
3.2800000000000002,2.411111354827881,0.5299179656015863,-0.8480489076301414,1.0,0.0,1.0,0.0,0.10008516907691956,1.195953130722046,0.5603551864624023,-0.0892796516418457,-0.012252330780029297,1.5664076805114746,0.8893613815307617,-0.10041381418704987,-0.07316004484891891,-0.3868996500968933,0.7603843808174133,2.102409601211548,0.10275400429964066,0.11327309906482697,-0.8653395771980286,0.8515338897705078,-0.6455932259559631,-0.03584393113851547,-2.5937681198120117,0.9409886002540588,-2.0393035411834717,0.0005943194264546037,-0.1431879997253418,0.10784521698951721,0.4000000059604645,0.05000000074505806,-0.3100000023841858,0.49000000953674316,-0.20999999344348907,0.0,-0.4702031910419464,-0.0640406385064125,0.3408893942832947,0.588284432888031,-0.2549300193786621,0.0,-0.3702959716320038,-0.7147308588027954,-1.9975184202194214,-0.08274392783641815,-0.6488780379295349,0.18536098301410675,-6.469995975494385,2.508204221725464,6.459279537200928,-0.11179465055465698,1.4262136220932007,-10.47142219543457,-0.0002125576138496399,0.046965889632701874,0.0018270241562277079,-0.6741604804992676,0.006938864942640066,1.4067999124526978,493.6719970703125,0.0,0.5,0.0,0.0,0.08622803539037704,0.0,0.7237057089805603,0.00014478627417702228,0.0,0.0,0.0,0.0,659.2618408203125,0.0
3.29,2.42222261428833,0.4694693877101679,-0.8829487493637668,1.0,0.0,1.0,1.0,0.10197266191244125,1.2040598392486572,0.560762882232666,-0.08523225784301758,-0.015682220458984375,1.582412600517273,0.9139580130577087,-0.15715594589710236,-0.0030919648706912994,-0.1291400045156479,0.2777482271194458,1.1201589107513428,0.08434583991765976,0.10223250091075897,-0.8690769672393799,0.8383952379226685,-0.6506667137145996,-0.029842806980013847,-2.5980734825134277,0.9613471031188965,-1.9874979257583618,0.008565721102058887,-0.13433602452278137,0.06245630979537964,0.4000000059604645,0.05000000074505806,-0.3100000023841858,0.49000000953674316,-0.20999999344348907,0.0,-0.4551003873348236,-0.061020076274871826,0.33424416184425354,0.567140519618988,-0.2452642321586609,0.0,-2.4787940979003906,-1.2958580255508423,0.4580821096897125,-1.9445933103561401,-0.18764373660087585,0.5988239645957947,1.0470871925354004,1.4607707262039185,5.725571155548096,0.7159761190414429,0.08662410080432892,-5.034501552581787,-0.0002035684883594513,0.044736988842487335,0.0007616155198775232,-0.016408609226346016,0.010732736438512802,0.8777914643287659,408.5924072265625,151.77041625976562,0.5,0.0,0.0,0.0922628864645958,0.0,0.6756240725517273,0.08130791038274765,0.0,0.0,0.0,0.0,267.28741455078125,0.0
3.3000000000000003,2.433333396911621,0.4067362781379609,-0.9135456201233079,1.0,0.0,1.0,1.0,0.10412881523370743,1.2122068405151367,0.5617879033088684,-0.08130645751953125,-0.017522811889648438,1.5867645740509033,0.9167595505714417,-0.20854389667510986,0.04873228818178177,-0.06406265497207642,0.3353724479675293,-0.04581210017204285,0.0637778714299202,0.08791414648294449,-0.8591439723968506,0.8222863078117371,-0.6533730626106262,-0.041386619210243225,-2.660705327987671,0.9732417464256287,-1.9417966604232788,0.021812671795487404,-0.14024120569229126,0.11093830317258835,0.4000000059604645,0.05000000074505806,-0.3100000023841858,0.49000000953674316,-0.20999999344348907,0.0,-0.4413584768772125,-0.05827169492840767,0.328197717666626,0.5479018688201904,-0.23646941781044006,0.0,-2.2569808959960938,-1.1987804174423218,1.614370346069336,-1.5660114288330078,0.977371096611023,0.5226550102233887,-7.717169284820557,0.8020083904266357,2.9736275672912598,1.1263777017593384,-1.4393563270568848,3.318690061569214,0.0007861517369747162,0.04391346126794815,-0.008510667830705643,-0.11614541709423065,0.04712122306227684,1.1202174425125122,517.2953491210938,53.099891662597656,0.5,0.0,0.0,0.0986541211605072,0.0,0.6476802229881287,0.9958113431930542,0.0,0.0,0.0,0.0,338.7000732421875,0.0
3.31,2.4444446563720703,0.34201889204895325,-0.9396930762124442,1.0,0.0,1.0,0.0,0.10642703622579575,1.2208771705627441,0.5630199909210205,-0.079864501953125,-0.017843246459960938,1.581120491027832,0.9066500663757324,-0.23787783086299896,0.050197601318359375,-0.06808080524206161,-0.06069564074277878,-0.9333486557006836,0.03804865479469299,0.07280956208705902,-0.8352583646774292,0.8078489899635315,-0.6563876867294312,-0.07747936993837357,-2.738677978515625,0.9754807353019714,-1.9779942035675049,0.01733534410595894,-0.19222047924995422,0.007900802418589592,0.4000000059604645,0.05000000074505806,-0.3100000023841858,0.49000000953674316,-0.20999999344348907,0.0,-0.42924419045448303,-0.05584883689880371,0.3228674530982971,0.5309418439865112,-0.22871626913547516,0.0,-2.910710573196411,-1.584101915359497,3.7517459392547607,-1.6398249864578247,2.743274211883545,-0.9742159843444824,-8.027904510498047,0.1734021157026291,-4.304331302642822,-0.9660003781318665,-5.171347141265869,-10.038558959960938,0.003012523055076599,0.04164636880159378,-0.030720556154847145,-0.4815850853919983,0.03915328532457352,1.5776681900024414,458.37420654296875,0.0,0.5,0.0,0.0,0.10087116807699203,0.0,0.641529381275177,0.1751207709312439,0.0,0.0,0.0,0.0,502.66375732421875,0.0
3.3200000000000003,2.4555559158325195,0.27563517982075963,-0.9612623198925347,1.0,0.0,1.0,0.0,0.1088864728808403,1.230576992034912,0.5641930103302002,-0.08303594589233398,-0.017232894897460938,1.5660189390182495,0.9046393632888794,-0.24024513363838196,0.026841238141059875,-0.10482865571975708,-0.44412702322006226,-2.0429608821868896,0.0025959035847336054,0.06323829293251038,-0.7944402694702148,0.8004388213157654,-0.6434409022331238,-0.08993306756019592,-2.8098855018615723,0.9736256003379822,-2.0918495655059814,-0.004976080264896154,-0.24721473455429077,-0.1393212378025055,0.4000000059604645,0.05000000074505806,-0.3100000023841858,0.49000000953674316,-0.20999999344348907,0.0,-0.41899368166923523,-0.05379873886704445,0.3183572292327881,0.5165911912918091,-0.22215595841407776,0.0,-3.8793935775756836,-0.7016407251358032,4.700011253356934,-0.41267603635787964,3.420867919921875,-0.41412270069122314,-8.124981880187988,-0.04564701020717621,-11.249357223510742,-2.3497474193573,-4.734139919281006,-10.375007629394531,0.006598092615604401,0.0373765304684639,-0.005877977702766657,-0.5935949087142944,0.060441579669713974,1.7973449230194092,284.3188781738281,0.0,0.5,0.0,0.0,0.09454116970300674,0.0,0.6421704888343811,0.0002370169822825119,0.0,0.0,0.0,0.0,968.985107421875,0.0
3.33,2.4666666984558105,0.2079114954454077,-0.9781476422614607,1.0,0.0,1.0,1.0,0.11114182323217392,1.2412004470825195,0.5651099681854248,-0.09001731872558594,-0.014775276184082031,1.5439709424972534,0.9111029505729675,-0.21965782344341278,-0.01883198320865631,0.1182483658194542,-0.7577362060546875,-2.428802251815796,-0.03698159009218216,0.06407544016838074,-0.74567711353302,0.8057584762573242,-0.6116184592247009,-0.10304094851016998,-2.8378188610076904,0.9707037210464478,-2.219146251678467,-0.036851849406957626,-0.2847311198711395,-0.2562662959098816,0.4000000059604645,0.05000000074505806,-0.3100000023841858,0.49000000953674316,-0.20999999344348907,0.0,-0.4108067452907562,-0.05216134712100029,0.3147549629211426,0.5051293969154358,-0.2169162929058075,0.0,-4.161313056945801,0.30649495124816895,5.071821689605713,0.7166882157325745,3.155013084411621,-3.1539905071258545,-1.3339661359786987,-0.20691975951194763,-11.345379829406738,-2.895439386367798,-4.403334140777588,-10.234285354614258,0.011979103088378906,0.032520197331905365,0.01688353903591633,-0.5159499645233154,0.04659905284643173,1.464699625968933,212.0802459716797,78.91163635253906,0.5,0.0,0.0,0.08255895972251892,0.0,0.6475816965103149,7.518374786741333e-06,0.0,0.0,0.0,0.0,672.9439697265625,0.0
3.34,2.4777779579162598,0.13917198013153648,-0.9902682262631003,1.0,0.0,0.0,1.0,0.11019270867109299,1.2510432004928589,0.5649498701095581,-0.09355974197387695,-0.0036416053771972656,1.5315897464752197,0.8754223585128784,-0.06486842036247253,-0.16055309772491455,1.6781607866287231,-0.07956818491220474,-0.4854573607444763,-0.03331394121050835,0.09676402807235718,-0.7641520500183105,0.8403682708740234,-0.5931670069694519,0.050750456750392914,-2.7991764545440674,0.9541073441505432,-2.272444725036621,-0.04823794588446617,-0.24610862135887146,-0.07568144798278809,0.4000000059604645,0.05000000074505806,-0.3100000023841858,0.49000000953674316,-0.20999999344348907,0.0,-0.40484219789505005,-0.050968438386917114,0.31213057041168213,0.49677908420562744,-0.21309898793697357,0.0,1.6488662958145142,3.0841469764709473,-3.1152989864349365,2.833570957183838,1.1883925199508667,10.385241508483887,4.889898777008057,-2.0128612518310547,-4.988492012023926,1.0894973278045654,-0.479292631149292,14.490995407104492,0.016909614205360413,0.03123786300420761,-0.8412474393844604,-0.06675777584314346,1.6651771068572998,0.19872340559959412,0.0,535.3690185546875,0.5,0.0,0.0,0.07809008657932281,0.0,0.7480393648147583,0.62416672706604,0.0,0.0,0.0,0.0,1720.9197998046875,0.0
3.35,2.488889217376709,0.06975441482180983,-0.9975641942315626,1.0,1.0,0.0,1.0,0.1046287789940834,1.2591522932052612,0.5638686418533325,-0.08986091613769531,0.01949249394237995,1.531387209892273,0.8635495901107788,0.04326226934790611,-0.20857980847358704,2.904454231262207,0.6726569533348083,0.4873696267604828,-0.030068017542362213,0.12673130631446838,-0.8131355047225952,0.8427630066871643,-0.630190908908844,0.23958098888397217,-2.81623911857605,0.9315519332885742,-2.2394349575042725,-0.018847092986106873,-0.22829075157642365,0.07672096788883209,0.4000000059604645,0.05000000074505806,-0.3100000023841858,0.49000000953674316,-0.20999999344348907,0.0,-0.4000000059604645,-0.05000000074505806,0.3100000023841858,0.49000000953674316,-0.20999999344348907,0.0,0.1998637318611145,3.991018295288086,-7.730413436889648,-0.019826162606477737,-4.920429229736328,10.662847518920898,-0.577678918838501,-3.3257553577423096,2.9754137992858887,4.446516036987305,-4.067400932312012,9.392414093017578,0.01854225993156433,0.030927404761314392,-1.492409586906433,0.16754093766212463,1.917598009109497,0.45643672347068787,0.0,484.573486328125,0.5,0.0,0.0,0.08012004941701889,0.0,0.7648467421531677,0.6218487620353699,0.0,0.0,0.0,0.0,2209.841796875,0.0
3.36,2.500000238418579,-1.4980281133869106e-06,-0.999999999998878,1.0,1.0,1.0,1.0,0.09706874191761017,1.2660858631134033,0.562409520149231,-0.08214950561523438,0.046178292483091354,1.5401604175567627,0.8471077680587769,0.087248794734478,-0.22527015209197998,2.568629741668701,0.928861141204834,1.082818627357483,-0.024210995063185692,0.15270034968852997,-0.889967143535614,0.8283653259277344,-0.5544865727424622,0.16528363525867462,-2.7553420066833496,0.8897432684898376,-2.268894672393799,-0.0036267901305109262,-0.23750685155391693,0.1956845074892044,0.4000000059604645,0.05000000074505806,-0.3100000023841858,0.49000000953674316,-0.20999999344348907,0.0,-0.4000000059604645,-0.05000000074505806,0.3100000023841858,0.49000000953674316,-0.20999999344348907,0.0,0.7440211772918701,1.7078282833099365,-6.341925144195557,-1.2836130857467651,4.0480451583862305,-9.008773803710938,7.282464504241943,-3.7060370445251465,-3.6116020679473877,1.9992947578430176,-3.097135066986084,11.123730659484863,0.01792878657579422,0.03317948430776596,-1.565893292427063,0.03884945064783096,1.18071711063385,0.5264981985092163,102.82174682617188,511.2400207519531,0.5,0.0,0.0,0.07651519775390625,0.0,0.7739931344985962,0.09584792703390121,0.0,0.0,0.0,0.0,1367.212158203125,0.0
3.37,2.5111114978790283,-0.06975889795872785,-0.9975638807392656,1.0,1.0,0.0,1.0,0.08849221467971802,1.2710022926330566,0.5607082843780518,-0.0671992301940918,0.07456550747156143,1.5503069162368774,0.850001335144043,0.12908561527729034,-0.2882014513015747,3.325948476791382,1.8962643146514893,0.9793522357940674,-0.006491145119071007,0.17819075286388397,-0.9550730586051941,0.8137705326080322,-0.6387542486190796,0.05717143788933754,-2.74908447265625,0.8457722067832947,-2.2401962280273438,0.014678352512419224,-0.24268381297588348,0.30842986702919006,0.4000000059604645,0.05000000074505806,-0.3100000023841858,0.49000000953674316,-0.20999999344348907,0.0,-0.4000000059604645,-0.05000000074505806,0.3100000023841858,0.49000000953674316,-0.20999999344348907,0.0,2.226379632949829,3.4864602088928223,-6.7050676345825195,-1.8473058938980103,-9.016409873962402,-10.044827461242676,8.002786636352539,-5.503982067108154,-7.179375648498535,1.0902271270751953,0.08607986569404602,11.76567268371582,0.017437953501939774,0.03509049117565155,-0.8424624800682068,-0.10152045637369156,1.1533348560333252,0.4511319696903229,0.0,317.4751892089844,0.5,0.0,0.0,0.06770237535238266,0.0,0.7570484280586243,0.14686203002929688,0.0,0.0,0.0,0.0,1351.37255859375,0.0
3.38,2.5222225189208984,-0.13917494703019556,-0.9902678092915784,0.0,1.0,0.0,1.0,0.07941572368144989,1.2735357284545898,0.5588620901107788,-0.043808937072753906,0.10328733921051025,1.5655527114868164,0.8592808842658997,0.14167797565460205,-0.2917547821998596,2.8525586128234863,2.8536360263824463,1.6706721782684326,0.033462442457675934,0.1946873515844345,-0.996225893497467,0.792712926864624,-0.667330801486969,0.06277350336313248,-2.74747896194458,0.8161181211471558,-2.2121925354003906,0.043506864458322525,-0.29854944348335266,0.19157300889492035,0.3652060627937317,0.04304121062159538,-0.29469066858291626,0.44128847122192383,-0.18773186206817627,0.0,-0.4000000059604645,-0.05000000074505806,0.3100000023841858,0.49000000953674316,-0.20999999344348907,0.0,4.8476762771606445,1.189339518547058,-3.5098538398742676,-1.8743550777435303,-1.4284542798995972,0.9680420756340027,8.012055397033691,-2.874864101409912,-8.632633209228516,2.7594685554504395,-6.097903251647949,-10.530512809753418,0.01616022363305092,0.03435701131820679,-1.2775475978851318,-0.46213313937187195,0.5535323619842529,0.21628151834011078,0.0,404.5247802734375,0.5,0.0,0.0,0.053402129560709,0.0,0.7420706748962402,0.0037639320362359285,0.0,0.0,0.0,0.0,1682.8123779296875,0.0
3.39,2.5333335399627686,-0.20791296073784096,-0.9781473308030979,0.0,1.0,0.0,1.0,0.07104165852069855,1.27516508102417,0.5569855570793152,-0.01784658432006836,0.12846705317497253,1.5808309316635132,0.8651703000068665,0.16844230890274048,-0.300356924533844,2.409583568572998,2.7131693363189697,0.9057309031486511,0.06334946304559708,0.1937394142150879,-1.007825255393982,0.7585883736610413,-0.5659293532371521,-0.04574660584330559,-2.7405269145965576,0.7895138263702393,-2.2103631496429443,0.07271082699298859,-0.3347622752189636,0.0875650942325592,0.3480217456817627,0.039604347199201584,-0.28712958097457886,0.41723042726516724,-0.17673391103744507,0.0,-0.4000000059604645,-0.05000000074505806,0.3100000023841858,0.49000000953674316,-0.20999999344348907,0.0,2.1819984912872314,-0.35523271560668945,-0.12364096939563751,-3.387644052505493,10.01798152923584,-10.050220489501953,8.056838989257812,-2.9406626224517822,-7.808383941650391,2.6084237098693848,-3.3854479789733887,-10.226875305175781,0.015092357993125916,0.034641772508621216,-1.3445603847503662,-0.2014933079481125,-0.7307794094085693,0.11159034818410873,0.0,431.0732727050781,0.5,0.0,0.0,0.037715278565883636,0.0,0.7236522436141968,0.19384491443634033,0.0,0.0,0.0,0.0,1277.7987060546875,0.0
3.4,2.5444447994232178,-0.27563949981191366,-0.9612610811550826,0.0,1.0,1.0,1.0,0.06324175745248795,1.2771283388137817,0.5550577640533447,0.006106541492044926,0.1502266675233841,1.5936882495880127,0.8529930710792542,0.19495519995689392,-0.2935121953487396,2.082484483718872,2.461073875427246,0.9316576719284058,0.08232162147760391,0.18522141873836517,-0.9994810223579407,0.7237526774406433,-0.5291163921356201,-0.14154036343097687,-2.738938093185425,0.7584391832351685,-2.201082706451416,0.09275378286838531,-0.34612366557121277,0.05669564753770828,0.33108997344970703,0.03621799126267433,-0.2796795964241028,0.39352595806121826,-0.16589757800102234,0.0,-0.4000000059604645,-0.05000000074505806,0.3100000023841858,0.49000000953674316,-0.20999999344348907,0.0,1.8663660287857056,-0.7578752040863037,1.2987418174743652,-3.3919765949249268,-2.2674214839935303,-7.207533359527588,8.043590545654297,-3.305490732192993,-7.852919101715088,1.7390637397766113,-0.0878734439611435,2.868502616882324,0.014789275825023651,0.0363822802901268,-0.9626913070678711,-0.12715034186840057,-0.6166599988937378,0.2895962595939636,158.91845703125,299.82806396484375,0.5,0.0,0.0,0.025055373087525368,0.0,0.7223660945892334,0.1762288212776184,0.0,0.0,0.0,0.0,841.2413940429688,0.0
3.41,2.555555820465088,-0.3420217074207105,-0.9396920515003955,0.0,1.0,1.0,1.0,0.05574740469455719,1.2796376943588257,0.5532947778701782,0.02616465650498867,0.1701875627040863,1.6122335195541382,0.8518686294555664,0.21054616570472717,-0.29139453172683716,1.8980085849761963,2.2459001541137695,1.7789901494979858,0.09175742417573929,0.1793450266122818,-1.0033905506134033,0.6794033050537109,-0.5143589973449707,-0.03702143207192421,-2.778440475463867,0.7308953404426575,-2.1104657649993896,0.11288164556026459,-0.3428550660610199,0.14043688774108887,0.31449437141418457,0.03289887309074402,-0.27237752079963684,0.37029212713241577,-0.15527638792991638,0.0,-0.4000000059604645,-0.05000000074505806,0.3100000023841858,0.49000000953674316,-0.20999999344348907,0.0,0.8691478967666626,-0.37060660123825073,-1.7328062057495117,-4.622107028961182,0.3915536403656006,10.016454696655273,3.730447292327881,-2.5913407802581787,1.6373131275177002,2.290022850036621,0.8443903923034668,9.836165428161621,0.012646280229091644,0.0387808158993721,-1.0827860832214355,-0.1427813470363617,0.09251520037651062,0.7282675504684448,55.94690704345703,237.14613342285156,0.5,0.0,0.0,0.016288001090288162,0.0,0.714421272277832,0.0017827257979661226,0.0,0.0,0.0,0.0,524.0620727539062,0.0
3.42,2.566666841506958,-0.4067376466545258,-0.9135450108199037,0.0,1.0,1.0,1.0,0.04881653934717178,1.2829561233520508,0.5515167117118835,0.040646180510520935,0.18763892352581024,1.6367906332015991,0.839877188205719,0.22222816944122314,-0.27515947818756104,1.5142110586166382,1.7432599067687988,2.1441426277160645,0.09595230221748352,0.168283149600029,-1.0134479999542236,0.63176429271698,-0.5420751571655273,-0.12895359098911285,-2.7906510829925537,0.7181472778320312,-2.0371875762939453,0.15160633623600006,-0.34155595302581787,0.24368707835674286,0.2983153462409973,0.029663071036338806,-0.2652587592601776,0.3476415276527405,-0.14492182433605194,0.0,-0.4000000059604645,-0.05000000074505806,0.3100000023841858,0.49000000953674316,-0.20999999344348907,0.0,0.28922411799430847,-1.3056837320327759,-0.10371860861778259,-4.597337245941162,-3.679006814956665,-7.518055438995361,4.130087375640869,-0.7329891920089722,0.33704960346221924,5.156886100769043,-1.290623426437378,12.046570777893066,0.010201230645179749,0.0417555496096611,-0.7218887805938721,-0.038541220128536224,-0.3441750109195709,0.9218666553497314,60.09077072143555,304.6301574707031,0.5,0.0,0.0,0.011037984862923622,0.0,0.7190648913383484,0.00010157679207623005,0.0,0.0,0.0,0.0,938.2033081054688,0.0
3.43,2.5777781009674072,-0.4694733557515736,-0.8829466395198275,0.0,1.0,1.0,1.0,0.04159817844629288,1.2868680953979492,0.5498361587524414,0.051616355776786804,0.20435695350170135,1.6606941223144531,0.8421409130096436,0.2708643674850464,-0.2763592600822449,1.5670760869979858,1.5400886535644531,1.8627045154571533,0.0913740023970604,0.16455189883708954,-1.0094799995422363,0.5973020792007446,-0.5263569951057434,-0.07032064348459244,-2.837745428085327,0.7085241675376892,-1.9311076402664185,0.19617798924446106,-0.36529356241226196,0.3469187915325165,0.2826317250728607,0.026526344940066338,-0.258357971906662,0.32568442821502686,-0.1348842978477478,0.0,-0.4000000059604645,-0.05000000074505806,0.3100000023841858,0.49000000953674316,-0.20999999344348907,0.0,-0.6046009659767151,-0.10133054107427597,0.4281367361545563,-3.2456705570220947,0.6436313390731812,4.3107147216796875,0.04221201688051224,-0.973827600479126,6.3840861320495605,4.565785884857178,-1.5807181596755981,10.911787033081055,0.009245384484529495,0.04600881040096283,-0.759265124797821,-0.18298587203025818,-0.4946137070655823,1.148142695426941,43.77403259277344,386.34796142578125,0.5,0.0,0.0,0.007641443517059088,0.0,0.6832764148712158,0.0009689124417491257,0.0,0.0,0.0,0.0,970.974365234375,0.0
3.44,2.5888891220092773,-0.5299205064014166,-0.8480473199623155,0.0,1.0,1.0,1.0,0.034136395901441574,1.2907521724700928,0.5483356714248657,0.06215132400393486,0.22007092833518982,1.6823176145553589,0.8479692935943604,0.3101476728916168,-0.2622506320476532,1.3561195135116577,1.55959951877594,1.672958493232727,0.08556277304887772,0.1656983345746994,-1.010817527770996,0.569657027721405,-0.5195014476776123,-0.02042452059686184,-2.854160785675049,0.7074792385101318,-1.8308930397033691,0.25005990266799927,-0.37163421511650085,0.45503419637680054,0.26751989126205444,0.023503979668021202,-0.2517087459564209,0.3045278787612915,-0.12521272897720337,0.0,-0.4000000059604645,-0.05000000074505806,0.3100000023841858,0.49000000953674316,-0.20999999344348907,0.0,-0.29307904839515686,0.009462797082960606,-0.08605674654245377,-2.1759328842163086,0.44401633739471436,1.4727038145065308,1.331363558769226,0.2534419596195221,4.796768665313721,5.579741954803467,0.05318760871887207,11.921006202697754,0.008796878159046173,0.05003529042005539,-0.8039461374282837,-0.3841058015823364,-0.5417161583900452,1.1197023391723633,47.67975616455078,230.91094970703125,0.5,0.0,0.0,0.005391178652644157,0.0,0.6475570797920227,0.003706821706146002,0.0,0.0,0.0,0.0,858.732177734375,0.0
3.45,2.6000001430511475,-0.5877859794503562,-0.8090164660633216,0.0,1.0,1.0,1.0,0.027072958648204803,1.2945806980133057,0.5469388961791992,0.07302147150039673,0.23276928067207336,1.701473355293274,0.8521072864532471,0.33878597617149353,-0.24896201491355896,0.9794998168945312,1.5785462856292725,1.311420202255249,0.08017075061798096,0.1589961051940918,-1.0124481916427612,0.5434820055961609,-0.5177876353263855,-0.059787314385175705,-2.8662424087524414,0.7117282748222351,-1.760746955871582,0.3015423119068146,-0.3732023537158966,0.5794901847839355,0.2530534863471985,0.02061069943010807,-0.24534353613853455,0.2842749059200287,-0.11595423519611359,0.0,-0.4000000059604645,-0.05000000074505806,0.3100000023841858,0.49000000953674316,-0.20999999344348907,0.0,-0.4446680545806885,-0.9296596646308899,-0.07206007093191147,-2.745708703994751,0.046637162566185,-3.565390110015869,5.360489845275879,0.30121830105781555,-0.9337564706802368,4.445095062255859,0.2916085720062256,14.045758247375488,0.009220287203788757,0.05316486209630966,-0.8050561547279358,-0.5239859819412231,-0.5922974348068237,1.0337696075439453,18.738985061645508,217.99205017089844,0.5,0.0,0.0,0.004009799566119909,0.0,0.62032550573349,0.03207603842020035,0.0,0.0,0.0,0.0,1280.886962890625,0.0
3.46,2.6111114025115967,-0.6427890122540417,-0.7660432662229161,0.0,1.0,1.0,1.0,0.020067326724529266,1.2992171049118042,0.5454823970794678,0.08165331184864044,0.24301283061504364,1.7141516208648682,0.8530257344245911,0.36455583572387695,-0.24779129028320312,0.8650450110435486,0.9315089583396912,0.5734528303146362,0.06703712791204453,0.14955487847328186,-0.9944397211074829,0.515773594379425,-0.5128011703491211,-0.04120991379022598,-2.90549373626709,0.7061759829521179,-1.6778957843780518,0.3274887800216675,-0.36839932203292847,0.7077626585960388,0.2393026351928711,0.017860524356365204,-0.2392931580543518,0.26502370834350586,-0.10715367645025253,0.0,-0.4000000059604645,-0.05000000074505806,0.3100000023841858,0.49000000953674316,-0.20999999344348907,0.0,-1.4591652154922485,-0.9318947792053223,2.150822877883911,-2.7796456813812256,0.3921123147010803,1.2976666688919067,0.926312267780304,-0.8054830431938171,2.5482306480407715,1.9463285207748413,0.835902750492096,14.864378929138184,0.009437568485736847,0.05494344234466553,-0.7197427749633789,-0.5667191743850708,-0.42497313022613525,0.8929603099822998,75.18340301513672,348.2537536621094,0.5,0.0,0.0,0.0031560196075588465,0.0,0.5974669456481934,0.5180433392524719,0.0,0.0,0.0,0.0,1082.5543212890625,0.0
3.47,2.622222423553467,-0.6946592804243797,-0.7193389215941837,0.0,1.0,1.0,1.0,0.012928549200296402,1.3053359985351562,0.5439311265945435,0.08668794482946396,0.25078603625297546,1.7156928777694702,0.8498131632804871,0.3955038785934448,-0.24304915964603424,0.704977810382843,0.29148197174072266,-0.49248263239860535,0.047568757086992264,0.13850998878479004,-0.9575268626213074,0.48743876814842224,-0.512065589427948,-0.03027437999844551,-2.93808650970459,0.6960926055908203,-1.6062413454055786,0.3385327160358429,-0.35241183638572693,0.8182490468025208,0.2263350486755371,0.015267007052898407,-0.23358741402626038,0.2468690723180771,-0.0988544225692749,0.0,-0.4000000059604645,-0.05000000074505806,0.3100000023841858,0.49000000953674316,-0.20999999344348907,0.0,-2.4166505336761475,-1.1396726369857788,4.420696258544922,-3.056365728378296,0.17080891132354736,0.5833236575126648,2.3965375423431396,-1.4178502559661865,0.3104935884475708,0.23182590305805206,1.92490816116333,12.384745597839355,0.009228553622961044,0.055703066289424896,-0.6168375015258789,-0.5618143677711487,-0.2119092047214508,0.6735353469848633,132.64161682128906,233.0288848876953,0.5,0.0,0.0,0.002655087737366557,0.0,0.5725901126861572,0.6156489849090576,0.0,0.0,0.0,0.0,613.287841796875,0.0
3.48,2.633333444595337,-0.743145293252893,-0.66913008684117,0.0,1.0,1.0,1.0,0.0055330172181129456,1.3118987083435059,0.5423058867454529,0.09343282878398895,0.2560945451259613,1.704044222831726,0.8657494187355042,0.4523814618587494,-0.2572213113307953,0.5564760565757751,0.4631367325782776,-1.9967800378799438,0.02975882589817047,0.13240602612495422,-0.9089423418045044,0.47005462646484375,-0.5244396924972534,-0.08741532266139984,-2.954084634780884,0.6697170734405518,-1.5594311952590942,0.32160329818725586,-0.32973772287368774,0.7524617910385132,0.2142135202884674,0.012842703610658646,-0.22825394570827484,0.22989892959594727,-0.09109664708375931,0.0,-0.4000000059604645,-0.05000000074505806,0.3100000023841858,0.49000000953674316,-0.20999999344348907,0.0,-1.7331817150115967,-0.3558942675590515,5.405909061431885,-1.405585527420044,-0.6478731036186218,-0.4705660343170166,5.764552116394043,-3.178349733352661,-4.982583522796631,-2.521951913833618,2.4661166667938232,-6.59916353225708,0.009473972022533417,0.05680704861879349,-0.5102001428604126,-0.16307412087917328,-0.17897453904151917,0.048172954469919205,171.1436767578125,283.26055908203125,0.5,0.0,0.0,0.002310332842171192,0.0,0.5082187652587891,0.0003442092565819621,0.0,0.0,0.0,0.0,866.1486206054688,0.0
3.49,2.644444704055786,-0.7880117578641548,-0.6156601899325996,0.0,1.0,1.0,1.0,-0.001968998461961746,1.3196921348571777,0.5404059290885925,0.09781349450349808,0.25900813937187195,1.6840951442718506,0.8606905341148376,0.47770410776138306,-0.2730613648891449,0.35697484016418457,-0.3882734477519989,-2.260901689529419,-0.003680950030684471,0.13834989070892334,-0.8552707433700562,0.46642616391181946,-0.518702507019043,-0.058198295533657074,-2.968355417251587,0.6333264112472534,-1.577872633934021,0.2782754600048065,-0.31822729110717773,0.601523756980896,0.2029971182346344,0.010599423199892044,-0.22331872582435608,0.21419596672058105,-0.08391815423965454,0.0,-0.4000000059604645,-0.05000000074505806,0.3100000023841858,0.49000000953674316,-0.20999999344348907,0.0,-4.230557441711426,0.893061101436615,5.308411598205566,-0.006490841507911682,0.5237669944763184,-1.8131288290023804,-0.03826868534088135,-3.4819130897521973,-7.125051975250244,-4.588517665863037,0.590378999710083,-8.411574363708496,0.010772258043289185,0.05730561912059784,-0.20247983932495117,-0.24806900322437286,-0.5531385540962219,-0.7256213426589966,167.2417449951172,103.6358871459961,0.5,0.0,0.0,0.0021298150531947613,0.0,0.4884111285209656,3.6312358133727685e-05,0.0,0.0,0.0,0.0,1217.4383544921875,0.0
3.5,2.6555559635162354,-0.8290390059273214,-0.5591907784030766,0.0,1.0,1.0,0.0,-0.008700933307409286,1.3298274278640747,0.5380827784538269,0.09466314315795898,0.2575407922267914,1.6572988033294678,0.8395466208457947,0.4863048493862152,-0.2606685161590576,-0.06041663885116577,-1.5400922298431396,-2.6604158878326416,-0.04660302773118019,0.1422792226076126,-0.7889066338539124,0.4690339267253876,-0.5443058013916016,-0.10701098293066025,-2.971853733062744,0.6108636260032654,-1.6915550231933594,0.23464557528495789,-0.3795560896396637,0.41154423356056213,0.19274021685123444,0.008548043668270111,-0.2188057005405426,0.19983631372451782,-0.07735373079776764,0.0,-0.4000000059604645,-0.05000000074505806,0.3100000023841858,0.49000000953674316,-0.20999999344348907,0.0,-4.64671516418457,0.3544033467769623,6.633479118347168,0.34577199816703796,-3.335258722305298,-6.221749782562256,-2.465963125228882,-1.3769524097442627,-9.144477844238281,-4.5394721031188965,-5.483933448791504,-10.699356079101562,0.012620538473129272,0.054628707468509674,-0.198663592338562,-0.941775381565094,0.10329360514879227,-0.8071232438087463,281.6325378417969,0.0,0.5,0.0,0.0,0.002232609549537301,0.0,0.4948163330554962,7.116886422409152e-07,0.0,0.0,0.0,0.0,1686.7457275390625,0.0
3.5100000000000002,2.6666669845581055,-0.86602640246812,-0.4999982702251334,0.0,1.0,1.0,0.0,-0.01448216661810875,1.3419461250305176,0.5355616807937622,0.08579447865486145,0.2514601945877075,1.6217939853668213,0.82194584608078,0.5220651626586914,-0.24962946772575378,-0.46385467052459717,-2.0846710205078125,-3.447299003601074,-0.08480454236268997,0.1546071320772171,-0.7273644208908081,0.49818840622901917,-0.5772895216941833,-0.17601795494556427,-2.9396591186523438,0.6082649230957031,-1.8791285753250122,0.20114776492118835,-0.389697402715683,0.22101043164730072,0.18349336087703705,0.006698671728372574,-0.21473708748817444,0.18689072132110596,-0.07143574953079224,0.0,-0.4000000059604645,-0.05000000074505806,0.3100000023841858,0.49000000953674316,-0.20999999344348907,0.0,-4.029574871063232,1.4494602680206299,6.5564866065979,3.480410575866699,-1.7757395505905151,-6.136993408203125,2.818460464477539,0.30946454405784607,-17.77374839782715,-3.2242250442504883,0.11005429923534393,-10.690065383911133,0.015973180532455444,0.04734242707490921,-0.1450139582157135,-1.1440588235855103,0.22193492949008942,-0.45090121030807495,349.6092834472656,0.0,0.5,0.0,0.0,0.0026371092535555363,0.0,0.47123315930366516,4.762133049007744e-11,0.0,0.0,0.0,0.0,1460.4208984375,0.0
3.52,2.6777780055999756,-0.8987946738042236,-0.43836986021071184,0.0,1.0,1.0,1.0,-0.01994745433330536,1.3544824123382568,0.5331597924232483,0.0773472785949707,0.24346446990966797,1.5783618688583374,0.808905839920044,0.6037019491195679,-0.25832509994506836,-0.41443243622779846,-1.7918999195098877,-4.365396976470947,-0.11169704049825668,0.18481241166591644,-0.6673023104667664,0.5549107193946838,-0.5587412714958191,-0.1884695440530777,-2.86491060256958,0.620922863483429,-2.0756516456604004,0.21602113544940948,-0.3708510398864746,0.301449179649353,0.17530126869678497,0.005060251802206039,-0.21113255620002747,0.17542177438735962,-0.06619280576705933,0.0,-0.4000000059604645,-0.05000000074505806,0.3100000023841858,0.49000000953674316,-0.20999999344348907,0.0,-2.2404870986938477,3.600235939025879,5.881991863250732,5.931739330291748,3.874159336090088,0.03306668996810913,8.020235061645508,0.8420210480690002,-19.3995361328125,1.1687185764312744,2.749643325805664,5.624879837036133,0.02154010534286499,0.045369185507297516,0.09084994345903397,-0.7447240948677063,0.17790745198726654,-1.1859991550445557,163.75575256347656,244.16094970703125,0.5,0.0,0.0,0.0032096162904053926,0.0,0.39861559867858887,2.802652027963188e-17,0.0,0.0,0.0,0.0,870.7575073242188,0.0
3.5300000000000002,2.688889265060425,-0.9271847399676594,-0.3746044019643973,0.0,1.0,0.0,1.0,-0.02717265859246254,1.3655966520309448,0.5309906601905823,0.0732702687382698,0.2409125417470932,1.5394680500030518,0.7621880173683167,0.7084934711456299,-0.3325043022632599,0.3559969663619995,-0.9572069644927979,-3.247859477996826,-0.10681554675102234,0.2361609786748886,-0.6807206273078918,0.6110729575157166,-0.6556382775306702,0.0036187332589179277,-2.793085813522339,0.6210997700691223,-2.1855385303497314,0.24410544335842133,-0.3443866968154907,0.40150249004364014,0.1682037115097046,0.0036407411098480225,-0.20800963044166565,0.1654852032661438,-0.061650365591049194,0.0,-0.4000000059604645,-0.05000000074505806,0.3100000023841858,0.49000000953674316,-0.20999999344348907,0.0,2.37540602684021,5.333566188812256,-3.6862175464630127,4.650035858154297,-10.006568908691406,10.688164710998535,7.745494842529297,-0.7619349360466003,-9.66458797454834,2.6082193851470947,3.7580981254577637,9.966996192932129,0.022324666380882263,0.04891245812177658,-0.027464386075735092,-0.4923343062400818,2.5149006843566895,-0.47484269738197327,0.0,314.6995849609375,0.5,0.0,0.0,0.003441526321694255,0.0,0.31936803460121155,6.880337410919424e-10,0.0,0.0,0.0,0.0,3024.309814453125,0.0
3.54,2.700000286102295,-0.9510570717929909,-0.3090152847231702,0.0,1.0,1.0,1.0,-0.035223763436079025,1.3754023313522339,0.5291759371757507,0.07169117033481598,0.24064713716506958,1.5110814571380615,0.7281586527824402,0.7807095646858215,-0.31244486570358276,0.06598292291164398,-0.6336491107940674,-2.2712831497192383,-0.08681789040565491,0.2739618122577667,-0.730449378490448,0.619992196559906,-0.5627705454826355,0.16389533877372742,-2.722214937210083,0.6287933588027954,-2.191288948059082,0.28510722517967224,-0.30530545115470886,0.4143070578575134,0.16223563253879547,0.002447124570608139,-0.20538368821144104,0.15712988376617432,-0.057830795645713806,0.0,-0.4000000059604645,-0.05000000074505806,0.3100000023841858,0.49000000953674316,-0.20999999344348907,0.0,2.6726551055908203,3.1330225467681885,-6.4156999588012695,1.269843578338623,3.358612537384033,1.4300308227539062,7.895850658416748,0.9395198822021484,0.9247763156890869,4.031435966491699,5.505091190338135,3.0495715141296387,0.013650551438331604,0.05342554301023483,-0.42784687876701355,-0.3243640065193176,2.9267656803131104,0.4663088023662567,133.32608032226562,355.2041015625,0.5,0.0,0.0,0.0034878842998296022,0.0,0.26630112528800964,3.3051146601792425e-05,0.0,0.0,0.0,0.0,1285.419677734375,0.0
3.5500000000000003,2.711111307144165,-0.9702960242533635,-0.24192070047459094,0.0,1.0,1.0,1.0,-0.04391293227672577,1.3840965032577515,0.5276224613189697,0.073399119079113,0.24053595960140228,1.4874193668365479,0.712762176990509,0.8703426122665405,-0.3089037239551544,0.18721824884414673,-0.2075163573026657,-2.234790086746216,-0.06470194458961487,0.30322131514549255,-0.7816439867019653,0.6256114840507507,-0.6383546590805054,0.2194722592830658,-2.6353821754455566,0.6222499012947083,-2.1912190914154053,0.30743736028671265,-0.2674628496170044,0.47673511505126953,0.15742602944374084,0.0014852061867713928,-0.20326745510101318,0.1503964364528656,-0.0547526478767395,0.0,-0.4000000059604645,-0.05000000074505806,0.3100000023841858,0.49000000953674316,-0.20999999344348907,0.0,2.208726644515991,2.8140101432800293,-4.929661750793457,0.2923450171947479,-7.388243675231934,1.7962864637374878,8.05152702331543,-1.0732967853546143,1.5481783151626587,1.9474890232086182,3.7715132236480713,9.047420501708984,0.00595560297369957,0.058023713529109955,-0.12545059621334076,-0.3327831029891968,2.6247220039367676,0.951466977596283,176.38233947753906,408.7062072753906,0.5,0.0,0.0,0.003462128574028611,0.0,0.20078352093696594,4.592168625094928e-05,0.0,0.0,0.0,0.0,1378.664794921875,0.0
3.56,2.7222225666046143,-0.9848081287530219,-0.17364604672140274,0.0,1.0,1.0,1.0,-0.052222929894924164,1.391127586364746,0.5265868306159973,0.08194607496261597,0.23657362163066864,1.4658493995666504,0.7230079770088196,0.943556547164917,-0.23393943905830383,-0.4272664785385132,0.6672767400741577,-2.384772539138794,-0.035825714468955994,0.3151971101760864,-0.8068161606788635,0.6274919509887695,-0.6475110054016113,0.13734975457191467,-2.554744005203247,0.6226340532302856,-2.2049672603607178,0.3210580050945282,-0.19730189442634583,0.3484693765640259,0.1537979692220688,0.0007595941424369812,-0.20167110860347748,0.1453171670436859,-0.052430689334869385,0.0,-0.4000000059604645,-0.05000000074505806,0.3100000023841858,0.49000000953674316,-0.20999999344348907,0.0,1.8369711637496948,0.8148931264877319,1.4259722232818604,1.6939016580581665,0.1468367576599121,4.734724521636963,7.2443366050720215,0.09812146425247192,-4.1750102043151855,1.2543060779571533,4.154581546783447,-12.769438743591309,-0.00018952414393424988,0.060026802122592926,-0.5903376936912537,-0.48687484860420227,0.7697988152503967,-0.019835809245705605,394.8822326660156,374.8898620605469,0.5,0.0,0.0,0.0035410611890256405,0.0,0.15258048474788666,1.1487168194435071e-05,0.0,0.0,0.0,0.0,1002.7529296875,0.0
3.5700000000000003,2.7333335876464844,-0.9945220623926853,-0.10452687412431225,0.0,1.0,1.0,1.0,-0.06026395782828331,1.3959940671920776,0.526370644569397,0.09917448461055756,0.2292507141828537,1.4481514692306519,0.725477933883667,1.0001451969146729,-0.15160055458545685,-0.7261049747467041,1.8100740909576416,-1.9443883895874023,-0.014699594117701054,0.32693326473236084,-0.8052698969841003,0.64539635181427,-0.6510306596755981,0.14262966811656952,-2.4998443126678467,0.6237205862998962,-2.199702501296997,0.3279432952404022,-0.14845231175422668,0.19692742824554443,0.15136948227882385,0.0002738945186138153,-0.20060257613658905,0.14191728830337524,-0.050876468420028687,0.0,-0.4000000059604645,-0.05000000074505806,0.3100000023841858,0.49000000953674316,-0.20999999344348907,0.0,2.709087371826172,1.3539704084396362,0.12087129056453705,1.8142129182815552,0.027250856161117554,2.2949347496032715,8.183521270751953,0.02017311565577984,-0.9138020277023315,0.6571775078773499,5.860884666442871,-10.884137153625488,0.00012509897351264954,0.06298243254423141,-0.1563776731491089,-0.4919971525669098,0.1804254651069641,0.14091263711452484,309.6486511230469,218.8896942138672,0.5,0.0,0.0,0.0035877134650945663,0.0,0.12217982858419418,0.0005202023894526064,0.0,0.0,0.0,0.0,1004.44189453125,0.0
3.58,2.7444448471069336,-0.9993909153117299,-0.034896968240565304,0.0,1.0,1.0,1.0,-0.06754553318023682,1.3990452289581299,0.5270568132400513,0.12285453081130981,0.2175513058900833,1.4352866411209106,0.7260671257972717,1.0385414361953735,-0.026977792382240295,-1.2483845949172974,2.2091827392578125,-1.6288495063781738,0.009430477395653725,0.33321240544319153,-0.8013117909431458,0.6524968147277832,-0.6502336859703064,0.16241100430488586,-2.4322736263275146,0.6243323683738708,-2.1736834049224854,0.32232677936553955,-0.09372515231370926,0.04523102566599846,0.1501522660255432,3.0450522899627686e-05,-0.20006699860095978,0.14021319150924683,-0.050097450613975525,0.0,-0.4000000059604645,-0.05000000074505806,0.3100000023841858,0.49000000953674316,-0.20999999344348907,0.0,2.7911126613616943,0.7076992392539978,-0.5412881374359131,1.2299281358718872,0.253526896238327,1.6179592609405518,7.980349540710449,0.15333878993988037,3.135056495666504,-0.9908222556114197,6.004383087158203,-10.263076782226562,-0.00019004195928573608,0.06477223336696625,0.0024846037849783897,-0.6280313730239868,0.011965392157435417,0.4004700779914856,321.9602355957031,200.6902618408203,0.5,0.0,0.0,0.0035926741547882557,0.0,0.10441840440034866,0.004960238002240658,0.0,0.0,0.0,0.0,794.1632080078125,0.0
3.59,2.7555558681488037,-0.9993907584717194,0.034901459587270256,0.0,1.0,1.0,1.0,-0.07372487336397171,1.4014356136322021,0.5284057259559631,0.1479206383228302,0.20179781317710876,1.4290976524353027,0.7349994778633118,1.0475400686264038,0.03805142641067505,-1.6897395849227905,2.5049142837524414,-0.8445586562156677,0.03948032110929489,0.33667638897895813,-0.8124688267707825,0.6660070419311523,-0.6497451066970825,0.17402806878089905,-2.375809907913208,0.638095498085022,-2.0979928970336914,0.3176262676715851,-0.03544272109866142,-0.11952120065689087,0.15030455589294434,6.0908496379852295e-05,-0.2001340091228485,0.1404263973236084,-0.05019490420818329,0.0,-0.4000000059604645,-0.05000000074505806,0.3100000023841858,0.49000000953674316,-0.20999999344348907,0.0,3.4702272415161133,0.10091672837734222,-1.4860254526138306,1.5969632863998413,0.15032312273979187,0.5739427208900452,7.844513893127441,1.7818198204040527,5.0428314208984375,-0.32839375734329224,5.620643615722656,-10.501969337463379,-0.00020508095622062683,0.06485489010810852,-0.001590699190273881,-0.8945738673210144,0.0003241224039811641,0.2086183726787567,318.689208984375,100.94967651367188,0.5,0.0,0.0,0.0035757264122366905,0.0,0.09974583238363266,0.24013391137123108,0.0,0.0,0.0,0.0,934.2150268554688,0.0
3.6,2.766666889190674,-0.9945217492198298,0.10452985376785714,0.0,1.0,1.0,1.0,-0.07879428565502167,1.403671145439148,0.5303077101707458,0.17255491018295288,0.18339036405086517,1.4307420253753662,0.7577461004257202,1.0407147407531738,0.13499419391155243,-2.010256767272949,2.463298797607422,0.046419888734817505,0.07114585489034653,0.33438360691070557,-0.8320887684822083,0.6795716285705566,-0.649273157119751,0.1817980706691742,-2.308147430419922,0.6679419875144958,-2.0432422161102295,0.3248857259750366,0.045806802809238434,-0.28680121898651123,0.15273168683052063,0.0005463361740112305,-0.20120194554328918,0.14382436871528625,-0.05174827575683594,0.0,-0.4000000059604645,-0.05000000074505806,0.3100000023841858,0.49000000953674316,-0.20999999344348907,0.0,3.1661376953125,-0.46852394938468933,-2.3967108726501465,1.3279988765716553,-0.07629160583019257,0.17936868965625763,7.851743698120117,3.445119619369507,3.712663412094116,0.6233827471733093,9.05837345123291,-10.441513061523438,-0.0002059638500213623,0.0646868571639061,-0.009298525750637054,-1.0077095031738281,0.010605350136756897,-0.07793252915143967,331.0908203125,89.26435089111328,0.5,0.0,0.0,0.0034711677581071854,0.0,0.10035508871078491,0.9956996440887451,0.0,0.0,0.0,0.0,1042.546142578125,0.0
3.61,2.777778148651123,-0.9848073483630978,0.17365047253043742,0.0,1.0,1.0,0.0,-0.08302798122167587,1.406044363975525,0.5327165126800537,0.1964765340089798,0.16457755863666534,1.4400205612182617,0.7905110716819763,1.0051320791244507,0.1991821825504303,-2.070524215698242,2.5715038776397705,0.8240514993667603,0.10114150494337082,0.3285789489746094,-0.8605299592018127,0.6895946860313416,-0.6468126773834229,0.1872919648885727,-2.237394332885742,0.7070662975311279,-2.0004680156707764,0.33291304111480713,0.15634509921073914,-0.4067966341972351,0.15753862261772156,0.0015077218413352966,-0.20331698656082153,0.1505540907382965,-0.05482470989227295,0.0,-0.4000000059604645,-0.05000000074505806,0.3100000023841858,0.49000000953674316,-0.20999999344348907,0.0,2.731731414794922,-0.5918280482292175,-3.5094759464263916,0.6717214584350586,0.39867520332336426,-0.5654890537261963,7.379321575164795,3.83787202835083,2.8612146377563477,0.723910391330719,10.37411117553711,-9.902482032775879,-0.0002107173204421997,0.06391327828168869,0.031144239008426666,-1.0178309679031372,-0.05651220679283142,-0.21047529578208923,235.08697509765625,0.0,0.5,0.0,0.0,0.0031833224929869175,0.0,0.11198677867650986,0.2571432888507843,0.0,0.0,0.0,0.0,727.4360961914062,0.0
3.62,2.788889169692993,-0.9702952994409875,0.24192360753495032,0.0,1.0,1.0,1.0,-0.086419016122818,1.4099849462509155,0.5351561307907104,0.21434292197227478,0.14638514816761017,1.4565622806549072,0.8106010556221008,0.9726253747940063,0.25094786286354065,-2.2004587650299072,1.6854430437088013,1.6065300703048706,0.11281774938106537,0.32131174206733704,-0.8941649198532104,0.6919766068458557,-0.6412742137908936,0.19421596825122833,-2.2185277938842773,0.7582828998565674,-1.9252954721450806,0.3455345332622528,0.26830145716667175,-0.4454011619091034,0.16463175415992737,0.002926349639892578,-0.20643797516822815,0.1604844629764557,-0.05936431884765625,0.0,-0.4000000059604645,-0.05000000074505806,0.3100000023841858,0.49000000953674316,-0.20999999344348907,0.0,0.6241900324821472,-0.845816969871521,-3.8822922706604004,0.1091056764125824,1.1259284019470215,-2.229764461517334,8.0764799118042,5.809150695800781,-1.992409348487854,1.0803680419921875,10.788253784179688,-6.216096878051758,3.6947429180145264e-05,0.06421275436878204,0.07561025023460388,-1.0048447847366333,-0.0884370282292366,-0.6415844559669495,200.0287322998047,40.78781509399414,0.5,0.0,0.0,0.0029860218055546284,0.0,0.12431381642818451,0.00573092931881547,0.0,0.0,0.0,0.0,1232.635009765625,0.0
3.63,2.8000001907348633,-0.9510561459615544,0.3090181341422451,0.0,1.0,1.0,0.0,-0.08918434381484985,1.416700839996338,0.5371657013893127,0.22120080888271332,0.12963898479938507,1.479120135307312,0.8346704244613647,0.9274442791938782,0.2774125933647156,-2.088387966156006,0.44716566801071167,2.4278042316436768,0.10126221925020218,0.31250229477882385,-0.9283567667007446,0.6889700889587402,-0.6313245892524719,0.20472142100334167,-2.188636541366577,0.8235743045806885,-1.946555733680725,0.34522730112075806,0.30644604563713074,-0.4325866401195526,0.17387309670448303,0.004774618893861771,-0.21050415933132172,0.17342233657836914,-0.06527876853942871,0.0,-0.4000000059604645,-0.05000000074505806,0.3100000023841858,0.49000000953674316,-0.20999999344348907,0.0,-2.24773907661438,-0.7263267636299133,-4.299849033355713,0.06292331218719482,0.11005374789237976,-9.552983283996582,8.044047355651855,7.213024139404297,-11.730841636657715,-1.0425763130187988,1.8787224292755127,-3.043325662612915,0.00041441619396209717,0.06404522061347961,0.11737339198589325,-0.9753450751304626,-0.22814229130744934,-1.7447947263717651,245.2855987548828,0.0,0.5,0.0,0.0,0.003168863942846656,0.0,0.1430853009223938,7.591613211843651e-06,0.0,0.0,0.0,0.0,1598.8858642578125,0.0
3.64,2.8111114501953125,-0.9271830564545201,0.3746085688070335,0.0,1.0,1.0,0.0,-0.0906851664185524,1.4271591901779175,0.53875732421875,0.21400102972984314,0.11144234985113144,1.5034990310668945,0.8608339428901672,0.8496508598327637,0.3825780153274536,-2.5490715503692627,-1.1803337335586548,2.5131514072418213,0.06684847176074982,0.29172343015670776,-0.9354535937309265,0.680762767791748,-0.6219197511672974,0.21862338483333588,-2.258148193359375,0.858934760093689,-2.0325560569763184,0.30909043550491333,0.18571767210960388,-0.617565929889679,0.1850830465555191,0.007016606628894806,-0.21543654799461365,0.18911626935005188,-0.07245314121246338,0.0,-0.4000000059604645,-0.05000000074505806,0.3100000023841858,0.49000000953674316,-0.20999999344348907,0.0,-4.447322845458984,-2.8876726627349854,0.24365626275539398,-1.2391701936721802,1.6338732242584229,0.5603217482566833,-8.14769172668457,2.9667904376983643,-11.714097023010254,-4.209941864013672,-10.189102172851562,-10.619165420532227,0.0015973933041095734,0.06805175542831421,0.035864174365997314,-0.18865413963794708,-0.003879922442138195,-0.11900372058153152,337.02325439453125,0.0,0.5,0.0,0.0,0.004235380794852972,0.0,0.1819150298833847,3.2662767353031086e-06,0.0,0.0,0.0,0.0,2161.577880859375,0.0
3.65,2.8222224712371826,-0.8987933604194404,0.4383725530481233,0.0,1.0,1.0,0.0,-0.09039841592311859,1.4414327144622803,0.5400952100753784,0.19268643856048584,0.08808233588933945,1.525709867477417,0.8828240036964417,0.778282880783081,0.43290019035339355,-3.0568385124206543,-2.5320730209350586,2.1720142364501953,0.017527353018522263,0.26370900869369507,-0.9254485368728638,0.6869303584098816,-0.6250136494636536,0.19185875356197357,-2.341524124145508,0.8752350211143494,-2.227656364440918,0.25591033697128296,0.07024554908275604,-0.8098138570785522,0.1980428248643875,0.009608563035726547,-0.2211388349533081,0.20725995302200317,-0.08074739575386047,0.0,-0.4000000059604645,-0.05000000074505806,0.3100000023841858,0.49000000953674316,-0.20999999344348907,0.0,-5.743173599243164,-3.214369773864746,1.9129433631896973,1.2054840326309204,-1.2469968795776367,-5.820874214172363,-8.177620887756348,1.3810877799987793,-21.009307861328125,-5.056663513183594,-10.177912712097168,-10.716205596923828,0.004569284617900848,0.0716686025261879,-0.036245305091142654,0.1271277219057083,0.11961385607719421,1.2108299732208252,436.4284362792969,0.0,0.5,0.0,0.0,0.007489040959626436,0.0,0.22211571037769318,7.985554111655802e-05,0.0,0.0,0.0,0.0,2942.87255859375,0.0
3.66,2.8333334922790527,-0.8660249044413024,0.5000008648866848,0.0,1.0,1.0,0.0,-0.08709334582090378,1.4600419998168945,0.5414185523986816,0.1566464602947235,0.05364593118429184,1.5402635335922241,0.9364300966262817,0.6882679462432861,0.48104506731033325,-4.197417259216309,-3.8938307762145996,1.4818427562713623,-0.062401097267866135,0.21777260303497314,-0.8777866363525391,0.6896125674247742,-0.6247177124023438,0.16138730943202972,-2.3941938877105713,0.8955963253974915,-2.4486498832702637,0.20379973948001862,-0.03933145850896835,-0.9963194727897644,0.21250048279762268,0.0125000961124897,-0.22750021517276764,0.22750067710876465,-0.09000030159950256,0.0,-0.4000000059604645,-0.05000000074505806,0.3100000023841858,0.49000000953674316,-0.20999999344348907,0.0,-7.991954326629639,-5.14628791809082,6.7190842628479,1.4790973663330078,1.787876844406128,-1.5147531032562256,-5.061333656311035,2.143332004547119,-21.860246658325195,-5.525305271148682,-10.154969215393066,-10.644466400146484,0.008960507810115814,0.07231444865465164,-0.05792546644806862,0.3580441176891327,0.17869462072849274,2.5202128887176514,543.3412475585938,0.0,0.5,0.0,0.0,0.01853366754949093,0.0,0.2649092674255371,0.01237946841865778,0.0,0.0,0.0,0.0,3282.2890625,0.0
3.67,2.844444751739502,-0.8290364928684298,0.5591945041686425,0.0,1.0,1.0,0.0,-0.08137732744216919,1.48129141330719,0.5431065559387207,0.11271444708108902,0.011016158387064934,1.5495960712432861,0.9952354431152344,0.5810390710830688,0.44965317845344543,-4.587622165679932,-4.437568664550781,0.8698885440826416,-0.14622966945171356,0.16000959277153015,-0.7803835272789001,0.705558180809021,-0.6191760301589966,0.0884602889418602,-2.368582010269165,0.9161073565483093,-2.692871570587158,0.14720726013183594,-0.1427658200263977,-1.1216892004013062,0.2281745821237564,0.015634916722774506,-0.2343968152999878,0.24944442510604858,-0.10003172606229782,0.0,-0.4000000059604645,-0.05000000074505806,0.3100000023841858,0.49000000953674316,-0.20999999344348907,0.0,-8.003705024719238,-6.503203392028809,11.581031799316406,2.2800180912017822,1.4796249866485596,-10.053220748901367,2.3746938705444336,2.003483533859253,-23.980897903442383,-5.694753646850586,-10.040124893188477,-10.149384498596191,0.01631946489214897,0.07401665300130844,0.009181270375847816,0.9088919162750244,0.23301497101783752,3.44779109954834,485.4465637207031,0.0,0.5,0.0,0.0,0.052167996764183044,0.0,0.3116953372955322,0.22015748918056488,0.0,0.0,0.0,0.0,2728.523193359375,0.0
3.68,2.855555772781372,-0.7880099133080748,0.6156625508573674,0.0,1.0,1.0,0.0,-0.07436148822307587,1.5042978525161743,0.5451298952102661,0.06355436146259308,-0.03575420379638672,1.5536574125289917,1.0386351346969604,0.5123746395111084,0.3311321437358856,-4.930525302886963,-5.210948467254639,0.026003152132034302,-0.227084219455719,0.10164308547973633,-0.6517513394355774,0.7390013933181763,-0.5965636968612671,-0.01430557295680046,-2.28817081451416,0.9300215840339661,-2.9232184886932373,0.0813945084810257,-0.16370929777622223,-0.952865481376648,0.24476009607315063,0.0189520176500082,-0.24169445037841797,0.2726641297340393,-0.11064645648002625,0.0,-0.4000000059604645,-0.05000000074505806,0.3100000023841858,0.49000000953674316,-0.20999999344348907,0.0,-8.017951965332031,-6.091466903686523,14.71339225769043,4.2515387535095215,4.1566596031188965,-10.168411254882812,8.032567977905273,1.3550128936767578,-21.75907325744629,-6.505281448364258,-0.04915536195039749,10.550287246704102,0.02603989839553833,0.07952810078859329,0.39167168736457825,1.7944438457489014,0.6957241296768188,4.245961666107178,468.1789245605469,0.0,0.5,0.0,0.0,0.11647924035787582,0.0,0.33110782504081726,0.9986486434936523,0.0,0.0,0.0,0.0,2597.877685546875,0.0
3.69,2.866666793823242,-0.7431442908763793,0.669131200092959,0.0,1.0,0.0,0.0,-0.07016319781541824,1.5248280763626099,0.5465023517608643,0.024321310222148895,-0.0723423957824707,1.5589261054992676,1.0290623903274536,0.5543051958084106,0.1078215092420578,-2.8629446029663086,-3.1126484870910645,0.2963505983352661,-0.22777590155601501,0.10857822000980377,-0.6277841329574585,0.8220659494400024,-0.6042711138725281,0.14842763543128967,-2.2116832733154297,0.9148213863372803,-3.0099122524261475,0.04614647105336189,-0.05186435580253601,-0.7649362087249756,0.26193416118621826,0.022386834025382996,-0.24925103783607483,0.2967078685760498,-0.12163786590099335,0.0,-0.4000000059604645,-0.05000000074505806,0.3100000023841858,0.49000000953674316,-0.20999999344348907,0.0,4.056228160858154,3.3171167373657227,-2.3187363147735596,8.048060417175293,-1.0749939680099487,10.486574172973633,8.00053882598877,-3.2440690994262695,-6.540180683135986,-2.1928794384002686,10.182969093322754,10.674505233764648,0.02890116721391678,0.09469207376241684,1.931768536567688,2.3652045726776123,3.443124294281006,4.57664155960083,0.0,0.0,0.5,0.0,0.0,0.10883143544197083,0.0,0.3090282380580902,0.8389137983322144,0.0,0.0,0.0,0.0,2413.125732421875,0.0
3.7,2.8777780532836914,-0.6946571252414095,0.7193410028292152,0.0,1.0,1.0,0.0,-0.07073554396629333,1.541297197341919,0.5463500022888184,0.000872720149345696,-0.09183025360107422,1.5641638040542603,1.0290329456329346,0.5901101231575012,-0.0905567854642868,-1.1781145334243774,-1.9196064472198486,0.2914752960205078,-0.18301118910312653,0.17520010471343994,-0.7078268527984619,0.8988394141197205,-0.5644934773445129,0.3466019928455353,-2.2272627353668213,0.8760237097740173,-2.9325783252716064,0.07106747478246689,0.03880104422569275,-0.5745008587837219,0.27936306595802307,0.025872614234685898,-0.2569197416305542,0.32110831141471863,-0.13279235363006592,0.0,-0.4000000059604645,-0.05000000074505806,0.3100000023841858,0.49000000953674316,-0.20999999344348907,0.0,4.085461139678955,8.016366004943848,-9.242283821105957,7.785152912139893,-1.844765305519104,10.8389253616333,7.101542949676514,-4.291399955749512,-3.6959550380706787,1.5998616218566895,10.075389862060547,10.665836334228516,0.02148076519370079,0.11611456423997879,1.6544264554977417,1.903564691543579,3.8351283073425293,3.71437406539917,133.7082977294922,0.0,0.5,0.0,0.0,0.07987777888774872,0.0,0.2847306728363037,0.8437359929084778,0.0,0.0,0.0,0.0,3386.77392578125,0.0
3.71,2.8888890743255615,-0.6427867171424619,0.7660451920514982,0.0,1.0,1.0,0.0,-0.07346568256616592,1.5546233654022217,0.5446715950965881,-0.009717464447021484,-0.10306215286254883,1.575551986694336,1.022658348083496,0.5704582333564758,-0.20186784863471985,-1.0025354623794556,-0.5584404468536377,1.6954401731491089,-0.12123461067676544,0.22606804966926575,-0.7689374685287476,0.979250431060791,-0.6426987648010254,0.45342573523521423,-2.1802875995635986,0.8488318920135498,-2.8434178829193115,0.0847640186548233,0.14549733698368073,-0.38236305117607117,0.29670652747154236,0.029341306537389755,-0.2645508646965027,0.34538915753364563,-0.14389216899871826,0.0,-0.4000000059604645,-0.05000000074505806,0.3100000023841858,0.49000000953674316,-0.20999999344348907,0.0,7.455765247344971,3.7273707389831543,-5.101088523864746,7.955608367919922,-7.222630500793457,10.463525772094727,8.057019233703613,-1.7657265663146973,6.787264823913574,0.9341340661048889,10.031232833862305,10.710783958435059,0.01773729920387268,0.13157248497009277,0.9124993085861206,1.033679723739624,3.102949857711792,2.9813008308410645,127.47988891601562,0.0,0.5,0.0,0.0,0.06330426037311554,0.0,0.3020421862602234,0.003185854060575366,0.0,0.0,0.0,0.0,2358.69384765625,0.0
3.72,2.9000000953674316,-0.5877847675202884,0.8090173465823342,0.0,1.0,1.0,0.0,-0.07770557701587677,1.564725637435913,0.5417195558547974,-0.006680488586425781,-0.10781145095825195,1.5929310321807861,1.0391796827316284,0.5617831349372864,-0.32658207416534424,0.02302469313144684,0.7236605286598206,1.8121378421783447,-0.06344835460186005,0.2671118378639221,-0.8245934844017029,1.0321053266525269,-0.7627412676811218,0.5356449484825134,-2.170224189758301,0.8286049365997314,-2.7105281352996826,0.11046319454908371,0.17709173262119293,-0.1868169605731964,0.31362754106521606,0.0327255055308342,-0.2719961106777191,0.36907854676246643,-0.15472161769866943,0.0,-0.4000000059604645,-0.05000000074505806,0.3100000023841858,0.49000000953674316,-0.20999999344348907,0.0,5.677851676940918,4.900221824645996,-5.726835250854492,6.571622848510742,-9.617310523986816,-2.680417060852051,8.069916725158691,-2.4839251041412354,3.348513126373291,2.0838160514831543,2.988830089569092,10.734467506408691,0.012704126536846161,0.14336952567100525,0.6439728140830994,0.530180811882019,1.9424673318862915,2.614861488342285,561.9559326171875,0.0,0.5,0.0,0.0,0.05788477882742882,0.0,0.29741406440734863,0.0014050435274839401,0.0,0.0,0.0,0.0,2326.17724609375,0.0
3.73,2.911111354827881,-0.5299179656015849,0.8480489076301423,0.0,1.0,1.0,0.0,-0.08207648992538452,1.571521282196045,0.5381361246109009,0.010814176872372627,-0.11013221740722656,1.6172317266464233,1.0770691633224487,0.49200111627578735,-0.3352663218975067,-0.2788791358470917,2.1267380714416504,3.2798004150390625,-0.021031374111771584,0.2744920253753662,-0.8591063022613525,1.0576647520065308,-0.8359910845756531,0.39968141913414,-2.1816439628601074,0.8197782635688782,-2.6175286769866943,0.11756861954927444,0.1664811372756958,0.0074745602905750275,0.329796701669693,0.03595934063196182,-0.27911055088043213,0.3917153775691986,-0.16506987810134888,0.0,-0.4000000059604645,-0.05000000074505806,0.3100000023841858,0.49000000953674316,-0.20999999344348907,0.0,4.30870246887207,-0.4303448498249054,-3.1838936805725098,2.23091459274292,-5.467315673828125,-11.362886428833008,6.8585405349731445,-0.3405449092388153,-1.071008324623108,-0.48157787322998047,-1.2025107145309448,10.709212303161621,0.009484171867370605,0.14559271931648254,-0.028161432594060898,-0.21326860785484314,0.07092287391424179,1.4732199907302856,110.25044250488281,0.0,0.5,0.0,0.0,0.05492283031344414,0.0,0.31658995151519775,4.534295716673853e-10,0.0,0.0,0.0,0.0,1655.6817626953125,0.0
3.74,2.922222375869751,-0.4694707103916894,0.8829480460844353,0.0,1.0,1.0,0.0,-0.08512463420629501,1.5768327713012695,0.534870982170105,0.03677128255367279,-0.11427879333496094,1.6482772827148438,1.1450656652450562,0.40135854482650757,-0.2652006149291992,-0.5835839509963989,2.4033994674682617,3.4734203815460205,-0.002219337271526456,0.25947272777557373,-0.8833889961242676,1.0426521301269531,-0.820335865020752,0.24063114821910858,-2.262835741043091,0.8214558362960815,-2.4595377445220947,0.11950312554836273,0.055607691407203674,0.20140451192855835,0.3448992967605591,0.03897986188530922,-0.2857556939125061,0.4128590226173401,-0.17473554611206055,0.0,-0.4000000059604645,-0.05000000074505806,0.3100000023841858,0.49000000953674316,-0.20999999344348907,0.0,1.775154709815979,-1.6132936477661133,-2.5080184936523438,-1.9578074216842651,6.570161819458008,-10.558395385742188,-7.750508785247803,0.3094579577445984,14.994861602783203,-0.23887336254119873,-10.164909362792969,10.719343185424805,0.0040385425090789795,0.14449778199195862,0.2579861283302307,-0.3494071066379547,-0.603907585144043,1.3842926025390625,193.7215118408203,0.0,0.5,0.0,0.0,0.04559846222400665,0.0,0.31524762511253357,3.31725237556757e-11,0.0,0.0,0.0,0.0,1722.65673828125,0.0
3.75,2.933333396911621,-0.4067362781379594,0.9135456201233085,0.0,1.0,1.0,0.0,-0.08707943558692932,1.583236813545227,0.5322422981262207,0.06074458733201027,-0.11928129196166992,1.6812818050384521,1.189617395401001,0.28691527247428894,-0.17675380408763885,-0.7546305656433105,1.7005400657653809,3.5413944721221924,0.006493264343589544,0.2400675117969513,-0.8920773267745972,1.0224038362503052,-0.7737119793891907,0.25786885619163513,-2.341435432434082,0.8324015140533447,-2.363114356994629,0.126438707113266,0.011585382744669914,0.36081770062446594,0.35864144563674927,0.04172828420996666,-0.29180222749710083,0.43209800124168396,-0.1835305094718933,0.0,-0.4000000059604645,-0.05000000074505806,0.3100000023841858,0.49000000953674316,-0.20999999344348907,0.0,0.20229634642601013,-2.2996866703033447,-0.9735686779022217,-1.9029426574707031,-0.2811245918273926,6.182720184326172,-7.870996475219727,1.83601713180542,8.563041687011719,1.2300447225570679,-2.5958878993988037,10.428915977478027,0.00026489049196243286,0.14325374364852905,0.06541785597801208,-0.2466432899236679,-0.3585515022277832,1.1513019800186157,490.8917236328125,0.0,0.5,0.0,0.0,0.0346999429166317,0.0,0.3276579678058624,1.2782441771719277e-11,0.0,0.0,0.0,0.0,1177.859375,0.0
3.7600000000000002,2.9444446563720703,-0.34201889204895336,0.9396930762124441,0.0,1.0,1.0,0.0,-0.08790186047554016,1.593074083328247,0.5311449766159058,0.07353782653808594,-0.1270580291748047,1.7079569101333618,1.2479968070983887,0.15943680703639984,0.03919455409049988,-1.0787501335144043,0.3262735605239868,2.1788408756256104,-0.007763885427266359,0.217105895280838,-0.8966676592826843,1.0076684951782227,-0.7830829620361328,0.274623304605484,-2.4306797981262207,0.8582929372787476,-2.3007750511169434,0.13445129990577698,-0.09653711318969727,0.2715853750705719,0.3707558810710907,0.0441511794924736,-0.29713258147239685,0.4490582346916199,-0.19128376245498657,0.0,-0.4000000059604645,-0.05000000074505806,0.3100000023841858,0.49000000953674316,-0.20999999344348907,0.0,-3.190553903579712,-2.2625932693481445,0.053037986159324646,-2.058398485183716,0.7780985236167908,2.1188082695007324,-8.035362243652344,3.020773410797119,4.9401655197143555,0.008133670315146446,-10.054091453552246,-7.13479471206665,-0.00021217018365859985,0.1401921808719635,0.00857381522655487,-0.6657392978668213,-0.02048557810485363,1.2764211893081665,753.6348876953125,0.0,0.5,0.0,0.0,0.0268702395260334,0.0,0.3104170858860016,7.524999091401696e-05,0.0,0.0,0.0,0.0,948.0042114257812,0.0
3.77,2.9555556774139404,-0.2756366198184289,0.961261906982208,0.0,1.0,1.0,0.0,-0.08715328574180603,1.6076325178146362,0.5318229794502258,0.06988898664712906,-0.14150476455688477,1.7220649719238281,1.2914894819259644,0.048745959997177124,0.17663995921611786,-1.9213117361068726,-1.286292552947998,0.629256010055542,-0.06161345914006233,0.1803838461637497,-0.8724359273910522,0.9770879745483398,-0.7898848652839661,0.2735229730606079,-2.52258563041687,0.8898786306381226,-2.319669008255005,0.1273188292980194,-0.2051396518945694,0.09953727573156357,0.38100624084472656,0.04620124772191048,-0.3016427457332611,0.4634087383747101,-0.1978439837694168,0.0,-0.4000000059604645,-0.05000000074505806,0.3100000023841858,0.49000000953674316,-0.20999999344348907,0.0,-7.3332414627075195,-4.423381805419922,5.06215238571167,-3.0860533714294434,-3.657731533050537,3.689255952835083,-8.242100715637207,3.2300539016723633,-3.252138614654541,-1.1573430299758911,-9.98068904876709,-10.572059631347656,0.0008145645260810852,0.13490888476371765,-0.05796927213668823,-0.6655373573303223,0.014576148241758347,1.718763828277588,717.1294555664062,0.0,0.5,0.0,0.0,0.021612713113427162,0.0,0.2843175530433655,0.4529713988304138,0.0,0.0,0.0,0.0,2452.33154296875,0.0
3.7800000000000002,2.9666671752929688,-0.20790856485914266,0.9781482651716006,0.0,1.0,1.0,0.0,-0.08437009900808334,1.626312255859375,0.533586859703064,0.05109398066997528,-0.1652054786682129,1.7225043773651123,1.322033405303955,-0.010193940252065659,0.19229817390441895,-2.7154088020324707,-2.1872849464416504,-0.8820999264717102,-0.14328280091285706,0.13034841418266296,-0.8006499409675598,0.9457613825798035,-0.7783167958259583,0.2473626732826233,-2.6080551147460938,0.9141645431518555,-2.454507350921631,0.10698335617780685,-0.3127318024635315,-0.09268636256456375,0.38919350504875183,0.04783870279788971,-0.30524513125419617,0.4748709201812744,-0.2030838280916214,0.0,-0.4000000059604645,-0.05000000074505806,0.3100000023841858,0.49000000953674316,-0.20999999344348907,0.0,-8.06935977935791,-5.17165470123291,8.914173126220703,-1.784778118133545,0.07454848289489746,-8.4342041015625,-8.326451301574707,1.9612966775894165,-14.96391487121582,-2.5041751861572266,-9.997611999511719,-10.71747875213623,0.005280442535877228,0.13175874948501587,0.043460309505462646,-0.2783612906932831,0.15697212517261505,2.479987859725952,528.0130615234375,0.0,0.5,0.0,0.0,0.016033098101615906,0.0,0.2588036358356476,0.21093599498271942,0.0,0.0,0.0,0.0,3144.64013671875,0.0
3.79,2.977778196334839,-0.13917049668173886,0.9902684347455278,0.0,1.0,1.0,0.0,-0.07995827496051788,1.6477298736572266,0.5358245372772217,0.021594496443867683,-0.1953577995300293,1.7132710218429565,1.361188292503357,-0.04971538856625557,0.12630759179592133,-3.356792688369751,-3.1029112339019775,-1.9913166761398315,-0.22440454363822937,0.080788254737854,-0.692304253578186,0.9422169327735901,-0.7533617615699768,0.15245205163955688,-2.6169979572296143,0.9325276017189026,-2.615238666534424,0.07610900700092316,-0.3482276499271393,-0.2856990098953247,0.39515790343284607,0.0490315817296505,-0.30786949396133423,0.4832210838794708,-0.20690104365348816,0.0,-0.4000000059604645,-0.05000000074505806,0.3100000023841858,0.49000000953674316,-0.20999999344348907,0.0,-7.9999847412109375,-5.401790142059326,13.137345314025879,0.19597294926643372,5.200870037078857,-5.822174549102783,-4.927456855773926,1.960976481437683,-6.875376224517822,-1.330161213874817,-3.2005693912506104,-10.690741539001465,0.01466909795999527,0.13355094194412231,0.10773658752441406,0.6454184055328369,0.6499189734458923,2.9432828426361084,608.7342529296875,0.0,0.5,0.0,0.0,0.010066467337310314,0.0,0.22577106952667236,0.0003595403686631471,0.0,0.0,0.0,0.0,2520.9453125,0.0
3.8000000000000003,2.988889217376709,-0.06975441482181172,0.9975641942315626,1.0,1.0,1.0,0.0,-0.07562294602394104,1.670211911201477,0.5373770594596863,-0.012913227081298828,-0.2248692512512207,1.7032527923583984,1.3627057075500488,0.017201971262693405,-0.06912009418010712,-2.855154037475586,-3.2061767578125,-1.7290587425231934,-0.2742955982685089,0.05830848589539528,-0.5987055897712708,0.9965801239013672,-0.6772413849830627,0.03911946713924408,-2.529454469680786,0.935971736907959,-2.7652766704559326,0.03040160797536373,-0.243540421128273,-0.2804708480834961,0.4000000059604645,0.05000000074505806,-0.3100000023841858,0.49000000953674316,-0.20999999344348907,0.0,-0.4000000059604645,-0.05000000074505806,0.3100000023841858,0.49000000953674316,-0.20999999344348907,0.0,-4.014852046966553,-1.530339002609253,8.468626976013184,6.280431270599365,8.015327453613281,-10.805033683776855,8.064905166625977,0.16359937191009521,-12.203703880310059,-3.796748399734497,10.015379905700684,0.48916125297546387,0.028880953788757324,0.14135262370109558,0.2897537350654602,1.0506600141525269,1.3471105098724365,2.970867395401001,338.34283447265625,0.0,0.5,0.0,0.0,0.005742800422012806,0.0,0.2255723923444748,0.0025306271854788065,0.0,0.0,0.0,0.0,1551.20703125,0.0
3.81,3.000000476837158,2.9960562272603183e-06,0.9999999999955118,1.0,1.0,0.0,0.0,-0.07513142377138138,1.6891182661056519,0.5368825197219849,-0.03460407257080078,-0.23795175552368164,1.6994960308074951,1.3370009660720825,0.10436186194419861,-0.22201845049858093,-0.19140028953552246,-1.0545870065689087,-0.31332963705062866,-0.2413901686668396,0.10288866609334946,-0.6298744082450867,1.0806162357330322,-0.783911943435669,0.2355564832687378,-2.451629161834717,0.9129509329795837,-2.747335910797119,0.022147895768284798,-0.1333039253950119,-0.1251562237739563,0.4000000059604645,0.05000000074505806,-0.3100000023841858,0.49000000953674316,-0.20999999344348907,0.0,-0.4000000059604645,-0.05000000074505806,0.3100000023841858,0.49000000953674316,-0.20999999344348907,0.0,7.244522571563721,7.580695629119873,-10.073575019836426,8.08150863647461,-10.100349426269531,10.826662063598633,8.046748161315918,-3.5891432762145996,3.8429224491119385,0.44787222146987915,10.059199333190918,10.366104125976562,0.032179802656173706,0.1564420461654663,0.9340699315071106,1.1437324285507202,4.471615314483643,2.4901504516601562,0.0,0.0,0.5,0.0,0.0,0.004274408333003521,0.0,0.24100828170776367,0.8217238187789917,0.0,0.0,0.0,0.0,3954.56591796875,0.0
3.8200000000000003,3.0111114978790283,0.0697588979587295,0.9975638807392655,1.0,1.0,0.0,0.0,-0.07858440279960632,1.7039203643798828,0.5340156555175781,-0.03963804244995117,-0.23428869247436523,1.707565426826477,1.3099180459976196,0.1325380802154541,-0.35972923040390015,0.8000006079673767,-0.29741036891937256,1.3880972862243652,-0.17334310710430145,0.18343114852905273,-0.745481550693512,1.1519546508789062,-0.7425932288169861,0.43399909138679504,-2.3743057250976562,0.8926321864128113,-2.6419460773468018,0.05310792475938797,-0.0142448041588068,0.008825290016829967,0.4000000059604645,0.05000000074505806,-0.3100000023841858,0.49000000953674316,-0.20999999344348907,0.0,-0.4000000059604645,-0.05000000074505806,0.3100000023841858,0.49000000953674316,-0.20999999344348907,0.0,6.562567710876465,8.020326614379883,-12.423972129821777,6.935460567474365,4.816525459289551,10.761238098144531,7.952394008636475,-1.0141785144805908,10.892845153808594,4.165527820587158,10.133115768432617,10.217300415039062,0.024191126227378845,0.16882169246673584,0.09383078664541245,0.6249175667762756,4.203001022338867,1.8653603792190552,0.0,0.0,0.5,0.0,0.0,0.0045178052969276905,0.0,0.2600017189979553,0.02120267041027546,0.0,0.0,0.0,0.0,3244.60595703125,0.0
3.83,3.0222225189208984,0.13917494703019723,0.9902678092915782,1.0,0.0,0.0,0.0,-0.08345524966716766,1.7154762744903564,0.5292741060256958,-0.030499935150146484,-0.22408199310302734,1.727523684501648,1.2947667837142944,0.1465381234884262,-0.47718843817710876,1.2571264505386353,0.8795421123504639,2.7069103717803955,-0.09522990137338638,0.2636922597885132,-0.8700553178787231,1.2318507432937622,-0.8356781005859375,0.5757297873497009,-2.2810659408569336,0.8826364278793335,-2.604142904281616,0.0797964483499527,0.10686851292848587,0.1714029759168625,0.4000000059604645,0.05000000074505806,-0.3100000023841858,0.49000000953674316,-0.20999999344348907,0.0,-0.43479403853416443,-0.05695880949497223,0.3253093659877777,0.538711667060852,-0.23226818442344666,0.0,8.01689624786377,8.005622863769531,-12.435914039611816,7.802496433258057,-10.08288288116455,10.30861759185791,8.125771522521973,-0.3631170392036438,4.6378254890441895,2.8801636695861816,10.095081329345703,10.446614265441895,0.017826683819293976,0.17230531573295593,0.10026602447032928,-0.041636139154434204,4.014981746673584,1.828431487083435,0.0,0.0,0.5,0.0,0.0,0.005671259015798569,0.0,0.2708323299884796,4.3204852318012854e-07,0.0,0.0,0.0,0.0,2861.29296875,0.0
3.84,3.0333337783813477,0.20791442602980875,0.97814701934254,1.0,0.0,1.0,0.0,-0.0894688293337822,1.7245815992355347,0.5227001905441284,-0.010395050048828125,-0.20679140090942383,1.7609708309173584,1.2817323207855225,0.11201426386833191,-0.6764815449714661,2.560185194015503,1.7450727224349976,4.469902515411377,-0.03288238123059273,0.3318188190460205,-0.9652565717697144,1.303714632987976,-0.9098585844039917,0.6038429141044617,-2.223299026489258,0.8904455304145813,-2.5085527896881104,0.13508261740207672,0.22671301662921906,0.3036426603794098,0.4000000059604645,0.05000000074505806,-0.3100000023841858,0.49000000953674316,-0.20999999344348907,0.0,-0.4519785940647125,-0.06039571762084961,0.33287057280540466,0.5627700090408325,-0.2432662844657898,0.0,4.293590545654297,6.1893486976623535,-6.03508996963501,7.018009662628174,-11.059249877929688,9.921393394470215,8.04240894317627,0.4838339388370514,4.514669418334961,4.891469955444336,10.12671184539795,10.218866348266602,0.015762358903884888,0.17180675268173218,-0.5565913915634155,-0.6570985913276672,0.9902231693267822,2.2398054599761963,33.324241638183594,0.0,0.5,0.0,0.0,0.008208667859435081,0.0,0.2872779071331024,4.421483860526621e-18,0.0,0.0,0.0,0.0,3143.41845703125,0.0
3.85,3.0444447994232178,0.27563949981191355,0.9612610811550826,1.0,0.0,0.0,0.0,-0.09612515568733215,1.730666160583496,0.5146544575691223,0.022078147158026695,-0.1822948455810547,1.809411883354187,1.3077622652053833,0.01578744500875473,-0.7157624363899231,2.5109009742736816,2.618647575378418,6.094296455383301,0.021445173770189285,0.37811797857284546,-1.0484416484832764,1.3537015914916992,-0.9179691076278687,0.4695494771003723,-2.221799850463867,0.9114292860031128,-2.4003329277038574,0.2009291648864746,0.31506502628326416,0.2684458792209625,0.4000000059604645,0.05000000074505806,-0.3100000023841858,0.49000000953674316,-0.20999999344348907,0.0,-0.46890988945961,-0.0637819766998291,0.340320348739624,0.586473822593689,-0.25410231947898865,0.0,6.402607440948486,4.371539115905762,-9.396541595458984,4.082554817199707,0.961096465587616,-10.239912986755371,5.53696346282959,2.1361799240112305,2.6869912147521973,5.370022296905518,9.077376365661621,-7.717175006866455,0.01373380422592163,0.16344162821769714,-0.7121562957763672,-0.9366029500961304,1.0035288333892822,2.5185184478759766,0.0,0.0,0.5,0.0,0.0,0.012983434833586216,0.0,0.27104830741882324,5.49813531899727e-33,0.0,0.0,0.0,0.0,1249.6522216796875,0.0
3.86,3.055555820465088,0.34202170742071036,0.9396920515003956,1.0,0.0,1.0,0.0,-0.10087919980287552,1.7357255220413208,0.5072923302650452,0.0592900887131691,-0.16089725494384766,1.8617668151855469,1.3512392044067383,-0.07854844629764557,-0.629051685333252,1.6482021808624268,2.8323514461517334,5.831005573272705,0.07194405049085617,0.38732200860977173,-1.1133304834365845,1.3384538888931274,-0.8472511172294617,0.30036258697509766,-2.290215015411377,0.9265546798706055,-2.2714898586273193,0.22888146340847015,0.22168412804603577,0.3762282431125641,0.4000000059604645,0.05000000074505806,-0.3100000023841858,0.49000000953674316,-0.20999999344348907,0.0,-0.48550549149513245,-0.06710109859704971,0.34762242436408997,0.6097076535224915,-0.2647235095500946,0.0,3.224526882171631,0.0518963523209095,-4.328299522399902,-1.3914018869400024,0.2001056671142578,-15.020952224731445,-7.333751678466797,0.9773600697517395,9.939460754394531,0.7168424725532532,-10.012167930603027,10.009665489196777,0.002658374607563019,0.14555543661117554,0.02126106061041355,-1.5720733404159546,-0.7179458141326904,2.070009231567383,325.5879211425781,0.0,0.5,0.0,0.0,0.01651822216808796,0.0,0.23187518119812012,2.9338089570534563e-30,0.0,0.0,0.0,0.0,930.359619140625,0.0
3.87,3.066667079925537,0.4067390151701773,0.9135444015144497,1.0,0.0,1.0,0.0,-0.10406247526407242,1.7413100004196167,0.5004715919494629,0.09581438452005386,-0.14149236679077148,1.9188406467437744,1.3797452449798584,-0.2182096242904663,-0.5634930729866028,1.4143506288528442,2.6847970485687256,6.3796186447143555,0.09200815111398697,0.3913995325565338,-1.152916431427002,1.336946964263916,-0.862481951713562,0.2435457706451416,-2.3525257110595703,0.9428291320800781,-2.188830852508545,0.24756436049938202,0.18236930668354034,0.49517637491226196,0.4000000059604645,0.05000000074505806,-0.3100000023841858,0.49000000953674316,-0.20999999344348907,0.0,-0.5016849637031555,-0.07033699005842209,0.3547413647174835,0.6323589086532593,-0.27507835626602173,0.0,2.442537784576416,2.085660219192505,-5.425092697143555,2.305682897567749,-1.631285309791565,-0.9187649488449097,-6.18798303604126,2.1678240299224854,7.944865703582764,2.214272975921631,-2.565129280090332,10.12605094909668,-0.00021003186702728271,0.12735795974731445,-0.1066078394651413,-1.45608651638031,-0.3944854140281677,2.0663363933563232,683.8643798828125,0.0,0.5,0.0,0.0,0.01673763059079647,0.0,0.19337299466133118,4.454846648198368e-36,0.0,0.0,0.0,0.0,520.1600341796875,0.0
3.88,3.0777781009674072,0.4694733557515735,0.8829466395198275,1.0,0.0,1.0,0.0,-0.10598865151405334,1.7506426572799683,0.4958651661872864,0.11998660117387772,-0.12712621688842773,1.9685273170471191,1.4190199375152588,-0.43926605582237244,-0.23715198040008545,0.5062037706375122,0.957390546798706,4.538366794586182,0.0834178701043129,0.40288668870925903,-1.1965231895446777,1.3441112041473389,-0.874496579170227,0.24951864778995514,-2.4341869354248047,0.9580275416374207,-2.1494247913360596,0.23159314692020416,0.08126603066921234,0.3728283643722534,0.4000000059604645,0.05000000074505806,-0.3100000023841858,0.49000000953674316,-0.20999999344348907,0.0,-0.5173685550689697,-0.07347371429204941,0.36164218187332153,0.6543160080909729,-0.2851158678531647,0.0,-2.2686431407928467,0.17008180916309357,-3.359558582305908,0.12475723028182983,-0.42185118794441223,-0.034126877784729004,-8.090473175048828,1.8607171773910522,3.519355535507202,-3.125922918319702,-9.993877410888672,-10.16393756866455,-0.00021861493587493896,0.1050175204873085,-0.015092633664608002,-1.8396719694137573,0.04160451516509056,1.8804901838302612,1027.5572509765625,0.0,0.5,0.0,0.0,0.015502006746828556,0.0,0.1255432814359665,1.2878644824512933e-18,0.0,0.0,0.0,0.0,755.0299072265625,0.0
3.89,3.0888891220092773,0.5299205064014165,0.8480473199623156,1.0,0.0,1.0,0.0,-0.10685596615076065,1.7662286758422852,0.49402061104774475,0.12344401329755783,-0.12176990509033203,2.0038180351257324,1.445226788520813,-0.6660977602005005,0.04609671235084534,-0.261379599571228,-0.9218221306800842,2.5721049308776855,0.038221828639507294,0.38115763664245605,-1.2033179998397827,1.322135090827942,-0.8845227956771851,0.2677064836025238,-2.521148681640625,0.9719107151031494,-2.196300506591797,0.19749683141708374,-0.02331528440117836,0.17760735750198364,0.4000000059604645,0.05000000074505806,-0.3100000023841858,0.49000000953674316,-0.20999999344348907,0.0,-0.5324803590774536,-0.07649607211351395,0.36829137802124023,0.6754724979400635,-0.2947874367237091,0.0,-6.153614044189453,-3.7589433193206787,1.2248696088790894,-3.4643077850341797,-1.5878117084503174,0.7559962868690491,-8.309287071228027,1.2333110570907593,-5.389435768127441,-3.3023200035095215,-9.833343505859375,-10.81202507019043,-0.0002108737826347351,0.08509255200624466,-0.027014510706067085,-1.6902029514312744,0.031307414174079895,2.3887150287628174,862.6238403320312,0.0,0.5,0.0,0.0,0.015936540439724922,0.0,0.06895648688077927,1.793310616449162e-06,0.0,0.0,0.0,0.0,2634.4033203125,0.0
3.9,3.1000003814697266,0.587787191379106,0.8090155855424926,1.0,0.0,1.0,0.0,-0.10732223093509674,1.7871201038360596,0.49385520815849304,0.10863234847784042,-0.12532854080200195,2.0196704864501953,1.4768933057785034,-0.7790151834487915,0.13369329273700714,-0.8409519791603088,-2.1445152759552,0.3574124574661255,-0.037582505494356155,0.3331754207611084,-1.164595127105713,1.276615023612976,-0.8907431960105896,0.2844031751155853,-2.597872257232666,0.9691055417060852,-2.3739709854125977,0.14836448431015015,-0.1351839005947113,-0.016184628009796143,0.4000000059604645,0.05000000074505806,-0.3100000023841858,0.49000000953674316,-0.20999999344348907,0.0,-0.5469467639923096,-0.07938934862613678,0.3746565580368042,0.6957254409790039,-0.3040459156036377,0.0,-8.02476692199707,-5.304309844970703,5.531887054443359,-4.383329391479492,-0.4404173195362091,-3.224254846572876,-8.361160278320312,-0.5851829051971436,-18.574708938598633,-4.956751346588135,-10.013641357421875,-10.742647171020508,0.0005682334303855896,0.07013031840324402,-0.06350866705179214,-1.664254903793335,0.09841182827949524,3.1579909324645996,675.6609497070312,0.0,0.5,0.0,0.0,0.018478184938430786,0.0,0.04405263066291809,0.7745389342308044,0.0,0.0,0.0,0.0,3380.759033203125,0.0
3.91,3.1111114025115967,0.6427890122540417,0.7660432662229161,1.0,0.0,1.0,0.0,-0.10642601549625397,1.8117671012878418,0.4947705864906311,0.08246003836393356,-0.13972711563110352,2.015808582305908,1.5385146141052246,-0.846073567867279,0.14305076003074646,-1.8259131908416748,-2.7947463989257812,-1.5493651628494263,-0.11813957989215851,0.275996595621109,-1.0818113088607788,1.2437890768051147,-0.8828004598617554,0.25200727581977844,-2.6746444702148438,0.9727923274040222,-2.5030088424682617,0.09931159764528275,-0.2448933720588684,-0.2090623676776886,0.4000000059604645,0.05000000074505806,-0.3100000023841858,0.49000000953674316,-0.20999999344348907,0.0,-0.5606972575187683,-0.08213944733142853,0.380706787109375,0.7149761915206909,-0.31284624338150024,0.0,-8.056668281555176,-6.153509140014648,10.411961555480957,-2.7999320030212402,2.8261380195617676,-1.3669062852859497,-7.276028633117676,0.5933567881584167,-11.939619064331055,-5.215006351470947,-10.095077514648438,-10.67867660522461,0.006863892078399658,0.058128610253334045,-0.12280790507793427,-1.450575828552246,0.22747977077960968,3.767133951187134,597.6434326171875,0.0,0.5,0.0,0.0,0.01982133649289608,0.0,0.027634065598249435,0.008220987394452095,0.0,0.0,0.0,0.0,2785.889404296875,0.0
3.92,3.122222423553467,0.6946592804243796,0.7193389215941837,1.0,0.0,1.0,0.0,-0.10406231880187988,1.839430332183838,0.49639901518821716,0.04755700007081032,-0.16248798370361328,1.9994093179702759,1.5990489721298218,-0.8755326867103577,0.06811501085758209,-2.4601500034332275,-3.387809991836548,-2.5384249687194824,-0.20073142647743225,0.2114989459514618,-0.9578427076339722,1.2218190431594849,-0.8430704474449158,0.16438961029052734,-2.690833568572998,0.9851490259170532,-2.5911216735839844,0.03695390000939369,-0.3550090789794922,-0.3502752184867859,0.4000000059604645,0.05000000074505806,-0.3100000023841858,0.49000000953674316,-0.20999999344348907,0.0,-0.5736648440361023,-0.08473297208547592,0.38641253113746643,0.7331308126449585,-0.32114550471305847,0.0,-7.995837688446045,-6.762680530548096,13.568580627441406,-1.8588507175445557,4.621017932891846,-10.278315544128418,-0.2963809669017792,1.5618642568588257,-7.151029109954834,-6.243842601776123,-10.094639778137207,-10.253482818603516,0.018051080405712128,0.04988469183444977,-0.10692530125379562,-1.1622381210327148,0.5562445521354675,3.9436538219451904,513.9368896484375,0.0,0.5,0.0,0.0,0.01721678115427494,0.0,0.019275272265076637,2.5302251742687076e-06,0.0,0.0,0.0,0.0,2666.08203125,0.0
3.93,3.133333683013916,0.7431462956277399,0.6691289735878785,1.0,0.0,1.0,0.0,-0.1022585928440094,1.8682531118392944,0.4973036050796509,0.007130981422960758,-0.18361806869506836,1.9832043647766113,1.6226043701171875,-0.7888830304145813,-0.1683541238307953,-1.9417195320129395,-3.839484214782715,-2.4554872512817383,-0.2584346532821655,0.18140774965286255,-0.8441867232322693,1.2466845512390137,-0.7608286142349243,0.03996316343545914,-2.608433485031128,0.9911508560180664,-2.7280564308166504,-0.029309481382369995,-0.2719185948371887,-0.44413790106773376,0.4000000059604645,0.05000000074505806,-0.3100000023841858,0.49000000953674316,-0.20999999344348907,0.0,-0.5857867002487183,-0.08715733885765076,0.3917461633682251,0.7501013875007629,-0.3289034962654114,0.0,-5.0042572021484375,-1.7372105121612549,11.220160484313965,3.9454550743103027,8.946157455444336,-10.740677833557129,8.049700736999512,0.35101425647735596,-12.127760887145996,-5.631514072418213,9.848575592041016,-7.737515926361084,0.032113976776599884,0.04798271507024765,0.10267830640077591,-0.18080094456672668,1.7165943384170532,3.9803988933563232,335.1889953613281,0.0,0.5,0.0,0.0,0.012938105501234531,0.0,0.0231640487909317,5.7931461014959496e-06,0.0,0.0,0.0,0.0,1343.661865234375,0.0
3.94,3.144444704055786,0.7880117578641548,0.6156601899325997,1.0,0.0,0.0,0.0,-0.1028796136379242,1.8931264877319336,0.4963821768760681,-0.023054122924804688,-0.1907033920288086,1.9731289148330688,1.5893332958221436,-0.6618000268936157,-0.3646657466888428,0.27147534489631653,-2.155710458755493,-0.8899012207984924,-0.23891471326351166,0.21709182858467102,-0.8228213787078857,1.3273646831512451,-0.8586211204528809,0.23784834146499634,-2.5700843334198,0.9729362726211548,-2.7286274433135986,-0.04611361026763916,-0.15894344449043274,-0.2520970404148102,0.4000000059604645,0.05000000074505806,-0.3100000023841858,0.49000000953674316,-0.20999999344348907,0.0,-0.5970031023025513,-0.08940061926841736,0.39668136835098267,0.7658042907714844,-0.33608198165893555,0.0,4.877842426300049,6.655901908874512,-4.213560104370117,8.067728996276855,-10.078554153442383,10.818829536437988,6.70985746383667,-2.8491952419281006,-0.6599857807159424,-0.9533251523971558,10.12312126159668,10.699581146240234,0.040005289018154144,0.053344108164310455,-0.10846798121929169,0.36986321210861206,4.943020343780518,3.204221487045288,0.0,0.0,0.5,0.0,0.0,0.010986815206706524,0.0,0.03880319371819496,0.2051839530467987,0.0,0.0,0.0,0.0,3450.50732421875,0.0
3.95,3.1555557250976562,0.829038168242883,0.5591920203261892,1.0,0.0,0.0,0.0,-0.10629181563854218,1.914123296737671,0.49397823214530945,-0.041225433349609375,-0.18245697021484375,1.9747304916381836,1.583187460899353,-0.6446879506111145,-0.44170182943344116,1.3561482429504395,-1.5521116256713867,0.540024995803833,-0.1939634382724762,0.28343239426612854,-0.8837949633598328,1.3624403476715088,-0.7853556871414185,0.4386911392211914,-2.5594992637634277,0.9565515518188477,-2.6290392875671387,-0.015599697828292847,-0.03957312926650047,-0.08717161417007446,0.4000000059604645,0.05000000074505806,-0.3100000023841858,0.49000000953674316,-0.20999999344348907,0.0,-0.6072596907615662,-0.09145194292068481,0.4011942744255066,0.780163586139679,-0.34264618158340454,0.0,4.482537269592285,6.984148025512695,-7.93756628036499,2.393103837966919,6.9740424156188965,10.770404815673828,4.444452285766602,-1.1039539575576782,6.683556079864502,3.2516558170318604,10.13943862915039,10.46875286102295,0.027796313166618347,0.05718713253736496,-0.34975939989089966,0.16847126185894012,5.043904781341553,2.301492691040039,0.0,0.0,0.5,0.0,0.0,0.01213717833161354,0.0,0.04167577624320984,0.5580794215202332,0.0,0.0,0.0,0.0,3036.4130859375,0.0
3.96,3.1666669845581055,0.86602640246812,0.4999982702251335,1.0,0.0,1.0,1.0,-0.11240110546350479,1.9318575859069824,0.4900462031364441,-0.0490570068359375,-0.1629805564880371,1.990997552871704,1.5695704221725464,-0.5259078145027161,-0.5012984871864319,2.488351345062256,-0.4793543219566345,2.0629377365112305,-0.15667939186096191,0.33567744493484497,-0.9399179816246033,1.3926429748535156,-0.8324005603790283,0.5431115031242371,-2.475698709487915,0.9476152658462524,-2.5814781188964844,0.03386230394244194,-0.07219760119915009,0.0889451801776886,0.4000000059604645,0.05000000074505806,-0.3100000023841858,0.49000000953674316,-0.20999999344348907,0.0,-0.6165065765380859,-0.09330131113529205,0.40526288747787476,0.7931091785430908,-0.3485642075538635,0.0,3.414736032485962,4.143367290496826,-4.227740287780762,3.195225477218628,-6.416430950164795,10.004884719848633,8.228606224060059,-0.7174245119094849,4.488791465759277,6.189216136932373,-9.427999496459961,9.273651123046875,0.02050941437482834,0.05956707149744034,-0.9200926423072815,-0.12207300961017609,2.785109043121338,1.9156465530395508,81.9866943359375,643.513671875,0.5,0.0,0.0,0.016915198415517807,0.0,0.058360278606414795,0.00020115714869461954,0.0,0.0,0.0,0.0,2510.746826171875,0.0
3.97,3.1777780055999756,0.8987946738042236,0.43836986021071195,1.0,0.0,0.0,1.0,-0.12112630903720856,1.9443697929382324,0.4849337637424469,-0.04220867156982422,-0.13113784790039062,2.0146727561950684,1.5361552238464355,-0.46509721875190735,-0.5478362441062927,3.959829330444336,0.9166837930679321,2.79935359954834,-0.11062083393335342,0.39334526658058167,-1.0022763013839722,1.4237560033798218,-0.9387341141700745,0.5773876905441284,-2.400153636932373,0.9311748743057251,-2.508521795272827,0.09607801586389542,-0.1161702573299408,0.24485547840595245,0.4000000059604645,0.05000000074505806,-0.3100000023841858,0.49000000953674316,-0.20999999344348907,0.0,-0.6246986389160156,-0.09493973851203918,0.40886741876602173,0.8045781254768372,-0.35380715131759644,0.0,4.371551036834717,5.698481559753418,-5.946340560913086,2.410163164138794,-10.040872573852539,2.544788360595703,7.691885471343994,-1.644744873046875,6.125095367431641,7.4878435134887695,-4.697857856750488,11.74666976928711,0.01596582680940628,0.06080714613199234,-0.978166937828064,-0.558282732963562,2.1238837242126465,1.9940942525863647,0.0,619.3638916015625,0.5,0.0,0.0,0.03209824115037918,0.0,0.07578414678573608,1.5610125103648897e-07,0.0,0.0,0.0,0.0,2418.58935546875,0.0
3.98,3.1888890266418457,0.927184178798694,0.3746057909127828,1.0,0.0,0.0,1.0,-0.1296430230140686,1.9520509243011475,0.4797227382659912,-0.019092559814453125,-0.09496593475341797,2.043823719024658,1.5509697198867798,-0.4411996603012085,-0.4643230736255646,3.5855791568756104,2.914771795272827,3.3270230293273926,-0.07730459421873093,0.40542757511138916,-1.0381630659103394,1.4268805980682373,-0.9254655241966248,0.4459734857082367,-2.4069461822509766,0.9283548593521118,-2.4026026725769043,0.18674404919147491,-0.15604780614376068,0.3661235570907593,0.4000000059604645,0.05000000074505806,-0.3100000023841858,0.49000000953674316,-0.20999999344348907,0.0,-0.6317960619926453,-0.09635920822620392,0.41199028491973877,0.8145145177841187,-0.358349472284317,0.0,3.5656096935272217,-0.045979008078575134,-2.880910873413086,-0.07949352264404297,2.441972494125366,-10.222094535827637,1.2604286670684814,-0.33544525504112244,7.197734832763672,9.636950492858887,-9.01935863494873,3.537842035293579,0.01591457426548004,0.060273244976997375,-1.1124731302261353,-0.375855952501297,-0.850506603717804,1.4116322994232178,0.0,1247.1290283203125,0.5,0.0,0.0,0.07227145880460739,0.0,0.07439331710338593,2.429502432566011e-10,0.0,0.0,0.0,0.0,1542.4844970703125,0.0
3.99,3.200000286102295,0.9510570717929909,0.3090152847231703,1.0,0.0,1.0,1.0,-0.13542988896369934,1.9558494091033936,0.47570449113845825,0.021043024957180023,-0.06435823440551758,2.0677661895751953,1.5919891595840454,-0.40164655447006226,-0.31354185938835144,2.7609622478485107,4.362410068511963,2.446580171585083,-0.043321430683135986,0.39406222105026245,-1.064380168914795,1.4046794176101685,-0.8489741683006287,0.29961007833480835,-2.4518959522247314,0.9175453186035156,-2.317629814147949,0.26423707604408264,-0.2168622612953186,0.43695372343063354,0.4000000059604645,0.05000000074505806,-0.3100000023841858,0.49000000953674316,-0.20999999344348907,0.0,-0.6377643346786499,-0.09755286574363708,0.41461628675460815,0.8228700160980225,-0.36216914653778076,0.0,3.202704906463623,-1.2361851930618286,-2.483816385269165,-2.551299571990967,2.785653591156006,-10.846463203430176,-6.981136798858643,-1.2878961563110352,7.8834428787231445,6.7829203605651855,-4.889801502227783,5.385979652404785,0.015686996281147003,0.06274047493934631,-0.4249449670314789,-0.24807272851467133,-1.454943060874939,0.6358376145362854,71.57252502441406,581.6627197265625,0.5,0.0,0.0,0.1292198747396469,0.0,0.0667019933462143,6.321784894680604e-06,0.0,0.0,0.0,0.0,1505.311767578125,0.0
4.0,3.211111307144165,0.9702960242533635,0.24192070047459105,1.0,0.0,1.0,1.0,-0.13930819928646088,1.9578168392181396,0.47283604741096497,0.07019012421369553,-0.03757953643798828,2.092618942260742,1.5951932668685913,-0.39833447337150574,-0.2155144363641739,2.396643877029419,5.07598352432251,2.979478359222412,-0.005413981154561043,0.37927526235580444,-1.1014602184295654,1.3778512477874756,-0.8728408813476562,0.17484311759471893,-2.5074801445007324,0.8996641635894775,-2.2554056644439697,0.31207549571990967,-0.25335144996643066,0.4842183291912079,0.4000000059604645,0.05000000074505806,-0.3100000023841858,0.49000000953674316,-0.20999999344348907,0.0,-0.6425740718841553,-0.09851481020450592,0.4167325794696808,0.8296036720275879,-0.36524736881256104,0.0,4.326494216918945,-1.725690484046936,-4.3619065284729,-3.0642852783203125,-1.866359829902649,-10.474536895751953,-5.98801326751709,-2.0178658962249756,6.535486698150635,3.7944040298461914,-2.8832666873931885,5.623380661010742,0.015824899077415466,0.06385742872953415,-0.359603613615036,-0.3120633363723755,-1.2912997007369995,0.6673423051834106,118.3595199584961,365.3489990234375,0.5,0.0,0.0,0.10192519426345825,0.0,0.06612309068441391,1.9466256162559148e-08,0.0,0.0,0.0,0.0,1123.6258544921875,0.0
4.01,3.2222225666046143,0.9848081287530219,0.17364604672140285,1.0,0.0,1.0,1.0,-0.1418326497077942,1.9601129293441772,0.4712536931037903,0.12054108828306198,-0.015534400939941406,2.1153688430786133,1.6183866262435913,-0.4034498631954193,-0.07339522242546082,1.7208187580108643,4.876179218292236,2.0985426902770996,0.027821732684969902,0.34622904658317566,-1.1300050020217896,1.3257029056549072,-0.9283231496810913,0.09264598041772842,-2.5804696083068848,0.87873375415802,-2.153942823410034,0.337818443775177,-0.2780821919441223,0.5164949893951416,0.4000000059604645,0.05000000074505806,-0.3100000023841858,0.49000000953674316,-0.20999999344348907,0.0,-0.6462020874023438,-0.09924042224884033,0.4183289408683777,0.8346829414367676,-0.36756932735443115,0.0,3.108924627304077,-4.215195655822754,-2.4427757263183594,-6.213030815124512,-4.877864837646484,-8.455573081970215,-6.767447471618652,-2.364315986633301,10.777336120605469,1.3362627029418945,-0.6193898916244507,2.12005877494812,0.014243677258491516,0.06422879546880722,-0.20554570853710175,-0.27886125445365906,-1.4345123767852783,0.9746076464653015,237.28150939941406,289.01123046875,0.5,0.0,0.0,0.04425320401787758,0.0,0.059182994067668915,0.0001495674514444545,0.0,0.0,0.0,0.0,921.5258178710938,0.0
4.0200000000000005,3.2333338260650635,0.9945222189757652,0.10452538430218739,1.0,0.0,1.0,1.0,-0.14406195282936096,1.9645782709121704,0.47046855092048645,0.16485142707824707,6.355075311148539e-05,2.1274514198303223,1.6465855836868286,-0.3930964171886444,0.022600829601287842,1.180999517440796,4.109491348266602,0.6539404392242432,0.04444662481546402,0.2949829697608948,-1.126757264137268,1.253822922706604,-0.9683046936988831,0.05499888211488724,-2.6330878734588623,0.8632928133010864,-2.025975465774536,0.3507121503353119,-0.27893972396850586,0.44995835423469543,0.4000000059604645,0.05000000074505806,-0.3100000023841858,0.49000000953674316,-0.20999999344348907,0.0,-0.6486305594444275,-0.0997261106967926,0.4193974435329437,0.8380827903747559,-0.36912354826927185,0.0,0.6440547108650208,-5.476431369781494,1.7479106187820435,-7.257116794586182,-1.437422275543213,-4.885137557983398,-4.434589385986328,-1.53679358959198,12.861858367919922,0.4616743326187134,4.897824287414551,-7.383935928344727,0.01349543035030365,0.06378539651632309,0.07609066367149353,-0.23957863450050354,-1.809889554977417,1.0611215829849243,235.0714569091797,217.14373779296875,0.5,0.0,0.0,0.018774479627609253,0.0,0.052952151745557785,0.4251657724380493,0.0,0.0,0.0,0.0,700.5591430664062,0.0
4.03,3.2444448471069336,0.9993909153117299,0.03489696824056543,1.0,0.0,1.0,1.0,-0.14715570211410522,1.9719607830047607,0.46959879994392395,0.19871564209461212,0.008450611494481564,2.123760223388672,1.6828360557556152,-0.3412708342075348,0.0839250236749649,0.5713924169540405,2.842226028442383,-1.272418737411499,0.01836330071091652,0.23861108720302582,-1.0818310976028442,1.184946894645691,-0.9635916948318481,-0.029830513522028923,-2.661158323287964,0.8387088179588318,-1.967795729637146,0.3315719962120056,-0.2853586673736572,0.36856773495674133,0.4000000059604645,0.05000000074505806,-0.3100000023841858,0.49000000953674316,-0.20999999344348907,0.0,-0.6498477458953857,-0.09996955096721649,0.4199329912662506,0.8397868275642395,-0.3699025511741638,0.0,-5.180927753448486,-6.178534507751465,7.1658501625061035,-7.048292636871338,5.5775346755981445,-10.429681777954102,-7.94355583190918,-2.2331650257110596,8.942537307739258,-2.3532309532165527,-0.5209934711456299,-8.341887474060059,0.019429244101047516,0.06251520663499832,0.4315284192562103,0.12321847677230835,-2.610698938369751,0.1928354650735855,202.59423828125,249.70950317382812,0.5,0.0,0.0,0.009611217305064201,0.0,0.0482608862221241,0.039238423109054565,0.0,0.0,0.0,0.0,2159.60302734375,0.0
4.04,3.2555558681488037,0.9993907584717193,-0.03490145958727013,1.0,0.0,1.0,0.0,-0.15197761356830597,1.9841209650039673,0.4678102135658264,0.21433785557746887,0.008410611189901829,2.103646755218506,1.7290081977844238,-0.33127930760383606,0.12573197484016418,0.05515983700752258,0.568264365196228,-2.760828733444214,-0.049767766147851944,0.2039044350385666,-1.0289547443389893,1.1305229663848877,-0.9506632685661316,-0.14268721640110016,-2.6591992378234863,0.8158059120178223,-2.073148488998413,0.28327393531799316,-0.38004815578460693,0.18128351867198944,0.4000000059604645,0.05000000074505806,-0.3100000023841858,0.49000000953674316,-0.20999999344348907,0.0,-0.6496954560279846,-0.09993909299373627,0.41986599564552307,0.8395736217498779,-0.36980509757995605,0.0,-7.448133945465088,-2.798362970352173,4.7142157554626465,-5.479097843170166,0.48279547691345215,-11.615543365478516,-8.117154121398926,-1.311633586883545,-4.946863651275635,-4.6502766609191895,-9.555622100830078,-10.623702049255371,0.02590324729681015,0.05892263352870941,-0.2349431812763214,-0.0469411164522171,-0.2701652944087982,-0.8713611364364624,306.5832824707031,0.0,0.5,0.0,0.0,0.007081091869622469,0.0,0.03914767876267433,2.395867113591521e-07,0.0,0.0,0.0,0.0,3314.43310546875,0.0
4.05,3.266667127609253,0.9945215926300541,-0.10453134358928183,1.0,0.0,1.0,0.0,-0.15777769684791565,2.002713441848755,0.46486175060272217,0.2076341062784195,-0.003696918487548828,2.0650529861450195,1.8024086952209473,-0.30153197050094604,0.09538359940052032,-0.8976058959960938,-1.8330185413360596,-4.903685569763184,-0.10836014151573181,0.17792436480522156,-0.9635314345359802,1.1088544130325317,-0.9600543975830078,-0.3083854913711548,-2.654097557067871,0.8022280335426331,-2.2317352294921875,0.23813165724277496,-0.4887590706348419,-0.008064428344368935,0.4000000059604645,0.05000000074505806,-0.3100000023841858,0.49000000953674316,-0.20999999344348907,0.0,-0.6472682952880859,-0.09945365786552429,0.41879802942276,0.8361755609512329,-0.3682516813278198,0.0,-5.1322407722473145,-2.9549639225006104,10.10462760925293,0.32363057136535645,-3.81394624710083,-16.075368881225586,0.4152957797050476,-1.1369034051895142,-13.211784362792969,-3.7083208560943604,-10.016066551208496,-10.666796684265137,0.030354388058185577,0.05578073859214783,-0.8572971224784851,0.04481566324830055,1.1726651191711426,0.23371674120426178,1173.8873291015625,0.0,0.5,0.0,0.0,0.008093544282019138,0.0,0.028032803907990456,1.2995536527994415e-21,0.0,0.0,0.0,0.0,4259.041015625,0.0
4.0600000000000005,3.277778148651123,0.9848073483630978,-0.17365047253043728,1.0,0.0,1.0,0.0,-0.16354158520698547,2.029301404953003,0.4601590931415558,0.17397290468215942,-0.03237342834472656,2.0004401206970215,1.9263715744018555,-0.21434664726257324,-0.06167137622833252,-2.3301594257354736,-4.474419116973877,-7.730210781097412,-0.15928226709365845,0.14684487879276276,-0.8597842454910278,1.1222366094589233,-0.9695997834205627,-0.5756353735923767,-2.5916249752044678,0.7957956790924072,-2.4062440395355225,0.20703774690628052,-0.5783166289329529,-0.19575121998786926,0.4000000059604645,0.05000000074505806,-0.3100000023841858,0.49000000953674316,-0.20999999344348907,0.0,-0.6424612998962402,-0.09849225729703903,0.4166829586029053,0.8294458389282227,-0.36517518758773804,0.0,-5.104305744171143,-3.0408055782318115,11.680545806884766,4.467087268829346,-8.922616958618164,-24.112289428710938,5.674027442932129,-0.48142918944358826,-14.769049644470215,-2.582887649536133,-6.883238315582275,-10.667329788208008,0.03352168947458267,0.057630084455013275,-1.9035542011260986,0.6215665936470032,3.479997396469116,1.2380757331848145,2408.52001953125,0.0,0.5,0.0,0.0,0.014797437004745007,0.0,0.015592571347951889,0.0,0.0,0.0,0.0,0.0,4783.203125,0.0
4.07,3.288889169692993,0.9702952994409876,-0.24192360753495018,1.0,0.0,1.0,0.0,-0.16903555393218994,2.065293550491333,0.4524495005607605,0.10454230010509491,-0.0762624740600586,1.9026323556900024,2.1147472858428955,0.12775827944278717,-0.623827338218689,-3.7951200008392334,-8.475199699401855,-12.554040908813477,-0.21559210121631622,0.13142722845077515,-0.7445738911628723,1.1861717700958252,-0.8471155166625977,-1.142324686050415,-2.4981601238250732,0.791813313961029,-2.570568561553955,0.1838091015815735,-0.540722668170929,-0.3002910315990448,0.4000000059604645,0.05000000074505806,-0.3100000023841858,0.49000000953674316,-0.20999999344348907,0.0,-0.6353681087493896,-0.09707361459732056,0.41356194019317627,0.8195153474807739,-0.36063557863235474,0.0,-8.797286033630371,-1.008997917175293,15.919578552246094,11.354551315307617,9.447324752807617,-62.31208038330078,8.146595001220703,-0.12766709923744202,-13.33849811553955,-1.7293881177902222,2.9566073417663574,-10.265005111694336,0.03291244059801102,0.06412022560834885,-3.222648859024048,1.4255894422531128,6.365504741668701,1.682569146156311,6138.4033203125,0.0,0.5,0.0,0.0,0.037916865199804306,0.0,0.005260854959487915,0.0,0.0,0.0,0.0,0.0,4636.875,0.0
4.08,3.3000004291534424,0.9510556830426352,-0.3090195588507412,1.0,0.0,1.0,0.0,-0.17727059125900269,2.109924077987671,0.43929725885391235,-0.003676891326904297,-0.11461973190307617,1.7693960666656494,2.215864658355713,0.94002765417099,-1.5458303689956665,-2.4713001251220703,-10.402959823608398,-16.204580307006836,-0.2648748755455017,0.15382175147533417,-0.6626105308532715,1.273782730102539,-0.7300025224685669,-1.8855987787246704,-2.3973565101623535,0.7791343331336975,-2.7339560985565186,0.1714567095041275,-0.42555442452430725,-0.11679107695817947,0.4000000059604645,0.05000000074505806,-0.3100000023841858,0.49000000953674316,-0.20999999344348907,0.0,-0.626126766204834,-0.09522534906864166,0.4094957709312439,0.8065774440765381,-0.3547211289405823,0.0,-5.071287631988525,4.399652481079102,8.301398277282715,9.527846336364746,-10.022133827209473,-49.23743438720703,8.261382102966309,-1.196249008178711,-14.169174194335938,-0.7334400415420532,10.023285865783691,10.717639923095703,0.017734050750732422,0.06848154962062836,-4.8799614906311035,0.6344760656356812,10.82298469543457,0.28352344036102295,4042.862060546875,0.0,0.5,0.0,0.0,0.05070686712861061,0.0,0.0004733446112368256,0.0,0.0,0.0,0.0,0.0,6551.80615234375,0.0
4.09,3.3111114501953125,0.9271830564545201,-0.3746085688070334,1.0,0.0,1.0,0.0,-0.19164222478866577,2.156820774078369,0.4217652678489685,-0.1247105598449707,-0.11626052856445312,1.6273542642593384,1.8955906629562378,1.6103242635726929,-2.218050718307495,0.07866816967725754,-9.956703186035156,-14.674696922302246,-0.2730412185192108,0.17691269516944885,-0.6276484727859497,1.325331449508667,-0.9292118549346924,-2.336817741394043,-2.3967695236206055,0.7745558023452759,-2.746596336364746,0.18288840353488922,-0.2937297224998474,0.06776828318834305,0.4000000059604645,0.05000000074505806,-0.3100000023841858,0.49000000953674316,-0.20999999344348907,0.0,-0.6149170398712158,-0.09298340976238251,0.4045635163784027,0.7908838987350464,-0.34754690527915955,0.0,0.6398976445198059,1.9570868015289307,2.7021098136901855,4.901458263397217,-18.99407196044922,-34.17991638183594,8.078551292419434,-0.6475558280944824,-12.343964576721191,1.2825454473495483,10.15602970123291,10.65268325805664,-0.012727400287985802,0.0557001456618309,-5.674675464630127,-1.4027538299560547,11.804130554199219,0.05571125075221062,1489.3399658203125,0.0,0.5,0.0,0.0,0.016864722594618797,0.0,0.0001137355575338006,0.0,0.0,0.0,0.0,0.0,5067.2294921875,0.0
4.1,3.3222224712371826,0.8987933604194405,-0.43837255304812317,1.0,0.0,1.0,1.0,-0.21137560904026031,2.200180768966675,0.4014827609062195,-0.2271275520324707,-0.07659482955932617,1.4818295240402222,1.4046430587768555,2.158132791519165,-2.7448232173919678,2.5371274948120117,-7.406737327575684,-17.074337005615234,-0.26699233055114746,0.19302712380886078,-0.549811840057373,1.4053767919540405,-1.0092544555664062,-2.494157552719116,-2.3322794437408447,0.7384696006774902,-2.7887134552001953,0.2800249457359314,-0.30987748503685,0.18159109354019165,0.4000000059604645,0.05000000074505806,-0.3100000023841858,0.49000000953674316,-0.20999999344348907,0.0,-0.6019573211669922,-0.09039146453142166,0.39886122941970825,0.7727402448654175,-0.33925265073776245,0.0,1.2037923336029053,2.121872901916504,2.407589912414551,6.013803482055664,-10.163742065429688,62.823463439941406,5.656473159790039,-7.995774745941162,-9.143921852111816,11.717493057250977,-13.110479354858398,-3.209458351135254,-0.019397905096411705,0.05206059664487839,-5.697914123535156,-1.2230294942855835,9.516555786132812,-2.183312177658081,1639.4013671875,5729.3212890625,0.5,0.0,0.0,0.004351780284196138,0.0,1.752588286763057e-05,0.0,0.0,0.0,0.0,0.0,7537.15625,0.0
4.11,3.333333730697632,0.866024155424979,-0.5000021622157765,1.0,0.0,1.0,1.0,-0.23895888030529022,2.236412286758423,0.3764917254447937,-0.29045534133911133,0.0017245362978428602,1.3099548816680908,0.4194866120815277,2.979527711868286,-3.275933265686035,3.468900680541992,-4.516148567199707,-15.633003234863281,-0.24244600534439087,0.2108035385608673,-0.5061779022216797,1.4790682792663574,-1.0664197206497192,-2.591946840286255,-2.2641234397888184,0.6311022639274597,-2.9815011024475098,0.39645349979400635,-0.3915587365627289,-0.14956820011138916,0.4000000059604645,0.05000000074505806,-0.3100000023841858,0.49000000953674316,-0.20999999344348907,0.0,-0.5874992609024048,-0.08749984949827194,0.3924996852874756,0.752498984336853,-0.32999950647354126,0.0,2.583878993988037,1.7499942779541016,1.3403759002685547,6.688915252685547,-0.9327878952026367,6.590507507324219,-7.042561054229736,-12.760982513427734,-3.7391977310180664,11.970427513122559,-22.553985595703125,-58.20964050292969,-0.019481385126709938,0.043040983378887177,-6.181020259857178,-2.882786273956299,9.125837326049805,-3.179271697998047,1543.9735107421875,11742.865234375,0.5,0.0,0.0,0.0016270022606477141,0.0,1.9204234646963414e-08,0.0,0.0,0.0,0.0,0.0,10213.05078125,0.0
4.12,3.344444751739502,0.8290364928684298,-0.5591945041686424,1.0,0.0,1.0,1.0,-0.27733200788497925,2.260852575302124,0.34279727935791016,-0.2921767234802246,0.08565913140773773,1.1450414657592773,-0.7983356714248657,3.288485527038574,-4.14073371887207,3.3903982639312744,2.5217385292053223,-16.243677139282227,-0.20394590497016907,0.21677149832248688,-0.4862405061721802,1.543962001800537,-1.1531671285629272,-2.651989221572876,-2.225285768508911,0.5215585231781006,-3.130394458770752,0.4760147035121918,-0.4786475896835327,-1.387838363647461,0.4000000059604645,0.05000000074505806,-0.3100000023841858,0.49000000953674316,-0.20999999344348907,0.0,-0.5718251466751099,-0.08436502516269684,0.38560307025909424,0.7305551767349243,-0.3199680745601654,0.0,4.069386005401611,0.4645136892795563,-0.09053051471710205,5.931918144226074,2.1256484985351562,8.55120849609375,3.915454387664795,-11.448999404907227,-15.142162322998047,-2.127493143081665,9.553442001342773,-125.07102966308594,-0.019265569746494293,0.006538175046443939,-7.107627868652344,-8.889131546020508,6.100982666015625,-4.459573268890381,1416.822265625,5609.0654296875,0.5,0.0,0.0,0.0012527686776593328,0.0,1.38931366411299e-11,0.0,0.0,0.0,0.0,0.0,12647.763671875,0.0
4.13,3.355555772781372,0.7880099133080749,-0.6156625508573674,1.0,0.0,1.0,1.0,-0.32445526123046875,2.269118309020996,0.2971540093421936,-0.23264741897583008,0.14467188715934753,1.0115091800689697,-2.0379526615142822,3.420210599899292,-4.54054069519043,-0.7860418558120728,2.6600124835968018,-8.000585556030273,-0.16248267889022827,0.21573588252067566,-0.4749598503112793,1.6235660314559937,-1.3093279600143433,-2.740494728088379,-2.188361644744873,0.38088345527648926,-3.0591189861297607,0.47733551263809204,-0.46023187041282654,-2.2368016242980957,0.4000000059604645,0.05000000074505806,-0.3100000023841858,0.49000000953674316,-0.20999999344348907,0.0,-0.5552395582199097,-0.0810479149222374,0.37830543518066406,0.7073354125022888,-0.3093533217906952,0.0,0.9448509216308594,-1.8356322050094604,4.992093086242676,10.354182243347168,-18.652482986450195,-20.17084503173828,4.47435188293457,-9.811368942260742,6.581554412841797,4.718276500701904,-34.786407470703125,8.848701477050781,-0.01985800452530384,-0.016425874084234238,-5.190535068511963,-3.4227821826934814,1.71681809425354,-2.37898325920105,4616.70458984375,9671.2998046875,0.5,0.0,0.0,0.0022637424990534782,0.0,1.7564133427780296e-16,0.0,0.0,0.0,0.0,0.0,8190.365234375,0.0
4.14,3.3666670322418213,0.7431432884981971,-0.6691323133432473,1.0,0.0,1.0,1.0,-0.356492817401886,2.2743301391601562,0.25395068526268005,-0.21565628051757812,0.13143835961818695,0.9125738143920898,-2.207252264022827,3.0841543674468994,-3.9445104598999023,-5.087202548980713,-2.40766978263855,-13.356588363647461,-0.1401996612548828,0.1858007311820984,-0.3637469410896301,1.7599200010299683,-1.5496256351470947,-3.0544867515563965,-2.1342620849609375,0.28078609704971313,-3.064396619796753,0.4742102324962616,-0.5512902140617371,-2.2025952339172363,0.4000000059604645,0.05000000074505806,-0.3100000023841858,0.49000000953674316,-0.20999999344348907,0.0,-0.538065493106842,-0.07761310040950775,0.3707488179206848,0.6832916736602783,-0.2983618974685669,0.0,-3.5083465576171875,-5.305607318878174,22.024120330810547,10.962677955627441,-14.424577713012695,-13.290838241577148,5.401503562927246,-8.195438385009766,0.06136481463909149,-3.6191134452819824,-15.78681468963623,17.47884750366211,-0.022411946207284927,-0.01658467762172222,-0.6565884351730347,-2.14916729927063,0.9044038653373718,-3.7545759677886963,5001.13671875,3913.148193359375,0.5,0.0,0.0,0.0034122441429644823,0.0,2.3545057420540144e-15,0.0,0.0,0.0,0.0,0.0,8507.9326171875,0.0
4.15,3.3777780532836914,0.6946571252414095,-0.7193410028292151,1.0,0.0,1.0,1.0,-0.3780839145183563,2.278301954269409,0.2160956859588623,-0.21982860565185547,0.10578256100416183,0.7445868253707886,-2.775277614593506,2.866114616394043,-3.3987879753112793,-6.869384765625,-2.0704729557037354,-18.219417572021484,-0.19097267091274261,0.12029518187046051,-0.13806605339050293,1.8638076782226562,-1.5887422561645508,-3.1361243724823,-2.0857980251312256,0.19821825623512268,-3.0908620357513428,0.4334152936935425,-0.6335968971252441,-2.0832886695861816,0.4000000059604645,0.05000000074505806,-0.3100000023841858,0.49000000953674316,-0.20999999344348907,0.0,-0.5206371545791626,-0.07412742078304291,0.36308032274246216,0.6588919758796692,-0.2872077524662018,0.0,-7.581088542938232,-5.591350555419922,20.932043075561523,8.467488288879395,-11.271626472473145,4.445784568786621,4.041405200958252,-7.9947829246521,-2.814251661300659,-4.629726409912109,-4.470326900482178,9.345826148986816,-0.020499669015407562,-0.017105259001255035,-0.5254700183868408,-4.572956562042236,2.203861713409424,-7.59941291809082,2523.4619140625,1924.47802734375,0.5,0.0,0.0,0.004018633626401424,0.0,3.524833642281185e-17,0.0,0.0,0.0,0.0,0.0,7188.7861328125,0.0
4.16,3.3888890743255615,0.642786717142462,-0.7660451920514981,1.0,0.0,1.0,1.0,-0.4000970721244812,2.2745676040649414,0.18144041299819946,-0.2213120460510254,0.06745335459709167,0.5672961473464966,-3.2286384105682373,2.4999489784240723,-2.7655158042907715,-8.08282470703125,-1.246849536895752,-16.748905181884766,-0.2762281000614166,0.05028069019317627,0.09141535311937332,1.954230785369873,-1.6443378925323486,-3.0241518020629883,-2.05722975730896,0.1190253496170044,-3.1401026248931885,0.3510857820510864,-0.5889135599136353,-1.997982382774353,0.4000000059604645,0.05000000074505806,-0.3100000023841858,0.49000000953674316,-0.20999999344348907,0.0,-0.5032936334609985,-0.07065872848033905,0.35544919967651367,0.6346110701560974,-0.27610790729522705,0.0,-9.194429397583008,-4.323248386383057,21.732519149780273,8.649918556213379,-12.089402198791504,8.963798522949219,-0.026429936289787292,-5.131863117218018,1.5884909629821777,-8.181775093078613,1.049835205078125,4.340984344482422,-0.018441973254084587,-0.017021840438246727,0.1929057389497757,-5.8475494384765625,0.8062730431556702,-8.051102638244629,2751.4375,837.3820190429688,0.5,0.0,0.0,0.005112326703965664,0.0,3.1316321800512456e-18,0.0,0.0,0.0,0.0,0.0,6681.787109375,0.0
4.17,3.4000003337860107,0.5877835555888976,-0.8090182270995342,1.0,0.0,1.0,1.0,-0.4246370792388916,2.2651052474975586,0.15070629119873047,-0.221893310546875,0.02169705741107464,0.404748797416687,-3.4685657024383545,1.9923559427261353,-2.2137720584869385,-8.141817092895508,-0.50046706199646,-14.93441104888916,-0.3631964921951294,0.024570396170020103,0.29606521129608154,2.0419325828552246,-1.7181061506271362,-2.9250781536102295,-2.0726232528686523,0.07623780518770218,-3.140035390853882,0.2658478319644928,-0.577896237373352,-1.9435709714889526,0.4000000059604645,0.05000000074505806,-0.3100000023841858,0.49000000953674316,-0.20999999344348907,0.0,-0.486372172832489,-0.06727443635463715,0.3480037450790405,0.6109210252761841,-0.2652781903743744,0.0,-8.996939659118652,-0.4580097496509552,19.181264877319336,8.612752914428711,-11.194889068603516,3.9362239837646484,-2.461663007736206,-3.0759358406066895,0.7540384531021118,-8.04446029663086,1.6075844764709473,6.431652545928955,-0.016819536685943604,-0.01534261554479599,0.15287050604820251,-7.427928447723389,0.2654142677783966,-8.128396987915039,2980.9599609375,708.2772827148438,0.5,0.0,0.0,0.006006056442856789,0.0,7.452425826153624e-18,0.0,0.0,0.0,0.0,0.0,5564.9560546875,0.0
4.18,3.411111354827881,0.529917965601585,-0.8480489076301421,1.0,0.0,1.0,1.0,-0.450832724571228,2.253765344619751,0.12369772791862488,-0.23145627975463867,-0.02591705322265625,0.2630915939807892,-3.625499725341797,1.5867903232574463,-1.845234990119934,-7.772711753845215,-1.378117561340332,-12.940235137939453,-0.42928266525268555,0.04434982314705849,0.43901965022087097,2.1227540969848633,-1.845755934715271,-2.8823814392089844,-2.100897789001465,0.059300974011421204,-3.139606237411499,0.20700231194496155,-0.5072649717330933,-1.8113783597946167,0.4000000059604645,0.05000000074505806,-0.3100000023841858,0.49000000953674316,-0.20999999344348907,0.0,-0.4702030420303345,-0.06404060125350952,0.3408893346786499,0.5882842540740967,-0.25492992997169495,0.0,-7.241901874542236,3.4307236671447754,13.05591106414795,8.496373176574707,-11.688308715820312,4.476526260375977,-2.8496127128601074,-0.3709332346916199,0.6321699619293213,-4.875713348388672,10.74221134185791,12.352151870727539,-0.0168303232640028,-0.010894602164626122,0.09994139522314072,-8.49386978149414,0.7020514607429504,-7.541115760803223,3173.288818359375,325.9840087890625,0.5,0.0,0.0,0.004948357120156288,0.0,1.0710511587987689e-17,0.0,0.0,0.0,0.0,0.0,4822.75048828125,0.0
4.19,3.422222375869751,0.46947071039168947,-0.8829480460844353,1.0,0.0,1.0,1.0,-0.4769754111766815,2.2439608573913574,0.10034045577049255,-0.2554488182067871,-0.0679020881652832,0.1414751261472702,-3.684471368789673,1.2850810289382935,-1.453492522239685,-6.568728446960449,-2.2681784629821777,-11.159571647644043,-0.466880202293396,0.10496491938829422,0.5268855690956116,2.1979551315307617,-1.975801706314087,-2.790689706802368,-2.1213879585266113,0.0649896115064621,-3.1393380165100098,0.18898439407348633,-0.39404597878456116,-1.6416407823562622,0.4000000059604645,0.05000000074505806,-0.3100000023841858,0.49000000953674316,-0.20999999344348907,0.0,-0.4551004469394684,-0.06102008745074272,0.3342441916465759,0.5671405792236328,-0.24526426196098328,0.0,-3.8021743297576904,6.9370622634887695,8.785030364990234,6.838551044464111,-12.350810050964355,4.725799083709717,-1.7595410346984863,1.3226354122161865,0.6484480500221252,-1.024402379989624,10.647007942199707,13.625787734985352,-0.01720714010298252,-0.006061851978302002,-0.06966756284236908,-9.155047416687012,0.8194576501846313,-6.2264509201049805,2489.7744140625,34.33584976196289,0.5,0.0,0.0,0.002699966309592128,0.0,2.2738685495825398e-17,0.0,0.0,0.0,0.0,0.0,3980.271728515625,0.0
4.2,3.4333336353302,0.40673490962048237,-0.9135462294246622,1.0,0.0,1.0,0.0,-0.5022469758987427,2.2374658584594727,0.08101369440555573,-0.29213857650756836,-0.09848880767822266,0.035756394267082214,-3.6763064861297607,1.042567491531372,-0.9995155334472656,-5.389782428741455,-3.250397205352783,-9.949173927307129,-0.5013303756713867,0.1740613728761673,0.622968316078186,2.2535295486450195,-2.0970070362091064,-2.7342700958251953,-2.150243043899536,0.07767230272293091,-3.1394705772399902,0.1559976488351822,-0.273566335439682,-1.465329647064209,0.4000000059604645,0.05000000074505806,-0.3100000023841858,0.49000000953674316,-0.20999999344348907,0.0,-0.441358357667923,-0.05827166885137558,0.3281976580619812,0.5479016900062561,-0.2364693284034729,0.0,-3.078615188598633,7.319482803344727,9.428414344787598,4.865981101989746,-10.614550590515137,4.539788246154785,-2.768289804458618,1.635851263999939,0.4035969078540802,-3.3813014030456543,10.28404426574707,12.62129020690918,-0.017800074070692062,-0.004485756158828735,-0.09842821210622787,-8.674535751342773,0.4959840774536133,-4.498786449432373,2135.614990234375,0.0,0.5,0.0,0.0,0.001167116453871131,0.0,8.060518389049122e-17,0.0,0.0,0.0,0.0,0.0,3654.95263671875,0.0
4.21,3.4444446563720703,0.34201889204895347,-0.9396930762124441,1.0,0.0,1.0,0.0,-0.5270586609840393,2.2334816455841064,0.06566716730594635,-0.33792972564697266,-0.11813974380493164,-0.06442880630493164,-3.7018094062805176,0.7957133650779724,-0.5415961146354675,-4.757332801818848,-3.768198251724243,-9.90538215637207,-0.5157178640365601,0.24718186259269714,0.7140924334526062,2.3003969192504883,-2.188575029373169,-2.6685996055603027,-2.1375980377197266,0.09224089235067368,-3.139691114425659,0.1664515733718872,-0.13778255879878998,-1.2861226797103882,0.4000000059604645,0.05000000074505806,-0.3100000023841858,0.49000000953674316,-0.20999999344348907,0.0,-0.4292442202568054,-0.05584884434938431,0.3228674530982971,0.530941903591156,-0.22871629893779755,0.0,-0.3186848759651184,7.297706604003906,8.402619361877441,4.318690776824951,-7.62191104888916,7.325777053833008,1.8173811435699463,1.595716118812561,0.21164435148239136,1.3750154972076416,10.182816505432129,12.26076889038086,-0.018123691901564598,-0.00270649790763855,-0.06802748143672943,-8.935072898864746,0.37765106558799744,-3.3438897132873535,1705.990478515625,0.0,0.5,0.0,0.0,0.0004588115552905947,0.0,1.302957298490094e-16,0.0,0.0,0.0,0.0,0.0,3525.20458984375,0.0
4.22,0.0,0.0,1.0,1.0,1.0,1.0,0.0,0.0,0.0,0.699999988079071,0.0,0.0,0.0,0.0,0.0,0.0,0.0,0.0,0.0,0.31530341506004333,0.13277935981750488,-0.38833925127983093,0.49357154965400696,-0.1141953393816948,0.03600858524441719,-0.47567689418792725,-0.014466367661952972,0.22772106528282166,0.4528462588787079,-0.17931637167930603,-0.04434845969080925,0.4000000059604645,0.05000000074505806,-0.3100000023841858,0.49000000953674316,-0.20999999344348907,0.0,-0.4000000059604645,-0.05000000074505806,0.3100000023841858,0.49000000953674316,-0.20999999344348907,0.0,0.0,0.0,0.0,0.0,0.0,0.0,0.0,0.0,0.0,0.0,0.0,0.0,-0.017180662602186203,-0.0011328533291816711,0.2924582064151764,-9.186727523803711,0.6079381108283997,-2.2375686168670654,1288.9871826171875,0.0,-0.008477890864014626,0.12465877830982208,-0.20216228067874908,0.00013604582636617124,0.0,2.266759696611942e-12,0.0,0.0,0.0,0.0,0.0,3201.24609375,0.0
4.23,0.01111111231148243,0.06975648126790841,0.99756404973371,1.0,1.0,0.0,0.0,2.6129884645342827e-05,-0.00010083848610520363,0.6994605660438538,-9.775161743164062e-05,-0.0002722740173339844,-0.00019884109497070312,0.00010457709868205711,-0.003981408197432756,-0.09783872216939926,-0.04510808363556862,-0.008342728018760681,-0.014425219036638737,0.31557437777519226,0.130409836769104,-0.3826776444911957,0.4942341148853302,-0.1506696194410324,0.02127758041024208,-0.4755072593688965,-0.015926752239465714,0.2328633964061737,0.45487484335899353,-0.19013306498527527,-0.0316479466855526,0.4000000059604645,0.05000000074505806,-0.3100000023841858,0.49000000953674316,-0.20999999344348907,0.0,-0.4000000059604645,-0.05000000074505806,0.3100000023841858,0.49000000953674316,-0.20999999344348907,0.0,0.06594259291887283,-0.31726136803627014,0.6912546753883362,0.019898608326911926,-3.5533218383789062,-1.2122793197631836,0.0603756345808506,-0.19664326310157776,0.5381675958633423,0.20904043316841125,-0.9305282235145569,0.8638167977333069,0.09043838828802109,0.08857076615095139,0.05604245141148567,-0.034964729100465775,-0.030998744070529938,0.0071287876926362514,0.0,0.0,0.5,0.0,0.0,0.9949175715446472,0.0,0.6066382527351379,0.999583899974823,0.0,0.0,0.0,0.0,2.544888973236084,0.0
4.24,0.02222222462296486,0.1391731158975768,0.9902680666422398,1.0,0.0,0.0,0.0,2.9868679121136665e-05,-0.00030396110378205776,0.6979452967643738,-0.00011730194091796875,-0.0008788108825683594,-0.00019121170043945312,-0.00037634288310073316,-0.004762657452374697,-0.19598253071308136,-0.07342401146888733,0.0025907682720571756,0.013137208297848701,0.31703779101371765,0.12685626745224,-0.37610945105552673,0.49427154660224915,-0.17613475024700165,0.012703139334917068,-0.47456610202789307,-0.018217507749795914,0.23796620965003967,0.4569236934185028,-0.19655349850654602,-0.02534385956823826,0.4000000059604645,0.05000000074505806,-0.3100000023841858,0.49000000953674316,-0.20999999344348907,0.0,-0.43479329347610474,-0.05695865675806999,0.32530903816223145,0.5387105941772461,-0.23226769268512726,0.0,0.21433816850185394,-0.37990596890449524,0.6155904531478882,0.012320972979068756,-1.8618485927581787,-0.628325343132019,0.11990781128406525,-0.25127744674682617,0.4869278371334076,0.20400364696979523,-0.4504980444908142,0.47583141922950745,0.08881888538599014,0.08720868080854416,0.06235957145690918,-0.06383030861616135,0.007297146134078503,0.009701657108962536,0.0,0.0,0.5,0.0,0.0,0.949385941028595,0.0,0.6060466170310974,0.9996548891067505,0.0,0.0,0.0,0.0,2.035651445388794,0.0
4.25,0.03333333507180214,0.20791170150218458,0.978147598462761,1.0,0.0,0.0,0.0,1.3210345059633255e-05,-0.0005756258033216,0.6954503059387207,-6.818771362304688e-05,-0.0017194747924804688,6.368214235408232e-05,-0.000652695947792381,-0.005063997581601143,-0.29400834441185,-0.0931735709309578,0.006576273124665022,0.03577829524874687,0.319698303937912,0.12277202308177948,-0.37030157446861267,0.49427369236946106,-0.188912495970726,0.00832848995923996,-0.47302770614624023,-0.020895767956972122,0.2425447404384613,0.45894452929496765,-0.19956538081169128,-0.02183891274034977,0.4000000059604645,0.05000000074505806,-0.3100000023841858,0.49000000953674316,-0.20999999344348907,0.0,-0.45197793841362,-0.06039558723568916,0.3328703045845032,0.5627691149711609,-0.24326586723327637,0.0,0.31174150109291077,-0.4263288974761963,0.5437315702438354,0.010161555372178555,-0.9295570850372314,-0.3190246820449829,0.1792086958885193,-0.2786755859851837,0.4363383650779724,0.2016289383172989,-0.20580512285232544,0.2662939727306366,0.08616242557764053,0.08488444238901138,0.07115575671195984,-0.08680190145969391,0.034578077495098114,0.009886556304991245,0.0,0.0,0.5,0.0,0.0,0.9487159252166748,0.0,0.6057078838348389,0.9974431395530701,0.0,0.0,0.0,0.0,1.6740608215332031,0.0
4.26,0.04444444924592972,0.27563738481693956,0.9612616876227195,1.0,0.0,0.0,0.0,-9.012874215841293e-06,-0.0008930284529924393,0.6919769048690796,-1.430511474609375e-06,-0.002716064453125,0.0005187593633309007,-0.0007647208403795958,-0.004890656564384699,-0.39198246598243713,-0.10561849176883698,0.006888476200401783,0.05405864864587784,0.32311615347862244,0.11830596625804901,-0.36516043543815613,0.4942404329776764,-0.19522224366664886,0.006150035187602043,-0.47092950344085693,-0.023733709007501602,0.2466554343700409,0.4609350860118866,-0.20089879631996155,-0.019864017143845558,0.4000000059604645,0.05000000074505806,-0.3100000023841858,0.49000000953674316,-0.20999999344348907,0.0,-0.468909353017807,-0.06378187239170074,0.3403201103210449,0.5864731073379517,-0.25410196185112,0.0,0.3723410367965698,-0.457675963640213,0.48079222440719604,0.005462345201522112,-0.46907922625541687,-0.15824976563453674,0.23155158758163452,-0.2860943377017975,0.3926335573196411,0.19790039956569672,-0.08777810633182526,0.1509002447128296,0.08248798549175262,0.08159051090478897,0.08140485733747482,-0.1045413464307785,0.053781479597091675,0.007225614506751299,0.0,0.0,0.5,0.0,0.0,0.9486508369445801,0.0,0.6055740118026733,0.9941723346710205,0.0,0.0,0.0,0.0,1.4292079210281372,0.0
4.2700000000000005,0.0555555634200573,0.34202018975975396,0.9396926038852822,1.0,0.0,0.0,0.0,0.0015380749246105552,-0.001376467989757657,0.6880579590797424,-0.0050201416015625,-0.005275249481201172,0.0014287636149674654,0.032237786799669266,0.024638650938868523,-0.42778390645980835,-0.34360024333000183,-0.6294479370117188,-0.18463590741157532,0.3030742406845093,0.1005551815032959,-0.3744485676288605,0.48868972063064575,-0.25409016013145447,-0.17447273433208466,-0.4351717233657837,0.006928128655999899,0.11297807842493057,0.3887665271759033,-0.0997752845287323,0.17816437780857086,0.4000000059604645,0.05000000074505806,-0.3100000023841858,0.49000000953674316,-0.20999999344348907,0.0,-0.48550504446029663,-0.06710100919008255,0.34762221574783325,0.6097070574760437,-0.2647232115268707,0.0,-2.768375873565674,-2.4250385761260986,-0.5701890587806702,-0.5841013193130493,-5.659937381744385,-10.587185859680176,2.8139798641204834,3.2031147480010986,-15.54654598236084,-7.20193338394165,9.640162467956543,10.777664184570312,0.07770165055990219,0.07477226853370667,-0.48173826932907104,1.583381175994873,0.7843503952026367,-0.12636810541152954,0.0,0.0,0.5,0.0,0.0,0.914731502532959,0.0,0.6447986960411072,0.9340915083885193,0.0,0.0,0.0,0.0,2671.75537109375,0.0
4.28,0.06666667014360428,0.40673666303333644,0.9135454487569329,1.0,0.0,0.0,0.0,0.0010658768005669117,0.0002776258625090122,0.6826819181442261,-0.0021071434020996094,-0.0012469291687011719,-0.0012383460998535156,0.036587972193956375,0.0826946571469307,-0.6093531847000122,0.9130501747131348,0.829643964767456,-0.4225756525993347,0.30473753809928894,0.09546558558940887,-0.3776077926158905,0.5025678277015686,-0.1635536551475525,-0.03665130212903023,-0.4828112721443176,0.06759244203567505,-0.11890825629234314,0.36949461698532104,0.011035514995455742,0.0597914457321167,0.4000000059604645,0.05000000074505806,-0.3100000023841858,0.49000000953674316,-0.20999999344348907,0.0,-0.5016841888427734,-0.07033683359622955,0.35474103689193726,0.6323578357696533,-0.27507784962654114,0.0,1.0266567468643188,0.04640241339802742,-0.08822716027498245,1.6507145166397095,10.013864517211914,10.266134262084961,-8.039926528930664,7.487369060516357,-23.98664093017578,-1.1006078720092773,10.107439994812012,-10.11686897277832,0.0738181322813034,0.07016691565513611,-0.9311190247535706,2.318359136581421,1.236061692237854,-1.0720312595367432,0.0,0.0,0.5,0.0,0.0,0.9224011898040771,0.0,0.6419928073883057,0.6996742486953735,0.0,0.0,0.0,0.0,2646.34814453125,0.0
4.29,0.07777778804302216,0.46947161973462564,0.882947562578745,1.0,0.0,0.0,0.0,0.0006563598290085793,0.003337913192808628,0.6760523319244385,0.0013576411874964833,0.007842331193387508,-0.009802818298339844,0.05749503895640373,0.058427806943655014,-0.7151760458946228,0.8565466403961182,-0.02554730698466301,-1.0979750156402588,0.2758067548274994,0.07821489870548248,-0.3862006664276123,0.4912683963775635,-0.10042513161897659,-0.1436793953180313,-0.5648439526557922,0.14163143932819366,-0.33447450399398804,0.36564090847969055,0.12258439511060715,-0.020876573398709297,0.4000000059604645,0.05000000074505806,-0.3100000023841858,0.49000000953674316,-0.20999999344348907,0.0,-0.5173678994178772,-0.07347358018159866,0.36164188385009766,0.6543151140213013,-0.28511545062065125,0.0,-4.99026346206665,-2.8337020874023438,-0.9544782042503357,-1.5001710653305054,3.3844704627990723,-10.040425300598145,-8.031106948852539,7.383723258972168,-20.654926300048828,-0.32404884696006775,10.098215103149414,-6.35794734954834,0.06819619238376617,0.06707877665758133,-1.6005972623825073,2.684065341949463,2.2588775157928467,-1.730732798576355,0.0,0.0,0.5,0.0,0.0,0.8299407362937927,0.0,0.6713606119155884,0.08971671760082245,0.0,0.0,0.0,0.0,2200.45751953125,0.0
4.3,0.08888889849185944,0.5299193154020884,0.8480480641825566,1.0,0.0,0.0,0.0,0.001498380908742547,0.007616582326591015,0.6681004166603088,0.0007037849863991141,0.021239005029201508,-0.016786575317382812,0.07284699380397797,0.07625295966863632,-0.8569062352180481,1.7535111904144287,-0.1470358520746231,-0.4414328932762146,0.2304830104112625,0.07559296488761902,-0.4531324505805969,0.4947349727153778,-0.20073550939559937,-0.25293442606925964,-0.6465466022491455,0.21690183877944946,-0.49869537353515625,0.3696794807910919,0.0592363178730011,-0.16400396823883057,0.4000000059604645,0.05000000074505806,-0.3100000023841858,0.49000000953674316,-0.20999999344348907,0.0,-0.5324798226356506,-0.07649596780538559,0.36829113960266113,0.6754717826843262,-0.29478707909584045,0.0,-4.628087043762207,0.9053837656974792,-7.529134750366211,0.07260712236166,-10.022442817687988,-10.047113418579102,-8.005465507507324,7.867332935333252,-14.649338722229004,0.1881897747516632,-7.25891637802124,-10.304193496704102,0.06398767977952957,0.06409471482038498,-0.929375171661377,2.0216000080108643,2.1348423957824707,-2.1710057258605957,0.0,0.0,0.5,0.0,0.0,0.604407787322998,0.0,0.686225950717926,0.6772423982620239,0.0,0.0,0.0,0.0,1516.3804931640625,0.0
4.3100000000000005,0.10000000894069672,0.5877852977398547,0.8090169613554901,1.0,0.0,0.0,0.0,0.00305752526037395,0.01426464132964611,0.6590150594711304,-0.0017037391662597656,0.04307197034358978,-0.022472858428955078,0.08513874560594559,0.07084853202104568,-0.9790686964988708,2.4838476181030273,-0.38588762283325195,-0.5658189058303833,0.175973042845726,0.09767275303602219,-0.5156561732292175,0.4852546453475952,-0.2146850824356079,-0.14437027275562286,-0.7278458476066589,0.2858808636665344,-0.6079152822494507,0.35767874121665955,0.046836789697408676,-0.2986324429512024,0.4000000059604645,0.05000000074505806,-0.3100000023841858,0.49000000953674316,-0.20999999344348907,0.0,-0.5469463467597961,-0.07938926666975021,0.3746563792228699,0.6957248449325562,-0.3040456473827362,0.0,-5.715031147003174,3.0446324348449707,-6.313080310821533,-0.9187897443771362,-0.05454602837562561,10.049653053283691,-8.004030227661133,6.583299160003662,-10.113255500793457,-1.5890699625015259,-0.6213640570640564,-10.239555358886719,0.05898311734199524,0.0596766471862793,-0.6959348917007446,1.6824859380722046,1.934950828552246,-1.7767879962921143,0.0,0.0,0.5,0.0,0.0,0.395719438791275,0.0,0.7016933560371399,0.5271331667900085,0.0,0.0,0.0,0.0,1029.057373046875,0.0
4.32,0.1111111268401146,0.642787685393363,0.766044379593404,1.0,0.0,0.0,0.0,0.005382373463362455,0.02206192910671234,0.648851215839386,-0.006887912750244141,0.06886351853609085,-0.022861957550048828,0.07664260268211365,0.04770529270172119,-1.095457673072815,2.6543338298797607,-0.5998066663742065,0.3910718262195587,0.13282844424247742,0.1348438709974289,-0.5895560383796692,0.4939352571964264,-0.3255821764469147,-0.085756815969944,-0.8126689791679382,0.3576110899448395,-0.6645284295082092,0.3681434988975525,-0.05840074643492699,-0.293764591217041,0.4000000059604645,0.05000000074505806,-0.3100000023841858,0.49000000953674316,-0.20999999344348907,0.0,-0.5606969594955444,-0.08213938772678375,0.38070663809776306,0.7149757146835327,-0.31284600496292114,0.0,-3.688830852508545,3.907366991043091,-7.181514263153076,0.7168219089508057,-10.078714370727539,4.2739410400390625,-8.032686233520508,7.5149455070495605,-5.234829425811768,1.380394458770752,-10.011999130249023,0.8791592717170715,0.054485008120536804,0.05281481891870499,-0.04106924682855606,0.7987855672836304,1.4832721948623657,-1.2635971307754517,0.0,0.0,0.5,0.0,0.0,0.23012231290340424,0.0,0.6955763101577759,0.7364791631698608,0.0,0.0,0.0,0.0,1252.134765625,0.0
4.33,0.12222223728895187,0.6946584385567742,0.7193397345773863,1.0,0.0,0.0,0.0,0.008651435375213623,0.03053988143801689,0.6378257870674133,-0.01582479476928711,0.09749412536621094,-0.019661903381347656,0.07116568088531494,0.0015360978431999683,-1.2121756076812744,2.9680838584899902,-1.0614770650863647,0.5050824284553528,0.09345037490129471,0.16360002756118774,-0.595452070236206,0.48805683851242065,-0.4291495382785797,-0.12429624050855637,-0.8959594368934631,0.43657997250556946,-0.7381926774978638,0.3757380545139313,0.026052391156554222,-0.41164663434028625,0.4000000059604645,0.05000000074505806,-0.3100000023841858,0.49000000953674316,-0.20999999344348907,0.0,-0.5736646056175232,-0.08473291993141174,0.38641244173049927,0.7331304550170898,-0.32114535570144653,0.0,-3.92785906791687,2.806626796722412,1.229430913925171,-0.556367814540863,-10.020895957946777,-4.0451860427856445,-8.017692565917969,8.008868217468262,-7.762217998504639,0.6453607082366943,9.999251365661621,-10.119335174560547,0.048193104565143585,0.04493263363838196,-0.2675173580646515,0.5809993147850037,0.8374367952346802,-0.7637470960617065,0.0,0.0,0.5,0.0,0.0,0.1348085105419159,0.0,0.6922539472579956,0.6003655791282654,0.0,0.0,0.0,0.0,822.0142211914062,0.0
4.34,0.13333334028720856,0.7431448547133737,0.6691305738890123,1.0,0.0,0.0,0.0,0.012217795476317406,0.03885088860988617,0.6258984804153442,-0.02671337127685547,0.1254606992006302,-0.010352611541748047,0.06031050533056259,-0.05458588898181915,-1.3164807558059692,2.7226758003234863,-0.8930083513259888,1.4592030048370361,0.07095607370138168,0.1863769292831421,-0.5909135341644287,0.48974451422691345,-0.5062834024429321,-0.023675143718719482,-0.979489803314209,0.5132408738136292,-0.7879645824432373,0.39741992950439453,0.024759933352470398,-0.540522038936615,0.4000000059604645,0.05000000074505806,-0.3100000023841858,0.49000000953674316,-0.20999999344348907,0.0,-0.5857862234115601,-0.0871572494506836,0.3917459547519684,0.7501007318496704,-0.3289031684398651,0.0,-1.1137020587921143,1.6193195581436157,-0.002725229598581791,0.1402173489332199,-5.594972610473633,9.44399642944336,-8.02322769165039,7.414018630981445,-4.30462646484375,2.414762496948242,-0.8772891163825989,-10.200116157531738,0.04105836898088455,0.03472515940666199,0.5081720948219299,0.25801149010658264,1.5894618034362793,-0.05234077572822571,0.0,0.0,0.5,0.0,0.0,0.07911568880081177,0.0,0.6752901077270508,0.014142840169370174,0.0,0.0,0.0,0.0,733.05859375,0.0
4.3500000000000005,0.14444446563720703,0.7880108355869994,0.6156613703956739,1.0,0.0,0.0,0.0,0.015883052721619606,0.04696931689977646,0.6131755709648132,-0.03901863098144531,0.15277470648288727,0.00494726374745369,0.05250953882932663,-0.11424986273050308,-1.4129258394241333,2.7681336402893066,-1.0921714305877686,1.8788859844207764,0.056913938373327255,0.1983291506767273,-0.5878951549530029,0.477987140417099,-0.569654643535614,-0.072233647108078,-1.0641751289367676,0.5914760231971741,-0.8333230018615723,0.4184201657772064,0.1297505646944046,-0.6425859332084656,0.4000000059604645,0.05000000074505806,-0.3100000023841858,0.49000000953674316,-0.20999999344348907,0.0,-0.5970027446746826,-0.08940054476261139,0.39668118953704834,0.7658038139343262,-0.33608174324035645,0.0,-1.3939391374588013,1.1092721223831177,0.5068926215171814,-1.4351571798324585,-5.7666707038879395,-4.102693557739258,-8.052318572998047,7.992287635803223,-5.1346116065979,1.9594202041625977,10.04864501953125,-9.857858657836914,0.03149700164794922,0.022895045578479767,0.6892563700675964,0.20488092303276062,1.2500611543655396,0.19220468401908875,0.0,0.0,0.5,0.0,0.0,0.051089391112327576,0.0,0.6527236104011536,0.0008584129973314703,0.0,0.0,0.0,0.0,466.6541748046875,0.0
4.36,0.1555555760860443,0.8290376446891665,0.5591927965274941,1.0,0.0,0.0,1.0,0.019205771386623383,0.055411044508218765,0.6006444692611694,-0.05201911926269531,0.17903900146484375,0.02510610595345497,0.024862952530384064,0.0047213053330779076,-1.30560302734375,2.746324062347412,-0.908302366733551,2.6690402030944824,0.051282867789268494,0.20307211577892303,-0.5808868408203125,0.464642196893692,-0.5646989941596985,-0.040836311876773834,-1.11998450756073,0.6344947814941406,-0.8350055813789368,0.4110735058784485,0.05032474175095558,-0.5381720066070557,0.4000000059604645,0.05000000074505806,-0.3100000023841858,0.49000000953674316,-0.20999999344348907,0.0,-0.6072593927383423,-0.09145188331604004,0.40119415521621704,0.7801631689071655,-0.3426460027694702,0.0,-0.18842419981956482,0.05110951513051987,0.39011865854263306,-0.9545733332633972,1.261061668395996,2.4453718662261963,-3.511232614517212,1.7599937915802002,3.2618255615234375,-2.4812967777252197,-16.187959671020508,14.824467658996582,0.021787628531455994,0.007916297763586044,0.6855353116989136,1.1965656280517578,2.1140432357788086,0.910529613494873,0.0,987.5274658203125,0.5,0.0,0.0,0.03449508547782898,0.0,0.6366373896598816,6.49183107270801e-07,0.0,0.0,0.0,0.0,994.264892578125,0.0
4.37,0.1666666865348816,0.8660254662022698,0.49999989188912924,1.0,0.0,0.0,1.0,0.022856436669826508,0.06734687834978104,0.5927597880363464,-0.07046175003051758,0.20564134418964386,0.05436032637953758,0.013827664777636528,0.7183877229690552,-0.4667322337627411,2.184601068496704,-1.590074896812439,3.8099772930145264,0.04621712490916252,0.19923731684684753,-0.5668442249298096,0.4473210871219635,-0.48336273431777954,-0.11121312528848648,-1.1797505617141724,0.6680935621261597,-0.7755728363990784,0.38574495911598206,0.03316900506615639,-0.3397761881351471,0.4000000059604645,0.05000000074505806,-0.3100000023841858,0.49000000953674316,-0.20999999344348907,0.0,-0.6165063977241516,-0.09330128133296967,0.4052627980709076,0.7931089401245117,-0.348564088344574,0.0,-0.7063348889350891,-1.0190119743347168,2.002988576889038,-2.336930990219116,9.888490676879883,-7.205377578735352,-9.785524368286133,6.098894119262695,10.55285358428955,-3.3820676803588867,1.0068614482879639,9.220338821411133,0.016881920397281647,-0.004264943301677704,0.7721024751663208,-0.0718366727232933,2.2462761402130127,-0.08603112399578094,0.0,5059.5068359375,0.5,0.0,0.0,0.023199129849672318,0.0,0.22204197943210602,2.4639153022552873e-13,0.0,0.0,0.0,0.0,998.094970703125,0.0
4.38,0.17777779698371887,0.8987940991993735,0.4383710383275639,1.0,0.0,0.0,1.0,0.02553735300898552,0.08035311102867126,0.5954893231391907,-0.09368371963500977,0.2124495953321457,0.0941486731171608,0.0007230807095766068,1.2236266136169434,0.19545437395572662,0.23475122451782227,-1.1843135356903076,4.747048854827881,0.050669051706790924,0.17178992927074432,-0.5280364751815796,0.4183337688446045,-0.40530461072921753,-0.22131586074829102,-1.2282617092132568,0.7321669459342957,-0.7545440793037415,0.3628544211387634,0.10486181080341339,-0.33136120438575745,0.4000000059604645,0.05000000074505806,-0.3100000023841858,0.49000000953674316,-0.20999999344348907,0.0,-0.6246985197067261,-0.0949397087097168,0.40886735916137695,0.8045779466629028,-0.3538070321083069,0.0,1.7058022022247314,-3.8475823402404785,4.555604934692383,-2.8371427059173584,6.582699298858643,-10.087231636047363,-3.2053661346435547,6.393252849578857,-0.06416323781013489,-1.2561712265014648,6.3595428466796875,-0.2198648452758789,0.018620986491441727,-0.0006183609366416931,1.2378556728363037,-0.018897267058491707,1.9658735990524292,-0.08665676414966583,0.0,1135.453857421875,0.5,0.0,0.0,0.023243427276611328,0.0,0.030407099053263664,2.6718071110369175e-20,0.0,0.0,0.0,0.0,543.2554931640625,0.0
4.39,0.18888892233371735,0.927183933286617,0.3746063985774378,1.0,0.0,0.0,1.0,0.027222618460655212,0.0932430624961853,0.6000862121582031,-0.11505556106567383,0.2119334638118744,0.1390371471643448,0.0924643874168396,1.2257319688796997,0.11876366287469864,0.4929634928703308,-1.1315854787826538,4.903278827667236,0.058848679065704346,0.1448739469051361,-0.47620052099227905,0.3867650032043457,-0.33571577072143555,-0.32163065671920776,-1.2819762229919434,0.7867242097854614,-0.7796333432197571,0.34627628326416016,0.17621497809886932,-0.24298128485679626,0.4000000059604645,0.05000000074505806,-0.3100000023841858,0.49000000953674316,-0.20999999344348907,0.0,-0.6317960023880005,-0.09635919332504272,0.411990225315094,0.8145143985748291,-0.35834941267967224,0.0,0.48032456636428833,-2.2167088985443115,5.687526702880859,-3.176754951477051,5.854674816131592,-9.762343406677246,-8.016646385192871,5.308750629425049,-2.721247911453247,-2.4296724796295166,7.873586654663086,10.225948333740234,0.0210195854306221,0.008431531488895416,0.9653992056846619,1.3658268451690674,1.3191397190093994,0.017962051555514336,0.0,190.48089599609375,0.5,0.0,0.0,0.026922225952148438,0.0,0.035543136298656464,1.3099660109031836e-21,0.0,0.0,0.0,0.0,1192.439453125,0.0
4.4,0.20000001788139343,0.9510565510138586,0.30901688752174067,1.0,0.0,0.0,1.0,0.029436256736516953,0.10670158267021179,0.6043210625648499,-0.1377406120300293,0.21097271144390106,0.18578465282917023,0.20230144262313843,1.2125498056411743,0.0567183718085289,0.5736311674118042,-1.3631184101104736,5.1306281089782715,0.052602242678403854,0.1321992427110672,-0.43800118565559387,0.35906967520713806,-0.3085465729236603,-0.33953580260276794,-1.3547154664993286,0.8168728351593018,-0.7782436609268188,0.32884177565574646,0.20747394859790802,-0.10091475397348404,0.4000000059604645,0.05000000074505806,-0.3100000023841858,0.49000000953674316,-0.20999999344348907,0.0,-0.6377641558647156,-0.0975528284907341,0.4146162271499634,0.8228697776794434,-0.3621690273284912,0.0,-1.1250003576278687,-0.7568745613098145,3.1688930988311768,-2.460874080657959,1.9465572834014893,-1.0934873819351196,-6.709651470184326,1.556535243988037,0.2974312901496887,-1.3610354661941528,5.517268657684326,13.927770614624023,0.023384995758533478,0.017208360135555267,0.706486701965332,3.1069109439849854,1.2470847368240356,1.6129710674285889,0.0,170.22100830078125,0.5,0.0,0.0,0.03079017624258995,0.0,0.04425428435206413,1.3672026027423993e-23,0.0,0.0,0.0,0.0,1428.46728515625,0.0
4.41,0.2111111283302307,0.9702957524497433,0.24192179062247984,1.0,0.0,0.0,0.0,0.03248826414346695,0.12087906897068024,0.608054518699646,-0.1627674102783203,0.21025961637496948,0.23580698668956757,0.304929256439209,1.1620895862579346,-0.05083675682544708,0.7339774966239929,-1.4046056270599365,5.464723587036133,0.04200403392314911,0.1273047775030136,-0.4177224338054657,0.33664968609809875,-0.3056035041809082,-0.3226374089717865,-1.4315097332000732,0.8300325870513916,-0.7714026570320129,0.3147048056125641,0.2813180983066559,0.0771670788526535,0.4000000059604645,0.05000000074505806,-0.3100000023841858,0.49000000953674316,-0.20999999344348907,0.0,-0.6425739526748657,-0.09851479530334473,0.4167325496673584,0.8296035528182983,-0.36524730920791626,0.0,-1.129361867904663,-0.5924398899078369,2.226288318634033,-2.6390042304992676,0.062118999660015106,1.356261968612671,-7.86617374420166,1.3879311084747314,-1.8938899040222168,-1.601278305053711,10.080887794494629,10.812910079956055,0.025903508067131042,0.025737859308719635,0.892175018787384,3.4727768898010254,1.4806673526763916,1.9743939638137817,0.0,0.0,0.5,0.0,0.0,0.03351430222392082,0.0,0.062224313616752625,1.1512016671725331e-26,0.0,0.0,0.0,0.0,1287.56640625,0.0
4.42,0.2222222536802292,0.9848077873348776,0.17364798301328604,1.0,0.0,0.0,0.0,0.03534109145402908,0.13568073511123657,0.6110107898712158,-0.18687963485717773,0.2100612223148346,0.2871311604976654,0.38605427742004395,1.1304616928100586,-0.15423594415187836,0.9721599817276001,-1.2975915670394897,5.470902919769287,0.03226873651146889,0.12824907898902893,-0.4187602400779724,0.3165198266506195,-0.30857086181640625,-0.2247694879770279,-1.515153169631958,0.8373836278915405,-0.7858507633209229,0.2807268500328064,0.3156545162200928,0.23740413784980774,0.4000000059604645,0.05000000074505806,-0.3100000023841858,0.49000000953674316,-0.20999999344348907,0.0,-0.6462019681930542,-0.09924039244651794,0.4183288514614105,0.8346827030181885,-0.367569237947464,0.0,-1.0108157396316528,0.16387826204299927,-0.22714029252529144,-1.775591254234314,-0.11272470653057098,9.757223129272461,-7.942631244659424,0.662635087966919,-2.5622167587280273,-2.4877681732177734,10.061301231384277,11.046720504760742,0.028216533362865448,0.0348997637629509,0.6907306909561157,3.4319214820861816,1.8070515394210815,2.1871371269226074,0.0,0.0,0.5,0.0,0.0,0.03489804267883301,0.0,0.07563360780477524,1.0056714672268338e-26,0.0,0.0,0.0,0.0,1349.3045654296875,0.0
4.43,0.23333334922790527,0.9945219058073733,0.10452836394620248,1.0,0.0,0.0,0.0,0.03653007373213768,0.15087924897670746,0.6126660108566284,-0.2046971321105957,0.21225057542324066,0.3361813724040985,0.40511205792427063,1.0674806833267212,-0.310619980096817,1.2888782024383545,-0.4331521987915039,4.677680969238281,0.04995312914252281,0.13473005592823029,-0.41525304317474365,0.33339208364486694,-0.3169800639152527,-0.12600496411323547,-1.614831805229187,0.8205670118331909,-0.8860843777656555,0.24264611303806305,0.22781294584274292,0.1233220249414444,0.4000000059604645,0.05000000074505806,-0.3100000023841858,0.49000000953674316,-0.20999999344348907,0.0,-0.6486304998397827,-0.09972609579563141,0.41939741373062134,0.8380826711654663,-0.36912351846694946,0.0,2.4255259037017822,0.6398085951805115,0.8120771050453186,2.055837392807007,-0.023192375898361206,8.669879913330078,-8.188812255859375,-3.380626916885376,-13.434501647949219,-4.799087047576904,-10.031229972839355,-10.101195335388184,0.031416043639183044,0.04752900451421738,0.13352349400520325,3.7735958099365234,1.8980010747909546,1.6041696071624756,0.0,0.0,0.5,0.0,0.0,0.02973409742116928,0.0,0.10055629163980484,9.877936258575955e-20,0.0,0.0,0.0,0.0,1061.1566162109375,0.0
4.44,0.24444447457790375,0.9993908336267431,0.034899307483728846,1.0,0.0,0.0,0.0,0.035696275532245636,0.16574005782604218,0.6125912666320801,-0.21466398239135742,0.21592460572719574,0.38324877619743347,0.4325629472732544,0.9965879917144775,-0.46723514795303345,1.4734028577804565,0.29746806621551514,4.684330463409424,0.08471443504095078,0.14067968726158142,-0.4273536503314972,0.36057209968566895,-0.27273863554000854,-0.16589301824569702,-1.7192498445510864,0.7867825031280518,-1.017777681350708,0.20698679983615875,0.12240751087665558,-0.07581281661987305,0.4000000059604645,0.05000000074505806,-0.3100000023841858,0.49000000953674316,-0.20999999344348907,0.0,-0.6498477458953857,-0.0999695435166359,0.4199329912662506,0.8397867679595947,-0.36990252137184143,0.0,3.636168956756592,0.6003854274749756,-1.1947120428085327,2.7019360065460205,4.332487106323242,-3.0921401977539062,-8.243857383728027,-3.293696880340576,-14.092164993286133,-2.9316728115081787,-10.1008939743042,-10.767584800720215,0.034266822040081024,0.060819096863269806,-0.3907749354839325,3.0250003337860107,1.8763203620910645,2.179387092590332,0.0,0.0,0.5,0.0,0.0,0.022326210513710976,0.0,0.13594964146614075,8.721572012674061e-20,0.0,0.0,0.0,0.0,1787.314208984375,0.0
4.45,0.2555555999279022,0.9993908172890887,-0.034899775332339046,1.0,0.0,0.0,0.0,0.03326856344938278,0.18063944578170776,0.6109074354171753,-0.21940374374389648,0.22188520431518555,0.43156176805496216,0.46786588430404663,0.9335896372795105,-0.6202064156532288,1.7815223932266235,0.7503995895385742,4.723391532897949,0.11704561859369278,0.15245135128498077,-0.45577216148376465,0.38695287704467773,-0.25913718342781067,-0.07052157074213028,-1.8114959001541138,0.7547896504402161,-1.1561552286148071,0.17844900488853455,0.09382003545761108,-0.2713645398616791,0.4000000059604645,0.05000000074505806,-0.3100000023841858,0.49000000953674316,-0.20999999344348907,0.0,-0.6496955156326294,-0.09993910789489746,0.41986602544784546,0.8395737409591675,-0.36980509757995605,0.0,2.9714064598083496,1.2749881744384766,-3.1240148544311523,2.3932082653045654,0.7092574834823608,8.048550605773926,-8.051861763000488,-3.022846221923828,-14.081902503967285,-2.5014374256134033,-1.3639336824417114,-10.715836524963379,0.03586769849061966,0.07027286291122437,-0.8231178522109985,2.3916375637054443,2.0855913162231445,2.6803839206695557,0.0,0.0,0.5,0.0,0.0,0.016262684017419815,0.0,0.17460231482982635,4.1822461797008485e-20,0.0,0.0,0.0,0.0,1429.3515625,0.0
4.46,0.2666666805744171,0.9945218862340525,-0.10452855017392218,1.0,0.0,0.0,0.0,0.031387411057949066,0.1957942247390747,0.6082731485366821,-0.22719764709472656,0.22781060636043549,0.4811323285102844,0.5111199617385864,0.8707879185676575,-0.7240874767303467,1.6493890285491943,0.06108573079109192,5.071246147155762,0.11792978644371033,0.16003482043743134,-0.5018436908721924,0.3902502954006195,-0.3526216745376587,0.0419573076069355,-1.904410481452942,0.7387238144874573,-1.2419862747192383,0.15386876463890076,0.19917793571949005,-0.4454369843006134,0.4000000059604645,0.05000000074505806,-0.3100000023841858,0.49000000953674316,-0.20999999344348907,0.0,-0.6472684144973755,-0.09945368766784668,0.4187981188297272,0.836175799369812,-0.3682518005371094,0.0,-0.9336383938789368,0.49711570143699646,-5.208187580108643,-0.1078147366642952,-10.000776290893555,10.079614639282227,-8.016107559204102,-0.6992837190628052,-8.72122859954834,-2.0713939666748047,9.991644859313965,-10.529152870178223,0.03562934696674347,0.07355709373950958,-0.9474583268165588,1.8157413005828857,2.3237552642822266,3.136681079864502,0.0,0.0,0.5,0.0,0.0,0.012849388644099236,0.0,0.21941496431827545,4.592310530166514e-23,0.0,0.0,0.0,0.0,1263.8740234375,0.0
4.47,0.2777778208255768,0.9848077060442821,-0.1736484440350642,1.0,0.0,0.0,0.0,0.02981138601899147,0.21074390411376953,0.6045334339141846,-0.23719024658203125,0.23184768855571747,0.5339913368225098,0.5321351885795593,0.7903955578804016,-0.8489453792572021,1.5255546569824219,0.27285006642341614,5.332449436187744,0.11804269254207611,0.15977707505226135,-0.5505438446998596,0.3922264873981476,-0.45075398683547974,0.15046975016593933,-1.9871574640274048,0.7229204773902893,-1.345977783203125,0.11579368263483047,0.30560731887817383,-0.5642704367637634,0.4000000059604645,0.05000000074505806,-0.3100000023841858,0.49000000953674316,-0.20999999344348907,0.0,-0.6424615383148193,-0.09849230945110321,0.4166830778121948,0.8294461369514465,-0.36517536640167236,0.0,0.5007886290550232,-0.6025036573410034,-4.761256694793701,0.0712452232837677,-8.858534812927246,10.04695987701416,-8.006532669067383,-1.7864429950714111,-10.784551620483398,-4.017745018005371,10.035250663757324,-10.114480972290039,0.03476987034082413,0.07374665886163712,-1.032085657119751,1.6377334594726562,2.68766450881958,2.9848785400390625,0.0,0.0,0.5,0.0,0.0,0.009707916527986526,0.0,0.28607088327407837,2.002896021421739e-25,0.0,0.0,0.0,0.0,459.7508239746094,0.0
4.48,0.28888893127441406,0.9702956618482643,-0.24192215400504158,1.0,0.0,1.0,0.0,0.02860121615231037,0.2253132313489914,0.5998271703720093,-0.24911212921142578,0.23369766771793365,0.5890846252441406,0.5512769818305969,0.7061192989349365,-0.9275753498077393,1.530609130859375,-0.056504398584365845,5.672026634216309,0.11879801750183105,0.1505773961544037,-0.5797362327575684,0.3852105438709259,-0.4742441475391388,0.05615997686982155,-2.067997455596924,0.7039557099342346,-1.4641048908233643,0.06411539018154144,0.4135426878929138,-0.6840853095054626,0.4000000059604645,0.05000000074505806,-0.3100000023841858,0.49000000953674316,-0.20999999344348907,0.0,-0.6353684067726135,-0.09707368910312653,0.4135621190071106,0.8195158243179321,-0.36063575744628906,0.0,0.058120183646678925,-0.39801883697509766,-1.488369107246399,-0.4465320110321045,2.786461114883423,-10.618392944335938,-7.986226558685303,-1.6670969724655151,-11.72607421875,-5.238043308258057,10.056544303894043,-10.119473457336426,0.032768502831459045,0.07099106162786484,-0.9999062418937683,1.3531602621078491,1.7042086124420166,3.3844492435455322,159.07614135742188,0.0,0.5,0.0,0.0,0.007459744811058044,0.0,0.36697277426719666,1.1372462247211077e-28,0.0,0.0,0.0,0.0,731.6038818359375,0.0
4.49,0.30000001192092896,0.9510564931493438,-0.30901706561041653,1.0,0.0,1.0,1.0,0.027444329112768173,0.23922204971313477,0.5945146679878235,-0.2606015205383301,0.2323761284351349,0.6443353891372681,0.5808916091918945,0.7150481939315796,-0.942631185054779,0.914405345916748,0.53113853931427,5.047377109527588,0.12625733017921448,0.14477410912513733,-0.5834452509880066,0.38466671109199524,-0.4469165503978729,-0.07326832413673401,-2.1493844985961914,0.6867751479148865,-1.4660215377807617,0.029435258358716965,0.44869688153266907,-0.7682055830955505,0.4000000059604645,0.05000000074505806,-0.3100000023841858,0.49000000953674316,-0.20999999344348907,0.0,-0.6261271238327026,-0.09522542357444763,0.40949591994285583,0.8065779209136963,-0.354721337556839,0.0,1.4093307256698608,-0.5968594551086426,-0.06999143958091736,-0.06093890592455864,4.758232116699219,-12.032236099243164,-6.665744304656982,-2.575301170349121,3.753563404083252,-3.4206161499023438,1.2053004503250122,-9.297579765319824,0.02916789799928665,0.06907151639461517,-0.8724961280822754,1.4511030912399292,1.2149901390075684,3.1707403659820557,165.23582458496094,448.4041748046875,0.5,0.0,0.0,0.0063024465925991535,0.0,0.3549867570400238,7.444138943570909e-23,0.0,0.0,0.0,0.0,651.9644775390625,0.0
4.5,0.3111111521720886,0.9271837579206039,-0.37460683262352124,1.0,0.0,1.0,1.0,0.025640618056058884,0.2514953017234802,0.5888832211494446,-0.26516199111938477,0.22593143582344055,0.6945328712463379,0.6228333115577698,0.720817506313324,-0.9287567138671875,0.49590450525283813,0.690102219581604,4.683443546295166,0.1336934119462967,0.13955634832382202,-0.5973114967346191,0.37388527393341064,-0.3622424006462097,-0.20021964609622955,-2.222853422164917,0.6638050675392151,-1.450321912765503,-0.0008466971339657903,0.48613157868385315,-0.6760732531547546,0.4000000059604645,0.05000000074505806,-0.3100000023841858,0.49000000953674316,-0.20999999344348907,0.0,-0.6149173974990845,-0.09298348426818848,0.40456366539001465,0.7908843755722046,-0.34754714369773865,0.0,0.6665023565292358,-0.4427446126937866,-1.5874063968658447,-1.3095847368240356,10.229690551757812,-10.535966873168945,-7.107211112976074,-2.285261631011963,-3.2474350929260254,-3.1360714435577393,8.056526184082031,7.274290561676025,0.023459672927856445,0.07001654803752899,-0.7249397039413452,1.5889897346496582,0.949813961982727,2.350153923034668,200.43231201171875,176.96051025390625,0.5,0.0,0.0,0.006354744546115398,0.0,0.3432377874851227,8.867707038813478e-20,0.0,0.0,0.0,0.0,637.9226684570312,0.0
4.51,0.3222222626209259,0.8987939350262757,-0.4383713749322402,1.0,0.0,1.0,1.0,0.02380775660276413,0.26328715682029724,0.583062469959259,-0.2676820755004883,0.21816428005695343,0.7412674427032471,0.6535583138465881,0.7067205905914307,-0.9310291409492493,0.40195488929748535,0.7527724504470825,4.252388954162598,0.14096908271312714,0.14552108943462372,-0.6201058030128479,0.368974894285202,-0.2628105878829956,-0.1856098771095276,-2.307368516921997,0.6344266533851624,-1.4878965616226196,-0.03965821489691734,0.5269553661346436,-0.7747516632080078,0.4000000059604645,0.05000000074505806,-0.3100000023841858,0.49000000953674316,-0.20999999344348907,0.0,-0.6019576787948608,-0.09039153158664703,0.3988613784313202,0.7727407217025757,-0.33925288915634155,0.0,0.5292828679084778,1.1629387140274048,-3.2335164546966553,-0.4015340507030487,10.022867202758789,-0.014908358454704285,-7.833277702331543,-3.204885244369507,-6.815759658813477,-4.347893238067627,7.42608642578125,-9.581313133239746,0.016610030084848404,0.07153280824422836,-0.4745626151561737,1.1978070735931396,0.6646081805229187,2.468074083328247,255.61756896972656,176.6254119873047,0.5,0.0,0.0,0.007014845497906208,0.0,0.35131630301475525,1.9654844999153384e-16,0.0,0.0,0.0,0.0,704.9698486328125,0.0
4.5200000000000005,0.3333333730697632,0.8660252789487355,-0.500000216221718,1.0,0.0,1.0,0.0,0.022586628794670105,0.2751481235027313,0.5772403478622437,-0.2716250419616699,0.21066276729106903,0.7835372686386108,0.6628674268722534,0.6443514823913574,-0.9471748471260071,0.36824947595596313,0.2614249587059021,3.8593928813934326,0.1413058638572693,0.15497583150863647,-0.6421546339988708,0.3618030548095703,-0.16694191098213196,-0.2763516902923584,-2.391275405883789,0.6066179871559143,-1.5677859783172607,-0.07962020486593246,0.6295514702796936,-0.8785842657089233,0.4000000059604645,0.05000000074505806,-0.3100000023841858,0.49000000953674316,-0.20999999344348907,0.0,-0.5874999761581421,-0.08749999105930328,0.39249998331069946,0.7524999380111694,-0.3299999535083771,0.0,-0.48542913794517517,1.211247444152832,-2.9481019973754883,-0.6408295035362244,9.306407928466797,-9.735608100891113,-8.033554077148438,-2.5899288654327393,-8.855002403259277,-3.7693326473236084,10.0385160446167,-9.8551664352417,0.009289838373661041,0.07195517420768738,-0.2203344702720642,1.1505711078643799,0.41220012307167053,2.6489429473876953,263.4394226074219,0.0,0.5,0.0,0.0,0.00807004515081644,0.0,0.413362979888916,1.1546286930036453e-13,0.0,0.0,0.0,0.0,623.8463745117188,0.0
4.53,0.34444448351860046,0.829037435267476,-0.5591931070078792,1.0,0.0,1.0,0.0,0.021927133202552795,0.2872987985610962,0.5713042616844177,-0.2778315544128418,0.2039203643798828,0.8226573467254639,0.6694695949554443,0.5914308428764343,-0.9679938554763794,0.39876314997673035,0.08159077167510986,3.7274370193481445,0.1382599174976349,0.17623521387577057,-0.6728318333625793,0.36624249815940857,-0.07620212435722351,-0.25271087884902954,-2.4740192890167236,0.5846013426780701,-1.6447911262512207,-0.11008811742067337,0.7313683032989502,-0.985579252243042,0.4000000059604645,0.05000000074505806,-0.3100000023841858,0.49000000953674316,-0.20999999344348907,0.0,-0.5718257427215576,-0.08436514437198639,0.38560330867767334,0.7305560111999512,-0.31996846199035645,0.0,-0.40193694829940796,2.6101768016815186,-3.3070175647735596,0.7655988335609436,8.736587524414062,-0.31152841448783875,-8.010056495666504,-2.0197925567626953,-7.508807182312012,-2.8218400478363037,10.010897636413574,-10.022021293640137,0.0018174424767494202,0.07208823412656784,0.05069998279213905,1.0856297016143799,0.27237752079963684,2.747107982635498,219.13681030273438,0.0,0.5,0.0,0.0,0.009298411197960377,0.0,0.46906182169914246,8.550873225633693e-13,0.0,0.0,0.0,0.0,511.0198974609375,0.0
4.54,0.35555559396743774,0.7880106050174339,-0.6156616655112268,1.0,0.0,1.0,0.0,0.02087646722793579,0.2997186779975891,0.5680975317955017,-0.2869277000427246,0.20466935634613037,0.8576856255531311,0.6703320145606995,0.43752437829971313,-0.4252042770385742,1.7564257383346558,-0.5423449277877808,3.098482847213745,0.14581932127475739,0.22480139136314392,-0.7040197849273682,0.41606733202934265,-0.06883257627487183,-0.23365339636802673,-2.557105541229248,0.5669424533843994,-1.7071471214294434,-0.13252519071102142,0.8172592520713806,-1.0124032497406006,0.4000000059604645,0.05000000074505806,-0.3100000023841858,0.49000000953674316,-0.20999999344348907,0.0,-0.5552402138710022,-0.08104804158210754,0.37830567359924316,0.7073363065719604,-0.30935370922088623,0.0,0.48215848207473755,6.440330982208252,-2.0747034549713135,6.588494300842285,-2.982665777206421,8.033076286315918,-8.099788665771484,-1.7120468616485596,-6.260091304779053,-1.9639042615890503,7.143935203552246,-1.606843113899231,-0.0005399584770202637,0.07245580106973648,0.006046045571565628,0.6826481223106384,-0.08011048287153244,3.064418077468872,1673.0384521484375,0.0,0.5,0.0,0.0,0.008509048260748386,0.0,0.6434691548347473,4.581713231033291e-09,0.0,0.0,0.0,0.0,943.1422729492188,0.0
4.55,0.366666704416275,0.7431446667677674,-0.6691307826237142,1.0,0.0,1.0,0.0,0.019894907251000404,0.3124154508113861,0.5684831738471985,-0.3005943298339844,0.21305882930755615,0.8873599171638489,0.6804623603820801,0.3655555248260498,-0.4070703983306885,1.6016342639923096,-0.825355052947998,3.039121150970459,0.1317257434129715,0.27125227451324463,-0.7100163698196411,0.4469890594482422,-0.09178406745195389,-0.2019711583852768,-2.6389777660369873,0.5562537312507629,-1.7769904136657715,-0.15313100814819336,0.7471663951873779,-0.9095976948738098,0.4000000059604645,0.05000000074505806,-0.3100000023841858,0.49000000953674316,-0.20999999344348907,0.0,-0.5380659699440002,-0.07761319726705551,0.37074902653694153,0.6832923889160156,-0.29836222529411316,0.0,-2.187840461730957,3.8131144046783447,-0.024618785828351974,1.921496033668518,-1.2561432123184204,3.3210179805755615,-8.026516914367676,-0.6527074575424194,-7.078719139099121,-2.1934916973114014,-8.756316184997559,10.032472610473633,0.000674080103635788,0.07201985269784927,-0.054530069231987,0.553412139415741,0.02632042206823826,3.025621175765991,244.29812622070312,0.0,0.5,0.0,0.0,0.007741340436041355,0.0,0.7172040343284607,9.49486178569714e-09,0.0,0.0,0.0,0.0,341.41546630859375,0.0
4.5600000000000005,0.3777778446674347,0.6946580681347259,-0.7193400922896837,1.0,0.0,1.0,0.0,0.020007316023111343,0.3248344957828522,0.5689454078674316,-0.31699466705322266,0.2180711179971695,0.916863203048706,0.678741455078125,0.3117366135120392,-0.4067284166812897,1.1983482837677002,-1.0643270015716553,3.132138252258301,0.10542222112417221,0.2988640367984772,-0.7001791000366211,0.45625221729278564,-0.08885572850704193,-0.17040324211120605,-2.722320318222046,0.5550918579101562,-1.8317478895187378,-0.1826729029417038,0.6412040591239929,-0.7787097692489624,0.4000000059604645,0.05000000074505806,-0.3100000023841858,0.49000000953674316,-0.20999999344348907,0.0,-0.5206374526023865,-0.07412749528884888,0.3630805015563965,0.6588924527168274,-0.2872079610824585,0.0,-2.513817071914673,2.013759136199951,2.0897274017333984,0.669580340385437,0.42670267820358276,5.219302177429199,-8.101459503173828,0.4676637053489685,-5.317294597625732,-2.982283353805542,-10.087486267089844,10.261220932006836,0.0007741525769233704,0.06900687515735626,-0.07811598479747772,0.20955507457256317,0.22339044511318207,3.328947067260742,173.02980041503906,0.0,0.5,0.0,0.0,0.007912864908576012,0.0,0.7723971605300903,3.0122435656920743e-09,0.0,0.0,0.0,0.0,572.685791015625,0.0
4.57,0.3888889253139496,0.6427874343654499,-0.7660445902308053,1.0,0.0,1.0,0.0,0.020720738917589188,0.3360651731491089,0.5690132975578308,-0.3316068649291992,0.21863240003585815,0.946014404296875,0.6704323887825012,0.2640831768512726,-0.4206697344779968,0.821557879447937,-0.736367404460907,3.036215305328369,0.09206236153841019,0.3171482980251312,-0.6864789128303528,0.47520649433135986,-0.09907698631286621,-0.16137462854385376,-2.775521993637085,0.5623433589935303,-1.9069840908050537,-0.2174774706363678,0.5345599055290222,-0.6626663208007812,0.4000000059604645,0.05000000074505806,-0.3100000023841858,0.49000000953674316,-0.20999999344348907,0.0,-0.5032939314842224,-0.07065878808498383,0.3554493188858032,0.6346114873886108,-0.2761080861091614,0.0,-0.9283088445663452,1.5062297582626343,1.4565500020980835,2.438758373260498,-4.648386001586914,0.32386159896850586,-4.925699710845947,1.188146710395813,-7.192063331604004,-3.5914764404296875,-10.055801391601562,10.09670639038086,0.001102592796087265,0.0647335946559906,-0.12444408237934113,-0.08455730229616165,0.2763134241104126,3.730238676071167,171.80274963378906,0.0,0.5,0.0,0.0,0.007658600341528654,0.0,0.8207191824913025,9.836103487259606e-09,0.0,0.0,0.0,0.0,506.51934814453125,0.0
4.58,0.40000003576278687,0.587785070502928,-0.8090171264527519,1.0,0.0,1.0,0.0,0.021703338250517845,0.3463243246078491,0.568821370601654,-0.3441462516784668,0.21575258672237396,0.9756453037261963,0.6702635288238525,0.2532244622707367,-0.4152289628982544,0.5767834186553955,-0.44244468212127686,2.9046547412872314,0.08746841549873352,0.3258494734764099,-0.6722069382667542,0.4919035732746124,-0.10096327215433121,-0.15178297460079193,-2.805262565612793,0.5679903626441956,-1.9389017820358276,-0.2431965321302414,0.4434759318828583,-0.5304889678955078,0.4000000059604645,0.05000000074505806,-0.3100000023841858,0.49000000953674316,-0.20999999344348907,0.0,-0.48637279868125916,-0.0672745630145073,0.3480040431022644,0.6109219193458557,-0.26527857780456543,0.0,0.3244384825229645,0.18877428770065308,2.462796926498413,1.543100118637085,0.3017922639846802,6.676355838775635,-2.2840373516082764,-0.5943454504013062,-2.750706195831299,-2.8630547523498535,-10.073260307312012,10.169849395751953,0.0013253241777420044,0.06345837563276291,-0.15455344319343567,0.41758856177330017,0.7938013076782227,3.068652868270874,211.4219512939453,0.0,0.5,0.0,0.0,0.007322239223867655,0.0,0.8300871849060059,4.6956763810612756e-08,0.0,0.0,0.0,0.0,636.0235595703125,0.0
4.59,0.41111117601394653,0.5299189184020798,-0.848048312255599,1.0,0.0,1.0,0.0,0.023367444053292274,0.35488155484199524,0.5682867765426636,-0.35246849060058594,0.20640403032302856,1.006235122680664,0.6797011494636536,0.21369081735610962,-0.3654492497444153,-0.2329787015914917,-0.1120041012763977,3.1669743061065674,0.09214653819799423,0.32106196880340576,-0.6694838404655457,0.5047316551208496,-0.09596118330955505,-0.14816993474960327,-2.806440591812134,0.5753037333488464,-1.9905037879943848,-0.2773323357105255,0.338799387216568,-0.4437846541404724,0.4000000059604645,0.05000000074505806,-0.3100000023841858,0.49000000953674316,-0.20999999344348907,0.0,-0.4702035188674927,-0.06404070556163788,0.3408895432949066,0.588284969329834,-0.2549302577972412,0.0,0.47294485569000244,-1.0879656076431274,0.4993096590042114,0.9644855856895447,1.8661558628082275,8.071375846862793,-0.11531548202037811,1.8459465503692627,-4.997231483459473,-3.7769172191619873,-10.028876304626465,6.47347354888916,0.0009398907423019409,0.06299888342618942,-0.2235838621854782,-0.2837924361228943,0.9193097352981567,3.5836362838745117,230.54432678222656,0.0,0.5,0.0,0.0,0.0072084227576851845,0.0,0.8556339740753174,1.942185301473387e-09,0.0,0.0,0.0,0.0,679.0833740234375,0.0
4.6000000000000005,0.4222222566604614,0.46947137173205644,-0.882947694444026,1.0,0.0,1.0,0.0,0.026260368525981903,0.3621668219566345,0.5679541230201721,-0.35939645767211914,0.19046425819396973,1.039678692817688,0.6991247534751892,0.17230409383773804,-0.20865915715694427,-0.2770680785179138,-0.0970197468996048,3.07259464263916,0.09530151635408401,0.3133440911769867,-0.6726721525192261,0.5212888121604919,-0.088908351957798,-0.16295847296714783,-2.7989251613616943,0.5945892333984375,-2.024146556854248,-0.3220020830631256,0.2322172373533249,-0.3062742054462433,0.4000000059604645,0.05000000074505806,-0.3100000023841858,0.49000000953674316,-0.20999999344348907,0.0,-0.4551008343696594,-0.06102016940712929,0.33424437046051025,0.5671411752700806,-0.24526453018188477,0.0,0.4454592168331146,2.1368484497070312,-2.8384764194488525,5.127926826477051,-3.6070261001586914,5.422740936279297,1.1427849531173706,1.8641546964645386,-2.388502359390259,-4.102717399597168,-10.101369857788086,10.326193809509277,-0.00023969635367393494,0.059883520007133484,0.0034106618259102106,-0.7059019804000854,-0.057732291519641876,3.344133138656616,1497.350341796875,0.0,0.5,0.0,0.0,0.0078342380002141,0.0,0.8705077171325684,6.306558386626193e-09,0.0,0.0,0.0,0.0,1303.29296875,0.0
4.61,0.4333333671092987,0.4067364492025809,-0.9135455439604947,1.0,0.0,1.0,0.0,0.029742583632469177,0.36876311898231506,0.5691789388656616,-0.36582136154174805,0.17362762987613678,1.0730462074279785,0.7239468693733215,0.10037729144096375,-0.09819340705871582,-0.6194990873336792,0.010474085807800293,3.2172036170959473,0.0899384543299675,0.3171462118625641,-0.6948980689048767,0.5446611642837524,-0.10306065529584885,-0.15826939046382904,-2.786094903945923,0.6116512417793274,-2.026634693145752,-0.3626798391342163,0.12186209112405777,-0.1267353743314743,0.4000000059604645,0.05000000074505806,-0.3100000023841858,0.49000000953674316,-0.20999999344348907,0.0,-0.44135862588882446,-0.05827172473073006,0.32819777727127075,0.5479020476341248,-0.23646950721740723,0.0,-0.7118421196937561,0.2093098908662796,-2.383655548095703,2.2262957096099854,-1.8789862394332886,3.002324104309082,1.4349290132522583,1.6132981777191162,0.8270075917243958,-3.8244030475616455,-10.100447654724121,10.596308708190918,-0.0001995190978050232,0.05888669937849045,-0.02279987372457981,-0.6828785538673401,0.012117261067032814,2.645681619644165,602.119140625,0.0,0.5,0.0,0.0,0.008801142685115337,0.0,0.8865164518356323,1.0227221292069544e-09,0.0,0.0,0.0,0.0,1229.291748046875,0.0
4.62,0.4444445073604584,0.3420197718529573,-0.9396927559908351,1.0,0.0,1.0,0.0,0.03450705111026764,0.3747496008872986,0.5713932514190674,-0.373201847076416,0.15206170082092285,1.1110037565231323,0.7313745617866516,0.01870087720453739,-0.0029102489352226257,-0.9617304801940918,-0.15684863924980164,3.804597854614258,0.0796758309006691,0.30846497416496277,-0.7131335139274597,0.5585234761238098,-0.1145172193646431,-0.1571778506040573,-2.782531499862671,0.627951979637146,-1.9670771360397339,-0.39023780822753906,0.01047736220061779,0.07003190368413925,0.4000000059604645,0.05000000074505806,-0.3100000023841858,0.49000000953674316,-0.20999999344348907,0.0,-0.42924439907073975,-0.055848877876996994,0.3228675425052643,0.5309421420097351,-0.2287164032459259,0.0,-0.8786768913269043,-1.465306043624878,-1.4576201438903809,1.405613660812378,-1.7831010818481445,1.4280692338943481,0.8852442502975464,1.6376270055770874,7.578810214996338,-2.305420398712158,-10.094282150268555,10.751537322998047,-0.00019228458404541016,0.059851959347724915,-0.10452501475811005,-0.3382718861103058,0.12245186418294907,1.5531165599822998,490.623046875,0.0,0.5,0.0,0.0,0.010932340286672115,0.0,0.8978360891342163,2.6742689551544074e-13,0.0,0.0,0.0,0.0,1457.5205078125,0.0
4.63,0.45555561780929565,0.2756369798177498,-0.9612618037542893,1.0,0.0,1.0,0.0,0.040565863251686096,0.3801782727241516,0.5742276906967163,-0.3809957504272461,0.12503524124622345,1.1550800800323486,0.7333774566650391,-0.06928715109825134,0.05115688592195511,-1.2071876525878906,-0.1898491382598877,4.414977073669434,0.06973940134048462,0.2902226150035858,-0.7311281561851501,0.5686260461807251,-0.1238998994231224,-0.15834274888038635,-2.7759788036346436,0.6422301530838013,-1.8746901750564575,-0.4092700779438019,-0.09605737030506134,0.267900675535202,0.4000000059604645,0.05000000074505806,-0.3100000023841858,0.49000000953674316,-0.20999999344348907,0.0,-0.41899392008781433,-0.05379878729581833,0.31835731863975525,0.516591489315033,-0.2221561074256897,0.0,-0.906076967716217,-2.1552734375,-1.5217512845993042,0.7475735545158386,-0.46344172954559326,3.4614696502685547,0.9062803983688354,1.3927239179611206,10.279319763183594,-1.691409945487976,-10.070158004760742,10.763284683227539,-0.00018417835235595703,0.06353666633367538,0.0020018734503537416,0.18889065086841583,0.17913123965263367,0.8836100697517395,374.41033935546875,0.0,0.5,0.0,0.0,0.014443415217101574,0.0,0.8882238864898682,1.1733930874701572e-17,0.0,0.0,0.0,0.0,1380.490966796875,0.0
4.64,0.46666669845581055,0.20791149544540807,-0.9781476422614606,1.0,0.0,1.0,0.0,0.04784741997718811,0.3853510320186615,0.5774897933006287,-0.38907337188720703,0.09247716516256332,1.2068910598754883,0.7281611561775208,-0.16742053627967834,0.07744409888982773,-1.416215419769287,-0.27544084191322327,5.0827131271362305,0.062058862298727036,0.2667970061302185,-0.7496649622917175,0.5782821178436279,-0.13086116313934326,-0.16173209249973297,-2.8110358715057373,0.6569660902023315,-1.7506301403045654,-0.42410531640052795,-0.15145455300807953,0.4659917950630188,0.4000000059604645,0.05000000074505806,-0.3100000023841858,0.49000000953674316,-0.20999999344348907,0.0,-0.410806804895401,-0.052161358296871185,0.31475499272346497,0.5051295161247253,-0.21691633760929108,0.0,-0.5344993472099304,-2.634291410446167,-1.5547606945037842,0.8790985345840454,-1.0637608766555786,1.0825717449188232,-3.6118645668029785,1.5203053951263428,12.713566780090332,-1.193878412246704,-3.859598159790039,10.768898963928223,-0.0001824796199798584,0.07043356448411942,0.15400710701942444,0.8953965306282043,0.14837144315242767,0.7620144486427307,328.8330078125,0.0,0.5,0.0,0.0,0.01993359439074993,0.0,0.8519952893257141,3.6382807685095857e-23,0.0,0.0,0.0,0.0,1265.8995361328125,0.0
4.65,0.4777778387069702,0.13917272185631818,-0.9902681220210533,1.0,0.0,1.0,0.0,0.05609724298119545,0.38999274373054504,0.5811306238174438,-0.39477109909057617,0.05716259032487869,1.260108470916748,0.7234399318695068,-0.2666107416152954,0.1274026781320572,-1.5613393783569336,-0.19836753606796265,4.976207256317139,0.055643875151872635,0.2372048944234848,-0.7705176472663879,0.5857924222946167,-0.13887867331504822,-0.16788600385189056,-2.8114075660705566,0.6725788712501526,-1.6670345067977905,-0.4376521706581116,-0.1422996073961258,0.6167370676994324,0.4000000059604645,0.05000000074505806,-0.3100000023841858,0.49000000953674316,-0.20999999344348907,0.0,-0.4048422574996948,-0.05096845328807831,0.3121306002140045,0.4967791736125946,-0.21309903264045715,0.0,-0.7005051374435425,-3.4315736293792725,-1.9333511590957642,0.20909076929092407,-1.7064695358276367,-4.458008766174316,-0.5296725630760193,1.738048791885376,8.934080123901367,-1.2833380699157715,1.1226775646209717,10.384102821350098,-0.0001801624894142151,0.0794113427400589,0.12062005698680878,1.1341447830200195,0.051037777215242386,0.7760832905769348,406.4381408691406,0.0,0.5,0.0,0.0,0.02859247662127018,0.0,0.7850456833839417,3.100600748575634e-22,0.0,0.0,0.0,0.0,792.71728515625,0.0
4.66,0.4888889491558075,0.0697560959983196,-0.9975640766743122,1.0,1.0,1.0,0.0,0.06493164598941803,0.3942432701587677,0.5852546095848083,-0.3976101875305176,0.021607235074043274,1.3119301795959473,0.7167573571205139,-0.35031986236572266,0.16509120166301727,-1.5279271602630615,-0.003202497959136963,4.673640251159668,0.049271322786808014,0.1981160044670105,-0.7901368141174316,0.583661675453186,-0.14518684148788452,-0.17708830535411835,-2.809180974960327,0.6912708878517151,-1.5826458930969238,-0.45089441537857056,-0.0880105197429657,0.5103907585144043,0.4000000059604645,0.05000000074505806,-0.3100000023841858,0.49000000953674316,-0.20999999344348907,0.0,-0.4000000059604645,-0.05000000074505806,0.3100000023841858,0.49000000953674316,-0.20999999344348907,0.0,-0.40794265270233154,-4.15461540222168,-2.4626080989837646,-1.017049789428711,0.19183725118637085,-3.803781509399414,0.4016411006450653,2.0354807376861572,7.400756359100342,-1.1440144777297974,5.342281818389893,-10.024547576904297,-0.00017946958541870117,0.08820558339357376,0.0008775495807640254,1.2543944120407104,0.27007564902305603,1.0366264581680298,418.7061462402344,0.0,0.5,0.0,0.0,0.000730601605027914,0.0,0.7121864557266235,1.0653372200169816e-19,0.0,0.0,0.0,0.0,270.48779296875,0.0
4.67,0.5000000596046448,-3.7450702837747515e-07,-0.9999999999999298,1.0,1.0,1.0,0.0,0.07357469946146011,0.3978476822376251,0.5892881155014038,-0.39551210403442383,-0.010981082916259766,1.3604151010513306,0.6993171572685242,-0.4251413941383362,0.1502230018377304,-1.2693675756454468,0.34416210651397705,4.358721733093262,0.05419439077377319,0.16196483373641968,-0.8107869625091553,0.582703173160553,-0.1580449938774109,-0.1870853304862976,-2.809221029281616,0.706241250038147,-1.5340617895126343,-0.45793941617012024,0.013559923507273197,0.35973045229911804,0.4000000059604645,0.05000000074505806,-0.3100000023841858,0.49000000953674316,-0.20999999344348907,0.0,-0.4000000059604645,-0.05000000074505806,0.3100000023841858,0.49000000953674316,-0.20999999344348907,0.0,0.7392224669456482,-3.3486547470092773,-1.7263364791870117,0.1299581080675125,-1.3302733898162842,-0.8347153663635254,-2.2209067344665527,1.0990699529647827,4.895399570465088,-0.3125416040420532,10.002742767333984,-10.39443302154541,0.00040947645902633667,0.0983632281422615,0.06989061087369919,1.6786813735961914,0.012488876469433308,1.3542475700378418,315.2800598144531,0.0,0.5,0.0,0.0,0.0006760280812159181,0.0,0.6434280872344971,3.1488472975235767e-17,0.0,0.0,0.0,0.0,542.982177734375,0.0
4.68,0.5111111998558044,-0.06975702998518378,-0.9975640113635045,1.0,1.0,1.0,0.0,0.08151659369468689,0.4007607400417328,0.5927836894989014,-0.38793182373046875,-0.03717041015625,1.402135968208313,0.6813701391220093,-0.4894682466983795,0.11581070721149445,-0.8631646633148193,0.809137225151062,3.737861156463623,0.06508532911539078,0.1389918178319931,-0.8269800543785095,0.5874459147453308,-0.16565081477165222,-0.18680402636528015,-2.8290488719940186,0.70868319272995,-1.5312955379486084,-0.4523068964481354,0.12395089864730835,0.16139428317546844,0.4000000059604645,0.05000000074505806,-0.3100000023841858,0.49000000953674316,-0.20999999344348907,0.0,-0.4000000059604645,-0.05000000074505806,0.3100000023841858,0.49000000953674316,-0.20999999344348907,0.0,1.4108328819274902,-2.147866725921631,-0.8335590958595276,0.26819610595703125,-1.5156973600387573,-2.660639524459839,-7.212496757507324,-0.1234067752957344,2.5265541076660156,1.0715112686157227,10.064009666442871,-10.778387069702148,0.0009165480732917786,0.11156927794218063,0.44662177562713623,2.017357110977173,-0.34112805128097534,1.8103152513504028,205.81982421875,0.0,0.5,0.0,0.0,0.0005736560560762882,0.0,0.5798715949058533,7.318414537577089e-13,0.0,0.0,0.0,0.0,1289.489501953125,0.0
4.69,0.5222222805023193,-0.1391734635810221,-0.9902680177784505,0.0,1.0,1.0,0.0,0.08844802528619766,0.4024201035499573,0.5951375365257263,-0.3731536865234375,-0.05497264862060547,1.4347422122955322,0.6574574708938599,-0.5390087962150574,0.06313388049602509,-0.36026498675346375,1.5932985544204712,2.8174242973327637,0.08949900418519974,0.12795962393283844,-0.8462587594985962,0.5987790822982788,-0.165733203291893,-0.16366152465343475,-2.8519082069396973,0.6975207924842834,-1.6044163703918457,-0.4432552754878998,0.24379540979862213,-0.034844331443309784,0.36520659923553467,0.04304132238030434,-0.29469090700149536,0.4412892460823059,-0.18773221969604492,0.0,-0.4000000059604645,-0.05000000074505806,0.3100000023841858,0.49000000953674316,-0.20999999344348907,0.0,3.0630264282226562,-1.0628139972686768,-2.054239511489868,0.9822348356246948,-0.4993460178375244,0.2512311339378357,-5.448528289794922,-1.3447426557540894,-7.740344524383545,1.1970255374908447,10.154327392578125,-10.74704360961914,0.0015421807765960693,0.1258147656917572,0.25297901034355164,1.9202046394348145,-0.26236745715141296,2.1553637981414795,261.56402587890625,0.0,0.5,0.0,0.0,0.00031768239568918943,0.0,0.5322475433349609,1.2742228250317567e-07,0.0,0.0,0.0,0.0,1494.9127197265625,0.0
4.7,0.5333333611488342,-0.2079118617685598,-0.9781475643970758,0.0,1.0,1.0,0.0,0.0945146456360817,0.40320348739624023,0.5964679718017578,-0.3539729118347168,-0.06400680541992188,1.4570602178573608,0.6291450262069702,-0.5808337926864624,0.007794797420501709,0.09670817106962204,1.8732941150665283,1.7792060375213623,0.1190759539604187,0.12259989976882935,-0.8726726174354553,0.6091521382331848,-0.17394006252288818,-0.15337257087230682,-2.903217077255249,0.6789131164550781,-1.7060301303863525,-0.4418620765209198,0.3649205267429352,-0.22968833148479462,0.3480220139026642,0.03960439935326576,-0.287129670381546,0.4172308146953583,-0.1767340749502182,0.0,-0.4000000059604645,-0.05000000074505806,0.3100000023841858,0.49000000953674316,-0.20999999344348907,0.0,2.804391384124756,-0.25440916419029236,-2.963430166244507,0.8128355145454407,-0.5236918926239014,0.04626065492630005,-5.532480716705322,-1.8589134216308594,-11.391886711120605,0.1239062249660492,10.205280303955078,-10.730247497558594,0.002280633896589279,0.13850590586662292,0.09738639742136002,1.5153782367706299,-0.22642695903778076,1.937278151512146,277.14306640625,0.0,0.5,0.0,0.0,0.000440107483882457,0.0,0.4925827980041504,0.0017799889901652932,0.0,0.0,0.0,0.0,1563.3463134765625,0.0
4.71,0.5444445013999939,-0.2756376998162753,-0.9612615972980473,0.0,1.0,1.0,0.0,0.10003414005041122,0.40326565504074097,0.5970316529273987,-0.3320274353027344,-0.0667119026184082,1.4714010953903198,0.6025099158287048,-0.6152781844139099,-0.021466851234436035,0.32538819313049316,2.244908094406128,1.2705475091934204,0.15353456139564514,0.12325254082679749,-0.9068093299865723,0.6203055381774902,-0.18567800521850586,-0.14152249693870544,-2.956428050994873,0.666560173034668,-1.8199992179870605,-0.43906447291374207,0.47919297218322754,-0.42351335287094116,0.3310905694961548,0.03621811419725418,-0.2796798348426819,0.3935267925262451,-0.16589795053005219,0.0,-0.4000000059604645,-0.05000000074505806,0.3100000023841858,0.49000000953674316,-0.20999999344348907,0.0,3.6944797039031982,0.2500050663948059,-3.7476022243499756,0.9915454387664795,-0.3734971284866333,0.09937143325805664,-5.235024452209473,-0.9104903936386108,-12.01927375793457,0.23461277782917023,10.201330184936523,-10.722052574157715,0.0033780597150325775,0.1477261185646057,0.024282384663820267,1.1252992153167725,-0.08446091413497925,1.3297719955444336,294.0252380371094,0.0,0.5,0.0,0.0,0.0006536082364618778,0.0,0.4592543840408325,0.03961363807320595,0.0,0.0,0.0,0.0,1347.4404296875,0.0
4.72,0.5555556416511536,-0.3420206516566609,-0.9396924357684023,0.0,1.0,1.0,0.0,0.10558787733316422,0.40253615379333496,0.5971640348434448,-0.3076610565185547,-0.06662607192993164,1.4813528060913086,0.577718198299408,-0.6569738388061523,-0.02523815631866455,0.3418954908847809,2.493187427520752,0.9725469350814819,0.19022415578365326,0.12171851843595505,-0.945075273513794,0.6230165362358093,-0.20075520873069763,-0.14850154519081116,-3.002091407775879,0.6633635759353638,-1.9203402996063232,-0.43696320056915283,0.5495306849479675,-0.6164720058441162,0.314494788646698,0.03289895877242088,-0.27237769961357117,0.3702927231788635,-0.15527665615081787,0.0,-0.4000000059604645,-0.05000000074505806,0.3100000023841858,0.49000000953674316,-0.20999999344348907,0.0,3.8790290355682373,-0.21659226715564728,-4.068014144897461,-0.049679119139909744,-0.8342468738555908,-1.9400027990341187,-3.818434953689575,-0.058860357850790024,-10.12613296508789,-0.05743756890296936,5.460227966308594,-10.70159912109375,0.004170548170804977,0.15234890580177307,-0.011993542313575745,0.7046123743057251,0.016481954604387283,0.6604017615318298,329.1522216796875,0.0,0.5,0.0,0.0,0.0010268703335896134,0.0,0.4167329967021942,0.150815948843956,0.0,0.0,0.0,0.0,1074.939208984375,0.0
4.73,0.5666667222976685,-0.4067369623963569,-0.9135453154718622,0.0,1.0,1.0,0.0,0.1113886833190918,0.40147271752357483,0.5971814393997192,-0.2832484245300293,-0.06480169296264648,1.4871429204940796,0.5500922799110413,-0.6903829574584961,-0.027838721871376038,0.3626860976219177,2.3423237800598145,0.5380556583404541,0.22513039410114288,0.11383042484521866,-0.9776342511177063,0.6153619885444641,-0.22105583548545837,-0.17848031222820282,-3.0145986080169678,0.6642717123031616,-2.0110323429107666,-0.4341002404689789,0.4540782570838928,-0.754055380821228,0.29831576347351074,0.029663152992725372,-0.26525893807411194,0.34764206409454346,-0.14492207765579224,0.0,-0.4000000059604645,-0.05000000074505806,0.3100000023841858,0.49000000953674316,-0.20999999344348907,0.0,3.4149789810180664,-0.986404538154602,-3.0139589309692383,-1.0288997888565063,-2.0898027420043945,-4.279307842254639,-0.561140775680542,0.13519126176834106,-8.523110389709473,-0.09453144669532776,-9.852029800415039,-10.261260986328125,0.004516854882240295,0.15364962816238403,-0.05032426118850708,0.42134442925453186,0.024489302188158035,0.3120288848876953,290.8917541503906,0.0,0.5,0.0,0.0,0.0016297941328957677,0.0,0.383553683757782,0.5604541301727295,0.0,0.0,0.0,0.0,557.8220825195312,0.0
4.74,0.5777778625488281,-0.4694720330721589,-0.8829473428031218,0.0,1.0,1.0,0.0,0.11739951372146606,0.4011661112308502,0.5974286794662476,-0.2634158134460449,-0.061266422271728516,1.4883933067321777,0.5194939374923706,-0.7101203203201294,-0.021732822060585022,0.3925589919090271,1.738486647605896,-0.008608415722846985,0.2484429031610489,0.10099578648805618,-0.9975112676620483,0.5981711745262146,-0.227803573012352,-0.21006976068019867,-3.0167744159698486,0.6654573082923889,-2.0736520290374756,-0.4408998191356659,0.34756410121917725,-0.640023410320282,0.2826319634914398,0.026526393368840218,-0.25835806131362915,0.3256847560405731,-0.13488444685935974,0.0,-0.4000000059604645,-0.05000000074505806,0.3100000023841858,0.49000000953674316,-0.20999999344348907,0.0,1.7865605354309082,-1.3190032243728638,-1.4818555116653442,-1.775339126586914,-0.1517944633960724,-2.269207715988159,0.49989867210388184,0.39499127864837646,-5.234205722808838,-0.5297999978065491,-10.053658485412598,10.098142623901367,0.004494503140449524,0.15210101008415222,-0.008682030253112316,0.23932860791683197,0.01667051576077938,-0.0977887287735939,264.6731872558594,0.0,0.5,0.0,0.0,0.0023976636584848166,0.0,0.3644734025001526,0.9998518228530884,0.0,0.0,0.0,0.0,307.4704284667969,0.0
4.75,0.588888943195343,-0.5299195536020376,-0.8480479153386424,0.0,1.0,1.0,0.0,0.1237691342830658,0.40128934383392334,0.5977568626403809,-0.24656105041503906,-0.057885169982910156,1.4874155521392822,0.4970356523990631,-0.7221847772598267,-0.027472153306007385,0.23806682229042053,1.663449764251709,-0.03483334183692932,0.2691921293735504,0.09149977564811707,-1.0131171941757202,0.5904732942581177,-0.23860841989517212,-0.21401572227478027,-3.0108485221862793,0.674482524394989,-2.1129531860351562,-0.4428810775279999,0.23952269554138184,-0.4889865815639496,0.26752007007598877,0.023504016920924187,-0.25170883536338806,0.3045281171798706,-0.12521284818649292,0.0,-0.4000000059604645,-0.05000000074505806,0.3100000023841858,0.49000000953674316,-0.20999999344348907,0.0,2.126042604446411,-0.9065777063369751,-1.6884135007858276,-0.541929304599762,-0.7784789800643921,0.13959021866321564,0.9681581854820251,1.3174693584442139,-3.197784423828125,-0.0015774937346577644,-10.081949234008789,10.374834060668945,0.005075044929981232,0.14716389775276184,0.005706717260181904,-0.046018168330192566,-0.009778634645044804,-0.3882361650466919,223.66880798339844,0.0,0.5,0.0,0.0,0.003339812159538269,0.0,0.35235390067100525,0.9975762367248535,0.0,0.0,0.0,0.0,628.0552368164062,0.0
4.76,0.6000000238418579,-0.5877853734854867,-0.8090169063230552,0.0,1.0,1.0,0.0,0.13089752197265625,0.4017159938812256,0.5980658531188965,-0.2321305274963379,-0.05619049072265625,1.4850482940673828,0.4699399471282959,-0.7439780831336975,-0.04989822953939438,0.01875971630215645,1.3618130683898926,-0.31421107053756714,0.2862054109573364,0.07493598014116287,-1.0175185203552246,0.5775792598724365,-0.24150796234607697,-0.22377292811870575,-3.014927625656128,0.6898801922798157,-2.1264312267303467,-0.44444048404693604,0.13720917701721191,-0.322556734085083,0.25305360555648804,0.02061072364449501,-0.24534359574317932,0.2842750549316406,-0.11595430970191956,0.0,-0.4000000059604645,-0.05000000074505806,0.3100000023841858,0.49000000953674316,-0.20999999344348907,0.0,1.5948758125305176,-1.886419415473938,-0.1686563491821289,-1.3107198476791382,-0.21003597974777222,-1.303879737854004,1.8470553159713745,1.8263708353042603,-2.7728734016418457,0.17290470004081726,-10.02914810180664,10.494606971740723,0.00498146191239357,0.140153169631958,0.07140596210956573,-0.15286853909492493,-0.05958893522620201,-0.5025621652603149,153.99539184570312,0.0,0.5,0.0,0.0,0.004417387302964926,0.0,0.3299500346183777,0.8208153247833252,0.0,0.0,0.0,0.0,638.1585083007812,0.0
4.7700000000000005,0.6111111640930176,-0.642787864698973,-0.7660442291380668,0.0,1.0,1.0,0.0,0.13845781981945038,0.40246158838272095,0.5981351137161255,-0.2200794219970703,-0.0553736686706543,1.4817922115325928,0.44066810607910156,-0.7540030479431152,-0.08312969654798508,-0.049658022820949554,1.200608730316162,-0.32233235239982605,0.3016454875469208,0.06319814920425415,-1.0201953649520874,0.5749179720878601,-0.23161530494689941,-0.19134579598903656,-2.9935262203216553,0.7039779424667358,-2.1296608448028564,-0.44376298785209656,0.033778488636016846,-0.13993972539901733,0.23930302262306213,0.01786060258746147,-0.23929333686828613,0.26502424478530884,-0.10715392976999283,0.0,-0.4000000059604645,-0.05000000074505806,0.3100000023841858,0.49000000953674316,-0.20999999344348907,0.0,1.9116880893707275,-1.2148323059082031,-0.026707403361797333,0.03161220625042915,0.4671808183193207,0.7605111598968506,7.439957618713379,1.5327125787734985,-3.8923141956329346,0.6346341371536255,-10.033801078796387,10.628521919250488,0.005066592246294022,0.13226893544197083,0.1545458436012268,-0.14490847289562225,-0.09739319235086441,-0.8820940256118774,215.5041046142578,0.0,0.5,0.0,0.0,0.005567116662859917,0.0,0.31851625442504883,0.8123725652694702,0.0,0.0,0.0,0.0,967.95947265625,0.0
4.78,0.6222223043441772,-0.6946587416292223,-0.7193394419035465,0.0,1.0,1.0,0.0,0.14678806066513062,0.4036218523979187,0.5980978012084961,-0.21079349517822266,-0.056777000427246094,1.4797300100326538,0.41576939821243286,-0.7754455208778381,-0.10463008284568787,-0.27883678674697876,0.8968502879142761,-0.3009951114654541,0.31865155696868896,0.04790205508470535,-1.0169103145599365,0.5776458382606506,-0.23899689316749573,-0.1876777559518814,-2.9907753467559814,0.7211436033248901,-2.0965235233306885,-0.43871793150901794,-0.06268301606178284,0.03852549195289612,0.2263353168964386,0.015267062932252884,-0.23358753323554993,0.24686944484710693,-0.09885459393262863,0.0,-0.4000000059604645,-0.05000000074505806,0.3100000023841858,0.49000000953674316,-0.20999999344348907,0.0,1.7998087406158447,-1.6907777786254883,0.4934806227684021,0.3967796266078949,-0.84930819272995,0.03833818435668945,7.983426570892334,2.0924792289733887,-4.078780174255371,1.2392544746398926,-9.362603187561035,10.60986042022705,0.005300164222717285,0.12405616790056229,0.1572883129119873,-0.044192977249622345,-0.12861421704292297,-0.965124249458313,182.6356658935547,0.0,0.5,0.0,0.0,0.006588473916053772,0.0,0.296170175075531,0.8342717885971069,0.0,0.0,0.0,0.0,1137.144775390625,0.0
4.79,0.6333334445953369,-0.743145293252894,-0.669130086841169,0.0,1.0,1.0,0.0,0.15606288611888885,0.4047684669494629,0.597879946231842,-0.2023944854736328,-0.0612950325012207,1.4794586896896362,0.39876657724380493,-0.7996483445167542,-0.13144086301326752,-0.5953704118728638,0.8762310147285461,0.07523808628320694,0.3392302393913269,0.031214961782097816,-1.0244454145431519,0.5877217650413513,-0.26137417554855347,-0.18829677999019623,-2.970130681991577,0.7420905828475952,-2.077871084213257,-0.43129581212997437,-0.14112985134124756,0.22474759817123413,0.21421365439891815,0.012842729687690735,-0.22825400531291962,0.2298991084098816,-0.09109672904014587,0.0,-0.4000000059604645,-0.05000000074505806,0.3100000023841858,0.49000000953674316,-0.20999999344348907,0.0,2.312723398208618,-1.8073209524154663,-1.0344475507736206,1.0728732347488403,-2.0981087684631348,-0.0011163800954818726,8.014728546142578,2.3634746074676514,-3.8733880519866943,1.0971213579177856,-6.709301471710205,10.655049324035645,0.006050858646631241,0.11641664057970047,0.09295675903558731,0.10665183514356613,-0.08348368853330612,-1.0499998331069946,200.5043487548828,0.0,0.5,0.0,0.0,0.007532069925218821,0.0,0.2727031707763672,0.9887422919273376,0.0,0.0,0.0,0.0,1264.621337890625,0.0
4.8,0.6444445252418518,-0.7880110661564543,-0.6156610752800346,0.0,1.0,1.0,0.0,0.16609439253807068,0.4059886634349823,0.5973960161209106,-0.19497346878051758,-0.06804132461547852,1.4816746711730957,0.3731578588485718,-0.826572597026825,-0.17878331243991852,-0.6595291495323181,0.6850897073745728,0.28764426708221436,0.3610818386077881,0.014535943977534771,-1.03144109249115,0.5998970866203308,-0.26723313331604004,-0.1754348874092102,-2.9501078128814697,0.7598423361778259,-2.0518851280212402,-0.4292312264442444,-0.13189923763275146,0.42508992552757263,0.20299725234508514,0.010599449276924133,-0.22331878542900085,0.21419614553451538,-0.08391822874546051,0.0,-0.4000000059604645,-0.05000000074505806,0.3100000023841858,0.49000000953674316,-0.20999999344348907,0.0,2.2645981311798096,-1.604891300201416,-0.5411089658737183,1.3203506469726562,0.16753427684307098,1.8191403150558472,8.042074203491211,1.7016494274139404,-3.284451723098755,0.5873998403549194,0.9525149464607239,10.785721778869629,0.00642230361700058,0.11011167615652084,0.22396497428417206,0.5114692449569702,-0.16343934834003448,-1.0575026273727417,190.95045471191406,0.0,0.5,0.0,0.0,0.008305097930133343,0.0,0.24693694710731506,0.8474881649017334,0.0,0.0,0.0,0.0,1332.76123046875,0.0
4.8100000000000005,0.6555556058883667,-0.829037749399968,-0.5591926412872722,0.0,1.0,1.0,0.0,0.17691408097743988,0.4073481261730194,0.5966705083847046,-0.18864822387695312,-0.07710695266723633,1.4873626232147217,0.3519675135612488,-0.8604708909988403,-0.21316954493522644,-0.868074357509613,0.5658132433891296,0.7228055000305176,0.3884730041027069,-0.006122709717601538,-1.0390986204147339,0.6138473153114319,-0.28805992007255554,-0.1836538314819336,-2.923248767852783,0.7800600528717041,-2.0134191513061523,-0.42224428057670593,-0.12311817705631256,0.5777324438095093,0.1927405446767807,0.008548106998205185,-0.21880584955215454,0.19983676075935364,-0.07735393941402435,0.0,-0.4000000059604645,-0.05000000074505806,0.3100000023841858,0.49000000953674316,-0.20999999344348907,0.0,3.003887414932251,-2.279144048690796,-0.9640712141990662,1.3526757955551147,-2.7566463947296143,-1.753178596496582,8.065756797790527,2.3155500888824463,-1.0054266452789307,0.920373797416687,0.49853041768074036,10.396836280822754,0.00687069445848465,0.10400166362524033,0.17796336114406586,0.5468847155570984,-0.15319477021694183,-1.2885267734527588,219.46533203125,0.0,0.5,0.0,0.0,0.008764108642935753,0.0,0.21769779920578003,0.3517285883426666,0.0,0.0,0.0,0.0,1071.2113037109375,0.0
4.82,0.6666667461395264,-0.8660256534556828,-0.49999956755647035,0.0,1.0,1.0,0.0,0.1883876621723175,0.40884941816329956,0.595792293548584,-0.18303155899047852,-0.08766746520996094,1.4955689907073975,0.33856305480003357,-0.8953546285629272,-0.2444401979446411,-0.9027064442634583,0.451758474111557,0.9084653854370117,0.4170330762863159,-0.032682545483112335,-1.054173469543457,0.6224415898323059,-0.32207590341567993,-0.21314455568790436,-2.8785369396209717,0.8049072027206421,-1.9761019945144653,-0.4164397716522217,-0.1390703320503235,0.7013280987739563,0.18349358439445496,0.006698716431856155,-0.2147371768951416,0.18689101934432983,-0.07143588364124298,0.0,-0.4000000059604645,-0.05000000074505806,0.3100000023841858,0.49000000953674316,-0.20999999344348907,0.0,2.831726312637329,-2.804041862487793,-1.8509397506713867,0.6296101808547974,-3.800163984298706,-3.3426144123077393,8.051748275756836,2.7055857181549072,0.10739216208457947,0.45726412534713745,-1.8691006898880005,10.175531387329102,0.0073557570576667786,0.09698546677827835,0.0753832757472992,0.3711603283882141,-0.0767800509929657,-1.3962074518203735,229.87353515625,0.0,0.5,0.0,0.0,0.008922051638364792,0.0,0.19100730121135712,0.1919311285018921,0.0,0.0,0.0,0.0,784.5579223632812,0.0
4.83,0.6777778267860413,-0.8987941812858752,-0.43837087002520264,0.0,1.0,1.0,0.0,0.1999439150094986,0.4107443690299988,0.5946696996688843,-0.1787266731262207,-0.09757184982299805,1.5061744451522827,0.31915047764778137,-0.92197185754776,-0.28873372077941895,-0.695037841796875,0.24252831935882568,1.1890335083007812,0.44262537360191345,-0.05892457813024521,-1.0788567066192627,0.627949059009552,-0.35695040225982666,-0.24622555077075958,-2.8119640350341797,0.8328272700309753,-1.9338278770446777,-0.4117366671562195,-0.13469010591506958,0.8108718991279602,0.1753014773130417,0.0050602927803993225,-0.21113264560699463,0.1754220724105835,-0.06619293987751007,0.0,-0.4000000059604645,-0.05000000074505806,0.3100000023841858,0.49000000953674316,-0.20999999344348907,0.0,2.2803232669830322,-2.424516439437866,-2.644409656524658,0.41079699993133545,-2.1172852516174316,-0.9379347562789917,8.014459609985352,2.8960351943969727,4.325121879577637,0.5233088731765747,0.5882301330566406,10.056676864624023,0.008099131286144257,0.08891528099775314,-0.015111693181097507,0.41179439425468445,0.002794756554067135,-1.8775601387023926,186.1424102783203,0.0,0.5,0.0,0.0,0.008817662484943867,0.0,0.17110510170459747,0.05915457010269165,0.0,0.0,0.0,0.0,488.93212890625,0.0
4.84,0.6888889670372009,-0.927184038506127,-0.37460613814974886,0.0,1.0,1.0,0.0,0.21115685999393463,0.4129040837287903,0.5932549834251404,-0.17495155334472656,-0.1051473617553711,1.517460823059082,0.31159842014312744,-0.947525680065155,-0.32373470067977905,-0.4345461428165436,0.2737498879432678,1.1285429000854492,0.4613780975341797,-0.08009995520114899,-1.1075844764709473,0.6313602328300476,-0.3785368502140045,-0.25373220443725586,-2.7418527603149414,0.8617274761199951,-1.886638879776001,-0.40560978651046753,-0.1034088283777237,0.6915285587310791,0.16820396482944489,0.003640793263912201,-0.2080097496509552,0.16548556089401245,-0.06165052950382233,0.0,-0.4000000059604645,-0.05000000074505806,0.3100000023841858,0.49000000953674316,-0.20999999344348907,0.0,1.7281862497329712,-1.8998833894729614,-2.865825891494751,0.27303561568260193,-1.6519049406051636,0.05229298770427704,7.995603561401367,2.8181517124176025,1.5608774423599243,0.6528655886650085,3.2651894092559814,-10.124979972839355,0.008697524666786194,0.08117970079183578,0.019427409395575523,0.6358799934387207,-0.01743864268064499,-1.3103824853897095,211.4352569580078,0.0,0.5,0.0,0.0,0.008751013316214085,0.0,0.1546485424041748,0.07829918712377548,0.0,0.0,0.0,0.0,434.6546630859375,0.0
4.8500000000000005,0.7000001072883606,-0.9510567246072028,-0.3090163532556479,0.0,1.0,1.0,0.0,0.22166186571121216,0.41517096757888794,0.5913821458816528,-0.17127513885498047,-0.10860252380371094,1.5271497964859009,0.2967732846736908,-0.9707168340682983,-0.36592429876327515,0.02223062887787819,0.2568961977958679,0.88327556848526,0.47298380732536316,-0.09241559356451035,-1.1332319974899292,0.6359274387359619,-0.3784545063972473,-0.23022282123565674,-2.6756668090820312,0.8874364495277405,-1.8876675367355347,-0.3912428021430969,-0.0038147384766489267,0.5429559350013733,0.1622358113527298,0.0024471618235111237,-0.20538374781608582,0.1571301519870758,-0.05783091485500336,0.0,-0.4000000059604645,-0.05000000074505806,0.3100000023841858,0.49000000953674316,-0.20999999344348907,0.0,1.053484559059143,-0.9118717312812805,-2.337789535522461,0.5740463733673096,-0.6859609484672546,1.0680872201919556,4.747043132781982,2.149291515350342,0.06494654715061188,1.7394578456878662,10.027962684631348,-10.352401733398438,0.008942052721977234,0.07520506531000137,0.11666321754455566,1.0383743047714233,-0.02676249109208584,-0.5652831792831421,162.73458862304688,0.0,0.5,0.0,0.0,0.008993915282189846,0.0,0.13985005021095276,0.21006222069263458,0.0,0.0,0.0,0.0,522.1854248046875,0.0
4.86,0.7111111879348755,-0.970295843051086,-0.24192142723988422,0.0,1.0,1.0,0.0,0.2309299260377884,0.41761788725852966,0.5889011025428772,-0.16833925247192383,-0.10592079162597656,1.5330227613449097,0.2872648537158966,-0.9769988059997559,-0.40334010124206543,0.5984179973602295,0.2647809088230133,0.3680243194103241,0.4692775011062622,-0.09409403800964355,-1.1473541259765625,0.6400099992752075,-0.4072972238063812,-0.27457743883132935,-2.634080410003662,0.9023758769035339,-1.9100171327590942,-0.371334969997406,0.10151291638612747,0.36256808042526245,0.15742604434490204,0.0014852061867713928,-0.20326745510101318,0.150396466255188,-0.054752662777900696,0.0,-0.4000000059604645,-0.05000000074505806,0.3100000023841858,0.49000000953674316,-0.20999999344348907,0.0,-1.055979609489441,0.34047967195510864,-1.0052648782730103,0.37497660517692566,-0.9491698145866394,-2.5357086658477783,-0.7119327187538147,1.0359156131744385,1.807244062423706,2.3104283809661865,10.03366470336914,-10.594283103942871,0.008117180317640305,0.07030051201581955,0.5266788601875305,1.089812994003296,-0.17854781448841095,0.27868372201919556,110.06021881103516,0.0,0.5,0.0,0.0,0.009715837426483631,0.0,0.13539406657218933,0.7627051472663879,0.0,0.0,0.0,0.0,763.6240844726562,0.0
4.87,0.7222222685813904,-0.9848078035929707,-0.17364789080892623,0.0,1.0,1.0,0.0,0.2391827255487442,0.4196593165397644,0.5857570767402649,-0.1636805534362793,-0.09853315353393555,1.535908579826355,0.2877211272716522,-0.9879260063171387,-0.4374234676361084,0.8391395211219788,0.6191168427467346,0.18571022152900696,0.45733311772346497,-0.08551307767629623,-1.170982003211975,0.6454968452453613,-0.4052944481372833,-0.2586023807525635,-2.6242971420288086,0.9080634713172913,-1.940963625907898,-0.35850709676742554,0.20552226901054382,0.16719703376293182,0.15379804372787476,0.000759609043598175,-0.20167113840579987,0.14531725645065308,-0.052430734038352966,0.0,-0.4000000059604645,-0.05000000074505806,0.3100000023841858,0.49000000953674316,-0.20999999344348907,0.0,-0.8971548676490784,0.782196044921875,-2.653440237045288,0.36661046743392944,-1.368091106414795,-0.02253583073616028,-6.395246505737305,0.5588120818138123,4.842095851898193,1.623684048652649,10.017868041992188,-10.739689826965332,0.00725318118929863,0.06411539763212204,0.2951142191886902,0.714965283870697,-0.0015779929235577583,0.7080144882202148,115.7186050415039,0.0,0.5,0.0,0.0,0.011332914233207703,0.0,0.12975332140922546,0.933348536491394,0.0,0.0,0.0,0.0,1179.5443115234375,0.0
4.88,0.73333340883255,-0.9945219449539106,-0.10452799149075155,0.0,1.0,1.0,1.0,0.24644726514816284,0.42189931869506836,0.5822134017944336,-0.16004276275634766,-0.08610343933105469,1.534469723701477,0.28638219833374023,-0.9776501655578613,-0.4426034986972809,1.527997374534607,0.217552050948143,-0.32624551653862,0.43583059310913086,-0.0760423019528389,-1.184921145439148,0.6448423862457275,-0.396511048078537,-0.2514518201351166,-2.613443613052368,0.9099644422531128,-1.9818195104599,-0.3430919647216797,0.2660512626171112,-0.009586739353835583,0.15136951208114624,0.00027390196919441223,-0.20060259103775024,0.14191731810569763,-0.05087648332118988,0.0,-0.4000000059604645,-0.05000000074505806,0.3100000023841858,0.49000000953674316,-0.20999999344348907,0.0,-2.6390485763549805,1.1573997735977173,-0.4268095791339874,0.007172172889113426,-0.13763010501861572,0.2959384322166443,3.514695167541504,-0.5376502871513367,-2.0098464488983154,2.870194673538208,-12.282770156860352,-7.089840412139893,0.005840614438056946,0.05687793344259262,0.24765273928642273,0.7752149701118469,-0.009280623868107796,0.05408491566777229,123.8326644897461,691.5846557617188,0.5,0.0,0.0,0.013613817282021046,0.0,0.13494811952114105,0.8082593679428101,0.0,0.0,0.0,0.0,970.4232177734375,0.0
4.89,0.7444445490837097,-0.9993908499641785,-0.03489883963511143,0.0,1.0,1.0,1.0,0.2519409954547882,0.4238349199295044,0.5787453651428223,-0.15483570098876953,-0.06899213790893555,1.5296365022659302,0.3147452175617218,-0.8973190784454346,-0.37782666087150574,1.6734217405319214,0.8260810375213623,-0.5600552558898926,0.4189695119857788,-0.06268957257270813,-1.1934016942977905,0.6422203779220581,-0.3966306447982788,-0.2524802088737488,-2.566458225250244,0.8952255249023438,-2.0075478553771973,-0.33162012696266174,0.1713840365409851,-0.15034031867980957,0.1501522958278656,3.045797348022461e-05,-0.20006701350212097,0.1402132213115692,-0.05009746551513672,0.0,-0.4000000059604645,-0.05000000074505806,0.3100000023841858,0.49000000953674316,-0.20999999344348907,0.0,-1.1057937145233154,1.3232606649398804,-0.8626977205276489,-0.4147280752658844,-0.012725509703159332,0.04029586911201477,3.4914989471435547,-1.6297718286514282,-2.816746950149536,1.0842468738555908,-7.40030574798584,-11.563619613647461,0.004869513213634491,0.05206356942653656,0.15041948854923248,0.5075141787528992,0.07669192552566528,0.014722136780619621,66.90413665771484,571.8330078125,0.5,0.0,0.0,0.01728447526693344,0.0,0.18656012415885925,0.5340189933776855,0.0,0.0,0.0,0.0,1258.95751953125,0.0
4.9,0.7555556893348694,-0.9993907976836143,0.03490033675066114,0.0,1.0,1.0,1.0,0.25622421503067017,0.42529141902923584,0.5759533047676086,-0.1474590301513672,-0.050006866455078125,1.5212512016296387,0.33354273438453674,-0.8322480320930481,-0.27219918370246887,1.8321101665496826,0.8168132305145264,-0.9997382164001465,0.40269210934638977,-0.051881369203329086,-1.196014165878296,0.6337910890579224,-0.39624911546707153,-0.263664186000824,-2.5252296924591064,0.8840047717094421,-2.0315029621124268,-0.3151558041572571,0.08797013014554977,-0.3156322240829468,0.15030452609062195,6.090477108955383e-05,-0.20013399422168732,0.14042633771896362,-0.050194889307022095,0.0,-0.4000000059604645,-0.05000000074505806,0.3100000023841858,0.49000000953674316,-0.20999999344348907,0.0,-1.5810465812683105,0.9484554529190063,0.09123578667640686,-0.9152992367744446,-0.19429142773151398,-0.3510987162590027,2.1940743923187256,-0.9327861070632935,-1.0801670551300049,2.258878469467163,-9.140073776245117,-11.18034553527832,0.004192400723695755,0.04675298184156418,0.015630630776286125,0.2354801595211029,0.009230009280145168,-0.24275712668895721,112.58523559570312,501.0148620605469,0.5,0.0,0.0,0.022669769823551178,0.0,0.23676443099975586,0.13547705113887787,0.0,0.0,0.0,0.0,1302.47021484375,0.0
4.91,0.7666667699813843,-0.9945218275138805,0.10452910885705992,0.0,1.0,1.0,1.0,0.2594628930091858,0.42627304792404175,0.5740054845809937,-0.1377859115600586,-0.030271530151367188,1.5102605819702148,0.36464571952819824,-0.7336926460266113,-0.16734087467193604,1.7527283430099487,1.2047584056854248,-1.155673861503601,0.3869676887989044,-0.04378320649266243,-1.2015583515167236,0.6123309135437012,-0.3722335994243622,-0.3101278841495514,-2.4945850372314453,0.8727561831474304,-2.066284418106079,-0.28612759709358215,-0.011712505482137203,-0.4145163595676422,0.15273161232471466,0.0005463212728500366,-0.2012019157409668,0.1438242495059967,-0.051748231053352356,0.0,-0.4000000059604645,-0.05000000074505806,0.3100000023841858,0.49000000953674316,-0.20999999344348907,0.0,-1.4004420042037964,0.866109311580658,-0.70923912525177,-2.3651680946350098,1.4294490814208984,-4.072125434875488,0.2077724039554596,-1.4315426349639893,-1.341082215309143,3.0748956203460693,-11.271707534790039,-6.875410556793213,0.0034186430275440216,0.04337620735168457,0.19586524367332458,0.5167368054389954,0.07564423978328705,-0.24981148540973663,38.334774017333984,622.2186889648438,0.5,0.0,0.0,0.0302305705845356,0.0,0.32848915457725525,0.06917165964841843,0.0,0.0,0.0,0.0,1088.070068359375,0.0
4.92,0.7777778506278992,-0.9848076735279835,0.17364862844376458,0.0,1.0,1.0,1.0,0.2618027925491333,0.426896333694458,0.5728172063827515,-0.12603759765625,-0.010573863983154297,1.4972667694091797,0.3867110013961792,-0.6623281240463257,-0.09483225643634796,1.7420971393585205,1.2621251344680786,-1.3492966890335083,0.3648096024990082,-0.03193804621696472,-1.1972609758377075,0.5837090611457825,-0.387813925743103,-0.3164977729320526,-2.482069969177246,0.8569850325584412,-2.0850331783294678,-0.26175040006637573,-0.09581790119409561,-0.49960216879844666,0.15753847360610962,0.001507692039012909,-0.20331692695617676,0.1505538821220398,-0.054824620485305786,0.0,-0.4000000059604645,-0.05000000074505806,0.3100000023841858,0.49000000953674316,-0.20999999344348907,0.0,-2.6274421215057373,1.5287423133850098,0.5888147950172424,-3.1948654651641846,-1.9270111322402954,-0.5474961996078491,-4.970797061920166,-1.41899836063385,5.701562881469727,2.7414417266845703,-7.33888578414917,-10.953134536743164,0.001109480857849121,0.041035570204257965,0.8115010261535645,0.27760738134384155,-0.03660035878419876,-0.25856348872184753,32.07646179199219,390.6453552246094,0.5,0.0,0.0,0.040316805243492126,0.0,0.4053412973880768,0.02622077614068985,0.0,0.0,0.0,0.0,1159.115966796875,0.0
4.93,0.7888889908790588,-0.9702955712466492,0.24192251738756956,0.0,1.0,1.0,1.0,0.2638165056705475,0.42714568972587585,0.5722573399543762,-0.11232709884643555,0.00753095094114542,1.4862486124038696,0.39744120836257935,-0.6239327788352966,-0.011177383363246918,1.51308012008667,1.4784361124038696,-0.9937355518341064,0.3540084660053253,-0.017662640661001205,-1.1935181617736816,0.5620175004005432,-0.39139506220817566,-0.3184596002101898,-2.486797332763672,0.8474754691123962,-2.099733352661133,-0.23247426748275757,-0.16561205685138702,-0.571391224861145,0.1646316647529602,0.002926331013441086,-0.20643793046474457,0.16048434376716614,-0.059364259243011475,0.0,-0.4000000059604645,-0.05000000074505806,0.3100000023841858,0.49000000953674316,-0.20999999344348907,0.0,0.09561675041913986,0.7676925659179688,0.42637965083122253,-1.8608763217926025,0.03161711245775223,0.27644670009613037,-7.976719379425049,-0.43951883912086487,7.137208461761475,3.2796123027801514,-6.316634178161621,-9.604628562927246,-0.00019857287406921387,0.038906581699848175,0.2130264788866043,0.185095876455307,-0.07684029638767242,-0.41258999705314636,161.12564086914062,303.109619140625,0.5,0.0,0.0,0.05310255289077759,0.0,0.44949936866760254,0.13875843584537506,0.0,0.0,0.0,0.0,1121.9345703125,0.0
4.94,0.8000000715255737,-0.9510563774202141,0.3090174217877357,0.0,1.0,1.0,1.0,0.26595279574394226,0.42748185992240906,0.5724617838859558,-0.09913873672485352,0.023633990436792374,1.4766732454299927,0.39447352290153503,-0.5839143395423889,0.05344950035214424,1.38971745967865,1.2280936241149902,-1.0087149143218994,0.3527323603630066,-0.015279832296073437,-1.1799265146255493,0.5365709066390991,-0.3819141983985901,-0.3142636716365814,-2.4904403686523438,0.8434727191925049,-2.133763313293457,-0.2026240974664688,-0.21692945063114166,-0.6164385080337524,0.1738729625940323,0.004774592816829681,-0.21050411462783813,0.17342215776443481,-0.06527869403362274,0.0,-0.4000000059604645,-0.05000000074505806,0.3100000023841858,0.49000000953674316,-0.20999999344348907,0.0,-0.20663310587406158,-0.18361987173557281,1.7456591129302979,-2.825662136077881,0.9621309041976929,0.14046254754066467,-8.009007453918457,-0.0690692737698555,6.599593162536621,3.223179817199707,-4.433908462524414,-7.981781482696533,-0.00020057708024978638,0.037212200462818146,0.15024207532405853,0.14639553427696228,-0.07697620987892151,-0.40876176953315735,105.23892211914062,260.130615234375,0.5,0.0,0.0,0.06564763933420181,0.0,0.494512140750885,0.13067898154258728,0.0,0.0,0.0,0.0,910.1220703125,0.0
4.95,0.8111112117767334,-0.9271836176276474,0.37460717986032827,0.0,1.0,1.0,1.0,0.2678467333316803,0.42781755328178406,0.5731608271598816,-0.08605527877807617,0.03816930949687958,1.4696015119552612,0.3934546709060669,-0.5141868591308594,0.10215318202972412,1.263620376586914,1.3538939952850342,-0.5791366696357727,0.35996755957603455,-0.013125482946634293,-1.1531885862350464,0.5141693949699402,-0.36701488494873047,-0.3063070774078369,-2.495959520339966,0.8417783379554749,-2.1708967685699463,-0.17239117622375488,-0.26708635687828064,-0.65461266040802,0.18508262932300568,0.00701652467250824,-0.21543635427951813,0.18911567330360413,-0.07245287299156189,0.0,-0.4000000059604645,-0.05000000074505806,0.3100000023841858,0.49000000953674316,-0.20999999344348907,0.0,1.353411316871643,0.15662989020347595,3.3764660358428955,-2.3470380306243896,2.2858333587646484,0.42199623584747314,-8.044730186462402,0.10679110884666443,6.25942325592041,3.310784101486206,-4.951653480529785,-7.544449329376221,0.0001177377998828888,0.0362960547208786,0.3310866057872772,0.14335450530052185,-0.1200789138674736,-0.4235605299472809,53.272193908691406,372.3518981933594,0.5,0.0,0.0,0.07665522396564484,0.0,0.5760965347290039,0.5113001465797424,0.0,0.0,0.0,0.0,976.771728515625,0.0
4.96,0.8222223520278931,-0.8987936887663924,0.4383718798391395,0.0,1.0,1.0,1.0,0.2690697908401489,0.4284111261367798,0.5743305087089539,-0.0742335319519043,0.05233614519238472,1.465309977531433,0.37610864639282227,-0.4356372356414795,0.14449049532413483,1.3704049587249756,1.0186711549758911,-0.39873969554901123,0.36172035336494446,-0.009524788707494736,-1.1213568449020386,0.49267539381980896,-0.3435184955596924,-0.31449973583221436,-2.4985005855560303,0.8385157585144043,-2.2568957805633545,-0.15047205984592438,-0.2683708369731903,-0.5304321050643921,0.19804248213768005,0.009608495980501175,-0.22113868594169617,0.20725947618484497,-0.08074718713760376,0.0,-0.4000000059604645,-0.05000000074505806,0.3100000023841858,0.49000000953674316,-0.20999999344348907,0.0,-0.4013862609863281,0.09591209888458252,2.8084778785705566,-1.962925910949707,2.002764940261841,-0.7181620597839355,-8.186421394348145,-0.07161322236061096,2.115626573562622,3.2166473865509033,-2.7033493518829346,6.741516590118408,0.000547163188457489,0.03534229099750519,0.015172982588410378,0.17362986505031586,-0.380632609128952,-0.2181585133075714,6.218741416931152,590.8966674804688,0.5,0.0,0.0,0.08195264637470245,0.0,0.663479208946228,0.7276124954223633,0.0,0.0,0.0,0.0,674.391357421875,0.0
4.97,0.833333432674408,-0.8660250916950798,0.5000005405542363,0.0,1.0,0.0,1.0,0.26954570412635803,0.42964819073677063,0.5757416486740112,-0.06557035446166992,0.06688446551561356,1.4656238555908203,0.3522915542125702,-0.3811243772506714,0.14147640764713287,1.4097927808761597,0.7820765972137451,0.23867948353290558,0.3591040372848511,-0.0060227904468774796,-1.091984510421753,0.4770485460758209,-0.3329700827598572,-0.2887610197067261,-2.5038483142852783,0.8368745446205139,-2.330808162689209,-0.12331907451152802,-0.25735339522361755,-0.3840081989765167,0.21250019967556,0.012500040233135223,-0.2275000810623169,0.2275002896785736,-0.09000012278556824,0.0,-0.4000000059604645,-0.05000000074505806,0.3100000023841858,0.49000000953674316,-0.20999999344348907,0.0,-0.04976959899067879,0.1549214869737625,2.9318578243255615,-1.632094144821167,0.8473264575004578,1.6955318450927734,-8.038365364074707,0.1124061718583107,2.732306480407715,3.486473798751831,-0.45680588483810425,11.176258087158203,0.0022515207529067993,0.035051628947257996,-0.13842616975307465,0.12910223007202148,-0.2504661977291107,-0.11636874824762344,0.0,322.1143493652344,0.5,0.0,0.0,0.0775609165430069,0.0,0.7159484624862671,0.8923153281211853,0.0,0.0,0.0,0.0,804.6144409179688,0.0
4.98,0.8444445133209229,-0.8290373305565872,0.5591932622480423,0.0,1.0,1.0,1.0,0.26926910877227783,0.4315744936466217,0.5771915912628174,-0.06044769287109375,0.08251123130321503,1.4700589179992676,0.32732030749320984,-0.3334308862686157,0.13756540417671204,1.6215513944625854,0.36764538288116455,0.5502962470054626,0.35079091787338257,-0.005456809885799885,-1.0716428756713867,0.4568213224411011,-0.3011658191680908,-0.24587705731391907,-2.508474349975586,0.8323581218719482,-2.3763928413391113,-0.10350669920444489,-0.22397281229496002,-0.1829822063446045,0.22817428410053253,0.01563485711812973,-0.23439669609069824,0.24944400787353516,-0.1000315323472023,0.0,-0.4000000059604645,-0.05000000074505806,0.3100000023841858,0.49000000953674316,-0.20999999344348907,0.0,-0.90238356590271,-0.14478188753128052,1.7809840440750122,-2.002903699874878,2.7142333984375,3.450875759124756,-8.068549156188965,-0.16882793605327606,5.772642612457275,3.0378403663635254,0.5211719870567322,10.606420516967773,0.004757799208164215,0.03401128202676773,-0.5855623483657837,-0.10410594940185547,-0.051762308925390244,0.24438421428203583,6.614751815795898,419.2559509277344,0.5,0.0,0.0,0.06555609405040741,0.0,0.7542820572853088,0.5457185506820679,0.0,0.0,0.0,0.0,1252.6285400390625,0.0
4.99,0.8555556535720825,-0.7880103744477578,0.6156619606266936,0.0,1.0,0.0,1.0,0.26821109652519226,0.4340156018733978,0.5785011053085327,-0.058342933654785156,0.09933112561702728,1.4790332317352295,0.30568692088127136,-0.28843170404434204,0.10375981777906418,1.6970311403274536,0.2719367444515228,1.0650922060012817,0.347335547208786,-0.003933562431484461,-1.0566858053207397,0.44372814893722534,-0.2889299988746643,-0.20718300342559814,-2.509331226348877,0.8278079628944397,-2.4051594734191895,-0.07663258910179138,-0.20110192894935608,0.01042430754750967,0.24475990235805511,0.018951980397105217,-0.2416943609714508,0.2726638615131378,-0.1106463298201561,0.0,-0.4000000059604645,-0.05000000074505806,0.3100000023841858,0.49000000953674316,-0.20999999344348907,0.0,-0.02824544534087181,-0.04038669914007187,1.48994779586792,-1.386953353881836,1.05469810962677,2.8835487365722656,-8.096235275268555,-0.2165762037038803,8.049361228942871,4.6514973640441895,-3.81955885887146,11.574012756347656,0.008745335042476654,0.033509112894535065,-0.7810646295547485,0.11619936674833298,0.07354351878166199,0.2879643738269806,0.0,490.8520812988281,0.5,0.0,0.0,0.050985947251319885,0.0,0.7851340770721436,0.1034318134188652,0.0,0.0,0.0,0.0,1621.7850341796875,0.0
5.0,0.8666667342185974,-0.743144541470664,0.6691309217801527,0.0,1.0,0.0,1.0,0.26661574840545654,0.4365173876285553,0.5795611143112183,-0.057369232177734375,0.11639466136693954,1.490147352218628,0.28744155168533325,-0.250162273645401,0.06864424049854279,1.7279921770095825,0.1578129678964615,1.1447761058807373,0.3423028290271759,-0.002616596408188343,-1.050158143043518,0.42807337641716003,-0.2647531032562256,-0.20579180121421814,-2.5098941326141357,0.8196151256561279,-2.414822578430176,-0.045421991497278214,-0.2012212574481964,0.19356195628643036,0.2619341015815735,0.022386817261576653,-0.24925099313259125,0.29670771956443787,-0.12163780629634857,0.0,-0.4000000059604645,-0.05000000074505806,0.3100000023841858,0.49000000953674316,-0.20999999344348907,0.0,-0.6217389106750488,0.0010242729913443327,0.5178931355476379,-1.5390678644180298,1.877157211303711,-0.22486944496631622,-8.070980072021484,-0.5043643712997437,10.63229751586914,3.5714759826660156,-1.7671846151351929,11.876932144165039,0.012772880494594574,0.034336335957050323,-0.8379664421081543,-0.08227638155221939,0.017931392416357994,0.48402947187423706,0.0,411.7071228027344,0.5,0.0,0.0,0.03839588910341263,0.0,0.8061184883117676,0.07272830605506897,0.0,0.0,0.0,0.0,1643.0606689453125,0.0
5.01,0.8777779340744019,-0.6946576640377359,0.7193404825210633,0.0,1.0,0.0,1.0,0.2646816074848175,0.43922510743141174,0.5803540945053101,-0.05794239044189453,0.13317431509494781,1.5016438961029053,0.27542737126350403,-0.20426367223262787,0.041889041662216187,1.6548899412155151,0.07905595749616623,1.055290937423706,0.3365516662597656,-0.003116453532129526,-1.0433716773986816,0.4165704846382141,-0.27135857939720154,-0.1944734901189804,-2.5108368396759033,0.8149802088737488,-2.4183712005615234,-0.012349833734333515,-0.22596856951713562,0.3470936417579651,0.2793627381324768,0.025872549042105675,-0.25691962242126465,0.3211078643798828,-0.1327921450138092,0.0,-0.4000000059604645,-0.05000000074505806,0.3100000023841858,0.49000000953674316,-0.20999999344348907,0.0,-0.5704975724220276,-0.2748236656188965,0.7788955569267273,-1.3553688526153564,-0.8395064473152161,0.6980577111244202,-8.072754859924316,-0.1687900573015213,10.437682151794434,5.3546366691589355,-5.678975582122803,9.061543464660645,0.017243824899196625,0.034563831984996796,-0.9378026127815247,0.190506249666214,0.06550952792167664,0.32426679134368896,0.0,624.77587890625,0.5,0.0,0.0,0.028515364974737167,0.0,0.8316754102706909,0.107821524143219,0.0,0.0,0.0,0.0,1757.6207275390625,0.0
5.0200000000000005,0.8888890147209167,-0.6427870040317241,0.7660449513233022,0.0,1.0,0.0,1.0,0.26221051812171936,0.44174960255622864,0.5810638666152954,-0.0578460693359375,0.14973299205303192,1.5086761713027954,0.260659784078598,-0.13925747573375702,0.022425776347517967,1.6735498905181885,0.07546912878751755,0.46831536293029785,0.32916492223739624,-0.0041803959757089615,-1.0294510126113892,0.40361127257347107,-0.27379098534584045,-0.20961818099021912,-2.5141141414642334,0.8058298230171204,-2.418553113937378,0.025394028052687645,-0.25731730461120605,0.46078675985336304,0.2967061996459961,0.029341241344809532,-0.26455074548721313,0.3453887104988098,-0.14389196038246155,0.0,-0.4000000059604645,-0.05000000074505806,0.3100000023841858,0.49000000953674316,-0.20999999344348907,0.0,-0.8484060764312744,-0.16282899677753448,1.38988196849823,-1.1819132566452026,-0.010559046640992165,-1.1911871433258057,-8.10413646697998,-0.5253306031227112,10.03993034362793,4.766387939453125,-4.2529120445251465,4.008457183837891,0.021213393658399582,0.0369088277220726,-0.9063510298728943,0.14125317335128784,-0.018093537539243698,0.28490057587623596,0.0,735.2938232421875,0.5,0.0,0.0,0.021172888576984406,0.0,0.8578270077705383,0.6449138522148132,0.0,0.0,0.0,0.0,1305.6143798828125,0.0
5.03,0.9000000953674316,-0.5877847675202872,0.8090173465823349,0.0,1.0,0.0,1.0,0.2594080865383148,0.44399550557136536,0.5817732810974121,-0.05624580383300781,0.16512849926948547,1.5107682943344116,0.26233136653900146,-0.07389762252569199,0.02386169694364071,1.384050726890564,0.23477497696876526,0.05048243701457977,0.3188014030456543,-0.004021494183689356,-1.0130736827850342,0.39230313897132874,-0.31658270955085754,-0.15307407081127167,-2.518037796020508,0.7945845127105713,-2.404768228530884,0.053328149020671844,-0.2690759003162384,0.5165001749992371,0.31362733244895935,0.03272546827793121,-0.27199602127075195,0.36907827854156494,-0.1547214835882187,0.0,-0.4000000059604645,-0.05000000074505806,0.3100000023841858,0.49000000953674316,-0.20999999344348907,0.0,-1.1609069108963013,-0.0566270612180233,1.5137864351272583,-1.367332100868225,-4.205885410308838,4.282874584197998,-8.086907386779785,-1.0012739896774292,10.742633819580078,2.7299811840057373,-0.6716479063034058,2.194139003753662,0.02455882728099823,0.03882075101137161,-0.6395248174667358,0.06252322345972061,0.06212906911969185,0.28104275465011597,0.0,403.2037658691406,0.5,0.0,0.0,0.016177263110876083,0.0,0.8834730982780457,0.9949159622192383,0.0,0.0,0.0,0.0,948.7520751953125,0.0
5.04,0.9111112356185913,-0.5299186008019894,0.8480485107138988,0.0,1.0,0.0,1.0,0.2568769156932831,0.44592463970184326,0.5825290083885193,-0.0527958869934082,0.17723175883293152,1.509566068649292,0.2685360312461853,-0.015073837712407112,0.02960960939526558,1.0335891246795654,0.3355763554573059,-0.2950390577316284,0.30958104133605957,-0.003404913702979684,-1.0009117126464844,0.38180530071258545,-0.32293248176574707,-0.171894833445549,-2.5209386348724365,0.7895140051841736,-2.372032880783081,0.07284026592969894,-0.24957026541233063,0.40537646412849426,0.32979661226272583,0.03595932200551033,-0.27911052107810974,0.39171528816223145,-0.1650698184967041,0.0,-0.4000000059604645,-0.05000000074505806,0.3100000023841858,0.49000000953674316,-0.20999999344348907,0.0,-0.9073659181594849,-0.006257625296711922,1.2817169427871704,-0.9521344304084778,0.21564702689647675,-1.6054115295410156,-8.083913803100586,-0.07049670070409775,11.759156227111816,2.047203302383423,1.0639622211456299,-11.434476852416992,0.0270717591047287,0.039264045655727386,-0.47488364577293396,-0.09305690228939056,-0.12148838490247726,0.14210890233516693,0.0,371.7939147949219,0.5,0.0,0.0,0.013294425792992115,0.0,0.8979817032814026,0.8402161002159119,0.0,0.0,0.0,0.0,966.912353515625,0.0
5.05,0.9222223162651062,-0.4694710410619063,0.8829478702642923,0.0,1.0,0.0,1.0,0.254475861787796,0.4478285014629364,0.5833581686019897,-0.04829883575439453,0.1868237406015396,1.5042632818222046,0.27259665727615356,0.042875103652477264,0.0328986719250679,0.834497332572937,0.30069154500961304,-0.7850064635276794,0.2998996078968048,-0.002875975798815489,-0.9882360100746155,0.3739968538284302,-0.325929194688797,-0.17412878572940826,-2.526266098022461,0.7889946103096008,-2.356959104537964,0.08843312412500381,-0.2271370142698288,0.2776995301246643,0.3448992371559143,0.038979846984148026,-0.2857556641101837,0.4128589332103729,-0.17473550140857697,0.0,-0.4000000059604645,-0.05000000074505806,0.3100000023841858,0.49000000953674316,-0.20999999344348907,0.0,-1.1326794624328613,-0.00868198461830616,1.3275418281555176,-0.8722133636474609,-0.11945434659719467,-0.5203063488006592,-8.097954750061035,-0.15733805298805237,9.010917663574219,2.386467933654785,-1.0438796281814575,-8.825291633605957,0.0290820375084877,0.0388910248875618,-0.3799930810928345,-0.017873937264084816,-0.05033092945814133,-0.17390282452106476,0.0,373.8885803222656,0.5,0.0,0.0,0.011523868888616562,0.0,0.8984348177909851,0.2915714383125305,0.0,0.0,0.0,0.0,1085.96484375,0.0
5.0600000000000005,0.9333333969116211,-0.40673627813796054,0.913545620123308,0.0,1.0,0.0,1.0,0.25191813707351685,0.44936448335647583,0.5841718316078186,-0.04144906997680664,0.19461892545223236,1.4957525730133057,0.2765255570411682,0.10689802467823029,0.024590812623500824,0.6311469078063965,0.6052924394607544,-1.032397985458374,0.29588285088539124,0.0015625369269400835,-0.9771488904953003,0.3719583749771118,-0.3483591079711914,-0.1481841504573822,-2.533198118209839,0.7839430570602417,-2.347273349761963,0.102318674325943,-0.2364599108695984,0.1426910161972046,0.35864144563674927,0.04172828793525696,-0.29180222749710083,0.43209803104400635,-0.1835305243730545,0.0,-0.4000000059604645,-0.05000000074505806,0.3100000023841858,0.49000000953674316,-0.20999999344348907,0.0,-0.10214945673942566,0.45576709508895874,1.0528972148895264,-0.2798362970352173,-1.9494104385375977,2.071143627166748,-8.091691970825195,-0.6480746269226074,9.197183609008789,0.6993796825408936,1.4761366844177246,-11.811585426330566,0.030595645308494568,0.04016025364398956,-0.20606441795825958,-0.1072905957698822,0.08334162831306458,-0.19790926575660706,0.0,297.616943359375,0.5,0.0,0.0,0.010285306721925735,0.0,0.8844970464706421,0.11863647401332855,0.0,0.0,0.0,0.0,1427.8631591796875,0.0
5.07,0.9444445967674255,-0.342019243970591,0.9396929481238994,0.0,1.0,0.0,1.0,0.24930736422538757,0.4505145847797394,0.5849684476852417,-0.03255748748779297,0.20024776458740234,1.4859380722045898,0.27462607622146606,0.1654040366411209,0.020732760429382324,0.44172775745391846,0.6959705352783203,-1.1719305515289307,0.295322060585022,0.004186428617686033,-0.9675120711326599,0.3677135705947876,-0.3510836958885193,-0.13754452764987946,-2.536895275115967,0.7808981537818909,-2.3486268520355225,0.10901138186454773,-0.24423444271087646,-0.01974130980670452,0.37075576186180115,0.044151149690151215,-0.2971325218677521,0.44905805587768555,-0.1912836730480194,0.0,-0.4000000059604645,-0.05000000074505806,0.3100000023841858,0.49000000953674316,-0.20999999344348907,0.0,-0.11704744398593903,0.0947050005197525,0.9006125330924988,-0.4513247311115265,-0.015359822660684586,0.8102237582206726,-8.070703506469727,-0.3020486533641815,8.077065467834473,0.4155128300189972,-0.001872420310974121,-13.367554664611816,0.03158597648143768,0.04044375568628311,-0.2875235974788666,-0.28809401392936707,-0.012758265249431133,-0.41037365794181824,0.0,350.66595458984375,0.5,0.0,0.0,0.009612164460122585,0.0,0.8552993535995483,0.064130038022995,0.0,0.0,0.0,0.0,1351.959716796875,0.0
5.08,0.9555556774139404,-0.27563661981842924,0.9612619069822079,0.0,1.0,0.0,1.0,0.24646276235580444,0.45131075382232666,0.585679292678833,-0.022097110748291016,0.20426024496555328,1.475547194480896,0.2657046318054199,0.2297053188085556,0.004501722753047943,0.34267452359199524,0.8534793257713318,-1.1975834369659424,0.2978361248970032,0.006761891767382622,-0.956782877445221,0.3678664565086365,-0.34970149397850037,-0.12805278599262238,-2.5378780364990234,0.7786794304847717,-2.361023426055908,0.11462458968162537,-0.25138381123542786,-0.19206127524375916,0.381006121635437,0.046201225370168686,-0.30164268612861633,0.46340858936309814,-0.19784390926361084,0.0,-0.4000000059604645,-0.05000000074505806,0.3100000023841858,0.49000000953674316,-0.20999999344348907,0.0,0.2765585780143738,0.40380287170410156,1.3964436054229736,0.014264793135225773,0.17267194390296936,0.8583982586860657,-8.03475570678711,-0.77534019947052,7.071916103363037,0.610876202583313,-1.8246984481811523,-12.405522346496582,0.03243614733219147,0.04090801626443863,-0.19497857987880707,-0.12436193972826004,-0.1398628056049347,-0.48461470007896423,0.0,372.11895751953125,0.5,0.0,0.0,0.009189564734697342,0.0,0.8062852025032043,0.05678902193903923,0.0,0.0,0.0,0.0,1452.8836669921875,0.0
5.09,0.9666667580604553,-0.20791112912222715,0.9781477201257083,0.0,1.0,0.0,1.0,0.24306762218475342,0.45184728503227234,0.5864251852035522,-0.01070404052734375,0.20737457275390625,1.4660593271255493,0.2614040672779083,0.30136069655418396,0.003225982189178467,0.22092166543006897,0.9270846843719482,-1.0504332780838013,0.30060094594955444,0.012580305337905884,-0.9471796751022339,0.3691244125366211,-0.35255736112594604,-0.0861339420080185,-2.537233591079712,0.7722631692886353,-2.375770092010498,0.12040868401527405,-0.27146512269973755,-0.33784040808677673,0.38919326663017273,0.04783865436911583,-0.305245041847229,0.47487059235572815,-0.20308369398117065,0.0,-0.4000000059604645,-0.05000000074505806,0.3100000023841858,0.49000000953674316,-0.20999999344348907,0.0,0.2410154491662979,0.5274065136909485,0.9030888676643372,0.030993841588497162,-0.17543555796146393,3.589109420776367,-7.981276512145996,-0.5683450102806091,7.6181440353393555,0.21226701140403748,-0.6028153300285339,-13.928773880004883,0.03264722228050232,0.042981863021850586,-0.19744254648685455,-0.2504538893699646,-0.15039744973182678,-0.4713096022605896,0.0,349.96978759765625,0.5,0.0,0.0,0.00874003954231739,0.0,0.7441648840904236,0.1100500226020813,0.0,0.0,0.0,0.0,1423.136474609375,0.0
5.1000000000000005,0.977777898311615,-0.13917235099393677,0.9902681741421463,0.0,1.0,0.0,1.0,0.23945856094360352,0.4519849419593811,0.5871134996414185,0.0015579616883769631,0.20858092606067657,1.4600622653961182,0.25448235869407654,0.35616180300712585,-0.013516448438167572,-0.0017747953534126282,1.1370185613632202,-0.6082253456115723,0.30925923585891724,0.017125489190220833,-0.9415887594223022,0.3723859190940857,-0.3562149405479431,-0.12069518864154816,-2.533320903778076,0.7690991163253784,-2.39274001121521,0.12399916350841522,-0.2789146304130554,-0.4865446090698242,0.3951577842235565,0.04903155565261841,-0.30786943435668945,0.4832209050655365,-0.2069009691476822,0.0,-0.4000000059604645,-0.05000000074505806,0.3100000023841858,0.49000000953674316,-0.20999999344348907,0.0,0.8645093441009521,0.296947717666626,0.6018462777137756,0.23334535956382751,-0.26246482133865356,-2.73514461517334,-7.961579322814941,-0.054713234305381775,8.847308158874512,-0.18164271116256714,0.6199312210083008,-15.359156608581543,0.032906703650951385,0.044620707631111145,-0.1911410391330719,-0.4094945788383484,-0.387931764125824,-0.4508311450481415,0.0,269.94866943359375,0.5,0.0,0.0,0.008534139022231102,0.0,0.6877979040145874,0.47717300057411194,0.0,0.0,0.0,0.0,1270.9559326171875,0.0
5.11,0.9888889789581299,-0.06975590920093967,0.9975640897363689,1.0,1.0,0.0,1.0,0.23556551337242126,0.4519343376159668,0.5876750946044922,0.013392692431807518,0.2086312472820282,1.458738923072815,0.24211739003658295,0.405376136302948,-0.032166533172130585,-0.08469104766845703,1.0490562915802002,-0.08499733358621597,0.31381621956825256,0.02307768166065216,-0.9350275993347168,0.3672681152820587,-0.33357569575309753,-0.07234332710504532,-2.5304923057556152,0.761172890663147,-2.428023338317871,0.11941832304000854,-0.2559676766395569,-0.5257775783538818,0.4000000059604645,0.05000000074505806,-0.3100000023841858,0.49000000953674316,-0.20999999344348907,0.0,-0.4000000059604645,-0.05000000074505806,0.3100000023841858,0.49000000953674316,-0.20999999344348907,0.0,0.44745272397994995,0.7385953664779663,0.5922771692276001,-0.7014292478561401,1.8900452852249146,3.6250481605529785,-8.011686325073242,-0.46494680643081665,7.570535182952881,-0.49758294224739075,2.024033546447754,-5.3525004386901855,0.03151463717222214,0.046205371618270874,0.07232686877250671,-0.25785279273986816,-0.23933127522468567,-0.2678203582763672,0.0,237.7949676513672,0.5,0.0,0.0,0.008977584540843964,0.0,0.6302325129508972,0.9856547713279724,0.0,0.0,0.0,0.0,576.3448486328125,0.0
5.12,1.0000001192092896,7.490140567548978e-07,0.9999999999997194,1.0,1.0,0.0,1.0,0.23143674433231354,0.4518575072288513,0.5879601240158081,0.023473532870411873,0.20775900781154633,1.463716983795166,0.2238858938217163,0.44484108686447144,-0.07344246655702591,-0.19287365674972534,1.01155424118042,0.6823185086250305,0.3232605755329132,0.034445516765117645,-0.9336990714073181,0.36371099948883057,-0.3260542154312134,-0.04078478738665581,-2.528151273727417,0.7498718500137329,-2.4732203483581543,0.10996299237012863,-0.20960430800914764,-0.424143522977829,0.4000000059604645,0.05000000074505806,-0.3100000023841858,0.49000000953674316,-0.20999999344348907,0.0,-0.4000000059604645,-0.05000000074505806,0.3100000023841858,0.49000000953674316,-0.20999999344348907,0.0,0.9429044723510742,1.0227645635604858,0.09203305840492249,-0.45179247856140137,0.44948649406433105,2.4212520122528076,-8.02037239074707,-0.6228126287460327,6.8199896812438965,-0.9342377185821533,4.138642311096191,9.680953979492188,0.02922710031270981,0.047769010066986084,0.17526362836360931,-0.19451874494552612,-0.20267583429813385,-0.14132601022720337,0.0,239.91091918945312,0.5,0.0,0.0,0.009050021879374981,0.0,0.5779631733894348,0.3941131830215454,0.0,0.0,0.0,0.0,789.73779296875,0.0
5.13,1.0111112594604492,0.06975740357991196,0.9975639852389365,1.0,1.0,0.0,1.0,0.227220356464386,0.45188266038894653,0.5878897905349731,0.03114737570285797,0.2058413028717041,1.475418210029602,0.2106434553861618,0.48371654748916626,-0.11028566211462021,-0.28657472133636475,0.8809294700622559,1.3708877563476562,0.3325471878051758,0.04708198830485344,-0.9357956647872925,0.36406493186950684,-0.3124036490917206,1.9011929452972254e-06,-2.527012586593628,0.7444472312927246,-2.4921762943267822,0.1037018746137619,-0.154238760471344,-0.28107014298439026,0.4000000059604645,0.05000000074505806,-0.3100000023841858,0.49000000953674316,-0.20999999344348907,0.0,-0.4000000059604645,-0.05000000074505806,0.3100000023841858,0.49000000953674316,-0.20999999344348907,0.0,0.6121183633804321,1.1068607568740845,-0.21328552067279816,0.003913963213562965,1.3465685844421387,3.006861925125122,-8.014472007751465,-0.11524922400712967,8.9574556350708,-0.4828692376613617,4.37882137298584,9.721811294555664,0.02670341730117798,0.04871605336666107,0.06480465829372406,-0.20522287487983704,-0.4210403263568878,0.14789360761642456,0.0,257.0717468261719,0.5,0.0,0.0,0.009278979152441025,0.0,0.5297141075134277,0.023314809426665306,0.0,0.0,0.0,0.0,1006.091552734375,0.0
5.14,1.0222223997116089,0.13917420530564842,0.9902679135352922,1.0,0.0,0.0,1.0,0.2228659838438034,0.45189133286476135,0.5874389410018921,0.03725377097725868,0.2030625343322754,1.4926425218582153,0.20558412373065948,0.5219925045967102,-0.1522866189479828,-0.40287041664123535,0.9067167043685913,1.838530421257019,0.33994972705841064,0.05853341519832611,-0.9429576396942139,0.3660896122455597,-0.30967995524406433,0.004197609145194292,-2.525719404220581,0.7407925128936768,-2.501601219177246,0.10278733819723129,-0.11291278898715973,-0.14914968609809875,0.4000000059604645,0.05000000074505806,-0.3100000023841858,0.49000000953674316,-0.20999999344348907,0.0,-0.4347935914993286,-0.056958720088005066,0.3253091871738434,0.5387110710144043,-0.23226790130138397,0.0,0.5343291163444519,0.9658396244049072,-0.675720751285553,0.10298452526330948,0.10197076946496964,0.3399955928325653,-8.041620254516602,-0.2957446873188019,9.196022987365723,0.04640122130513191,1.568006992340088,9.816636085510254,0.02411145716905594,0.05029939115047455,0.020918259397149086,-0.013195318169891834,-0.5813977718353271,0.38652491569519043,0.0,291.9759216308594,0.5,0.0,0.0,0.01299487054347992,0.0,0.4875737428665161,0.0011587790213525295,0.0,0.0,0.0,0.0,937.5769653320312,0.0
5.15,1.033333420753479,0.20791222809168242,0.9781474865325537,1.0,0.0,0.0,1.0,0.21813812851905823,0.45209425687789917,0.5866014957427979,0.04141226038336754,0.20014671981334686,1.5130901336669922,0.19586321711540222,0.5631633400917053,-0.19760894775390625,-0.3834403157234192,0.6521023511886597,2.1424386501312256,0.3411251902580261,0.06920114904642105,-0.9484390020370483,0.3721067011356354,-0.2803409695625305,0.03714245557785034,-2.525547981262207,0.7364713549613953,-2.4946417808532715,0.10895754396915436,-0.08876753598451614,0.007224895991384983,0.4000000059604645,0.05000000074505806,-0.3100000023841858,0.49000000953674316,-0.20999999344348907,0.0,-0.4519781470298767,-0.060395628213882446,0.33287039399147034,0.5627694129943848,-0.2432660013437271,0.0,-0.30405157804489136,0.8580008745193481,-0.48928073048591614,0.6122991442680359,2.7464640140533447,2.5185959339141846,-8.062087059020996,-0.14196693897247314,11.351216316223145,0.5465405583381653,2.0500259399414062,10.698033332824707,0.021487362682819366,0.053209416568279266,-0.25918200612068176,0.017205525189638138,-0.867588222026825,0.6500614285469055,0.0,326.1502380371094,0.5,0.0,0.0,0.014258123934268951,0.0,0.4407382011413574,0.00010307155753253028,0.0,0.0,0.0,0.0,1259.622314453125,0.0
5.16,1.0444445610046387,0.2756380598154803,0.9612614940697239,1.0,0.0,0.0,1.0,0.213180810213089,0.45252516865730286,0.5853639245033264,0.04403366148471832,0.19665072858333588,1.5344913005828857,0.19800521433353424,0.596685528755188,-0.23623651266098022,-0.488759845495224,0.5982660055160522,2.1347620487213135,0.33973386883735657,0.07519378513097763,-0.9508857727050781,0.3772253394126892,-0.29163816571235657,-0.015455299988389015,-2.527015209197998,0.7336981892585754,-2.4639530181884766,0.1148931160569191,-0.05752594769001007,0.14716078341007233,0.4000000059604645,0.05000000074505806,-0.3100000023841858,0.49000000953674316,-0.20999999344348907,0.0,-0.4689095914363861,-0.06378191709518433,0.3403202295303345,0.5864734053611755,-0.25410211086273193,0.0,-0.3381426930427551,0.5058639049530029,-0.1089206114411354,0.35972312092781067,-1.255556583404541,-4.023466110229492,-8.022592544555664,-0.13826042413711548,12.99567985534668,-0.02103181928396225,2.6663854122161865,9.953412055969238,0.018814630806446075,0.05572683364152908,-0.10486862063407898,-0.04836104065179825,-0.882614254951477,0.8143951296806335,0.0,262.9309997558594,0.5,0.0,0.0,0.015625137835741043,0.0,0.4088246524333954,0.00011006736167473719,0.0,0.0,0.0,0.0,1150.263671875,0.0
5.17,1.0555557012557983,0.34202100357805826,0.9396923076791986,1.0,0.0,0.0,1.0,0.20797502994537354,0.4533360004425049,0.5837688446044922,0.045326508581638336,0.19243499636650085,1.5536261796951294,0.201058030128479,0.6315380334854126,-0.27114614844322205,-0.5381850600242615,0.2949681282043457,1.8262032270431519,0.33011919260025024,0.08002445846796036,-0.9476438164710999,0.3777519166469574,-0.2626383304595947,0.019762614741921425,-2.5334208011627197,0.7290865182876587,-2.4226677417755127,0.11166907101869583,-0.019279802218079567,0.3228950500488281,0.4000000059604645,0.05000000074505806,-0.3100000023841858,0.49000000953674316,-0.20999999344348907,0.0,-0.48550528287887573,-0.06710106134414673,0.3476223349571228,0.6097074151039124,-0.26472336053848267,0.0,-1.4017879962921143,0.41807976365089417,0.2416776716709137,0.03943714499473572,2.6895744800567627,2.7380120754241943,-8.070954322814941,-0.25785505771636963,13.312922477722168,-0.5927137136459351,3.2113194465637207,9.572248458862305,0.015039816498756409,0.056944072246551514,-0.17517761886119843,-0.14444668591022491,-0.8602921366691589,0.9307888746261597,0.0,263.55078125,0.5,0.0,0.0,0.017915647476911545,0.0,0.37665972113609314,0.0012683526147156954,0.0,0.0,0.0,0.0,1445.761474609375,0.0
5.18,1.0666667222976685,0.4067369623963564,0.9135453154718625,1.0,0.0,1.0,1.0,0.20284883677959442,0.4548039734363556,0.581774890422821,0.04440581426024437,0.18657934665679932,1.5685423612594604,0.19947323203086853,0.6521086096763611,-0.29427820444107056,-0.7157385349273682,-0.0353536456823349,1.4321274757385254,0.321567177772522,0.07875028997659683,-0.925706684589386,0.3812057375907898,-0.25367915630340576,-0.08037861436605453,-2.5372514724731445,0.7263438105583191,-2.378787040710449,0.1081637367606163,0.018361274152994156,0.44632408022880554,0.4000000059604645,0.05000000074505806,-0.3100000023841858,0.49000000953674316,-0.20999999344348907,0.0,-0.501684308052063,-0.07033686339855194,0.35474109649658203,0.6323580741882324,-0.2750779390335083,0.0,-1.1216721534729004,-0.27322375774383545,2.7985212802886963,0.4281095564365387,-0.09548330307006836,-8.876764297485352,-7.990933418273926,0.19900427758693695,13.856250762939453,0.9748523235321045,-1.541704535484314,7.839670181274414,0.01114341989159584,0.05793412774801254,0.03726181760430336,0.10187450051307678,-0.9287909269332886,0.759987473487854,65.17963409423828,682.81787109375,0.5,0.0,0.0,0.020815864205360413,0.0,0.3566059470176697,0.0165399219840765,0.0,0.0,0.0,0.0,1015.172607421875,0.0
5.19,1.0777779817581177,0.4694726944119977,0.8829469911617224,1.0,0.0,1.0,1.0,0.19799292087554932,0.4564425051212311,0.5796267986297607,0.04370873421430588,0.17838113009929657,1.5779008865356445,0.20066292583942413,0.667624294757843,-0.29238274693489075,-0.952014684677124,0.05171039327979088,0.7287741899490356,0.3266644775867462,0.0757148340344429,-0.8803929090499878,0.39552372694015503,-0.2783239483833313,-0.120627261698246,-2.5571649074554443,0.7271146178245544,-2.340144395828247,0.10505232959985733,0.009646250866353512,0.3150170147418976,0.4000000059604645,0.05000000074505806,-0.3100000023841858,0.49000000953674316,-0.20999999344348907,0.0,-0.5173682570457458,-0.07347365468740463,0.3616420328617096,0.6543155908584595,-0.28511568903923035,0.0,0.9885625839233398,-0.39291566610336304,4.28209114074707,1.608489990234375,-2.372044086456299,-4.108626365661621,-8.015198707580566,0.3244714140892029,12.443561553955078,-0.7691987752914429,-0.8637467622756958,-9.897512435913086,0.007321268320083618,0.059047721326351166,0.0499325655400753,-0.065975122153759,-0.43235355615615845,0.7185385823249817,187.0751190185547,219.0762939453125,0.5,0.0,0.0,0.024509061127901077,0.0,0.34278571605682373,0.34568625688552856,0.0,0.0,0.0,0.0,1208.040771484375,0.0
5.2,1.0888890027999878,0.5299198712019048,0.8480477168799858,1.0,0.0,1.0,1.0,0.19353987276554108,0.4582037627696991,0.577394962310791,0.0434427447617054,0.1678658425807953,1.5806351900100708,0.19416490197181702,0.6785207986831665,-0.28855806589126587,-1.1313642263412476,-0.14100974798202515,0.017759084701538086,0.3410971462726593,0.06993535161018372,-0.8393266201019287,0.4150159955024719,-0.27031052112579346,-0.22595223784446716,-2.575186014175415,0.7302865982055664,-2.336998462677002,0.09920436888933182,-0.004663916304707527,0.16483181715011597,0.4000000059604645,0.05000000074505806,-0.3100000023841858,0.49000000953674316,-0.20999999344348907,0.0,-0.532480001449585,-0.07649599760770798,0.3682911992073059,0.6754720211029053,-0.29478719830513,0.0,1.0739268064498901,-0.6267922520637512,4.05058479309082,2.002180337905884,-0.7068319320678711,-8.981773376464844,-7.955073833465576,0.438156396150589,7.745754241943359,-0.993327260017395,-0.4767076075077057,-10.52272891998291,0.003775574266910553,0.059741295874118805,0.15643088519573212,-0.11805582791566849,-0.34232470393180847,0.3081020414829254,186.30987548828125,182.87879943847656,0.5,0.0,0.0,0.02903139218688011,0.0,0.33026790618896484,0.9993694424629211,0.0,0.0,0.0,0.0,1297.242919921875,0.0
5.21,1.1000001430511475,0.5877859794503565,0.8090164660633213,1.0,0.0,1.0,1.0,0.18931111693382263,0.46067604422569275,0.5752441883087158,0.04148928448557854,0.15576171875,1.5750823020935059,0.18418000638484955,0.6880264282226562,-0.25769972801208496,-1.237056851387024,-0.4621354043483734,-0.7651804089546204,0.34161704778671265,0.0654633641242981,-0.8067591190338135,0.4340677261352539,-0.3211389482021332,-0.21545220911502838,-2.58906626701355,0.7367360591888428,-2.3431384563446045,0.09267304092645645,-0.0074669113382697105,0.0182765182107687,0.4000000059604645,0.05000000074505806,-0.3100000023841858,0.49000000953674316,-0.20999999344348907,0.0,-0.5469465255737305,-0.0793893039226532,0.37465646862983704,0.6957250833511353,-0.30404573678970337,0.0,-0.3232094645500183,-0.4490903615951538,1.8734135627746582,2.2300713062286377,-6.086456775665283,1.0096673965454102,-7.9903564453125,0.8206096887588501,8.123579025268555,-1.1126171350479126,0.12503480911254883,-10.39730453491211,-0.00023459643125534058,0.06009557098150253,0.006359281949698925,-0.22477316856384277,-0.07593464851379395,0.006269519682973623,456.64227294921875,126.26717376708984,0.5,0.0,0.0,0.03603653609752655,0.0,0.31782791018486023,0.31005609035491943,0.0,0.0,0.0,0.0,1367.68115234375,0.0
5.22,1.1111112833023071,0.6427884384766878,0.7660437476807063,1.0,0.0,1.0,1.0,0.1853659749031067,0.46387648582458496,0.5752631425857544,0.03697461634874344,0.1458018273115158,1.561488151550293,0.15261851251125336,0.6082333922386169,0.03739740327000618,-0.9111399054527283,-1.0251444578170776,-1.6416699886322021,0.3444702923297882,0.07183217257261276,-0.7954539656639099,0.47393786907196045,-0.34192734956741333,-0.20872509479522705,-2.5916314125061035,0.7459556460380554,-2.34863018989563,0.08461450785398483,0.009090845473110676,-0.11228249967098236,0.4000000059604645,0.05000000074505806,-0.3100000023841858,0.49000000953674316,-0.20999999344348907,0.0,-0.5606971979141235,-0.08213943988084793,0.3807067573070526,0.7149760723114014,-0.31284618377685547,0.0,-1.4562994241714478,-0.07907985150814056,2.2614247798919678,2.4834704399108887,-1.1922061443328857,2.302985191345215,-8.01169204711914,1.1753613948822021,9.689620971679688,-0.8744701147079468,1.889620304107666,-10.666348457336426,-0.00012886524200439453,0.06042974442243576,0.010833211243152618,-0.41370484232902527,0.012643599882721901,-0.168184295296669,465.4770202636719,203.41224670410156,0.5,0.0,0.0,0.04068632423877716,0.0,0.3748447000980377,0.0045612407848238945,0.0,0.0,0.0,0.0,1238.379150390625,0.0
5.23,1.1222224235534668,0.6946592804243806,0.7193389215941828,1.0,0.0,1.0,1.0,0.18159614503383636,0.46789270639419556,0.5759564638137817,0.029719574376940727,0.13661883771419525,1.5419793128967285,0.139459028840065,0.6025480031967163,0.02517182007431984,-0.8380363583564758,-1.0793097019195557,-1.8181143999099731,0.32916611433029175,0.06946063041687012,-0.7675229907035828,0.49606359004974365,-0.3582477569580078,-0.1923266053199768,-2.5937299728393555,0.7515909075737,-2.374406337738037,0.07373535633087158,0.04846155643463135,-0.15114985406398773,0.4000000059604645,0.05000000074505806,-0.3100000023841858,0.49000000953674316,-0.20999999344348907,0.0,-0.5736649036407471,-0.08473297953605652,0.3864125609397888,0.7331308126449585,-0.32114553451538086,0.0,-1.8511528968811035,-0.3621346056461334,2.8437485694885254,1.9077178239822388,-1.3848142623901367,1.0962501764297485,-8.075104713439941,0.6781087517738342,7.605781078338623,-0.9728211760520935,3.399319648742676,-5.025671005249023,-7.541477680206299e-05,0.06138579547405243,-0.005529559217393398,-0.3305820822715759,0.008769222535192966,-0.2514477074146271,194.239013671875,160.14862060546875,0.5,0.0,0.0,0.047549255192279816,0.0,0.3730257749557495,0.0013453781139105558,0.0,0.0,0.0,0.0,733.7244873046875,0.0
5.24,1.133333444595337,0.7431452932528939,0.6691300868411691,1.0,0.0,1.0,1.0,0.17780229449272156,0.4716491997241974,0.5765066146850586,0.023154331371188164,0.12791931629180908,1.5228214263916016,0.13247568905353546,0.6028852462768555,0.009897064417600632,-0.817155122756958,-0.8832331895828247,-1.7043520212173462,0.31827062368392944,0.06978624314069748,-0.7434634566307068,0.5222381949424744,-0.3722951412200928,-0.1780073493719101,-2.5973072052001953,0.7594357132911682,-2.393188953399658,0.06414266675710678,0.08369247615337372,-0.25553470849990845,0.4000000059604645,0.05000000074505806,-0.3100000023841858,0.49000000953674316,-0.20999999344348907,0.0,-0.5857863426208496,-0.08715726435184479,0.39174598455429077,0.75010085105896,-0.3289032578468323,0.0,-1.0141689777374268,0.0973382294178009,2.1421115398406982,2.622556686401367,-1.1694533824920654,1.335025429725647,-8.064797401428223,1.0369144678115845,8.613215446472168,-0.6589279770851135,2.3815550804138184,-10.233526229858398,0.00035813450813293457,0.06167266517877579,0.003926408477127552,-0.4439813494682312,0.010859333910048008,-0.2522822916507721,188.71292114257812,175.5048370361328,0.5,0.0,0.0,0.05435565859079361,0.0,0.3689517080783844,0.0029985338915139437,0.0,0.0,0.0,0.0,865.2840576171875,0.0
