t,phase,sin_pos,cos_pos,stance_l,stance_r,contact_l,contact_r,base_x,base_y,base_z,base_pitch,base_roll,base_yaw,base_vx,base_vy,base_vz,base_wx,base_wy,base_wz,dof_lhp,dof_lhr,dof_lhy,dof_lkp,dof_lap,dof_lar,dof_rhp,dof_rhr,dof_rhy,dof_rkp,dof_rap,dof_rar,ref_lhp,ref_lhr,ref_lhy,ref_lkp,ref_lap,ref_lar,ref_rhp,ref_rhr,ref_rhy,ref_rkp,ref_rap,ref_rar,dvel_lhp,dvel_lhr,dvel_lhy,dvel_lkp,dvel_lap,dvel_lar,dvel_rhp,dvel_rhr,dvel_rhy,dvel_rkp,dvel_rap,dvel_rar,foot_z_l,foot_z_r,foot_vx_l,foot_vx_r,foot_vy_l,foot_vy_r,cfz_l,cfz_r,cmd_vx,cmd_vy,cmd_wz,rew_stability,rew_swing_foot_forward,rew_tracking_lin_vel,rew_tracking_ang_vel,rew_ref_joint_pos,rew_feet_contact_number,rew_feet_clearance,rew_foot_slip,rew_efficiency,rew_collision
0.0,0.5222222208976746,-0.13917309271867956,-0.9902680698998213,0.0,1.0,0.0,0.0,5.631730891764164e-05,0.00019589136354625225,0.6979507803916931,-0.00021409988403320312,0.0006053851684555411,-0.00020933151245117188,-2.4094040782074444e-05,0.0024941256269812584,-0.1948777139186859,0.05397335812449455,-0.015900978818535805,-0.028527718037366867,0.4641886055469513,0.045626744627952576,-0.3037490248680115,0.4561969041824341,-0.21227502822875977,-0.015880875289440155,-0.3648432493209839,-0.1167667806148529,0.2833560109138489,0.5152247548103333,-0.18515531718730927,-0.011784207075834274,0.43479329347610474,0.05695865675806999,-0.32530903816223145,0.5387105941772461,-0.19096601009368896,0.0,-0.4000000059604645,-0.05000000074505806,0.3100000023841858,0.49000000953674316,-0.20999999344348907,0.0,-0.11947678029537201,0.12172111868858337,0.011371791362762451,0.190315380692482,0.37382858991622925,0.387387216091156,-0.0030528148636221886,0.1996195763349533,0.08564695715904236,-0.2086101919412613,-0.6140031814575195,0.5789116024971008,0.08715809136629105,0.09057096391916275,-0.07922233641147614,0.06866931915283203,-0.009737858548760414,-0.04504554718732834,0.0,0.0,0.5,0.0,0.0,0.6991056799888611,0.0,0.6064939498901367,0.9983736276626587,0.753518283367157,0.3499999940395355,0.9260396361351013,0.0,5.985990047454834,0.0
0.01,0.5333333611488342,-0.2079118617685598,-0.9781475643970758,0.0,1.0,0.0,0.0,0.00010480196215212345,0.0003885200712829828,0.6954598426818848,-0.000408172607421875,0.0012292719911783934,-0.000553131103515625,-0.00023895017511676997,0.0028010366950184107,-0.29264435172080994,0.07040680199861526,-0.024062298238277435,-0.04169594496488571,0.4626908600330353,0.04705047607421875,-0.3041258454322815,0.45845115184783936,-0.2114991545677185,-0.013640426099300385,-0.36508870124816895,-0.11448392271995544,0.28433817625045776,0.513179361820221,-0.18956761062145233,-0.007665752433240414,0.45197799801826477,0.06039560213685036,-0.33287033438682556,0.5627692341804504,-0.20626041293144226,0.0,-0.4000000059604645,-0.05000000074505806,0.3100000023841858,0.49000000953674316,-0.20999999344348907,0.0,-0.1981116086244583,0.13973137736320496,0.02223280258476734,0.18526692688465118,0.33557915687561035,0.22908271849155426,-0.038684338331222534,0.2517235279083252,0.10444813966751099,-0.2003062516450882,-0.3179223835468292,0.3016236424446106,0.08481629937887192,0.08779440075159073,-0.09501651674509048,0.07217361032962799,-0.012035170570015907,-0.06679176539182663,0.0,0.0,0.5,0.0,0.0,0.7021886706352234,0.0,0.6062312722206116,0.9965289235115051,0.755223274230957,0.3499999940395355,0.8836678266525269,0.0,4.383580684661865,0.0
0.02,0.5444444417953491,-0.275637339817032,-0.9612617005262356,0.0,1.0,0.0,0.0,0.00016898848116397858,0.0006207276601344347,0.6919897794723511,-0.0006690025329589844,0.001987818628549576,-0.0010128021240234375,-0.00048499106196686625,0.0027754888869822025,-0.39055100083351135,0.08151523768901825,-0.029755685478448868,-0.05205647647380829,0.4605303108692169,0.048596322536468506,-0.3044055104255676,0.4606407880783081,-0.21099472045898438,-0.012525219470262527,-0.3656895160675049,-0.11174595355987549,0.28543633222579956,0.5112786889076233,-0.19176112115383148,-0.0055398354306817055,0.4689093828201294,0.06378187984228134,-0.3403201401233673,0.5864731669425964,-0.22132934629917145,0.0,-0.4000000059604645,-0.05000000074505806,0.3100000023841858,0.49000000953674316,-0.20999999344348907,0.0,-0.254854291677475,0.14718244969844818,0.03057049587368965,0.17792771756649017,0.31495553255081177,0.14729692041873932,-0.0717996135354042,0.2916118800640106,0.11185218393802643,-0.1846633106470108,-0.15361431241035461,0.15455055236816406,0.08150038123130798,0.08402139693498611,-0.10661249607801437,0.07494372129440308,-0.0105800935998559,-0.08212655037641525,0.0,0.0,0.5,0.0,0.0,0.7050013542175293,0.0,0.6059330105781555,0.994594931602478,0.7375574111938477,0.3499999940395355,0.8269654512405396,0.0,3.37734317779541,0.0
0.03,0.5555555820465088,-0.3420202997352155,-0.9396925638574744,0.0,1.0,0.0,0.0,0.00024361326359212399,0.0008787496481090784,0.6875404715538025,-0.0009732246398925781,0.0028325803577899933,-0.0015606880187988281,-0.0007598905940540135,0.002402722602710128,-0.48855146765708923,0.08764120936393738,-0.03327415883541107,-0.059680573642253876,0.4579015076160431,0.050198376178741455,-0.3045801520347595,0.46275532245635986,-0.21064287424087524,-0.009798064827919006,-0.3665885925292969,-0.10867533087730408,0.28658396005630493,0.5095270276069641,-0.19282083213329315,-0.004469585604965687,0.4855051040649414,0.06710101664066315,-0.34762224555015564,0.6097071170806885,-0.23609952628612518,0.0,-0.4000000059604645,-0.05000000074505806,0.3100000023841858,0.49000000953674316,-0.20999999344348907,0.0,-0.29171037673950195,0.14703302085399628,0.014825678430497646,0.17065249383449554,0.30493488907814026,0.025790758430957794,-0.09817997366189957,0.31829360127449036,0.11558790504932404,-0.17114542424678802,-0.0733853355050087,0.07526926696300507,0.07720714062452316,0.07926217466592789,-0.11450708657503128,0.07763012498617172,-0.006539220456033945,-0.09291760623455048,0.0,0.0,0.5,0.0,0.0,0.7076281905174255,0.0,0.6056019067764282,0.9929017424583435,0.7085709571838379,0.3499999940395355,0.7589213252067566,0.0,2.947699785232544,0.0
0.04,0.5666666626930237,-0.40673662026718693,-0.9135454677976493,0.0,1.0,0.0,0.0,-0.0013947051484137774,0.0012297488283365965,0.6814874410629272,0.00504895718768239,0.004179862793534994,-0.00795125961303711,0.0016220943070948124,-1.4453852600126993e-05,-0.6665984988212585,0.11941281706094742,0.8645116090774536,-0.8672876954078674,0.4556356966495514,0.08014838397502899,-0.4453698396682739,0.48096364736557007,-0.35753580927848816,0.14418797194957733,-0.4118630588054657,-0.14797823131084442,0.43664446473121643,0.5799211859703064,-0.31928443908691406,-0.14033068716526031,0.5016841888427734,0.07033683359622955,-0.35474103689193726,0.6323578357696533,-0.2504989206790924,0.0,-0.4000000059604645,-0.05000000074505806,0.3100000023841858,0.49000000953674316,-0.20999999344348907,0.0,-1.2975389957427979,4.542872428894043,-24.062692642211914,1.5857315063476562,-10.39639663696289,10.416131019592285,-4.576508522033691,-5.290426254272461,18.863632202148438,7.086357116699219,-10.207853317260742,-10.27329158782959,0.07225771993398666,0.07757783681154251,-0.0186668299138546,0.3312622606754303,1.497495174407959,-1.1603034734725952,0.0,0.0,0.5,0.0,0.0,0.29280269145965576,0.0,0.6084983348846436,0.22215589880943298,0.4169950485229492,0.3499999940395355,0.6873953938484192,0.0,14738.880859375,0.0
0.05,0.5777778029441833,-0.4694717024021403,-0.882947518623636,0.0,1.0,0.0,0.0,-0.0023220092989504337,0.0019290625350549817,0.674010157585144,0.007757261861115694,0.006440347991883755,-0.016115188598632812,-0.02332364022731781,0.006497187539935112,-0.8021801114082336,0.36004361510276794,-0.1246437281370163,-0.8150634765625,0.44974827766418457,0.11883075535297394,-0.6125881671905518,0.5471304655075073,-0.4860790967941284,0.009243340231478214,-0.4412645399570465,-0.183635413646698,0.5700928568840027,0.6568940281867981,-0.4306006133556366,0.00408004317432642,0.517367959022522,0.07347358763217926,-0.36164188385009766,0.6543151140213013,-0.26445746421813965,0.0,-0.4000000059604645,-0.05000000074505806,0.3100000023841858,0.49000000953674316,-0.20999999344348907,0.0,-1.7239941358566284,3.865029811859131,-13.659305572509766,6.894899368286133,-10.199795722961426,-10.253623962402344,-1.671295166015625,-2.8868536949157715,10.821975708007812,7.7835612297058105,-10.075223922729492,10.328096389770508,0.06916946917772293,0.07550741732120514,-1.0870229005813599,-0.5969310998916626,0.7795999050140381,-0.7048949599266052,0.0,0.0,0.5,0.0,0.0,0.24097812175750732,0.0,0.5782091617584229,0.2648327350616455,0.2355387806892395,0.3499999940395355,0.6462230086326599,0.0,13401.896484375,0.0
0.06,0.5888888835906982,-0.529919236002096,-0.84804811379718,0.0,1.0,0.0,0.0,-0.002624650252982974,0.00346325128339231,0.6653060913085938,0.008442103862762451,0.011070775799453259,-0.02454233169555664,-0.0010592344915494323,0.02749469131231308,-0.9289530515670776,0.523428738117218,0.1864144653081894,-0.9335538744926453,0.41327089071273804,0.17338556051254272,-0.8183332681655884,0.6085643768310547,-0.6223352551460266,0.02923104353249073,-0.46403878927230835,-0.21290823817253113,0.6744037866592407,0.7355019450187683,-0.5432745814323425,0.04394704848527908,0.5324798226356506,0.07649596035480499,-0.36829110980033875,0.6754717826843262,-0.27790701389312744,0.0,-0.4000000059604645,-0.05000000074505806,0.3100000023841858,0.49000000953674316,-0.20999999344348907,0.0,-4.652472496032715,5.969000816345215,-23.28291130065918,6.015830993652344,-10.264814376831055,2.622286319732666,-2.6400299072265625,-3.0082499980926514,10.203335762023926,7.807824611663818,-10.084589004516602,2.8192358016967773,0.06615666300058365,0.07302006334066391,-0.022799981757998466,-0.1669774055480957,1.7707290649414062,-0.8786101341247559,0.0,0.0,0.5,0.0,0.0,0.25341662764549255,0.0,0.6043313145637512,0.17498664557933807,0.08827201277017593,0.3499999940395355,0.6084340214729309,0.0,6104.07666015625,0.0
0.07,0.6000000238418579,-0.5877853734854867,-0.8090169063230552,0.0,1.0,0.0,0.0,-0.002053304109722376,0.005322565324604511,0.655343234539032,0.005943093914538622,0.016802683472633362,-0.03551912307739258,-0.00850999727845192,0.019105464220046997,-1.0467842817306519,0.6422212719917297,-0.5671732425689697,-1.1779353618621826,0.36202454566955566,0.221746027469635,-0.9896764755249023,0.6782922744750977,-0.7482582330703735,-0.08631906658411026,-0.48033595085144043,-0.23765335977077484,0.7614898681640625,0.8161069750785828,-0.6503517031669617,0.15343372523784637,0.5469464063644409,0.07938927412033081,-0.37465640902519226,0.6957249641418457,-0.29078227281570435,0.0,-0.4000000059604645,-0.05000000074505806,0.3100000023841858,0.49000000953674316,-0.20999999344348907,0.0,-5.925305366516113,4.452404499053955,-14.376829147338867,7.030346393585205,-10.192944526672363,-10.113563537597656,-0.8560345768928528,-2.10723614692688,7.683079719543457,7.989663600921631,-10.04295539855957,10.063889503479004,0.06394606828689575,0.07039526849985123,-0.5382391810417175,-0.4890945851802826,1.4132829904556274,-0.7865670323371887,0.0,0.0,0.5,0.0,0.0,0.18361766636371613,0.0,0.5957733988761902,0.06234551593661308,0.008397102355957031,0.3499999940395355,0.5821200013160706,0.0,7458.8984375,0.0
0.08,0.6111111044883728,-0.64278757780998,-0.7660444698665863,0.0,1.0,0.0,0.0,-0.0012166241649538279,0.008002391085028648,0.6441408395767212,0.002760181436315179,0.02512326091527939,-0.04819917678833008,-0.007791423238813877,0.03225843980908394,-1.1824569702148438,0.9882334470748901,-0.16856800019741058,-1.3489363193511963,0.3072734475135803,0.2687121033668518,-1.120348572731018,0.7526410818099976,-0.8690127730369568,-0.19254685938358307,-0.5064590573310852,-0.2478482723236084,0.8180679082870483,0.8940168619155884,-0.7610567808151245,0.2220822274684906,0.5606968998908997,0.08213938027620316,-0.38070663809776306,0.7149756550788879,-0.3030202388763428,0.0,-0.4000000059604645,-0.05000000074505806,0.3100000023841858,0.49000000953674316,-0.20999999344348907,0.0,-5.254392623901367,4.816729545593262,-12.273937225341797,7.412493705749512,-10.153039932250977,-10.044302940368652,-3.874107599258423,-0.4521842300891876,4.918497085571289,7.755365371704102,-10.072381019592285,5.3246026039123535,0.06229298561811447,0.06699182093143463,-0.27108293771743774,-0.1684834361076355,1.4659919738769531,-0.8053265810012817,0.0,0.0,0.5,0.0,0.0,0.17946520447731018,0.0,0.5958386063575745,0.026271821931004524,-0.03408801555633545,0.3499999940395355,0.5631888508796692,0.0,3768.248779296875,0.0
0.09,0.6222222447395325,-0.6946584722314966,-0.7193397020580772,0.0,1.0,0.0,0.0,0.00013300043065100908,0.011326232925057411,0.6316975355148315,-0.0017080307006835938,0.035690441727638245,-0.06246805191040039,-0.002936059609055519,0.017846139147877693,-1.2999553680419922,1.0971300601959229,-0.7317278981208801,-1.4464190006256104,0.23905712366104126,0.3173212707042694,-1.245539665222168,0.8290319442749023,-0.9826095700263977,-0.29850172996520996,-0.5341417789459229,-0.25350111722946167,0.8766618967056274,0.9750300645828247,-0.8588787913322449,0.31672075390815735,0.573664665222168,0.08473293483257294,-0.38641244173049927,0.7331305146217346,-0.31456151604652405,0.0,-0.4000000059604645,-0.05000000074505806,0.3100000023841858,0.49000000953674316,-0.20999999344348907,0.0,-7.8876872062683105,4.762728214263916,-12.3006591796875,7.634076118469238,-10.099952697753906,-10.040210723876953,-1.9007413387298584,-0.47686487436294556,5.969498157501221,8.006311416625977,-8.764183044433594,7.814441204071045,0.06106330454349518,0.06369482725858688,0.00020944415882695466,-0.3541564345359802,1.6155993938446045,-1.0098159313201904,0.0,0.0,0.5,0.0,0.0,0.15444527566432953,0.00020944415882695466,0.6025851368904114,0.015233534388244152,-0.06043146550655365,0.3499999940395355,0.5495068430900574,0.0,3817.4453125,0.0
0.1,0.6333333253860474,-0.7431447920648445,-0.6691306434672524,0.0,1.0,0.0,0.0,0.001969118369743228,0.014886868186295033,0.6180807948112488,-0.007374763488769531,0.04724102467298508,-0.07727432250976562,-0.007743240799754858,0.0036553668323904276,-1.4293835163116455,1.1861193180084229,-0.5319910645484924,-1.4668657779693604,0.16503718495368958,0.3625194728374481,-1.352852702140808,0.9067065715789795,-1.0953677892684937,-0.3469483256340027,-0.5626323819160461,-0.2536000907421112,0.9221747517585754,1.055067539215088,-0.9673948884010315,0.3253464698791504,0.5857862234115601,0.0871572494506836,-0.3917459547519684,0.7501007318496704,-0.32534974813461304,0.0,-0.4000000059604645,-0.05000000074505806,0.3100000023841858,0.49000000953674316,-0.20999999344348907,0.0,-7.068804740905762,4.337217330932617,-9.969659805297852,7.746110916137695,-10.088516235351562,-3.704587936401367,-3.5574352741241455,0.19893591105937958,4.086205959320068,7.962744235992432,-10.055550575256348,0.6919699907302856,0.05991896241903305,0.060234956443309784,0.3402523100376129,-0.23631688952445984,1.5759638547897339,-0.8859934210777283,0.0,0.0,0.5,0.0,0.0,0.19052617251873016,0.3402523100376129,0.5971224308013916,0.013522633351385593,-0.07469691336154938,0.3499999940395355,0.5370732545852661,0.0,2656.80908203125,0.0
0.11,0.644444465637207,-0.7880108355869995,-0.6156613703956738,0.0,1.0,0.0,0.0,0.0039058104157447815,0.01852329447865486,0.6032615900039673,-0.012798309326171875,0.05926588922739029,-0.09270095825195312,-0.010354984551668167,-0.024024464190006256,-1.5484758615493774,1.1819995641708374,-0.6780112981796265,-1.531785488128662,0.08855170011520386,0.4038447439670563,-1.4492214918136597,0.9857873916625977,-1.2008726596832275,-0.3805430233478546,-0.5963937640190125,-0.2525685131549835,0.9653077125549316,1.1357253789901733,-1.047736406326294,0.323011577129364,0.5970027446746826,0.08940055221319199,-0.3966812193393707,0.765803873538971,-0.335332453250885,0.0,-0.4000000059604645,-0.05000000074505806,0.3100000023841858,0.49000000953674316,-0.20999999344348907,0.0,-8.001028060913086,3.90535831451416,-9.271003723144531,7.90759801864624,-10.033599853515625,-2.662299633026123,-3.2736988067626953,0.08975419402122498,4.431496620178223,8.004456520080566,-5.938790798187256,-0.16034138202667236,0.05877435952425003,0.05679193139076233,0.5501627326011658,-0.2722722291946411,1.5287328958511353,-0.972403347492218,0.0,0.0,0.5,0.0,0.0,0.18858596682548523,0.5,0.5932859778404236,0.00916160549968481,-0.0831192135810852,0.3499999940395355,0.5249181985855103,0.0,1225.3853759765625,0.0
0.12,0.6555556058883667,-0.829037749399968,-0.5591926412872722,0.0,1.0,0.0,0.0,0.0055117132142186165,0.022233864292502403,0.5872491002082825,-0.016293048858642578,0.07163764536380768,-0.10790872573852539,-0.013190066441893578,-0.050749797374010086,-1.6762655973434448,1.2343469858169556,-0.27682173252105713,-1.4623456001281738,0.013306031003594398,0.4405912756919861,-1.540576457977295,1.0658352375030518,-1.3060579299926758,-0.378673255443573,-0.6406036615371704,-0.250102698802948,1.0082507133483887,1.216201663017273,-1.1527260541915894,0.30113115906715393,0.6072594523429871,0.09145189821720123,-0.40119415521621704,0.7801632881164551,-0.342646062374115,0.0,-0.4000000059604645,-0.05000000074505806,0.3100000023841858,0.49000000953674316,-0.20999999344348907,0.0,-7.14559268951416,3.4257547855377197,-9.055858612060547,7.987045764923096,-10.031557083129883,0.14174257218837738,-5.282344341278076,0.28180932998657227,4.3568291664123535,7.998264789581299,-10.030523300170898,-1.6961387395858765,0.05754905194044113,0.05327651649713516,0.9308221936225891,-0.10085456073284149,1.4079067707061768,-0.8979196548461914,0.0,0.0,0.5,0.0,0.0,0.11967523396015167,0.5,0.5874998569488525,0.013885511085391045,-0.08878183364868164,0.3499999940395355,0.5122108459472656,0.0,1834.966064453125,0.0
0.13,0.6666666865348816,-0.8660254662022696,-0.49999989188912974,0.0,1.0,0.0,0.0,0.0067300256341695786,0.025883298367261887,0.5700501203536987,-0.017676830291748047,0.08396600186824799,-0.12244367599487305,-0.00855562835931778,-0.09223704785108566,-1.7917895317077637,1.1875354051589966,-0.23155571520328522,-1.399443507194519,-0.06310815364122391,0.47024714946746826,-1.6357758045196533,1.1459946632385254,-1.4083998203277588,-0.3602686822414398,-0.6922885775566101,-0.2502868175506592,1.0585260391235352,1.2968623638153076,-1.2539381980895996,0.27192938327789307,0.6165063381195068,0.09330127388238907,-0.4052627980709076,0.7931089401245117,-0.3485640585422516,0.0,-0.4000000059604645,-0.05000000074505806,0.3100000023841858,0.49000000953674316,-0.20999999344348907,0.0,-7.91780424118042,2.5582823753356934,-9.712087631225586,7.999613285064697,-10.0096435546875,1.5064449310302734,-5.115674018859863,-0.1487552672624588,5.432431697845459,8.004364967346191,-9.985305786132812,-2.346477508544922,0.056127943098545074,0.04990684241056442,1.284693956375122,-0.04122557491064072,1.2308349609375,-1.0447372198104858,0.0,0.0,0.5,0.0,0.0,0.18211574852466583,0.5,0.5860952138900757,0.019903011620044708,-0.09259777516126633,0.3499999940395355,0.49785760045051575,0.0,1601.677734375,0.0
0.14,0.6777777671813965,-0.8987940171128403,-0.4383712066299096,0.0,1.0,0.0,0.0,0.007718166336417198,0.02943464182317257,0.5516997575759888,-0.017895221710205078,0.09611523896455765,-0.13542461395263672,-0.013234400190412998,-0.1292594075202942,-1.907471776008606,1.192070484161377,-0.0785687118768692,-1.187262773513794,-0.13652290403842926,0.4921009838581085,-1.7255805730819702,1.2264291048049927,-1.5072205066680908,-0.36345410346984863,-0.7474494576454163,-0.25144171714782715,1.1142232418060303,1.3773062229156494,-1.3561270236968994,0.2742646336555481,0.6246985197067261,0.0949397087097168,-0.40886735916137695,0.8045779466629028,-0.3538070321083069,0.0,-0.4000000059604645,-0.05000000074505806,0.3100000023841858,0.49000000953674316,-0.20999999344348907,0.0,-6.959744453430176,1.8620593547821045,-8.485791206359863,8.002239227294922,-9.084230422973633,-0.9349770545959473,-5.751470565795898,-0.056064728647470474,5.562156677246094,8.00173568725586,-10.006836891174316,0.1622079312801361,0.05449029803276062,0.04688543826341629,1.3270070552825928,-0.15920037031173706,1.0891830921173096,-0.9759809374809265,0.0,0.0,0.5,0.0,0.0,0.13075986504554749,0.5,0.5710747838020325,0.05965449661016464,-0.09518071264028549,0.3499999940395355,0.48181548714637756,0.0,1526.96435546875,0.0
0.15,0.6888889074325562,-0.9271838982134304,-0.3746064853866613,0.0,1.0,1.0,1.0,0.00839200895279646,0.032973602414131165,0.532202959060669,-0.01686716079711914,0.1080397292971611,-0.14579200744628906,-0.011796364560723305,-0.17355836927890778,-1.9782661199569702,1.2990593910217285,0.048429131507873535,-0.8012746572494507,-0.17887364327907562,0.5103064179420471,-1.7724603414535522,1.2956233024597168,-1.583386778831482,-0.3433191478252411,-0.7883639931678772,-0.27055391669273376,1.1715915203094482,1.4563984870910645,-1.3947521448135376,0.3697502017021179,0.6317960023880005,0.09635920077562332,-0.411990225315094,0.8145143985748291,-0.35834944248199463,0.0,-0.4000000059604645,-0.05000000074505806,0.3100000023841858,0.49000000953674316,-0.20999999344348907,0.0,-1.4459916353225708,4.649193286895752,1.6086374521255493,10.895111083984375,-17.71225357055664,18.86864471435547,-1.5609149932861328,-4.627285480499268,6.985476493835449,8.371123313903809,4.686524391174316,19.481775283813477,0.0504070445895195,0.04246554523706436,0.264438658952713,0.046764541417360306,0.8013080954551697,0.08656639605760574,3757.27734375,2108.0947265625,0.5,0.0,0.0,0.09560618549585342,0.264438658952713,0.5575985312461853,0.2769046127796173,-0.09646245837211609,0.3499999940395355,0.44403180480003357,8.255648612976074,3684.065673828125,0.0
0.16,0.7000000476837158,-0.95105660887834,-0.3090167094330537,0.0,1.0,1.0,1.0,0.009013592265546322,0.03739609569311142,0.5143657326698303,-0.015686988830566406,0.12581492960453033,-0.14642953872680664,0.005811098963022232,-0.26573050022125244,-1.7073984146118164,2.226099967956543,0.10583681613206863,0.45032477378845215,-0.1946028470993042,0.5527710318565369,-1.7804088592529297,1.3884302377700806,-1.7628425359725952,-0.28694233298301697,-0.8033156991004944,-0.3128542900085449,1.2243291139602661,1.5382683277130127,-1.3470813035964966,0.3722672760486603,0.6377641558647156,0.0975528359413147,-0.4146162271499634,0.8228698372840881,-0.3621690571308136,0.0,-0.4000000059604645,-0.05000000074505806,0.3100000023841858,0.49000000953674316,-0.20999999344348907,0.0,-1.9714843034744263,5.256774425506592,-2.7587406635284424,10.384774208068848,-13.695638656616211,-9.521868705749512,-1.0619962215423584,-3.9926083087921143,5.537496089935303,7.994381904602051,7.981680393218994,0.6022526025772095,0.05326811969280243,0.037727631628513336,0.428562194108963,0.41642025113105774,0.9624655842781067,0.3662766218185425,3126.42529296875,1778.439697265625,0.5,0.0,0.0,0.03400454670190811,0.428562194108963,0.5327671766281128,0.6665868759155273,-0.09730087220668793,0.3499999940395355,0.3895440101623535,6.505032539367676,2564.2822265625,0.0
0.17,0.7111111283302307,-0.9702957524497433,-0.2419217906224798,0.0,1.0,1.0,1.0,0.010290856473147869,0.04318235069513321,0.4979260265827179,-0.016871929168701172,0.15213416516780853,-0.1363377571105957,0.032201074063777924,-0.3603168725967407,-1.7381361722946167,3.0098395347595215,-0.04526674002408981,1.5187652111053467,-0.21318943798542023,0.5949758887290955,-1.8039742708206177,1.469332218170166,-1.9531158208847046,-0.26745739579200745,-0.8058264255523682,-0.33579221367836,1.2710052728652954,1.598832607269287,-1.2458951473236084,0.3349039554595947,0.6425739526748657,0.09851479530334473,-0.4167325496673584,0.8296035528182983,-0.36524730920791626,0.0,-0.4000000059604645,-0.05000000074505806,0.3100000023841858,0.49000000953674316,-0.20999999344348907,0.0,-1.9307366609573364,4.4017133712768555,-2.6640026569366455,8.87393569946289,-22.379405975341797,6.764935493469238,0.31001439690589905,-1.0304847955703735,4.639432907104492,4.806875705718994,12.604175567626953,0.9510854482650757,0.05766221880912781,0.029718779027462006,0.6010647416114807,0.4304044246673584,1.0591533184051514,0.48381391167640686,2395.663330078125,662.5956420898438,0.5,0.0,0.0,0.026830220595002174,0.5,0.4979138970375061,0.009919075295329094,-0.09790187329053879,0.3499999940395355,0.4016725718975067,7.843911170959473,3924.462890625,0.0
0.18,0.7222222685813904,-0.9848078035929707,-0.17364789080892623,0.0,1.0,1.0,1.0,0.012705343775451183,0.050725921988487244,0.48030054569244385,-0.02282857894897461,0.185708686709404,-0.11521100997924805,0.049964386969804764,-0.4296353757381439,-1.9673031568527222,3.767014503479004,-0.39180663228034973,2.7633187770843506,-0.2277398705482483,0.6257950663566589,-1.8297653198242188,1.5295406579971313,-2.1563308238983154,-0.2414204329252243,-0.8019508719444275,-0.34198251366615295,1.3048096895217896,1.649517297744751,-1.102521300315857,0.2906532883644104,0.6462019681930542,0.09924039244651794,-0.4183288812637329,0.8346827626228333,-0.3675692677497864,0.0,-0.4000000059604645,-0.05000000074505806,0.3100000023841858,0.49000000953674316,-0.20999999344348907,0.0,-1.5421726703643799,3.4799752235412598,-2.9393537044525146,6.648344993591309,-23.184873580932617,9.656746864318848,0.3343639075756073,-0.21287931501865387,3.119248151779175,5.324671745300293,11.274299621582031,0.8408647775650024,0.06026212126016617,0.017476245760917664,0.7632243633270264,0.6510452032089233,1.4114859104156494,1.1319118738174438,1752.027099609375,719.6572875976562,0.5,0.0,0.0,0.016959665343165398,0.5,0.46105536818504333,2.330853590137849e-07,-0.09834379702806473,0.3499999940395355,0.38751450181007385,7.823492527008057,4052.139404296875,0.0
0.19,0.7333333492279053,-0.9945219058073734,-0.10452836394620216,0.0,1.0,0.0,1.0,0.016375361010432243,0.06020297855138779,0.46080338954925537,-0.035129547119140625,0.2251656949520111,-0.08403158187866211,0.05553571879863739,-0.5003451704978943,-2.161215305328369,4.132013320922852,-0.6724438667297363,3.5887961387634277,-0.24474568665027618,0.6494783759117126,-1.8601347208023071,1.5789076089859009,-2.1445889472961426,-0.30108842253685,-0.8002169132232666,-0.3389757573604584,1.3368827104568481,1.720070719718933,-1.0245460271835327,0.26729264855384827,0.6486304998397827,0.09972609579563141,-0.41939741373062134,0.8380826711654663,-0.36912351846694946,0.0,-0.4000000059604645,-0.05000000074505806,0.3100000023841858,0.49000000953674316,-0.20999999344348907,0.0,-2.5375940799713135,2.3662290573120117,-4.264959812164307,5.688503265380859,10.064196586608887,-8.353830337524414,0.11509662866592407,1.719757318496704,3.7240960597991943,7.838876724243164,-2.272442579269409,-3.683481454849243,0.061721205711364746,0.007648564875125885,0.729705274105072,0.6064130663871765,2.315869092941284,0.7133857011795044,0.0,134.97161865234375,0.5,0.0,0.0,0.019413933157920837,0.5,0.408285915851593,6.501976474587723e-12,-0.09847856312990189,1.0,0.37877294421195984,2.417611837387085,1638.7808837890625,0.0
0.2,0.7444444894790649,-0.9993908368942477,-0.03489921391400607,0.0,1.0,0.0,1.0,0.02056398056447506,0.07034453004598618,0.44056302309036255,-0.05185365676879883,0.2649572491645813,-0.050139427185058594,0.02718701958656311,-0.5809274315834045,-2.2462213039398193,4.108551025390625,-0.8837438821792603,3.74918532371521,-0.27650806307792664,0.6722717881202698,-1.9081999063491821,1.6425268650054932,-2.0371406078338623,-0.39450883865356445,-0.7987552881240845,-0.31029680371284485,1.3783388137817383,1.800443410873413,-1.0436910390853882,0.28422436118125916,0.6498477458953857,0.0999695435166359,-0.4199329912662506,0.8397867679595947,-0.36990252137184143,0.0,-0.4000000059604645,-0.05000000074505806,0.3100000023841858,0.49000000953674316,-0.20999999344348907,0.0,-3.5103561878204346,2.033947229385376,-4.994540691375732,6.531657695770264,10.049660682678223,-7.513138294219971,0.131154865026474,3.7868261337280273,4.117428302764893,7.680192947387695,-6.890481948852539,3.106302261352539,0.0665549710392952,0.0031838640570640564,0.8609912991523743,0.4716900587081909,2.2660765647888184,0.45985546708106995,0.0,75.63581848144531,0.5,0.0,0.0,0.08914925903081894,0.5,0.32560914754867554,6.176950227351763e-13,-0.09862154722213745,1.0,0.4172194302082062,1.4053908586502075,585.5803833007812,0.0
0.21,0.7555556297302246,-0.9993908107539656,0.03489996247178119,0.0,1.0,0.0,1.0,0.024710875004529953,0.0803212895989418,0.4196223020553589,-0.07081747055053711,0.302636981010437,-0.017112255096435547,-0.012850879691541195,-0.6856834292411804,-2.3273117542266846,3.861285448074341,-0.8979223370552063,3.6513922214508057,-0.31078222393989563,0.6875213980674744,-1.954071283340454,1.7124007940292358,-1.9319697618484497,-0.4436245560646057,-0.7985021471977234,-0.27123865485191345,1.4167908430099487,1.8806473016738892,-1.0989046096801758,0.2835029363632202,0.649847686290741,0.0999695360660553,-0.4199329912662506,0.8397867679595947,-0.36990252137184143,0.0,-0.4000000059604645,-0.05000000074505806,0.3100000023841858,0.49000000953674316,-0.20999999344348907,0.0,-3.3020918369293213,1.025214672088623,-4.3192620277404785,7.049795150756836,10.033197402954102,-3.7004520893096924,0.012987918220460415,4.086905479431152,3.749206066131592,7.956007957458496,-7.170931339263916,-0.2035304307937622,0.07370762526988983,0.0003406330943107605,0.831482470035553,0.4689067602157593,2.2855958938598633,0.3994012773036957,0.0,103.59449768066406,0.5,0.0,0.0,0.08713682740926743,0.5,0.2307649701833725,2.6266001092872804e-12,-0.09878171980381012,1.0,0.4813840389251709,1.5106399059295654,1149.1754150390625,0.0
0.22,0.7666666507720947,-0.9945219058073733,0.1045283639462018,0.0,1.0,0.0,1.0,0.02853391319513321,0.08990401029586792,0.39802026748657227,-0.09026622772216797,0.3370884954929352,0.013376994989812374,-0.05797721445560455,-0.7433038353919983,-2.374630928039551,3.5616493225097656,-0.8883230686187744,3.38700532913208,-0.33675912022590637,0.6946364045143127,-1.9858335256576538,1.7828246355056763,-1.82805597782135,-0.5198579430580139,-0.799842357635498,-0.22695966064929962,1.4531428813934326,1.9635261297225952,-1.1883190870285034,0.2949092388153076,0.6486304998397827,0.09972609579563141,-0.41939741373062134,0.8380826711654663,-0.36912351846694946,0.0,-0.4000000059604645,-0.05000000074505806,0.3100000023841858,0.49000000953674316,-0.20999999344348907,0.0,-1.8999488353729248,0.40602025389671326,-2.063218355178833,6.3172221183776855,10.025083541870117,-5.7114949226379395,-0.31667062640190125,4.656303405761719,3.649596691131592,8.175929069519043,-10.5498628616333,2.2722055912017822,0.08215063810348511,-0.0001901388168334961,0.3900092840194702,0.34544703364372253,2.3950366973876953,0.4773692786693573,0.0,349.9690246582031,0.5,0.0,0.0,0.06040307879447937,0.3900092840194702,0.17769649624824524,1.085716169746398e-10,-0.09895513951778412,1.0,0.5699368715286255,1.0245132446289062,2475.666015625,0.0
0.23,0.7777777910232544,-0.9848077385605463,0.1736482596263574,0.0,1.0,0.0,1.0,0.03234536945819855,0.09961999952793121,0.3759846091270447,-0.11081790924072266,0.3681298494338989,0.04216647148132324,-0.07603436708450317,-0.6991010308265686,-2.4330732822418213,3.3018195629119873,-1.0292243957519531,3.4834697246551514,-0.3444916009902954,0.6977320909500122,-1.9929012060165405,1.8131537437438965,-1.767362117767334,-0.5524560809135437,-0.7976019382476807,-0.19566479325294495,1.486606478691101,2.0497190952301025,-1.2760826349258423,0.30981695652008057,0.6462019085884094,0.09924038499593735,-0.4183288514614105,0.8346827030181885,-0.3675692081451416,0.0,-0.4000000059604645,-0.05000000074505806,0.3100000023841858,0.49000000953674316,-0.20999999344348907,0.0,-0.4191262722015381,0.46875834465026855,-0.3034161627292633,1.9539257287979126,4.776806831359863,-2.430108070373535,0.3633463680744171,3.334951639175415,3.120694875717163,8.366013526916504,-14.122529983520508,0.4700441360473633,0.08019685000181198,-0.00021433085203170776,-0.054211728274822235,0.8784329295158386,2.148428201675415,0.9660752415657043,0.0,1567.9759521484375,0.5,0.0,0.0,0.07180333882570267,0.0,0.19376373291015625,2.884388561330553e-11,-0.09909067302942276,1.0,0.5480956435203552,2.299335241317749,7537.19140625,0.0
0.24,0.7888889312744141,-0.9702956618482644,0.24192215400504102,0.0,1.0,0.0,1.0,0.036032699048519135,0.10985004901885986,0.3532964885234833,-0.13139581680297852,0.3948034644126892,0.06958112865686417,-0.11612408608198166,-0.7081436514854431,-2.5304312705993652,2.743481397628784,-0.7496768832206726,3.134723424911499,-0.34535354375839233,0.7074618339538574,-1.9917922019958496,1.8654403686523438,-1.6738781929016113,-0.6379629969596863,-0.7991805076599121,-0.16175703704357147,1.5164859294891357,2.132484197616577,-1.3644288778305054,0.32677972316741943,0.642573893070221,0.09851478040218353,-0.416732519865036,0.8296034336090088,-0.36524730920791626,0.0,-0.4000000059604645,-0.05000000074505806,0.3100000023841858,0.49000000953674316,-0.20999999344348907,0.0,0.2639995515346527,0.9116007685661316,0.42583930492401123,7.267472743988037,9.495879173278809,-7.628574371337891,-0.5323189496994019,3.5378646850585938,3.0541975498199463,7.852863311767578,-11.398207664489746,2.9513165950775146,0.08244312554597855,-0.00020917877554893494,-0.22524112462997437,0.6022387146949768,2.139834403991699,0.99202960729599,0.0,177.18008422851562,0.5,0.0,0.0,0.023071302101016045,0.0,0.171674907207489,2.9162048331698998e-09,-0.09921269118785858,1.0,0.5732806324958801,1.6598979234695435,6049.630859375,0.0
0.25,0.800000011920929,-0.9510564931493437,0.30901706561041664,0.0,1.0,0.0,1.0,0.03871196508407593,0.11941269040107727,0.3294651210308075,-0.1478252410888672,0.41573554277420044,0.09483258426189423,-0.1533985286951065,-0.7328100800514221,-2.5888795852661133,2.2028825283050537,-0.3406134843826294,2.803166389465332,-0.3361717164516449,0.7126831412315369,-1.9848344326019287,1.9357272386550903,-1.6367233991622925,-0.729193925857544,-0.8082013726234436,-0.12970787286758423,1.5495431423187256,2.21335506439209,-1.4540584087371826,0.3480292558670044,0.6377640962600708,0.0975528210401535,-0.4146162271499634,0.8228697776794434,-0.3621690273284912,0.0,-0.4000000059604645,-0.05000000074505806,0.3100000023841858,0.49000000953674316,-0.20999999344348907,0.0,1.5521821975708008,0.16953007876873016,1.0566703081130981,7.993526458740234,2.813795804977417,-8.38193130493164,-1.342504858970642,3.217231035232544,3.473367691040039,7.956580638885498,-10.255570411682129,2.282916784286499,0.08873549848794937,-0.00017911940813064575,-0.5897460579872131,0.43333005905151367,1.7898814678192139,0.9785689115524292,0.0,242.43421936035156,0.5,0.0,0.0,0.020880816504359245,0.0,0.14545616507530212,1.4957265648263274e-07,-0.09935890138149261,1.0,0.6501628160476685,1.0261980295181274,7752.82177734375,0.0
0.26,0.8111111521720886,-0.927183757920604,0.3746068326235209,0.0,1.0,0.0,1.0,0.03998003900051117,0.12838415801525116,0.3046659827232361,-0.15848875045776367,0.4315532445907593,0.11893881112337112,-0.1796903908252716,-0.6884280443191528,-2.6464624404907227,1.7085437774658203,0.30662307143211365,2.393894910812378,-0.3269043564796448,0.7146888971328735,-1.9813998937606812,1.9790078401565552,-1.6297905445098877,-0.7767766714096069,-0.8193542957305908,-0.09987371414899826,1.5886058807373047,2.291578531265259,-1.5477077960968018,0.3743787705898285,0.6317959427833557,0.09635919332504272,-0.411990225315094,0.8145143389701843,-0.35834938287734985,0.0,-0.4000000059604645,-0.05000000074505806,0.3100000023841858,0.49000000953674316,-0.20999999344348907,0.0,0.4977615475654602,0.41684094071388245,0.07065899670124054,2.8657803535461426,0.0857180505990982,-3.010009527206421,-0.8419690132141113,3.376910448074341,4.592586040496826,8.196218490600586,-13.380382537841797,2.7035343647003174,0.08416274935007095,-0.00012502819299697876,-0.7960936427116394,0.2918877899646759,1.2253377437591553,0.9029308557510376,0.0,1535.39794921875,0.5,0.0,0.0,0.012988057918846607,0.0,0.1538427472114563,1.0528066923143342e-05,-0.09948094934225082,1.0,0.5933401584625244,1.4658820629119873,15807.953125,0.0
0.27,0.8222222328186035,-0.8987940171128406,0.4383712066299093,0.0,1.0,0.0,1.0,0.039539456367492676,0.13694927096366882,0.2787350118160248,-0.16121244430541992,0.44122594594955444,0.14029814302921295,-0.1988867223262787,-0.603229284286499,-2.6989431381225586,0.9241665601730347,0.9664594531059265,1.677048921585083,-0.32259222865104675,0.7194565534591675,-1.9794272184371948,2.005221366882324,-1.6222105026245117,-0.8438031673431396,-0.8279980421066284,-0.07023806869983673,1.6336688995361328,2.3650200366973877,-1.6540217399597168,0.3964669406414032,0.6246985197067261,0.0949396938085556,-0.40886732935905457,0.8045778870582581,-0.3538070321083069,0.0,-0.4000000059604645,-0.05000000074505806,0.3100000023841858,0.49000000953674316,-0.20999999344348907,0.0,0.46990182995796204,0.3957214057445526,0.26494309306144714,2.5232479572296143,0.6572537422180176,-5.878054618835449,-1.1629230976104736,3.3053841590881348,5.009853363037109,7.565384864807129,-21.39737319946289,0.18387413024902344,0.06920406967401505,-0.00020769983530044556,-1.0627312660217285,0.12788842618465424,0.947615921497345,0.9706737995147705,0.0,1448.578125,0.5,0.0,0.0,0.004849275108426809,0.0,0.18183481693267822,0.0036066127941012383,-0.09958676993846893,1.0,0.4399206042289734,3.0391416549682617,20618.76171875,0.0
0.28,0.8333333730697632,-0.8660252789487355,0.5000002162217179,0.0,1.0,0.0,1.0,0.037138681858778,0.14422278106212616,0.2521340847015381,-0.15456390380859375,0.4423934817314148,0.1586873084306717,-0.19069115817546844,-0.47533389925956726,-2.648191452026367,-0.07429766654968262,1.7223719358444214,1.1041494607925415,-0.31865614652633667,0.7224424481391907,-1.9775105714797974,2.028193712234497,-1.6193848848342896,-0.8825151324272156,-0.8383203148841858,-0.03995823115110397,1.691068172454834,2.429427146911621,-1.7679773569107056,0.42640337347984314,0.6165063381195068,0.09330126643180847,-0.4052627682685852,0.7931088209152222,-0.3485640287399292,0.0,-0.4000000059604645,-0.05000000074505806,0.3100000023841858,0.49000000953674316,-0.20999999344348907,0.0,0.4281872808933258,0.193941131234169,0.2297867089509964,2.354795455932617,0.22845783829689026,-3.324497938156128,-1.2688424587249756,3.3629584312438965,6.545956134796143,6.580373764038086,-16.065597534179688,1.7478948831558228,0.04895313084125519,-0.00023693963885307312,-1.2181097269058228,-0.06560561805963516,0.55051189661026,0.5496851205825806,0.0,1883.569091796875,0.5,0.0,0.0,0.0034098380710929632,0.0,0.2451234757900238,0.08730984479188919,-0.09967216849327087,1.0,0.2934113144874573,1.7775449752807617,21274.916015625,0.0
0.29,0.8444445133209229,-0.8290373305565872,0.5591932622480423,0.0,1.0,1.0,1.0,0.03343202546238899,0.1495097279548645,0.22546055912971497,-0.14105701446533203,0.4328836500644684,0.17631269991397858,-0.13860638439655304,-0.3304150700569153,-2.524534225463867,-1.229204535484314,2.1357855796813965,1.180647611618042,-0.31278571486473083,0.7188253998756409,-1.9733071327209473,2.0627951622009277,-1.6313971281051636,-0.8751912713050842,-0.8470408320426941,-0.012409728020429611,1.749744176864624,2.48694109916687,-1.8757227659225464,0.471653550863266,0.6072593331336975,0.09145186841487885,-0.40119409561157227,0.780163049697876,-0.34264594316482544,0.0,-0.4000000059604645,-0.05000000074505806,0.3100000023841858,0.49000000953674316,-0.20999999344348907,0.0,2.1893832683563232,-3.93723726272583,0.9116517305374146,8.778956413269043,-12.35181713104248,18.683076858520508,-0.7469066381454468,2.8324928283691406,6.686859130859375,6.993259906768799,-9.610026359558105,9.951343536376953,0.02929634600877762,-2.6687979698181152e-05,-1.0005120038986206,-0.2202795445919037,0.3946762979030609,0.44462376832962036,2308.370849609375,2549.58154296875,0.5,0.0,0.0,0.005186845548450947,0.0,0.35558733344078064,0.06155294552445412,-0.09973751753568649,0.3499999940395355,0.19803422689437866,7.09827184677124,16465.357421875,0.0
0.3,0.8555555939674377,-0.7880106050174337,0.6156616655112271,0.0,1.0,1.0,1.0,0.029000570997595787,0.15256552398204803,0.20088651776313782,-0.12576055526733398,0.4145955443382263,0.1985437422990799,-0.08926329761743546,-0.1451321393251419,-2.167555332183838,-1.7896032333374023,2.4072182178497314,1.5322744846343994,-0.2912345826625824,0.684027373790741,-1.9703741073608398,2.1332921981811523,-1.749922752380371,-0.6944040656089783,-0.8606774210929871,0.014641409739851952,1.789406180381775,2.5354902744293213,-2.002614736557007,0.4767135679721832,0.5970026254653931,0.0894005224108696,-0.39668112993240356,0.7658036947250366,-0.33533230423927307,0.0,-0.4000000059604645,-0.05000000074505806,0.3100000023841858,0.49000000953674316,-0.20999999344348907,0.0,2.573941230773926,-3.8728559017181396,0.40038299560546875,7.0694708824157715,-13.072331428527832,18.894393920898438,-1.762213110923767,3.306844472885132,4.4915547370910645,4.730650424957275,-16.26877212524414,0.44962257146835327,0.027048103511333466,-0.0004015788435935974,-1.0747863054275513,-0.21084409952163696,-0.13610659539699554,0.39212360978126526,1755.722900390625,2397.6845703125,0.5,0.0,0.0,0.017788441851735115,0.0,0.4787440598011017,0.009134194813668728,-0.0997907742857933,0.3499999940395355,0.3517041802406311,6.338974952697754,13523.8876953125,0.0
0.31,0.8666666746139526,-0.7431447920648447,0.669130643467252,0.0,1.0,1.0,1.0,0.02464362420141697,0.15415604412555695,0.18024447560310364,-0.11174297332763672,0.3915092349052429,0.22441717982292175,-0.017471037805080414,0.06355933845043182,-1.737459659576416,-2.175997257232666,2.257016181945801,2.0516092777252197,-0.2719264328479767,0.6543545722961426,-1.9598387479782104,2.1879217624664307,-1.8523443937301636,-0.47388461232185364,-0.8721888661384583,0.03825857490301132,1.8110065460205078,2.5759189128875732,-2.10542893409729,0.48624104261398315,0.5857862234115601,0.0871572345495224,-0.391745924949646,0.7501006722450256,-0.32534968852996826,0.0,-0.4000000059604645,-0.05000000074505806,0.3100000023841858,0.49000000953674316,-0.20999999344348907,0.0,2.1870574951171875,-3.0590310096740723,1.1504732370376587,5.066431999206543,-14.848037719726562,21.106346130371094,-1.3669400215148926,2.6483747959136963,1.9715313911437988,3.5753378868103027,-12.031768798828125,4.682147026062012,0.020908616483211517,-0.00033305585384368896,-1.255162239074707,-0.25962400436401367,-0.49540168046951294,0.38994672894477844,1673.41162109375,2190.310791015625,0.5,0.0,0.0,0.01826375536620617,0.0,0.5806355476379395,0.00022081143106333911,-0.09982585161924362,0.3499999940395355,0.32537081837654114,6.845727920532227,12570.5224609375,0.0
0.32,0.8777778148651123,-0.6946582028336742,0.7193399622125064,0.0,1.0,1.0,1.0,0.020853877067565918,0.15517061948776245,0.1642337590456009,-0.10105466842651367,0.3660549223423004,0.25388970971107483,0.035014428198337555,0.2856387197971344,-1.3515790700912476,-2.2606704235076904,1.9927510023117065,2.4286365509033203,-0.2575673758983612,0.6320471167564392,-1.9540818929672241,2.2300655841827393,-1.9112623929977417,-0.24928922951221466,-0.8836352825164795,0.061001624912023544,1.8173989057540894,2.603532075881958,-2.185755968093872,0.49465158581733704,0.5736645460128784,0.08473291248083115,-0.3864124119281769,0.7331303954124451,-0.3145614266395569,0.0,-0.4000000059604645,-0.05000000074505806,0.3100000023841858,0.49000000953674316,-0.20999999344348907,0.0,1.2071820497512817,-1.9888285398483276,-1.0540199279785156,3.3291611671447754,-15.340256690979004,7.3962812423706055,-1.4992073774337769,2.5008699893951416,0.4368894100189209,2.0863962173461914,-11.10687255859375,-5.176279544830322,0.01305808499455452,-0.0001188516616821289,-1.0174559354782104,0.0362827442586422,-0.6804476976394653,0.2530170679092407,1021.5560913085938,1543.847900390625,0.5,0.0,0.0,0.030939564108848572,0.0,0.5512305498123169,7.530487891926896e-06,-0.09984894096851349,0.3499999940395355,0.31442469358444214,6.466148376464844,11111.40625,0.0
0.33,0.888888955116272,-0.642787290920897,0.7660447105949979,0.0,1.0,1.0,1.0,0.01765013486146927,0.15656337141990662,0.15180709958076477,-0.09289789199829102,0.3407643139362335,0.28293994069099426,0.07197405397891998,0.43760624527931213,-1.132201910018921,-2.2590532302856445,1.5852749347686768,2.3520822525024414,-0.2498086839914322,0.6128334403038025,-1.9701969623565674,2.2683913707733154,-1.946279764175415,-0.1164340078830719,-0.8942029476165771,0.08496064692735672,1.8172510862350464,2.619652271270752,-2.2465999126434326,0.512258768081665,0.5606967806816101,0.08213935792446136,-0.3807065784931183,0.7149754762649536,-0.3030201196670532,0.0,-0.4000000059604645,-0.05000000074505806,0.3100000023841858,0.49000000953674316,-0.20999999344348907,0.0,0.5761048197746277,-2.0201797485351562,-2.877526044845581,4.6913628578186035,5.558434009552002,1.3885482549667358,-1.0021944046020508,3.0724964141845703,0.26988309621810913,1.1630135774612427,-5.161706924438477,4.6686296463012695,0.0065779536962509155,0.0003141239285469055,-0.45949336886405945,-0.10421718657016754,-0.3460709750652313,0.1672556847333908,388.6009216308594,601.6519775390625,0.5,0.0,0.0,0.04843251034617424,0.0,0.4726449251174927,1.5657165931770578e-05,-0.09986888617277145,0.3499999940395355,0.32316166162490845,5.259303092956543,9207.5361328125,0.0
0.34,0.9000000357627869,-0.587785070502928,0.8090171264527518,0.0,1.0,1.0,1.0,0.014909354969859123,0.15865838527679443,0.1418607532978058,-0.0855417251586914,0.3172193169593811,0.30524492263793945,0.06380274146795273,0.5773378610610962,-0.9200559854507446,-2.0909504890441895,1.3071269989013672,1.5044292211532593,-0.24347452819347382,0.5965093374252319,-1.9843748807907104,2.3003990650177,-1.9901008605957031,-0.01016261987388134,-0.902751088142395,0.10626193881034851,1.8133032321929932,2.627427577972412,-2.2933127880096436,0.49999403953552246,0.5469462275505066,0.07938924431800842,-0.3746563494205475,0.6957247257232666,-0.2907821536064148,0.0,-0.4000000059604645,-0.05000000074505806,0.3100000023841858,0.49000000953674316,-0.20999999344348907,0.0,0.6778331398963928,-1.2650542259216309,-0.7329562306404114,2.4284143447875977,-1.1955912113189697,14.963874816894531,-0.9244617819786072,1.7720613479614258,0.21517018973827362,0.503412127494812,-1.3975615501403809,-0.03339242935180664,0.0007343590259552002,0.0002968981862068176,-0.35325631499290466,-0.10448872298002243,-0.26123830676078796,0.0957721546292305,633.1888427734375,1085.8123779296875,0.5,0.0,0.0,0.01393826026469469,0.0,0.35092803835868835,0.01081723440438509,-0.09988423436880112,0.3499999940395355,0.3273020088672638,5.669458389282227,10620.689453125,0.0
0.35000000000000003,0.9111111760139465,-0.5299189184020804,0.8480483122555985,0.0,1.0,1.0,1.0,0.013027630746364594,0.16154444217681885,0.13463979959487915,-0.0802302360534668,0.2959344983100891,0.3169318735599518,0.0678013488650322,0.6623011231422424,-0.7055242657661438,-1.9735549688339233,0.5492013692855835,0.40003639459609985,-0.23852260410785675,0.5709692239761353,-2.001143455505371,2.3369603157043457,-2.0215213298797607,-0.01457793265581131,-0.8964052796363831,0.1272408366203308,1.810357928276062,2.6311161518096924,-2.3259291648864746,0.5055904388427734,0.5324797034263611,0.0764959454536438,-0.36829107999801636,0.6754716038703918,-0.2779069244861603,0.0,-0.4000000059604645,-0.05000000074505806,0.3100000023841858,0.49000000953674316,-0.20999999344348907,0.0,0.35619959235191345,-2.6957316398620605,-1.2378675937652588,3.71325945854187,-3.0374598503112793,-2.5044782161712646,0.9722487926483154,2.4208366870880127,-0.5317815542221069,0.1263750195503235,-0.5507955551147461,-4.260802268981934,0.0013761967420578003,0.0021979808807373047,-0.10180111229419708,-0.03769545257091522,-0.1578039675951004,0.07331699877977371,354.8070373535156,379.6880187988281,0.5,0.0,0.0,0.005922312382608652,0.0,0.2862536609172821,0.7261067628860474,-0.09989627450704575,0.3499999940395355,0.3726322650909424,3.968543767929077,12425.765625,0.0
0.36,0.9222222566604614,-0.46947137173205616,0.882947694444026,0.0,1.0,1.0,1.0,0.012549880892038345,0.16526126861572266,0.12913264334201813,-0.07798147201538086,0.2771666646003723,0.31432631611824036,0.05964244529604912,0.7057003974914551,-0.5793021321296692,-1.846287488937378,-0.14924651384353638,-0.8847477436065674,-0.23705658316612244,0.5474092364311218,-2.001328706741333,2.3744988441467285,-2.0472211837768555,-0.05541204661130905,-0.8764887452125549,0.1476173996925354,1.8083240985870361,2.62848162651062,-2.346205711364746,0.5174056887626648,0.5173677802085876,0.07347355782985687,-0.3616418242454529,0.6543148756027222,-0.2644572854042053,0.0,-0.4000000059604645,-0.05000000074505806,0.3100000023841858,0.49000000953674316,-0.20999999344348907,0.0,-0.008054615929722786,-2.114119291305542,0.564346432685852,3.473146915435791,-4.7543721199035645,-9.010445594787598,2.3458781242370605,2.127269983291626,-1.5456407070159912,-0.38533055782318115,-6.3718767166137695,-10.76496696472168,0.004271455109119415,0.004481565207242966,-0.0361638180911541,0.03736817091703415,-0.058783262968063354,0.16475746035575867,311.243896484375,819.9652709960938,0.5,0.0,0.0,0.005622067954391241,0.0,0.2506104111671448,0.2089715451002121,-0.09990441799163818,0.3499999940395355,0.38981038331985474,6.232545852661133,12121.3916015625,0.0
0.37,0.9333333969116211,-0.40673627813796054,0.913545620123308,0.0,1.0,1.0,1.0,0.013132279738783836,0.16961830854415894,0.12501662969589233,-0.07843780517578125,0.26084104180336,0.2991877794265747,0.03225158527493477,0.7273781299591064,-0.47195544838905334,-1.7019128799438477,-0.6633303165435791,-1.874060869216919,-0.23688164353370667,0.5316071510314941,-1.9855537414550781,2.405465841293335,-2.0978052616119385,-0.12019700556993484,-0.8479966521263123,0.16169720888137817,1.807227373123169,2.623291492462158,-2.352764368057251,0.511702835559845,0.5016840100288391,0.07033680379390717,-0.3547409772872925,0.6323575973510742,-0.25049877166748047,0.0,-0.4000000059604645,-0.05000000074505806,0.3100000023841858,0.49000000953674316,-0.20999999344348907,0.0,-0.056937120854854584,-1.0668542385101318,2.1981098651885986,3.0963549613952637,-5.487473487854004,-8.243213653564453,3.1248695850372314,1.086538314819336,-0.06398915499448776,-0.42843711376190186,0.595664381980896,-2.6641602516174316,0.006165213882923126,0.0066541507840156555,0.09489134699106216,-0.01187304686754942,-0.001672784797847271,0.06163940578699112,344.0654602050781,352.0726013183594,0.5,0.0,0.0,0.010598625056445599,0.09489134699106216,0.22408384084701538,0.0008900721441023052,-0.09991103410720825,0.3499999940395355,0.38208019733428955,4.9738545417785645,13237.5869140625,0.0
0.38,0.9444445371627808,-0.3420195958921803,0.9396928200352228,0.0,1.0,1.0,1.0,0.013928007334470749,0.17422501742839813,0.12194374203681946,-0.07985925674438477,0.24652448296546936,0.2764521837234497,-0.01002138014882803,0.7365100383758545,-0.3785235583782196,-1.54436194896698,-0.8051378130912781,-2.314055919647217,-0.2300112396478653,0.5255229473114014,-1.9570406675338745,2.44006085395813,-2.1182172298431396,-0.18131643533706665,-0.8246480822563171,0.16610082983970642,1.8217328786849976,2.61637544631958,-2.3564577102661133,0.5349094867706299,0.4855048656463623,0.06710097193717957,-0.3476221561431885,0.6097068190574646,-0.23609931766986847,0.0,-0.4000000059604645,-0.05000000074505806,0.3100000023841858,0.49000000953674316,-0.20999999344348907,0.0,1.028773546218872,-0.48799067735671997,3.3727307319641113,3.105891227722168,-5.506206512451172,-1.9045822620391846,2.378697633743286,-0.14268197119235992,2.3133604526519775,-1.0009204149246216,0.39458686113357544,9.868159294128418,0.009385935962200165,0.00867326557636261,0.10702751576900482,-0.11057817935943604,0.0032853716984391212,-0.012121355161070824,573.4304809570312,228.1985321044922,0.5,0.0,0.0,0.04976505786180496,0.10702751576900482,0.20086190104484558,2.232710539828986e-05,-0.09991614520549774,0.3499999940395355,0.3923560380935669,4.860195636749268,11819.8671875,0.0
0.39,0.9555556178092957,-0.2756369798177499,0.9612618037542892,0.0,1.0,1.0,1.0,0.014445613138377666,0.1788509041070938,0.11983272433280945,-0.0818638801574707,0.23374691605567932,0.25145766139030457,-0.06708447635173798,0.7426313161849976,-0.2869378626346588,-1.4298522472381592,-0.7940918207168579,-2.364888906478882,-0.21755091845989227,0.5234329104423523,-1.9316095113754272,2.4693992137908936,-2.1414637565612793,-0.2600747346878052,-0.8114904761314392,0.16427412629127502,1.8429574966430664,2.608572244644165,-2.355548143386841,0.5328097343444824,0.46890926361083984,0.06378185003995895,-0.34032008051872253,0.5864729881286621,-0.2213292270898819,0.0,-0.4000000059604645,-0.05000000074505806,0.3100000023841858,0.49000000953674316,-0.20999999344348907,0.0,1.3020527362823486,-0.04723811894655228,2.379194736480713,3.295762062072754,4.548783779144287,-12.248296737670898,1.0314295291900635,-0.46103158593177795,2.66988205909729,-0.7419735193252563,1.504199504852295,-0.4260939359664917,0.01219361275434494,0.010331645607948303,0.028896991163492203,-0.05193253606557846,0.17813734710216522,0.0024320236407220364,147.0790252685547,235.44479370117188,0.5,0.0,0.0,0.13126225769519806,0.028896991163492203,0.1744403839111328,1.3875317563361023e-05,-0.09992103278636932,0.3499999940395355,0.3891282081604004,5.425566673278809,13842.7783203125,0.0
0.4,0.9666666984558105,-0.2079114954454082,0.9781476422614606,0.0,1.0,1.0,1.0,0.014310221187770367,0.18353450298309326,0.11834707856178284,-0.08379220962524414,0.22273893654346466,0.22810225188732147,-0.11180143058300018,0.7322528958320618,-0.23957234621047974,-1.2115010023117065,-0.6636213064193726,-2.086636781692505,-0.20135031640529633,0.5270792245864868,-1.917142391204834,2.4983344078063965,-2.161130905151367,-0.34732165932655334,-0.813793957233429,0.16140492260456085,1.881524920463562,2.5992720127105713,-2.349173069000244,0.5550576448440552,0.45197781920433044,0.06039556488394737,-0.3328702449798584,0.5627689361572266,-0.20626024901866913,0.0,-0.4000000059604645,-0.05000000074505806,0.3100000023841858,0.49000000953674316,-0.20999999344348907,0.0,1.521730661392212,0.48628735542297363,0.7136186957359314,2.9052300453186035,-0.40288764238357544,-9.95432186126709,-0.27098923921585083,-0.38257595896720886,4.456704616546631,-1.013777494430542,0.9056055545806885,10.589394569396973,0.0150986909866333,0.012499887496232986,0.17086167633533478,-0.23181305825710297,0.025443753227591515,0.03795493394136429,280.8510437011719,287.87811279296875,0.5,0.0,0.0,0.06953926384449005,0.17086167633533478,0.16186530888080597,0.00016524091188330203,-0.0999274030327797,0.3499999940395355,0.3898869454860687,5.956913948059082,10703.064453125,0.0
0.41000000000000003,0.9777778387069702,-0.13917272185631788,0.9902681220210533,0.0,1.0,1.0,1.0,0.013574897311627865,0.18834669888019562,0.11731204390525818,-0.08579587936401367,0.21357955038547516,0.21015721559524536,-0.12307633459568024,0.7117404341697693,-0.17873980104923248,-1.0192477703094482,-0.6201262474060059,-1.3879939317703247,-0.17548857629299164,0.5368353128433228,-1.9212288856506348,2.524744749069214,-2.1848933696746826,-0.4499998390674591,-0.832116425037384,0.15907004475593567,1.9288341999053955,2.5876247882843018,-2.3416366577148438,0.5872787237167358,0.4347931742668152,0.0569586306810379,-0.32530897855758667,0.5387104153633118,-0.19096589088439941,0.0,-0.4000000059604645,-0.05000000074505806,0.3100000023841858,0.49000000953674316,-0.20999999344348907,0.0,3.104997158050537,1.2717574834823608,-0.7212892770767212,2.45478892326355,-2.6269233226776123,-8.590799331665039,-2.3590826988220215,0.03495992720127106,3.663027763366699,-1.0829204320907593,-1.1491572856903076,-5.46734619140625,0.017857525497674942,0.014518827199935913,0.13317984342575073,-0.06204872950911522,-0.00021882962028030306,0.09189581125974655,227.9842987060547,540.2312622070312,0.5,0.0,0.0,0.02855876088142395,0.13317984342575073,0.16702747344970703,0.021214840933680534,-0.09993516653776169,0.3499999940395355,0.38874825835227966,4.953665733337402,10753.48046875,0.0
0.42,0.9888889789581299,-0.06975590920093967,0.9975640897363689,1.0,1.0,1.0,1.0,0.012807976454496384,0.19315510988235474,0.11673527956008911,-0.08951330184936523,0.20539917051792145,0.20009641349315643,-0.12606804072856903,0.6788517236709595,-0.14245115220546722,-0.8660599589347839,-0.6009745001792908,-0.5044646263122559,-0.13850724697113037,0.5529197454452515,-1.9413807392120361,2.546243667602539,-2.2104194164276123,-0.5592566728591919,-0.8647960424423218,0.1590152084827423,1.9806466102600098,2.576165199279785,-2.3230080604553223,0.6203185319900513,0.4000000059604645,0.05000000074505806,-0.3100000023841858,0.49000000953674316,-0.16435973346233368,0.0,-0.4000000059604645,-0.05000000074505806,0.3100000023841858,0.49000000953674316,-0.20999999344348907,0.0,3.8367197513580322,1.7670423984527588,-2.306974172592163,1.9411331415176392,-2.6756722927093506,-10.220112800598145,-3.2256808280944824,0.03032539412379265,5.134350776672363,-1.1950767040252686,1.5701508522033691,4.286808490753174,0.020055033266544342,0.01701686903834343,0.07238367199897766,0.03511683642864227,0.0461575984954834,0.057032711803913116,217.6883544921875,259.77203369140625,0.5,0.0,0.0,0.01993635669350624,0.0,0.18166303634643555,0.6011149287223816,-0.09994282573461533,1.0,0.0,4.014716625213623,9490.666015625,0.0
0.43,1.0,-2.4492935982947064e-16,1.0,1.0,1.0,1.0,1.0,0.012069718912243843,0.1974656879901886,0.1164972186088562,-0.09478950500488281,0.19661982357501984,0.19783572852611542,-0.1395362913608551,0.6347764134407043,-0.09359835088253021,-0.9105469584465027,-0.552882730960846,0.13186125457286835,-0.1002444475889206,0.5701807141304016,-1.981225848197937,2.561610460281372,-2.2255775928497314,-0.6664872765541077,-0.8967673778533936,0.15665514767169952,2.020050048828125,2.5662291049957275,-2.303807020187378,0.6578185558319092,0.4000000059604645,0.05000000074505806,-0.3100000023841858,0.49000000953674316,-0.20999999344348907,0.0,-0.4000000059604645,-0.05000000074505806,0.3100000023841858,0.49000000953674316,-0.1599999964237213,0.0,3.867042303085327,1.780423879623413,-4.4921979904174805,1.3576862812042236,-1.1158368587493896,-9.965250015258789,-3.3425562381744385,-0.4469802975654602,3.50338077545166,-0.9295405745506287,1.8281042575836182,3.7395591735839844,0.021594390273094177,0.01911293715238571,0.26819032430648804,-0.00350463530048728,0.0494588240981102,0.08844016492366791,224.5207061767578,252.43026733398438,0.5,0.0,0.0,0.03581712767481804,0.0,0.1971292942762375,0.9658229351043701,-0.09995119273662567,1.0,0.0,3.3653159141540527,9176.931640625,0.0
0.44,1.0111112594604492,0.06975740357991196,0.9975639852389365,1.0,1.0,1.0,1.0,0.01133241318166256,0.2013651728630066,0.11652839183807373,-0.10131120681762695,0.1875268965959549,0.20086327195167542,-0.15112531185150146,0.6019712686538696,-0.06189235299825668,-0.8553337454795837,-0.6162232756614685,0.6305526494979858,-0.06444328278303146,0.5909336805343628,-2.032275676727295,2.5735557079315186,-2.232785701751709,-0.7760935425758362,-0.9315874576568604,0.15345290303230286,2.0494906902313232,2.5573859214782715,-2.283590793609619,0.696046769618988,0.4000000059604645,0.05000000074505806,-0.3100000023841858,0.49000000953674316,-0.20999999344348907,0.0,-0.4000000059604645,-0.05000000074505806,0.3100000023841858,0.49000000953674316,-0.16435983777046204,0.0,3.365788221359253,2.3029913902282715,-5.173126220703125,1.1397955417633057,-0.42607221007347107,-9.975154876708984,-3.5522091388702393,-0.283378928899765,2.6366004943847656,-0.8545815944671631,2.4453675746917725,5.097208023071289,0.022840850055217743,0.02068808302283287,0.27424710988998413,-0.051710885018110275,0.03755411505699158,0.12269696593284607,220.69781494140625,227.717529296875,0.5,0.0,0.0,0.05062901973724365,0.0,0.20749102532863617,0.4514939486980438,-0.09995574504137039,1.0,0.0,3.511082649230957,8300.232421875,0.0
0.45,1.0222222805023193,0.13917346358102195,0.9902680177784505,1.0,0.0,1.0,1.0,0.010468254797160625,0.2049492448568344,0.11676281690597534,-0.10864114761352539,0.17831610143184662,0.20833280682563782,-0.17253269255161285,0.5734461545944214,-0.03223912790417671,-0.8252164721488953,-0.5655524730682373,1.0242921113967896,-0.035901084542274475,0.6133018732070923,-2.0914194583892822,2.5816996097564697,-2.237647294998169,-0.8823567628860474,-0.9655000567436218,0.15014348924160004,2.0722222328186035,2.550686836242676,-2.260294198989868,0.7350040674209595,0.4000000059604645,0.05000000074505806,-0.3100000023841858,0.49000000953674316,-0.20999999344348907,0.0,-0.4347933530807495,-0.056958671659231186,0.32530906796455383,0.5387107133865356,-0.19096608459949493,0.0,2.482210874557495,2.2209160327911377,-6.112418174743652,0.6625939607620239,-0.31432870030403137,-10.125459671020508,-3.355153799057007,-0.3721179962158203,2.1103739738464355,-0.5427324771881104,2.5637900829315186,3.9544453620910645,0.02386917918920517,0.022238455712795258,0.3406689167022705,-0.0018779326928779483,0.04498923942446709,0.16805069148540497,214.4897003173828,225.37576293945312,0.5,0.0,0.0,0.06734492629766464,0.0,0.209657222032547,0.12265881150960922,-0.09995963424444199,0.3499999940395355,0.37946513295173645,3.417379856109619,7048.11083984375,0.0
0.46,1.0333333015441895,0.20791149544540774,0.9781476422614607,1.0,0.0,1.0,1.0,0.009400795213878155,0.20836153626441956,0.11710560321807861,-0.11619329452514648,0.16927847266197205,0.2175298035144806,-0.19024106860160828,0.5586429238319397,-0.02064817026257515,-0.7871412634849548,-0.608321487903595,1.0567834377288818,-0.016831744462251663,0.6371011734008789,-2.1492819786071777,2.588684320449829,-2.2384955883026123,-0.9853835105895996,-0.9997045993804932,0.14601095020771027,2.096428871154785,2.5452818870544434,-2.2343976497650146,0.7815101742744446,0.4000000059604645,0.05000000074505806,-0.3100000023841858,0.49000000953674316,-0.20999999344348907,0.0,-0.4519779086112976,-0.060395583510398865,0.3328702747821808,0.5627690553665161,-0.2062603235244751,0.0,1.5623208284378052,2.5147454738616943,-5.603094577789307,0.7069242000579834,0.13823869824409485,-10.023951530456543,-3.403881072998047,-0.481067031621933,2.423060655593872,-0.45332497358322144,2.768519163131714,4.852346897125244,0.02478419989347458,0.024114124476909637,0.274027019739151,0.015453561209142208,0.019539855420589447,0.18493281304836273,183.21453857421875,209.3090057373047,0.5,0.0,0.0,0.16857048869132996,0.015453561209142208,0.20658788084983826,0.10714389383792877,-0.09996050596237183,0.3499999940395355,0.38194194436073303,3.6853747367858887,5121.9970703125,0.0
0.47000000000000003,1.0444445610046387,0.2756380598154803,0.9612614940697239,1.0,0.0,0.0,1.0,0.008177301846444607,0.21152660250663757,0.11747637391090393,-0.12351179122924805,0.1600734144449234,0.2258169800043106,-0.209088534116745,0.5494385361671448,-0.018697572872042656,-0.8214356303215027,-0.49840226769447327,0.8680691123008728,-0.0073187206871807575,0.6552126407623291,-2.189666986465454,2.594829559326172,-2.2415859699249268,-1.0540647506713867,-1.026711344718933,0.13929761946201324,2.1158711910247803,2.5415146350860596,-2.206601858139038,0.8258439898490906,0.4000000059604645,0.05000000074505806,-0.3100000023841858,0.49000000953674316,-0.20999999344348907,0.0,-0.4689095914363861,-0.06378191709518433,0.3403202295303345,0.5864734053611755,-0.22132951021194458,0.0,0.44481000304222107,1.386434555053711,-3.353976011276245,-0.06949955224990845,-0.4570544958114624,-13.549332618713379,-2.224050283432007,-0.7489144802093506,1.8680883646011353,-0.31227976083755493,2.8402106761932373,4.291528701782227,0.025260530412197113,0.025929555296897888,-0.01520136184990406,0.026953626424074173,0.20295560359954834,0.16467885673046112,0.0,225.10470581054688,0.5,0.0,0.0,0.1100940853357315,0.026953626424074173,0.20001186430454254,0.2215542048215866,-0.09996188431978226,-0.30000001192092896,0.3814820945262909,1.5481761693954468,4532.73388671875,0.0
0.48,1.0555555820465088,0.3420202997352154,0.9396925638574744,1.0,0.0,0.0,1.0,0.006071439012885094,0.21481506526470184,0.11744433641433716,-0.12792253494262695,0.15203499794006348,0.23286956548690796,-0.22305481135845184,0.5536468625068665,-0.06768496334552765,-0.6529020071029663,-0.19758713245391846,0.6871238946914673,-0.00251214113086462,0.6671751141548157,-2.2258381843566895,2.5994298458099365,-2.2504334449768066,-1.0974160432815552,-1.054775595664978,0.12930238246917725,2.140488386154175,2.537529230117798,-2.1773757934570312,0.8568723201751709,0.4000000059604645,0.05000000074505806,-0.3100000023841858,0.49000000953674316,-0.20999999344348907,0.0,-0.4855051636695862,-0.06710103154182434,0.347622275352478,0.609707236289978,-0.23609960079193115,0.0,0.3883324861526489,1.2520370483398438,-3.6021714210510254,0.034581661224365234,-1.3195602893829346,-11.819198608398438,-2.8992438316345215,-1.1101508140563965,2.621469497680664,-0.44793787598609924,2.941270351409912,2.1290228366851807,0.025552324950695038,0.027377963066101074,-0.06311957538127899,-0.02704412303864956,0.2025899887084961,0.148084357380867,0.0,214.79107666015625,0.5,0.0,0.0,0.06945498287677765,0.0,0.19039276242256165,0.3889601230621338,-0.09996289759874344,-0.30000001192092896,0.378692090511322,1.509218454360962,4212.2529296875,0.0
0.49,1.0666667222976685,0.4067369623963564,0.9135453154718625,1.0,0.0,1.0,1.0,0.0034333057701587677,0.21821768581867218,0.11701536178588867,-0.13022279739379883,0.14485251903533936,0.23752844333648682,-0.2239203155040741,0.5561313033103943,-0.09222908318042755,-0.6474360823631287,-0.1112767830491066,0.36482876539230347,-0.0011841945815831423,0.6746806502342224,-2.248608350753784,2.605832099914551,-2.2537684440612793,-1.1099399328231812,-1.0718358755111694,0.12156504392623901,2.164576530456543,2.5305655002593994,-2.1558475494384766,0.8861284255981445,0.4000000059604645,0.05000000074505806,-0.3100000023841858,0.49000000953674316,-0.20999999344348907,0.0,-0.501684308052063,-0.07033686339855194,0.35474109649658203,0.6323580741882324,-0.25049903988838196,0.0,0.10855194181203842,0.36024758219718933,-1.93278169631958,1.088701844215393,-0.03059530258178711,12.493011474609375,-0.9697396755218506,-0.5965031385421753,2.3406081199645996,-0.8433791399002075,1.6391980648040771,4.309441566467285,0.02547650784254074,0.02891884744167328,0.008013786748051643,0.030080419033765793,-0.01639767363667488,0.06024451553821564,339.73797607421875,312.678955078125,0.5,0.0,0.0,0.08168884366750717,0.030080419033765793,0.1888720691204071,0.7662858366966248,-0.09996302425861359,0.3499999940395355,0.37939316034317017,5.474867343902588,3521.498291015625,0.0
0.5,1.0777778625488281,0.46947203307215885,0.8829473428031218,1.0,0.0,0.0,1.0,0.00045609474182128906,0.22168698906898499,0.11612716317176819,-0.1307377815246582,0.13842833042144775,0.23920491337776184,-0.22461779415607452,0.5532658696174622,-0.13464756309986115,-0.6374193429946899,-0.008802903816103935,0.021156590431928635,-0.0003471273521427065,0.6831315755844116,-2.2766337394714355,2.6135597229003906,-2.257401943206787,-1.137376070022583,-1.0894973278045654,0.11018174886703491,2.198259115219116,2.5231428146362305,-2.1350016593933105,0.9198045134544373,0.4000000059604645,0.05000000074505806,-0.3100000023841858,0.49000000953674316,-0.20999999344348907,0.0,-0.5173680782318115,-0.07347360998392105,0.36164194345474243,0.6543152928352356,-0.2644575536251068,0.0,-0.013527393341064453,1.2526944875717163,-3.1127235889434814,0.4401165246963501,-1.1594115495681763,-12.649667739868164,-2.202298164367676,-1.6007843017578125,4.04371452331543,-0.861070990562439,1.6585795879364014,4.538438320159912,0.02550206333398819,0.030708037316799164,-0.10108325630426407,0.05087990686297417,0.1531648337841034,0.0405845120549202,0.0,281.68804931640625,0.5,0.0,0.0,0.07666277140378952,0.05087990686297417,0.18969304859638214,0.9991052150726318,-0.09996400028467178,-0.30000001192092896,0.38128191232681274,1.525180459022522,4203.85595703125,0.0
0.51,1.0888888835906982,0.5299192360020959,0.84804811379718,1.0,0.0,0.0,1.0,-0.002257954329252243,0.2252299189567566,0.11491426825523376,-0.13142967224121094,0.13227446377277374,0.23812076449394226,-0.20859293639659882,0.5525516271591187,-0.17450718581676483,-0.6359779834747314,-0.11242140829563141,-0.16778042912483215,-0.0010274105006828904,0.6914405226707458,-2.2966411113739014,2.6243510246276855,-2.257338285446167,-1.1541374921798706,-1.104506254196167,0.10043752193450928,2.2302818298339844,2.5148327350616455,-2.1169776916503906,0.9506888389587402,0.4000000059604645,0.05000000074505806,-0.3100000023841858,0.49000000953674316,-0.20999999344348907,0.0,-0.5324798822402954,-0.07649597525596619,0.36829113960266113,0.675471842288971,-0.2779071033000946,0.0,-0.1931689828634262,0.9718093872070312,-1.4896687269210815,0.3599361181259155,-1.4993774890899658,-16.16646957397461,-1.2179726362228394,-0.8590048551559448,3.364605188369751,-1.02736496925354,2.019108533859253,5.844997882843018,0.02537054568529129,0.032330699265003204,-0.28004515171051025,0.006616809871047735,0.27524545788764954,0.042296458035707474,0.0,218.0227508544922,0.5,0.0,0.0,0.11282955855131149,0.006616809871047735,0.19892358779907227,0.9452549815177917,-0.09996461868286133,-0.30000001192092896,0.3800141513347626,2.0360608100891113,4452.58984375,0.0
0.52,1.100000023841858,0.5877853734854862,0.8090169063230556,1.0,0.0,1.0,1.0,-0.004763513803482056,0.22900323569774628,0.11330956220626831,-0.1322154998779297,0.12667310237884521,0.2359614372253418,-0.19429928064346313,0.5568534135818481,-0.2045828402042389,-0.5849677324295044,-0.124944306910038,-0.23166532814502716,-0.0004778537550009787,0.6991099715232849,-2.3185811042785645,2.635249376296997,-2.2656521797180176,-1.1662707328796387,-1.1206414699554443,0.09365368634462357,2.2644948959350586,2.504924774169922,-2.100597620010376,0.9782335162162781,0.4000000059604645,0.05000000074505806,-0.3100000023841858,0.49000000953674316,-0.20999999344348907,0.0,-0.5469464063644409,-0.07938928157091141,0.37465640902519226,0.6957249641418457,-0.29078227281570435,0.0,0.08883515745401382,0.5455919504165649,-1.799075961112976,1.2456223964691162,-0.3276381492614746,5.972240447998047,-1.3222862482070923,-0.46848252415657043,3.341277599334717,-1.2145164012908936,1.2333033084869385,2.6853818893432617,0.025340326130390167,0.03396502137184143,-0.005425377283245325,0.04683650657534599,0.041172899305820465,0.027506906539201736,342.4837646484375,539.913818359375,0.5,0.0,0.0,0.16253845393657684,0.04683650657534599,0.2050965577363968,0.8982223868370056,-0.09996556490659714,0.3499999940395355,0.3801027834415436,4.164492130279541,4183.0615234375,0.0
0.53,1.1111111640930176,0.6427878646989729,0.7660442291380669,1.0,0.0,1.0,1.0,-0.0069356635212898254,0.2328658401966095,0.11150473356246948,-0.13374996185302734,0.12104606628417969,0.2332589328289032,-0.18925343453884125,0.5557941198348999,-0.21925805509090424,-0.6077954769134521,-0.23971419036388397,-0.31052306294441223,-0.0010643573477864265,0.7068493366241455,-2.3438897132873535,2.646434783935547,-2.2769365310668945,-1.1893517971038818,-1.13328218460083,0.08864982426166534,2.2963364124298096,2.4943125247955322,-2.085298538208008,1.00605309009552,0.4000000059604645,0.05000000074505806,-0.3100000023841858,0.49000000953674316,-0.20999999344348907,0.0,-0.5606970191001892,-0.08213940262794495,0.38070666790008545,0.7149758338928223,-0.30302032828330994,0.0,-0.03071805089712143,0.7457222938537598,-2.3566105365753174,1.5413150787353516,-0.05996203422546387,5.653343677520752,-1.310306429862976,-0.47342395782470703,3.199437141418457,-1.2229410409927368,1.2413828372955322,2.7984724044799805,0.025407351553440094,0.03557779639959335,0.06930995732545853,0.047400206327438354,-0.023860927671194077,0.04287530109286308,405.3216247558594,497.8853759765625,0.5,0.0,0.0,0.1409926414489746,0.047400206327438354,0.20847110450267792,0.8246063590049744,-0.099966861307621,0.3499999940395355,0.3799390196800232,4.156150817871094,4131.9248046875,0.0
0.54,1.1222223043441772,0.6946587416292218,0.7193394419035468,1.0,0.0,1.0,1.0,-0.008668359369039536,0.23679807782173157,0.10961848497390747,-0.13669538497924805,0.1153503954410553,0.23019583523273468,-0.18430468440055847,0.5570310950279236,-0.22163841128349304,-0.6232091188430786,-0.4193781912326813,-0.2705632150173187,-0.003016797360032797,0.7186467051506042,-2.3748881816864014,2.658928871154785,-2.28844952583313,-1.232272744178772,-1.1504490375518799,0.08379164338111877,2.3310534954071045,2.4878616333007812,-2.059767961502075,1.0463876724243164,0.4000000059604645,0.05000000074505806,-0.3100000023841858,0.49000000953674316,-0.20999999344348907,0.0,-0.5736647248268127,-0.08473294228315353,0.38641247153282166,0.7331305742263794,-0.3145615756511688,0.0,-0.14408767223358154,1.0243961811065674,-2.752922534942627,1.7479571104049683,-0.24548518657684326,5.375787734985352,-1.7461168766021729,-0.24256321787834167,3.2190988063812256,-0.4626345634460449,2.662332773208618,3.0347418785095215,0.025681495666503906,0.03781803697347641,0.11344654858112335,-0.08794233202934265,-0.06406187266111374,0.253936231136322,452.3623352050781,546.6286010742188,0.5,0.0,0.0,0.1256951540708542,0.0,0.21074357628822327,0.8638044595718384,-0.09996885061264038,0.3499999940395355,0.3847370743751526,4.526257514953613,3770.684326171875,0.0
0.55,1.133333444595337,0.7431452932528939,0.6691300868411691,1.0,0.0,0.0,1.0,-0.009869629517197609,0.24073949456214905,0.10785606503486633,-0.14170455932617188,0.1091342344880104,0.22780807316303253,-0.18826210498809814,0.5583391189575195,-0.214849054813385,-0.6714221835136414,-0.5920823216438293,-0.1322375386953354,-0.005972925573587418,0.7294057011604309,-2.4051506519317627,2.6704726219177246,-2.3078765869140625,-1.2796489000320435,-1.1649829149246216,0.08281520009040833,2.3587865829467773,2.485412359237671,-2.0270326137542725,1.0932254791259766,0.4000000059604645,0.05000000074505806,-0.3100000023841858,0.49000000953674316,-0.20999999344348907,0.0,-0.5857863426208496,-0.08715726435184479,0.39174598455429077,0.75010085105896,-0.3253498375415802,0.0,-0.3373909592628479,1.1105855703353882,-2.693646192550659,0.7435638904571533,-3.377903461456299,-12.203039169311523,-1.3637869358062744,-0.02316717989742756,2.743375301361084,-0.2927374541759491,2.578110456466675,6.789070129394531,0.026025958359241486,0.04032765328884125,0.01817215047776699,-0.13824324309825897,0.19156508147716522,0.3525328040122986,0.0,297.9569091796875,0.5,0.0,0.0,0.11237000674009323,0.0,0.20785914361476898,0.9656310081481934,-0.09997091442346573,-0.30000001192092896,0.3868153989315033,2.111572742462158,4720.4931640625,0.0
0.56,1.144444465637207,0.7880108355869994,0.6156613703956739,1.0,0.0,1.0,1.0,-0.010737359523773193,0.24476851522922516,0.10610663890838623,-0.1481614112854004,0.10283328592777252,0.22609341144561768,-0.1908082664012909,0.560565173625946,-0.21572653949260712,-0.6628296971321106,-0.71100914478302,-0.09662744402885437,-0.00819143932312727,0.7403401732444763,-2.4344398975372314,2.6815526485443115,-2.3343098163604736,-1.3302792310714722,-1.1807976961135864,0.08251839876174927,2.382638692855835,2.4839158058166504,-1.9933878183364868,1.1404893398284912,0.4000000059604645,0.05000000074505806,-0.3100000023841858,0.49000000953674316,-0.20999999344348907,0.0,-0.5970027446746826,-0.08940054476261139,0.39668118953704834,0.7658038139343262,-0.3353324234485626,0.0,-0.16474898159503937,1.0244181156158447,-2.636864423751831,1.0941916704177856,-2.6181859970092773,-3.2580654621124268,-1.6222764253616333,0.04177452623844147,2.337254762649536,-0.19766123592853546,2.869499683380127,3.7166452407836914,0.026443153619766235,0.04242028295993805,0.08123033493757248,-0.14882372319698334,0.10758983343839645,0.3711824417114258,288.01513671875,495.7629699707031,0.5,0.0,0.0,0.14851878583431244,0.0,0.20537887513637543,0.9814995527267456,-0.09997306019067764,0.3499999940395355,0.38360288739204407,2.6308014392852783,3780.77294921875,0.0
0.5700000000000001,1.1555556058883667,0.8290377493999679,0.5591926412872723,1.0,0.0,0.0,1.0,-0.011327210813760757,0.24878329038619995,0.1043291687965393,-0.15575361251831055,0.09627605974674225,0.2246866375207901,-0.19548369944095612,0.5569961071014404,-0.22554737329483032,-0.6988213062286377,-0.8126937747001648,-0.0279639083892107,-0.010582725517451763,0.7514236569404602,-2.4614224433898926,2.692415714263916,-2.362436294555664,-1.3691154718399048,-1.1974843740463257,0.08141007274389267,2.4045464992523193,2.483304977416992,-1.9588907957077026,1.193092942237854,0.4000000059604645,0.05000000074505806,-0.3100000023841858,0.49000000953674316,-0.20999999344348907,0.0,-0.6072594523429871,-0.09145189076662064,0.40119415521621704,0.7801632285118103,-0.3426460325717926,0.0,-0.32028862833976746,1.2728297710418701,-2.1089937686920166,0.6901174783706665,-3.6189136505126953,-12.91292953491211,-1.6598224639892578,-0.2052508294582367,2.1295535564422607,-0.12035993486642838,3.227350950241089,8.172843933105469,0.026696905493736267,0.04422876238822937,-0.018081193789839745,-0.21758316457271576,0.2631908059120178,0.44775623083114624,0.0,225.3290252685547,0.5,0.0,0.0,0.14656373858451843,0.0,0.20435748994350433,0.998437225818634,-0.09997502714395523,-0.30000001192092896,0.3814290463924408,2.0564804077148438,4187.16796875,0.0
0.58,1.1666667461395264,0.8660256534556828,0.49999956755647046,1.0,0.0,0.0,1.0,-0.011672522872686386,0.25266870856285095,0.10253483057022095,-0.1643691062927246,0.08902956545352936,0.2240469604730606,-0.2028391808271408,0.5551007390022278,-0.22591885924339294,-0.7694559097290039,-0.894757866859436,0.06460948288440704,-0.012332276441156864,0.7616621255874634,-2.4856700897216797,2.7032854557037354,-2.390613555908203,-1.3989287614822388,-1.2116724252700806,0.08060098439455032,2.4216859340667725,2.483407974243164,-1.923183560371399,1.2454173564910889,0.4000000059604645,0.05000000074505806,-0.3100000023841858,0.49000000953674316,-0.20999999344348907,0.0,-0.6165064573287964,-0.09330129623413086,0.40526285767555237,0.7931090593338013,-0.34856414794921875,0.0,-0.2062738835811615,1.239754319190979,-1.9194958209991455,0.6637266874313354,-3.597348690032959,-12.863103866577148,-1.385558843612671,-0.15153741836547852,1.5217509269714355,-0.015100128948688507,3.4302241802215576,8.611762046813965,0.026830025017261505,0.04574723541736603,-0.0417439341545105,-0.23211705684661865,0.2779488265514374,0.4756982624530792,0.0,184.5149688720703,0.5,0.0,0.0,0.14072464406490326,0.0,0.20104239881038666,0.9916859269142151,-0.09997671097517014,-0.30000001192092896,0.379223108291626,2.0585148334503174,4179.0546875,0.0
0.59,1.1777777671813965,0.8987940171128403,0.43837120662990975,1.0,0.0,0.0,1.0,-0.011816449463367462,0.25632745027542114,0.10067442059516907,-0.17359685897827148,0.08094150573015213,0.22397713363170624,-0.2019420564174652,0.5449174046516418,-0.23114852607250214,-0.8602766394615173,-0.9479185938835144,0.11276283860206604,-0.012885733507573605,0.7734853029251099,-2.5073399543762207,2.7157647609710693,-2.408369541168213,-1.4239822626113892,-1.2302881479263306,0.07787435501813889,2.436577320098877,2.4843170642852783,-1.8886626958847046,1.2986868619918823,0.4000000059604645,0.05000000074505806,-0.3100000023841858,0.49000000953674316,-0.20999999344348907,0.0,-0.6246985197067261,-0.0949397087097168,0.40886735916137695,0.8045779466629028,-0.3538070321083069,0.0,-0.1038246601819992,1.53410005569458,-1.7239878177642822,0.9229193925857544,-1.3558151721954346,-12.505064964294434,-2.1389102935791016,-0.5268808603286743,1.2439497709274292,0.20703420042991638,2.352952718734741,6.3119611740112305,0.026784762740135193,0.046733565628528595,-0.10253510624170303,-0.28965678811073303,0.24412193894386292,0.48745816946029663,0.0,242.0134735107422,0.5,0.0,0.0,0.15086305141448975,0.0,0.20611613988876343,0.9748897552490234,-0.09997814148664474,-0.30000001192092896,0.3752084970474243,1.297870397567749,4735.7724609375,0.0
0.6,1.1888890266418457,0.9271841787986937,0.3746057909127832,1.0,0.0,1.0,1.0,-0.01160646602511406,0.2596459686756134,0.09879171848297119,-0.18369388580322266,0.07172459363937378,0.22420819103717804,-0.19913795590400696,0.5321876406669617,-0.23182764649391174,-0.983690083026886,-1.04251229763031,0.12672863900661469,-0.01284937746822834,0.7855194211006165,-2.5237669944763184,2.730313301086426,-2.4169728755950928,-1.4398099184036255,-1.2501537799835205,0.07335801422595978,2.4467034339904785,2.485731363296509,-1.8585350513458252,1.3477765321731567,0.4000000059604645,0.05000000074505806,-0.3100000023841858,0.49000000953674316,-0.20999999344348907,0.0,-0.6317960619926453,-0.09635921567678452,0.41199028491973877,0.8145145177841187,-0.358349472284317,0.0,-0.07868368178606033,1.5244083404541016,-0.9031352996826172,0.9952354431152344,-0.8915410041809082,-13.118904113769531,-2.1047158241271973,-0.6463165283203125,0.6784849166870117,0.243156298995018,2.382758140563965,5.0990071296691895,0.026476263999938965,0.047082461416721344,-0.1731860190629959,-0.2781018018722534,0.2522871494293213,0.4420444965362549,12.047977447509766,227.20883178710938,0.5,0.0,0.0,0.13458968698978424,0.0,0.21351779997348785,0.9683900475502014,-0.09997919946908951,0.3499999940395355,0.37045544385910034,3.975432872772217,4946.1298828125,0.0
0.61,1.2000000476837158,0.95105660887834,0.30901670943305387,1.0,0.0,1.0,1.0,-0.011295061558485031,0.2627325654029846,0.09667932987213135,-0.1935749053955078,0.061986617743968964,0.22450873255729675,-0.1951526701450348,0.52372145652771,-0.2610895335674286,-0.9950381517410278,-0.9332728385925293,0.09462854266166687,-0.010399066843092442,0.7967501282691956,-2.538814067840576,2.7465720176696777,-2.417343854904175,-1.4563161134719849,-1.2754837274551392,0.06683129072189331,2.4573299884796143,2.4856278896331787,-1.8363008499145508,1.3905059099197388,0.4000000059604645,0.05000000074505806,-0.3100000023841858,0.49000000953674316,-0.20999999344348907,0.0,-0.6377642154693604,-0.0975528359413147,0.4146162271499634,0.8228698968887329,-0.362169086933136,0.0,0.2829253077507019,1.2832781076431274,-0.7634179592132568,1.0624644756317139,0.371728777885437,-12.064294815063477,-2.8181843757629395,-0.7720426917076111,1.1429193019866943,-0.0668434351682663,1.4579423666000366,4.3299360275268555,0.026092812418937683,0.04679141193628311,-0.2428869754076004,-0.28651222586631775,0.2514195740222931,0.354533851146698,44.57594680786133,190.17840576171875,0.5,0.0,0.0,0.14870493113994598,0.0,0.21979877352714539,0.9822502732276917,-0.0999801754951477,0.3499999940395355,0.3657442331314087,4.067797660827637,5663.8935546875,0.0
0.62,1.2111111879348755,0.970295843051086,0.24192142723988433,1.0,0.0,1.0,1.0,-0.010809153318405151,0.2654057443141937,0.09451225399971008,-0.20352888107299805,0.05112849175930023,0.22485876083374023,-0.19255949556827545,0.5034635663032532,-0.23770609498023987,-1.1784464120864868,-1.0605168342590332,0.097872793674469,-0.007459791377186775,0.8113312721252441,-2.558786630630493,2.7640810012817383,-2.4138057231903076,-1.4732106924057007,-1.307283878326416,0.05709628388285637,2.466921329498291,2.4854743480682373,-1.8187644481658936,1.42746102809906,0.4000000059604645,0.05000000074505806,-0.3100000023841858,0.49000000953674316,-0.20999999344348907,0.0,-0.6425739526748657,-0.09851479530334473,0.4167325496673584,0.8296035528182983,-0.36524733901023865,0.0,0.2557631731033325,1.8272833824157715,-1.9746466875076294,1.8194893598556519,0.8198940753936768,-2.472932815551758,-3.538130760192871,-1.3000985383987427,0.7390004992485046,0.10110603272914886,1.0970486402511597,4.034632682800293,0.025589406490325928,0.045870423316955566,-0.12849727272987366,-0.3538393974304199,-0.048399001359939575,0.33359697461128235,218.34872436523438,166.6771240234375,0.5,0.0,0.0,0.1112000122666359,0.0,0.230794295668602,0.9810242056846619,-0.09998122602701187,0.3499999940395355,0.36116522550582886,3.194058895111084,5199.48486328125,0.0
0.63,1.2222223281860352,0.9848078686252574,0.17364752199146954,1.0,0.0,1.0,1.0,-0.009457368403673172,0.26801931858062744,0.09322646260261536,-0.21648120880126953,0.040812280029058456,0.22329005599021912,-0.16613994538784027,0.4779461622238159,-0.15020431578159332,-1.0557392835617065,-1.4283722639083862,-0.20288974046707153,-0.0024926033802330494,0.8271843194961548,-2.5733046531677246,2.7782907485961914,-2.4342639446258545,-1.4967167377471924,-1.3458752632141113,0.04449417069554329,2.4711849689483643,2.485250949859619,-1.8009772300720215,1.4603824615478516,0.4000000059604645,0.05000000074505806,-0.3100000023841858,0.49000000953674316,-0.20999999344348907,0.0,-0.6462019681930542,-0.09924039244651794,0.4183288812637329,0.8346827626228333,-0.3675692677497864,0.0,0.5267876386642456,1.5405967235565186,-0.7777587175369263,1.6122924089431763,-0.8702855110168457,1.4142417907714844,-3.8090219497680664,-1.2996013164520264,0.3062496781349182,0.02657049521803856,0.41608238220214844,3.201111078262329,0.025402352213859558,0.04387560486793518,0.02548323944211006,-0.3738238513469696,0.018747102469205856,0.351336807012558,324.28021240234375,314.04473876953125,0.5,0.0,0.0,0.053640641272068024,0.0,0.26070913672447205,0.9209693670272827,-0.09998247027397156,0.3499999940395355,0.35349130630493164,4.1381988525390625,5137.3154296875,0.0
0.64,1.2333333492279053,0.9945219058073734,0.10452836394620228,1.0,0.0,1.0,1.0,-0.007280126214027405,0.2704837918281555,0.0925574004650116,-0.23206329345703125,0.030909456312656403,0.2198784202337265,-0.15033285319805145,0.44826817512512207,-0.10766707360744476,-1.0835763216018677,-1.6966605186462402,-0.3267340660095215,0.0025570651050657034,0.8478668928146362,-2.5773489475250244,2.7951552867889404,-2.45247745513916,-1.520425796508789,-1.3930121660232544,0.028483815491199493,2.4732320308685303,2.4865689277648926,-1.782891035079956,1.4875166416168213,0.4000000059604645,0.05000000074505806,-0.3100000023841858,0.49000000953674316,-0.20999999344348907,0.0,-0.6486304998397827,-0.09972609579563141,0.41939741373062134,0.8380826711654663,-0.36912351846694946,0.0,0.5331763029098511,2.3425650596618652,0.2750791013240814,1.890183687210083,-1.5302391052246094,-3.579200267791748,-5.256091117858887,-1.7839851379394531,0.26538339257240295,0.14225640892982483,0.6086264848709106,3.237011432647705,0.025198452174663544,0.04080559313297272,-0.06262838840484619,-0.46541792154312134,0.06433991342782974,0.40975382924079895,377.5894470214844,233.5508575439453,0.5,0.0,0.0,0.08925050497055054,0.0,0.28714892268180847,0.8077438473701477,-0.09998354315757751,0.3499999940395355,0.345971018075943,2.9261157512664795,4470.1962890625,0.0
0.65,1.2444446086883545,0.9993908630339692,0.034898465356211134,1.0,0.0,1.0,1.0,-0.004507299512624741,0.2725850045681,0.09251362085342407,-0.24964284896850586,0.02043473720550537,0.21618182957172394,-0.14435487985610962,0.4223153293132782,-0.057876914739608765,-1.1820180416107178,-1.8407695293426514,-0.3201468586921692,0.010387469083070755,0.8736922144889832,-2.5763192176818848,2.813804864883423,-2.466909408569336,-1.5527995824813843,-1.4509550333023071,0.008240827359259129,2.470608711242676,2.4902055263519287,-1.769537329673767,1.5048062801361084,0.4000000059604645,0.05000000074505806,-0.3100000023841858,0.49000000953674316,-0.20999999344348907,0.0,-0.6498477458953857,-0.0999695435166359,0.4199329912662506,0.8397867679595947,-0.36990252137184143,0.0,0.9703270792961121,2.712479829788208,0.5577328205108643,1.8657418489456177,-1.2979450225830078,-3.461653232574463,-6.133866310119629,-2.180133104324341,-0.31904149055480957,0.4045839309692383,0.7222582101821899,2.1142988204956055,0.025045245885849,0.03616496920585632,-0.04398742690682411,-0.49405837059020996,0.03710874542593956,0.4680241048336029,302.6002502441406,275.2912902832031,0.5,0.0,0.0,0.12332810461521149,0.0,0.30510881543159485,0.8146570920944214,-0.09998457878828049,0.3499999940395355,0.3352721929550171,3.679821252822876,3903.148681640625,0.0
0.66,1.2555556297302246,0.9993908107539655,-0.034899962471781065,1.0,0.0,1.0,1.0,-0.0013853907585144043,0.27424612641334534,0.09299026429653168,-0.26858997344970703,0.00917213223874569,0.21271760761737823,-0.14942052960395813,0.39321571588516235,-0.02459390088915825,-1.248053789138794,-1.9422763586044312,-0.3357037603855133,0.021810488775372505,0.9028221964836121,-2.574941873550415,2.832324504852295,-2.4807631969451904,-1.5967761278152466,-1.516676664352417,-0.01625954546034336,2.4624226093292236,2.4922449588775635,-1.7683321237564087,1.5060474872589111,0.4000000059604645,0.05000000074505806,-0.3100000023841858,0.49000000953674316,-0.20999999344348907,0.0,-0.649847686290741,-0.0999695360660553,0.4199329912662506,0.8397867679595947,-0.36990252137184143,0.0,1.318806767463684,2.9890711307525635,0.31171339750289917,1.8207849264144897,-1.3292303085327148,-4.789196968078613,-6.802807807922363,-2.7098138332366943,-0.899364173412323,-0.3304462432861328,-1.4245165586471558,-0.5482954382896423,0.024969205260276794,0.029707685112953186,-0.018141869455575943,-0.32111087441444397,0.009695402346551418,0.21884095668792725,293.9117736816406,309.94482421875,0.5,0.0,0.0,0.14288662374019623,0.0,0.3157731592655182,0.7982016205787659,-0.09998561441898346,0.3499999940395355,0.3233093321323395,3.596076250076294,3704.59619140625,0.0
0.67,1.2666667699813843,0.9945218275138806,-0.1045291088570598,1.0,0.0,1.0,1.0,0.0018941611051559448,0.27538105845451355,0.0939217209815979,-0.288541316986084,-0.002628803253173828,0.20865505933761597,-0.16063188016414642,0.357408732175827,0.010289814323186874,-1.3300895690917969,-2.0449938774108887,-0.42460334300994873,0.03694930672645569,0.932682454586029,-2.5734004974365234,2.8499629497528076,-2.4953479766845703,-1.6521474123001099,-1.5858814716339111,-0.04660290107131004,2.4490084648132324,2.4884462356567383,-1.7704232931137085,1.5008219480514526,0.4000000059604645,0.05000000074505806,-0.3100000023841858,0.49000000953674316,-0.20999999344348907,0.0,-0.6486304402351379,-0.09972609579563141,0.41939741373062134,0.8380826711654663,-0.3691234588623047,0.0,1.644140362739563,2.9580466747283936,0.2181200087070465,1.7346466779708862,-1.4356557130813599,-6.047120571136475,-6.986302852630615,-3.2586750984191895,-1.5700650215148926,-0.4027485251426697,-0.021012257784605026,0.5968062877655029,0.025010399520397186,0.021521925926208496,0.017071280628442764,-0.2023545503616333,-0.02368895336985588,0.2064855992794037,281.6080627441406,216.64183044433594,0.5,0.0,0.0,0.12766526639461517,0.0,0.32356640696525574,0.6972745656967163,-0.09998662769794464,0.3499999940395355,0.312323659658432,3.993868112564087,3751.437744140625,0.0
0.68,1.277777910232544,0.9848076084952826,-0.1736489972611482,1.0,0.0,1.0,1.0,0.0053315237164497375,0.27607861161231995,0.09524114429950714,-0.3096199035644531,-0.014655590057373047,0.20448613166809082,-0.1703479290008545,0.3214152753353119,0.02940990962088108,-1.318813681602478,-2.158250093460083,-0.4101027250289917,0.05522613972425461,0.9626326560974121,-2.5713045597076416,2.866710901260376,-2.511131525039673,-1.7161900997161865,-1.6611735820770264,-0.07969104498624802,2.431086301803589,2.4878878593444824,-1.7699644565582275,1.4923969507217407,0.4000000059604645,0.05000000074505806,-0.3100000023841858,0.49000000953674316,-0.20999999344348907,0.0,-0.6462019085884094,-0.09924037754535675,0.41832882165908813,0.8346826434135437,-0.3675692081451416,0.0,1.9370814561843872,3.0273656845092773,0.18821197748184204,1.6721351146697998,-1.5841670036315918,-6.720323085784912,-7.867558479309082,-3.386538028717041,-2.1828012466430664,0.008890300989151001,0.1213468611240387,4.956536769866943,0.025141842663288116,0.01173340529203415,0.031158924102783203,-0.18648411333560944,-0.037589624524116516,0.49912166595458984,262.3582458496094,249.24301147460938,0.5,0.0,0.0,0.1433268040418625,0.0,0.3310955762863159,0.7143598198890686,-0.09998766332864761,0.3499999940395355,0.3024708330631256,4.4220476150512695,2997.552001953125,0.0
0.6900000000000001,1.288888931274414,0.9702956618482642,-0.24192215400504177,1.0,0.0,1.0,1.0,0.008845478296279907,0.2764256000518799,0.09685763716697693,-0.3317527770996094,-0.026572704315185547,0.20003433525562286,-0.18941034376621246,0.2908939719200134,0.05057039111852646,-1.3407243490219116,-2.2444019317626953,-0.5083169937133789,0.07716365903615952,0.9919050335884094,-2.567939043045044,2.8825223445892334,-2.528806447982788,-1.7860426902770996,-1.7411859035491943,-0.11257761716842651,2.409507989883423,2.4960944652557373,-1.772513747215271,1.481099009513855,0.4000000059604645,0.05000000074505806,-0.3100000023841858,0.49000000953674316,-0.20999999344348907,0.0,-0.642573893070221,-0.09851478040218353,0.416732519865036,0.8296034336090088,-0.36524727940559387,0.0,2.3542745113372803,2.852968692779541,0.33794161677360535,1.560570478439331,-1.808254361152649,-7.2789435386657715,-7.997312545776367,-3.2793478965759277,-2.4389877319335938,1.0192958116531372,0.07587079703807831,-0.7725749015808105,0.02532246708869934,0.0007763653993606567,0.047816041857004166,-0.029146457090973854,-0.05323706194758415,0.7117356657981873,265.9947509765625,106.98585510253906,0.5,0.0,0.0,0.13533392548561096,0.0,0.3263412117958069,0.5964425802230835,-0.09998877346515656,0.3499999940395355,0.29548394680023193,4.659079074859619,2363.31005859375,0.0
0.7000000000000001,1.3000000715255737,0.9510563774202142,-0.3090174217877356,1.0,0.0,1.0,0.0,0.012168236076831818,0.27628231048583984,0.09893010556697845,-0.3541264533996582,-0.03907299041748047,0.1949700266122818,-0.1930907964706421,0.27078521251678467,0.10733011364936829,-1.496529459953308,-2.2383804321289062,-0.4962218403816223,0.10433313250541687,1.018028736114502,-2.562784194946289,2.8960304260253906,-2.5482466220855713,-1.8622472286224365,-1.7983185052871704,-0.13150745630264282,2.4504849910736084,2.50248646736145,-1.776789903640747,1.4999094009399414,0.4000000059604645,0.05000000074505806,-0.3100000023841858,0.49000000953674316,-0.20999999344348907,0.0,-0.6377640962600708,-0.0975528210401535,0.414616197347641,0.8228697180747986,-0.3621690273284912,0.0,2.836125612258911,2.3944919109344482,0.3401801884174347,1.2184656858444214,-2.0725162029266357,-8.21678638458252,-4.59727668762207,-1.6194469928741455,3.7533278465270996,0.5877712965011597,1.7261326313018799,2.5051591396331787,0.0255654975771904,0.004419513046741486,0.08646152913570404,-0.018919331952929497,-0.08007803559303284,0.257781058549881,276.1240234375,0.0,0.5,0.0,0.0,0.12363144010305405,0.0,0.330417275428772,0.6111137270927429,-0.0999903455376625,1.0,0.3956849277019501,1.5528780221939087,4325.7451171875,0.0
0.71,1.3111112117767334,0.9271836176276476,-0.3746071798603281,1.0,0.0,1.0,1.0,0.015401586890220642,0.27566781640052795,0.10153821110725403,-0.3764915466308594,-0.0532078742980957,0.19163966178894043,-0.18921127915382385,0.26140666007995605,0.14625047147274017,-1.549762487411499,-2.189953565597534,-0.3592912554740906,0.13340002298355103,1.0397018194198608,-2.5573153495788574,2.906764030456543,-2.5686020851135254,-1.9445254802703857,-1.8419783115386963,-0.14146098494529724,2.4726293087005615,2.511359214782715,-1.7770060300827026,1.5475564002990723,0.4000000059604645,0.05000000074505806,-0.3100000023841858,0.49000000953674316,-0.20999999344348907,0.0,-0.6317958831787109,-0.09635917842388153,0.4119901955127716,0.8145142197608948,-0.35834935307502747,0.0,3.0017333030700684,2.037404775619507,0.3657480776309967,0.9516787528991699,-2.1350250244140625,-8.34244441986084,-4.066857814788818,-0.41573381423950195,2.3146934509277344,0.7614323496818542,-1.0935046672821045,2.3463101387023926,0.025864869356155396,0.006997212767601013,0.09896539151668549,-0.0832352340221405,-0.08943268656730652,0.37675800919532776,228.17344665527344,161.33779907226562,0.5,0.0,0.0,0.1260184794664383,0.0,0.3373308479785919,0.7724558711051941,-0.09999170899391174,0.3499999940395355,0.41661903262138367,3.5485634803771973,3652.21728515625,0.0
0.72,1.322222352027893,0.898793688766393,-0.43837187983913856,1.0,0.0,1.0,1.0,0.018398597836494446,0.2749657928943634,0.10449841618537903,-0.39830780029296875,-0.06779766082763672,0.18983282148838043,-0.18163877725601196,0.2516414523124695,0.16974739730358124,-1.5084306001663208,-2.131056785583496,-0.25903618335723877,0.1641719788312912,1.0602413415908813,-2.551689624786377,2.915639638900757,-2.5893235206604004,-2.026904344558716,-1.881582260131836,-0.14265133440494537,2.495870351791382,2.5138180255889893,-1.7939751148223877,1.550410270690918,0.4000000059604645,0.05000000074505806,-0.3100000023841858,0.49000000953674316,-0.20999999344348907,0.0,-0.6246984601020813,-0.0949396938085556,0.4088672995567322,0.8045778274536133,-0.3538069725036621,0.0,3.138939619064331,2.0439202785491943,0.4164985716342926,0.7595747709274292,-2.230807304382324,-7.922370910644531,-3.9090793132781982,0.02101040817797184,2.165386199951172,-0.13416245579719543,-1.238671064376831,-0.05977058410644531,0.026119090616703033,0.010462269186973572,0.1180732473731041,-0.03778896853327751,-0.0845564678311348,0.08593929558992386,217.3458251953125,133.64682006835938,0.5,0.0,0.0,0.13862979412078857,0.0,0.34787583351135254,0.8744156360626221,-0.09999275207519531,0.3499999940395355,0.39427807927131653,3.574350357055664,3716.740234375,0.0
0.73,1.3333334922790527,0.8660249044413022,-0.5000008648866852,1.0,0.0,1.0,1.0,0.021048225462436676,0.27427199482917786,0.10769277811050415,-0.41913366317749023,-0.08216094970703125,0.18889382481575012,-0.17342503368854523,0.24129532277584076,0.19920186698436737,-1.4358752965927124,-2.0325512886047363,-0.21954253315925598,0.19681884348392487,1.0798053741455078,-2.545166254043579,2.9229001998901367,-2.6096270084381104,-2.1069605350494385,-1.9197131395339966,-0.14081335067749023,2.51759934425354,2.512967348098755,-1.8151625394821167,1.5366688966751099,0.4000000059604645,0.05000000074505806,-0.3100000023841858,0.49000000953674316,-0.20999999344348907,0.0,-0.6165062189102173,-0.09330123662948608,0.4052627384662628,0.7931087017059326,-0.3485639691352844,0.0,3.264248847961426,1.8281358480453491,0.26383957266807556,0.6994603276252747,-2.963810920715332,-7.292121410369873,-3.66715669631958,0.21978037059307098,1.9980679750442505,-0.1336536407470703,-1.6837034225463867,-1.2481143474578857,0.026321284472942352,0.013814263045787811,0.09921296685934067,-0.05168325826525688,-0.08128559589385986,0.07925990968942642,332.1099853515625,140.15562438964844,0.5,0.0,0.0,0.13578243553638458,0.0,0.35935327410697937,0.9081026315689087,-0.09999360144138336,0.3499999940395355,0.3933875262737274,3.518876075744629,3675.104248046875,0.0
0.74,1.3444445133209229,0.8290373305565868,-0.559193262248043,1.0,0.0,1.0,1.0,0.023335538804531097,0.27369338274002075,0.11098767817020416,-0.4386773109436035,-0.09632205963134766,0.18957243859767914,-0.16795745491981506,0.23624692857265472,0.19976739585399628,-1.3415203094482422,-1.8794176578521729,-0.02513006329536438,0.2278030812740326,1.0970720052719116,-2.5415735244750977,2.9291865825653076,-2.616952657699585,-2.1509876251220703,-1.953940987586975,-0.13874401152133942,2.535479784011841,2.512125015258789,-1.8303567171096802,1.52037513256073,0.4000000059604645,0.05000000074505806,-0.3100000023841858,0.49000000953674316,-0.20999999344348907,0.0,-0.6072592735290527,-0.09145185351371765,0.40119409561157227,0.7801629900932312,-0.34264594316482544,0.0,2.7950778007507324,1.5896122455596924,0.36560434103012085,0.5856862664222717,-0.06628590822219849,-2.2521796226501465,-3.1523311138153076,0.18537263572216034,1.5412265062332153,-0.04057904705405235,-0.6662017107009888,-1.3119183778762817,0.026723287999629974,0.016899675130844116,0.11384226381778717,0.005999971181154251,-0.14951647818088531,0.08572203665971756,79.85733795166016,120.68318176269531,0.5,0.0,0.0,0.09082233905792236,0.005999971181154251,0.3664257526397705,0.9987377524375916,-0.09999412298202515,0.3499999940395355,0.3912956714630127,3.814418315887451,3402.11328125,0.0
0.75,1.3555556535720825,0.7880103744477579,-0.6156619606266936,1.0,0.0,0.0,1.0,0.025270797312259674,0.2732982933521271,0.11421321332454681,-0.45676755905151367,-0.10998773574829102,0.19135336577892303,-0.1631620228290558,0.23591524362564087,0.17952494323253632,-1.2773451805114746,-1.7077301740646362,0.056470878422260284,0.25015631318092346,1.1111655235290527,-2.5344274044036865,2.9340271949768066,-2.5915751457214355,-2.1421146392822266,-1.9790252447128296,-0.1373116672039032,2.5462687015533447,2.5134449005126953,-1.8355401754379272,1.4983938932418823,0.4000000059604645,0.05000000074505806,-0.3100000023841858,0.49000000953674316,-0.20999999344348907,0.0,-0.5970026254653931,-0.0894005298614502,0.39668115973472595,0.7658036947250366,-0.33533233404159546,0.0,1.6376909017562866,1.3651140928268433,0.8619986176490784,0.4021933674812317,6.753696918487549,3.814661979675293,-1.853809118270874,-0.008126423694193363,0.5707412958145142,0.35887619853019714,0.3849268853664398,-1.8912599086761475,0.026974841952323914,0.019700028002262115,0.20990270376205444,0.11438818275928497,-0.26738497614860535,0.10593019425868988,0.0,114.43323516845703,0.5,0.0,0.0,0.10935596376657486,0.11438818275928497,0.3712499737739563,0.9936423897743225,-0.09999415278434753,-0.30000001192092896,0.38907119631767273,2.0477187633514404,3690.21240234375,0.0
0.76,1.3666667938232422,0.743144290876379,-0.6691312000929592,1.0,0.0,1.0,1.0,0.026906289160251617,0.2730875015258789,0.11676366627216339,-0.4725174903869629,-0.12390470504760742,0.19555793702602386,-0.1460248976945877,0.23798222839832306,0.1735503226518631,-1.0215193033218384,-1.6597294807434082,0.17988333106040955,0.2625338137149811,1.1239569187164307,-2.5263476371765137,2.939014434814453,-2.5519378185272217,-2.1372623443603516,-1.996265172958374,-0.13746081292629242,2.5512754917144775,2.5162296295166016,-1.8331196308135986,1.4856021404266357,0.4000000059604645,0.05000000074505806,-0.3100000023841858,0.49000000953674316,-0.20999999344348907,0.0,-0.5857860445976257,-0.08715721219778061,0.3917458653450012,0.7501004934310913,-0.3253495693206787,0.0,0.3921479284763336,0.5845237970352173,-0.04660937190055847,0.4791553318500519,-1.3833348751068115,-4.893741130828857,-1.658474087715149,0.24165111780166626,0.4759797751903534,0.03570079803466797,0.2520999014377594,-1.487351655960083,0.026455141603946686,0.022050239145755768,0.12337366491556168,0.16090890765190125,-0.017328068614006042,0.09239616245031357,1490.296630859375,81.65240478515625,0.5,0.0,0.0,0.08395059406757355,0.16090890765190125,0.3875279128551483,0.9373335838317871,-0.09999410808086395,0.3499999940395355,0.38558417558670044,3.391188144683838,3671.297119140625,0.0
0.77,1.3777779340744019,0.6946576640377365,-0.7193404825210626,1.0,0.0,0.0,1.0,0.028371624648571014,0.27341294288635254,0.1191716343164444,-0.48728084564208984,-0.13613653182983398,0.2005413919687271,-0.14520317316055298,0.24085372686386108,0.1430554986000061,-0.9354655742645264,-1.4646613597869873,0.22840893268585205,0.2719883322715759,1.1378785371780396,-2.5199062824249268,2.9442436695098877,-2.5227959156036377,-2.145655632019043,-2.017707109451294,-0.13649730384349823,2.560319423675537,2.5164542198181152,-1.8398791551589966,1.4902085065841675,0.4000000059604645,0.05000000074505806,-0.3100000023841858,0.49000000953674316,-0.20999999344348907,0.0,-0.5736643075942993,-0.08473286777734756,0.3864123225212097,0.7331300973892212,-0.31456124782562256,0.0,1.1430025100708008,1.7342891693115234,0.6912626028060913,0.43027427792549133,2.871572732925415,-0.13861913979053497,-2.344346046447754,0.08629822731018066,1.155834674835205,-0.05467848852276802,-0.8415343761444092,0.15197980403900146,0.02613116055727005,0.024004079401493073,0.13384106755256653,0.06842528283596039,-0.10641379654407501,0.15386971831321716,0.0,123.13668060302734,0.5,0.0,0.0,0.10307992994785309,0.06842528283596039,0.38728466629981995,0.9009177684783936,-0.09999430179595947,-0.30000001192092896,0.3825395703315735,1.616437315940857,3765.3525390625,0.0
0.78,1.3888890743255615,0.6427867171424603,-0.7660451920514996,1.0,0.0,0.0,1.0,0.029485419392585754,0.2738931477069855,0.1213841587305069,-0.5006027221679688,-0.1473393440246582,0.20484769344329834,-0.14720115065574646,0.2421746402978897,0.12720854580402374,-0.9385820031166077,-1.2615870237350464,0.19159609079360962,0.28646063804626465,1.158685326576233,-2.513190984725952,2.949672222137451,-2.4952707290649414,-2.155628204345703,-2.0403029918670654,-0.13659046590328217,2.5716392993927,2.5161914825439453,-1.8520867824554443,1.4890241622924805,0.4000000059604645,0.05000000074505806,-0.3100000023841858,0.49000000953674316,-0.20999999344348907,0.0,-0.5606967210769653,-0.08213934302330017,0.3807065486907959,0.7149753570556641,-0.30302006006240845,0.0,1.843299150466919,2.480637788772583,0.8149377703666687,0.6362059712409973,3.6543073654174805,-0.46542438864707947,-2.1586735248565674,-0.13219983875751495,1.077722430229187,0.028869114816188812,-1.0745134353637695,-0.06264709681272507,0.025208622217178345,0.025819450616836548,0.03500707447528839,0.031042899936437607,-0.16583266854286194,0.14204449951648712,0.0,125.75370788574219,0.5,0.0,0.0,0.10742256790399551,0.031042899936437607,0.3847983479499817,0.929212212562561,-0.09999453276395798,-0.30000001192092896,0.3814816176891327,1.628812313079834,3650.76513671875,0.0
0.79,1.4000000953674316,0.5877847675202865,-0.8090173465823355,1.0,0.0,0.0,1.0,0.030195236206054688,0.2744467258453369,0.12354807555675507,-0.5126748085021973,-0.1574721336364746,0.20786526799201965,-0.14910395443439484,0.24157646298408508,0.1314416527748108,-0.935342013835907,-1.0835484266281128,0.11739742010831833,0.3043306767940521,1.1821606159210205,-2.506068468093872,2.9558706283569336,-2.4776363372802734,-2.165220022201538,-2.0596964359283447,-0.13840462267398834,2.5803472995758057,2.514976739883423,-1.8561547994613647,1.4998880624771118,0.4000000059604645,0.05000000074505806,-0.3100000023841858,0.49000000953674316,-0.20999999344348907,0.0,-0.5469461679458618,-0.07938923686742783,0.3746563196182251,0.6957246661186218,-0.29078209400177,0.0,2.271474838256836,2.7594423294067383,0.9249650239944458,0.7084754705429077,2.2141127586364746,-0.576947033405304,-1.7588155269622803,-0.3712790906429291,0.7442004084587097,-0.011488715186715126,-0.4037564694881439,0.9711110591888428,0.024120405316352844,0.02744356542825699,-0.008581825532019138,0.001176815596409142,-0.18102121353149414,0.10980197042226791,0.0,128.48263549804688,0.5,0.0,0.0,0.11187213659286499,0.001176815596409142,0.38312646746635437,0.9728121161460876,-0.09999480843544006,-0.30000001192092896,0.3800252079963684,1.421891212463379,3638.5712890625,0.0
0.8,1.4111112356185913,0.5299186008019895,-0.8480485107138988,1.0,0.0,0.0,1.0,0.030523106455802917,0.2751467525959015,0.1256321221590042,-0.5235147476196289,-0.1664886474609375,0.21010145545005798,-0.14317968487739563,0.23948004841804504,0.14798663556575775,-0.7948093414306641,-0.9812953472137451,0.056117892265319824,0.3168070614337921,1.1987652778625488,-2.497192859649658,2.962812900543213,-2.4687273502349854,-2.1844706535339355,-2.072875738143921,-0.14105986058712006,2.5843164920806885,2.5146701335906982,-1.8554874658584595,1.5086438655853271,0.4000000059604645,0.05000000074505806,-0.3100000023841858,0.49000000953674316,-0.20999999344348907,0.0,-0.5324795246124268,-0.07649590820074081,0.3682909905910492,0.6754713654518127,-0.27790677547454834,0.0,1.4406938552856445,1.890281081199646,1.070824146270752,0.8136857748031616,0.8730805516242981,-0.7794042229652405,-1.3120081424713135,-0.43156975507736206,0.4622099995613098,0.10686928778886795,-0.14042609930038452,0.6965941786766052,0.023488424718379974,0.028922200202941895,-0.07700293511152267,0.003286352613940835,-0.1293216198682785,0.145086407661438,0.0,127.64940643310547,0.5,0.0,0.0,0.11493214219808578,0.003286352613940835,0.38982337713241577,0.9937213659286499,-0.09999508410692215,-0.30000001192092896,0.3789210617542267,1.3714791536331177,3921.23828125,0.0
0.81,1.422222375869751,0.4694707103916907,-0.8829480460844348,1.0,0.0,0.0,1.0,0.030546724796295166,0.27596256136894226,0.12721048295497894,-0.5326628684997559,-0.17506885528564453,0.21279124915599823,-0.1435163915157318,0.24085699021816254,0.15742050111293793,-0.6197339296340942,-0.9747989773750305,-0.010447833687067032,0.32935458421707153,1.2199933528900146,-2.5081796646118164,2.969963788986206,-2.467435359954834,-2.2133371829986572,-2.089348554611206,-0.14709673821926117,2.5924112796783447,2.5124475955963135,-1.8580056428909302,1.5240200757980347,0.4000000059604645,0.05000000074505806,-0.3100000023841858,0.49000000953674316,-0.20999999344348907,0.0,-0.5173677206039429,-0.07347354292869568,0.3616417944431305,0.6543147563934326,-0.26445722579956055,0.0,0.9902336597442627,2.018376588821411,0.13814279437065125,0.6307212710380554,0.16016753017902374,-1.1921333074569702,-1.7450602054595947,-0.6312989592552185,0.9907737374305725,-0.43346473574638367,-0.22503957152366638,1.2021985054016113,0.023098528385162354,0.03025718778371811,0.006786779034882784,-0.043849024921655655,-0.023310357704758644,0.06926840543746948,0.0,124.70274353027344,0.5,0.0,0.0,0.11392056941986084,0.0,0.38897082209587097,0.9997817277908325,-0.09999552369117737,-0.30000001192092896,0.3778340220451355,1.3423740863800049,3944.61767578125,0.0
0.8200000000000001,1.433333396911621,0.4067362781379607,-0.913545620123308,1.0,0.0,1.0,1.0,0.030216053128242493,0.27698245644569397,0.1288522183895111,-0.5414023399353027,-0.18197059631347656,0.213960200548172,-0.15251103043556213,0.24049152433872223,0.1838373839855194,-0.581753671169281,-0.8549601435661316,-0.12537609040737152,0.34121814370155334,1.2392657995224,-2.513258934020996,2.9756102561950684,-2.4693307876586914,-2.2378358840942383,-2.1031787395477295,-0.15451383590698242,2.5993964672088623,2.5096662044525146,-1.8623723983764648,1.5292675495147705,0.4000000059604645,0.05000000074505806,-0.3100000023841858,0.49000000953674316,-0.20999999344348907,0.0,-0.5016840696334839,-0.07033681124448776,0.3547409772872925,0.632357656955719,-0.25049880146980286,0.0,1.0883132219314575,1.681281328201294,-0.7505102753639221,0.43633997440338135,-0.34961748123168945,-2.194204807281494,-1.225555181503296,-0.7326090931892395,0.5508471727371216,-0.2832314968109131,-0.24971142411231995,0.1963212639093399,0.022853128612041473,0.03155691176652908,-0.00245999195612967,-0.06777551025152206,0.03705471381545067,0.06306657940149307,450.19622802734375,132.29722595214844,0.5,0.0,0.0,0.11949212849140167,0.0,0.3801408112049103,0.9690507650375366,-0.09999587386846542,0.3499999940395355,0.3775676488876343,2.4872851371765137,3973.93310546875,0.0
0.8300000000000001,1.4444446563720703,0.3420188920489531,-0.9396930762124444,1.0,0.0,1.0,1.0,0.02965325117111206,0.27811914682388306,0.130407452583313,-0.5496845245361328,-0.18801259994506836,0.2144312709569931,-0.15992596745491028,0.2437884360551834,0.16191567480564117,-0.5727036595344543,-0.7978761792182922,-0.10430193692445755,0.3524121940135956,1.258636236190796,-2.5164573192596436,2.9816102981567383,-2.4754674434661865,-2.255887269973755,-2.115122079849243,-0.16350778937339783,2.605306386947632,2.505690336227417,-1.8645159006118774,1.5347702503204346,0.4000000059604645,0.05000000074505806,-0.3100000023841858,0.49000000953674316,-0.20999999344348907,0.0,-0.4855045676231384,-0.06710091233253479,0.34762200713157654,0.6097064018249512,-0.23609904944896698,0.0,1.0797280073165894,2.060938835144043,-0.6637487411499023,0.6574966907501221,-0.6033344268798828,-1.6726270914077759,-1.1708786487579346,-0.9905530214309692,0.6171334981918335,-0.4058658480644226,-0.027643637731671333,0.6678274869918823,0.02252858132123947,0.03279372304677963,-0.03949452564120293,-0.06602232158184052,0.0008920703548938036,0.013309529982507229,111.63829040527344,134.9231719970703,0.5,0.0,0.0,0.16366492211818695,0.0,0.37162497639656067,0.9784772396087646,-0.0999961793422699,0.3499999940395355,0.3770928978919983,2.6972525119781494,3958.18017578125,0.0
0.84,1.4555556774139404,0.2756366198184286,-0.9612619069822081,1.0,0.0,1.0,1.0,0.028900794684886932,0.27926915884017944,0.1318589150905609,-0.5574512481689453,-0.19391536712646484,0.21506036818027496,-0.1685018241405487,0.24005243182182312,0.17046985030174255,-0.5606109499931335,-0.7342614531517029,-0.06589479744434357,0.36174535751342773,1.278035283088684,-2.5199570655822754,2.9873759746551514,-2.4796926975250244,-2.2704544067382812,-2.1262989044189453,-0.17338018119335175,2.6108510494232178,2.5036208629608154,-1.869824767112732,1.5359337329864502,0.4000000059604645,0.05000000074505806,-0.3100000023841858,0.49000000953674316,-0.20999999344348907,0.0,-0.46890920400619507,-0.06378183513879776,0.34032005071640015,0.5864728689193726,-0.22132916748523712,0.0,0.8758914470672607,1.9390614032745361,-0.42254751920700073,0.5093106031417847,-0.6336170434951782,-1.045161247253418,-1.0826494693756104,-1.0229389667510986,0.5115275979042053,-0.11149995028972626,-0.5369581580162048,0.05945007503032684,0.022139467298984528,0.03398110717535019,-0.01920788548886776,-0.0720435231924057,0.007110914681106806,0.07315508276224136,80.82066345214844,129.9932098388672,0.5,0.0,0.0,0.1592019945383072,0.0,0.36456888914108276,0.9913533329963684,-0.09999645501375198,0.3499999940395355,0.37672027945518494,2.9005801677703857,4054.740234375,0.0
0.85,1.4666666984558105,0.20791149544540746,-0.9781476422614608,1.0,0.0,1.0,1.0,0.027927838265895844,0.28041699528694153,0.13324524462223053,-0.564610481262207,-0.20005130767822266,0.2163759022951126,-0.1748719960451126,0.24010947346687317,0.1839892566204071,-0.5257420539855957,-0.7200926542282104,-0.0008671730756759644,0.3691279888153076,1.296799898147583,-2.5247581005096436,2.9919731616973877,-2.4787724018096924,-2.285590171813965,-2.1356611251831055,-0.1837390512228012,2.6130433082580566,2.505173444747925,-1.8925153017044067,1.5519369840621948,0.4000000059604645,0.05000000074505806,-0.3100000023841858,0.49000000953674316,-0.20999999344348907,0.0,-0.45197784900665283,-0.06039557233452797,0.3328702449798584,0.5627689957618713,-0.2062602937221527,0.0,0.6626478433609009,1.8121038675308228,-0.022605031728744507,0.5337721109390259,-0.4592852294445038,-0.39558926224708557,-0.821869432926178,-1.0077165365219116,0.17685405910015106,0.26117897033691406,-2.735535144805908,1.245678186416626,0.02178271859884262,0.03484737128019333,-0.049497898668050766,-0.03982362151145935,0.0008182040182873607,0.19858410954475403,19.97216033935547,144.57102966308594,0.5,0.0,0.0,0.15911228954792023,0.0,0.35836276412010193,0.9999984502792358,-0.09999675303697586,0.3499999940395355,0.37430858612060547,2.713240623474121,3955.33447265625,0.0
0.86,1.4777779579162598,0.13917198013153623,-0.9902682262631004,1.0,0.0,1.0,1.0,0.026750348508358,0.2816160023212433,0.13452687859535217,-0.5710964202880859,-0.20661115646362305,0.2188190072774887,-0.18441863358020782,0.24503254890441895,0.18562744557857513,-0.511332094669342,-0.657642662525177,0.10640266537666321,0.3754051923751831,1.3146939277648926,-2.529970407485962,2.995868682861328,-2.4768848419189453,-2.2960851192474365,-2.143699884414673,-0.19447529315948486,2.6130149364471436,2.507272720336914,-1.9148712158203125,1.5749815702438354,0.4000000059604645,0.05000000074505806,-0.3100000023841858,0.49000000953674316,-0.20999999344348907,0.0,-0.4347928464412689,-0.05695856735110283,0.3253088593482971,0.5387099981307983,-0.19096562266349792,0.0,0.5931584239006042,1.681672215461731,-0.21243128180503845,0.398980975151062,-0.2371804267168045,-0.22399160265922546,-0.7554041147232056,-1.0595194101333618,0.04525706171989441,0.13949763774871826,-2.277026653289795,2.053562641143799,0.02132514864206314,0.03561092168092728,-0.059331029653549194,-0.03564615175127983,0.015387563034892082,0.16494004428386688,31.680484771728516,140.3264617919922,0.5,0.0,0.0,0.1372406780719757,0.0,0.347517728805542,0.9776113629341125,-0.09999702125787735,0.3499999940395355,0.373540461063385,2.5098276138305664,3963.1416015625,0.0
0.87,1.4888889789581299,0.06975590920093978,-0.9975640897363689,1.0,1.0,1.0,1.0,0.02540595829486847,0.2829027473926544,0.1357065737247467,-0.5770368576049805,-0.21354150772094727,0.22240601480007172,-0.19247902929782867,0.250314325094223,0.1863298863172531,-0.48199570178985596,-0.6347750425338745,0.20627693831920624,0.37970709800720215,1.3315892219543457,-2.53598952293396,2.998859167098999,-2.4729456901550293,-2.3050718307495117,-2.1521756649017334,-0.2051694691181183,2.6128177642822266,2.5083184242248535,-1.9321162700653076,1.5992101430892944,0.4000000059604645,0.05000000074505806,-0.3100000023841858,0.49000000953674316,-0.20999999344348907,0.0,-0.4000000059604645,-0.05000000074505806,0.3100000023841858,0.49000000953674316,-0.16435974836349487,0.0,0.31062406301498413,1.6245766878128052,-0.808052659034729,0.23139862716197968,0.29193854331970215,-0.5124838948249817,-0.8582040071487427,-1.0337705612182617,0.09714576601982117,0.026278629899024963,-1.9820287227630615,2.2360146045684814,0.02085406333208084,0.03636600822210312,-0.041632283478975296,-0.03920123726129532,0.05017830431461334,0.14595858752727509,176.08236694335938,138.45733642578125,0.5,0.0,0.0,0.145025834441185,0.0,0.3381151258945465,0.918420135974884,-0.09999725967645645,1.0,0.0,2.3844449520111084,3904.15234375,0.0
0.88,1.5000001192092896,-7.490140557442546e-07,-0.9999999999997194,1.0,1.0,1.0,1.0,0.023900270462036133,0.28423768281936646,0.13676638901233673,-0.5824856758117676,-0.2207660675048828,0.22672782838344574,-0.20190320909023285,0.254838764667511,0.18490701913833618,-0.47993433475494385,-0.5948455333709717,0.25489750504493713,0.38275277614593506,1.3475359678268433,-2.5421643257141113,3.0011467933654785,-2.468111991882324,-2.3107640743255615,-2.160788059234619,-0.21593819558620453,2.6124043464660645,2.509397029876709,-1.9492988586425781,1.620741367340088,0.4000000059604645,0.05000000074505806,-0.3100000023841858,0.49000000953674316,-0.1600000560283661,0.0,-0.4000000059604645,-0.05000000074505806,0.3100000023841858,0.49000000953674316,-0.20999999344348907,0.0,0.25702282786369324,1.5342116355895996,-0.8503669500350952,0.19299551844596863,0.44582682847976685,-0.4899725914001465,-0.8401234149932861,-1.0681902170181274,0.09191060066223145,0.07340496778488159,-2.170785903930664,1.9764771461486816,0.020317204296588898,0.037077806890010834,-0.061649907380342484,-0.045048151165246964,0.052019089460372925,0.1462622582912445,162.95809936523438,148.0454559326172,0.5,0.0,0.0,0.1649615615606308,0.0,0.3278425335884094,0.878143310546875,-0.09999755024909973,1.0,0.0,2.3686728477478027,3807.705078125,0.0
0.89,1.5111112594604492,-0.06975740357991274,-0.9975639852389365,1.0,1.0,1.0,1.0,0.02226242423057556,0.28562456369400024,0.13769842684268951,-0.5875678062438965,-0.2281055450439453,0.2314281314611435,-0.20974774658679962,0.25996094942092896,0.18292808532714844,-0.46789130568504333,-0.5772554278373718,0.27226758003234863,0.3852384388446808,1.3628745079040527,-2.548386573791504,3.0031023025512695,-2.463231325149536,-2.313002109527588,-2.170079469680786,-0.22685979306697845,2.6130552291870117,2.5107405185699463,-1.9648332595825195,1.63484787940979,0.4000000059604645,0.05000000074505806,-0.3100000023841858,0.49000000953674316,-0.16435986757278442,0.0,-0.4000000059604645,-0.05000000074505806,0.3100000023841858,0.49000000953674316,-0.20999999344348907,0.0,0.21325676143169403,1.5046660900115967,-0.8259661197662354,0.18405485153198242,0.2370903491973877,0.29995161294937134,-0.9414547681808472,-1.0798388719558716,0.2620190978050232,0.07191271334886551,-2.100739002227783,1.2921431064605713,0.019690029323101044,0.03779415041208267,-0.056590836495161057,-0.06539417803287506,0.05199858918786049,0.14215290546417236,175.8366241455078,175.34356689453125,0.5,0.0,0.0,0.18283216655254364,0.0,0.3189748227596283,0.8622075319290161,-0.09999765455722809,1.0,0.0,2.835134983062744,3898.792236328125,0.0
0.9,1.5222223997116089,-0.1391742053056483,-0.9902679135352922,0.0,1.0,1.0,1.0,0.02053585648536682,0.2870587408542633,0.13850699365139008,-0.592529296875,-0.2352733612060547,0.23593422770500183,-0.2185959368944168,0.26558828353881836,0.17743603885173798,-0.4663901627063751,-0.5567364692687988,0.22566187381744385,0.3881188631057739,1.377949833869934,-2.5542540550231934,3.0050535202026367,-2.4583444595336914,-2.3127477169036865,-2.1799113750457764,-0.2384405881166458,2.6152689456939697,2.5123918056488037,-1.977006435394287,1.6424258947372437,0.4347935616970062,0.05695871263742447,-0.325309157371521,0.5387110114097595,-0.19096626341342926,0.0,-0.4000000059604645,-0.05000000074505806,0.3100000023841858,0.49000000953674316,-0.20999999344348907,0.0,0.3277894854545593,1.4906005859375,-0.9176275730133057,0.15056490898132324,2.2568109035491943,1.6733407974243164,-0.986723005771637,-1.2044250965118408,0.21583907306194305,0.12937206029891968,-0.9528748989105225,0.590820848941803,0.018964417278766632,0.03853052109479904,-0.04312507435679436,-0.06574039161205292,0.013998525217175484,0.14532707631587982,133.24937438964844,115.23905944824219,0.5,0.0,0.0,0.1706428974866867,0.0,0.3091791570186615,0.9031681418418884,-0.09999771416187286,0.3499999940395355,0.36257922649383545,3.4349892139434814,4127.0146484375,0.0
0.91,1.533333420753479,-0.20791222809168317,-0.9781474865325537,0.0,1.0,1.0,1.0,0.018706560134887695,0.2885093092918396,0.1391114592552185,-0.5972070693969727,-0.2423262596130371,0.2399737536907196,-0.22613494098186493,0.2766854763031006,0.16894873976707458,-0.4798162877559662,-0.5244301557540894,0.19089850783348083,0.3927599787712097,1.3933689594268799,-2.560091972351074,3.006895065307617,-2.4534621238708496,-2.307494640350342,-2.190260887145996,-0.2508271634578705,2.619105100631714,2.5134737491607666,-1.985488772392273,1.6433403491973877,0.4519781172275543,0.06039562076330185,-0.33287036418914795,0.56276935338974,-0.20626050233840942,0.0,-0.4000000059604645,-0.05000000074505806,0.3100000023841858,0.49000000953674316,-0.20999999344348907,0.0,0.4972647428512573,1.5427684783935547,-0.3846115171909332,0.1354701817035675,0.49769654870033264,0.8766075372695923,-1.085473895072937,-1.2718477249145508,0.31554603576660156,0.03917504847049713,-0.6304547190666199,-0.3692063093185425,0.017991431057453156,0.03928405046463013,-0.04633660987019539,-0.08966532349586487,0.04140077531337738,0.10714413225650787,182.73239135742188,143.1282958984375,0.5,0.0,0.0,0.1708657592535019,0.0,0.29889777302742004,0.9297082424163818,-0.09999759495258331,0.3499999940395355,0.36078980565071106,3.440162420272827,4024.525390625,0.0
0.92,1.5444445610046387,-0.2756380598154801,-0.961261494069724,0.0,1.0,1.0,1.0,0.016843393445014954,0.2900228500366211,0.13961169123649597,-0.6020236015319824,-0.2490396499633789,0.2432508021593094,-0.23156152665615082,0.28590384125709534,0.1641753762960434,-0.4915284216403961,-0.5376384258270264,0.10566307604312897,0.3979527950286865,1.4088859558105469,-2.565528392791748,3.0089917182922363,-2.4484612941741943,-2.301736831665039,-2.200775623321533,-0.26416563987731934,2.6238040924072266,2.513777732849121,-1.9924505949020386,1.6410661935806274,0.4689096510410309,0.06378193199634552,-0.34032025933265686,0.5864735245704651,-0.22132958471775055,0.0,-0.4000000059604645,-0.05000000074505806,0.3100000023841858,0.49000000953674316,-0.20999999344348907,0.0,0.5534031391143799,1.554651141166687,-0.27316516637802124,0.1871224194765091,0.6047530174255371,0.5583481788635254,-1.047158122062683,-1.3794804811477661,0.4427039921283722,0.004155777394771576,-0.6522771716117859,-0.1841667890548706,0.01694345474243164,0.04000820964574814,-0.04953671246767044,-0.11735785007476807,0.041073139756917953,0.10556703805923462,183.78782653808594,136.35726928710938,0.5,0.0,0.0,0.15354488790035248,0.0,0.2911703884601593,0.9779180884361267,-0.09999755024909973,0.3499999940395355,0.3602491319179535,3.333719253540039,4169.75390625,0.0
0.93,1.5555557012557983,-0.3420210035780581,-0.9396923076791988,0.0,1.0,1.0,1.0,0.015016689896583557,0.2915935516357422,0.14006567001342773,-0.6073017120361328,-0.2555232048034668,0.24578028917312622,-0.23631486296653748,0.29631897807121277,0.1603884994983673,-0.5131034851074219,-0.5800464153289795,0.037792403250932693,0.40355250239372253,1.4244343042373657,-2.5707266330718994,3.011751651763916,-2.4437522888183594,-2.2969748973846436,-2.210899591445923,-0.278229683637619,2.628664255142212,2.514127016067505,-1.9998112916946411,1.6372015476226807,0.48550525307655334,0.06710104644298553,-0.3476223051548004,0.6097073554992676,-0.23609966039657593,0.0,-0.4000000059604645,-0.05000000074505806,0.3100000023841858,0.49000000953674316,-0.20999999344348907,0.0,0.5919371843338013,1.5573921203613281,-0.2306681126356125,0.25696083903312683,0.5872374176979065,0.32131829857826233,-1.012151837348938,-1.4229224920272827,0.4419770836830139,0.0009118514135479927,-0.7363744974136353,-0.19516247510910034,0.015863310545682907,0.040678657591342926,-0.04829126596450806,-0.12174142152070999,0.03992066532373428,0.11125504225492477,185.21726989746094,139.30349731445312,0.5,0.0,0.0,0.15542489290237427,0.0,0.2836741507053375,0.9971475005149841,-0.09999750554561615,0.3499999940395355,0.36001741886138916,3.302595615386963,4225.4111328125,0.0
0.9400000000000001,1.5666667222976685,-0.40673696239635626,-0.9135453154718625,0.0,1.0,1.0,1.0,0.01324927806854248,0.29321426153182983,0.14051370322704315,-0.6131701469421387,-0.26201725006103516,0.2478230893611908,-0.24245195090770721,0.3071632385253906,0.15932953357696533,-0.5453366041183472,-0.630757749080658,-0.012780696153640747,0.40951642394065857,1.4397302865982056,-2.5756049156188965,3.0151207447052,-2.439537763595581,-2.293532609939575,-2.220767021179199,-0.2920864522457123,2.633390426635742,2.5146329402923584,-2.0087943077087402,1.6320843696594238,0.501684308052063,0.07033685594797134,-0.35474109649658203,0.6323580145835876,-0.25049901008605957,0.0,-0.4000000059604645,-0.05000000074505806,0.3100000023841858,0.49000000953674316,-0.20999999344348907,0.0,0.6281638145446777,1.5152395963668823,-0.18607428669929504,0.3120573163032532,0.5307813882827759,0.1939329206943512,-0.9936443567276001,-1.3575855493545532,0.4274546205997467,0.01531112939119339,-0.8199554681777954,-0.33645734190940857,0.014769956469535828,0.041267938911914825,-0.045339975506067276,-0.12825293838977814,0.03716516122221947,0.1244540736079216,187.506591796875,133.1025848388672,0.5,0.0,0.0,0.1574217677116394,0.0,0.2749493718147278,0.9996733665466309,-0.09999747574329376,0.3499999940395355,0.3599223494529724,3.303123712539673,4117.4140625,0.0
0.9500000000000001,1.5777779817581177,-0.46947269441199835,-0.8829469911617222,0.0,1.0,1.0,1.0,0.01153610646724701,0.29487165808677673,0.14097860455513,-0.6196155548095703,-0.26874732971191406,0.24965843558311462,-0.24850410223007202,0.3176088035106659,0.16008950769901276,-0.581272542476654,-0.6807456016540527,-0.03946537896990776,0.41568100452423096,1.4545234441757202,-2.5802173614501953,3.018939256668091,-2.4358532428741455,-2.291410446166992,-2.2305805683135986,-0.3054388165473938,2.637673854827881,2.515014171600342,-2.0193493366241455,1.6275652647018433,0.5173683166503906,0.07347366958856583,-0.361642062664032,0.654315710067749,-0.2644578218460083,0.0,-0.4000000059604645,-0.05000000074505806,0.3100000023841858,0.49000000953674316,-0.20999999344348907,0.0,0.6400473713874817,1.4581196308135986,-0.15240886807441711,0.34643763303756714,0.4741511046886444,0.04939518868923187,-1.0010427236557007,-1.3127682209014893,0.38393259048461914,-0.011202894151210785,-0.964479386806488,-0.3470086455345154,0.013674624264240265,0.04177498817443848,-0.04167146235704422,-0.12863241136074066,0.03529941290616989,0.12458404898643494,193.00387573242188,131.6092071533203,0.5,0.0,0.0,0.16287262737751007,0.0,0.26653024554252625,0.9968898296356201,-0.09999744594097137,0.3499999940395355,0.3599080741405487,3.2770869731903076,4112.15869140625,0.0
