t,phase,sin_pos,cos_pos,stance_l,stance_r,contact_l,contact_r,base_x,base_y,base_z,base_pitch,base_roll,base_yaw,base_vx,base_vy,base_vz,base_wx,base_wy,base_wz,dof_lhp,dof_lhr,dof_lhy,dof_lkp,dof_lap,dof_lar,dof_rhp,dof_rhr,dof_rhy,dof_rkp,dof_rap,dof_rar,ref_lhp,ref_lhr,ref_lhy,ref_lkp,ref_lap,ref_lar,ref_rhp,ref_rhr,ref_rhy,ref_rkp,ref_rap,ref_rar,dvel_lhp,dvel_lhr,dvel_lhy,dvel_lkp,dvel_lap,dvel_lar,dvel_rhp,dvel_rhr,dvel_rhy,dvel_rkp,dvel_rap,dvel_rar,foot_z_l,foot_z_r,foot_vx_l,foot_vx_r,foot_vy_l,foot_vy_r,cfz_l,cfz_r,cmd_vx,cmd_vy,cmd_wz,rew_stability,rew_swing_foot_forward,rew_tracking_lin_vel,rew_tracking_ang_vel,rew_ref_joint_pos,rew_feet_contact_number,rew_feet_clearance,rew_foot_slip,rew_efficiency,rew_collision
0.0,0.5222222208976746,-0.13917309271867956,-0.9902680698998213,0.0,1.0,0.0,0.0,5.631730891764164e-05,0.00019589136354625225,0.6979507803916931,-0.00021409988403320312,0.0006053851684555411,-0.00020933151245117188,-2.4094040782074444e-05,0.0024941256269812584,-0.1948777139186859,0.05397335812449455,-0.015900978818535805,-0.028527718037366867,0.4641886055469513,0.045626744627952576,-0.3037490248680115,0.4561969041824341,-0.21227502822875977,-0.015880875289440155,-0.3648432493209839,-0.1167667806148529,0.2833560109138489,0.5152247548103333,-0.18515531718730927,-0.011784207075834274,0.3652067184448242,0.04304134473204613,-0.29469096660614014,0.44128942489624023,-0.1877322942018509,0.0,-0.4000000059604645,-0.05000000074505806,0.3100000023841858,0.49000000953674316,-0.20999999344348907,0.0,-0.11947678029537201,0.12172111868858337,0.011371791362762451,0.190315380692482,0.37382858991622925,0.387387216091156,-0.0030528148636221886,0.1996195763349533,0.08564695715904236,-0.2086101919412613,-0.6140031814575195,0.5789116024971008,0.08715809136629105,0.09057096391916275,-0.07922233641147614,0.06866931915283203,-0.009737858548760414,-0.04504554718732834,0.0,0.0,0.5,0.0,0.0,0.8783671855926514,0.0,0.6064939498901367,0.9983736276626587,0.0,0.0,0.0,0.0,1.0164233446121216,0.0
0.01,0.5333333611488342,-0.2079118617685598,-0.9781475643970758,0.0,1.0,0.0,0.0,0.00010480196215212345,0.0003885200712829828,0.6954598426818848,-0.000408172607421875,0.0012292719911783934,-0.000553131103515625,-0.00023895017511676997,0.0028010366950184107,-0.29264435172080994,0.07040680199861526,-0.024062298238277435,-0.04169594496488571,0.4626908600330353,0.04705047607421875,-0.3041258454322815,0.45845115184783936,-0.2114991545677185,-0.013640426099300385,-0.36508870124816895,-0.11448392271995544,0.28433817625045776,0.513179361820221,-0.18956761062145233,-0.007665752433240414,0.3480220139026642,0.03960439935326576,-0.287129670381546,0.4172308146953583,-0.1767340749502182,0.0,-0.4000000059604645,-0.05000000074505806,0.3100000023841858,0.49000000953674316,-0.20999999344348907,0.0,-0.1981116086244583,0.13973137736320496,0.02223280258476734,0.18526692688465118,0.33557915687561035,0.22908271849155426,-0.038684338331222534,0.2517235279083252,0.10444813966751099,-0.2003062516450882,-0.3179223835468292,0.3016236424446106,0.08481629937887192,0.08779440075159073,-0.09501651674509048,0.07217361032962799,-0.012035170570015907,-0.06679176539182663,0.0,0.0,0.5,0.0,0.0,0.883108377456665,0.0,0.6062312722206116,0.9965289235115051,0.0,0.0,0.0,0.0,0.9673048257827759,0.0
0.02,0.5444444417953491,-0.275637339817032,-0.9612617005262356,0.0,1.0,0.0,0.0,0.00016898848116397858,0.0006207276601344347,0.6919897794723511,-0.0006690025329589844,0.001987818628549576,-0.0010128021240234375,-0.00048499106196686625,0.0027754888869822025,-0.39055100083351135,0.08151523768901825,-0.029755685478448868,-0.05205647647380829,0.4605303108692169,0.048596322536468506,-0.3044055104255676,0.4606407880783081,-0.21099472045898438,-0.012525219470262527,-0.3656895160675049,-0.11174595355987549,0.28543633222579956,0.5112786889076233,-0.19176112115383148,-0.0055398354306817055,0.33109062910079956,0.03621812164783478,-0.2796798646450043,0.3935268819332123,-0.16589799523353577,0.0,-0.4000000059604645,-0.05000000074505806,0.3100000023841858,0.49000000953674316,-0.20999999344348907,0.0,-0.254854291677475,0.14718244969844818,0.03057049587368965,0.17792771756649017,0.31495553255081177,0.14729692041873932,-0.0717996135354042,0.2916118800640106,0.11185218393802643,-0.1846633106470108,-0.15361431241035461,0.15455055236816406,0.08150038123130798,0.08402139693498611,-0.10661249607801437,0.07494372129440308,-0.0105800935998559,-0.08212655037641525,0.0,0.0,0.5,0.0,0.0,0.88753342628479,0.0,0.6059330105781555,0.994594931602478,0.0,0.0,0.0,0.0,0.891553521156311,0.0
0.03,0.5555555820465088,-0.3420202997352155,-0.9396925638574744,0.0,1.0,0.0,0.0,0.00024361326359212399,0.0008787496481090784,0.6875404715538025,-0.0009732246398925781,0.0028325803577899933,-0.0015606880187988281,-0.0007598905940540135,0.002402722602710128,-0.48855146765708923,0.08764120936393738,-0.03327415883541107,-0.059680573642253876,0.4579015076160431,0.050198376178741455,-0.3045801520347595,0.46275532245635986,-0.21064287424087524,-0.009798064827919006,-0.3665885925292969,-0.10867533087730408,0.28658396005630493,0.5095270276069641,-0.19282083213329315,-0.004469585604965687,0.31449490785598755,0.032898981124162674,-0.27237775921821594,0.37029287219047546,-0.15527673065662384,0.0,-0.4000000059604645,-0.05000000074505806,0.3100000023841858,0.49000000953674316,-0.20999999344348907,0.0,-0.29171037673950195,0.14703302085399628,0.014825678430497646,0.17065249383449554,0.30493488907814026,0.025790758430957794,-0.09817997366189957,0.31829360127449036,0.11558790504932404,-0.17114542424678802,-0.0733853355050087,0.07526926696300507,0.07720714062452316,0.07926217466592789,-0.11450708657503128,0.07763012498617172,-0.006539220456033945,-0.09291760623455048,0.0,0.0,0.5,0.0,0.0,0.8918447494506836,0.0,0.6056019067764282,0.9929017424583435,0.0,0.0,0.0,0.0,0.8126910328865051,0.0
0.04,0.5666666626930237,-0.40673662026718693,-0.9135454677976493,0.0,1.0,0.0,0.0,-0.0015978862065821886,-0.0003881375305354595,0.6809757947921753,0.004863518290221691,-0.0009522438049316406,-0.0023250579833984375,-0.0335875004529953,-0.05250938609242439,-0.7350501418113708,-0.6919221878051758,0.6723822951316833,-0.15186239778995514,0.5138325095176697,0.06366267055273056,-0.4178365170955658,0.5440629124641418,-0.32124656438827515,-0.14532281458377838,-0.3973146975040436,-0.15392880141735077,0.43397390842437744,0.586872935295105,-0.3060666024684906,-0.17640700936317444,0.2983158230781555,0.029663164168596268,-0.2652589678764343,0.3476421535015106,-0.14492210745811462,0.0,-0.4000000059604645,-0.05000000074505806,0.3100000023841858,0.49000000953674316,-0.20999999344348907,0.0,5.879551410675049,0.9236114621162415,-12.189676284790039,7.998809814453125,-10.057064056396484,-10.243707656860352,-1.5809012651443481,-6.642361164093018,21.625080108642578,7.99702787399292,-10.124670028686523,-10.527070999145508,0.07520871609449387,0.07839102298021317,-0.5165243744850159,-0.5987703800201416,0.9248888492584229,-1.8144745826721191,0.0,0.0,0.5,0.0,0.0,0.6910122632980347,0.0,0.5627354383468628,0.954923152923584,0.0,0.0,0.0,0.0,3952.438232421875,0.0
0.05,0.5777778029441833,-0.4694717024021403,-0.882947518623636,0.0,1.0,0.0,0.0,-0.004027322866022587,-0.003319603856652975,0.6727931499481201,0.0128514738753438,-0.009386062622070312,-0.005201816558837891,-0.023511601611971855,-0.08158684521913528,-0.898762583732605,-0.9396291971206665,0.8956370949745178,-0.32486692070961,0.5776962637901306,0.06622552126646042,-0.5096061825752258,0.6256782412528992,-0.4325067698955536,-0.26399287581443787,-0.4011238217353821,-0.2249569594860077,0.6583724617958069,0.669216513633728,-0.41749387979507446,-0.33773377537727356,0.28263208270072937,0.02652641385793686,-0.2583581209182739,0.32568490505218506,-0.1348845213651657,0.0,-0.4000000059604645,-0.05000000074505806,0.3100000023841858,0.49000000953674316,-0.20999999344348907,0.0,6.52701473236084,0.0711200162768364,-8.035687446594238,7.988363742828369,-10.07885456085205,-10.132493019104004,0.6043627858161926,-6.9475626945495605,22.24175262451172,8.036044120788574,-10.11619758605957,-10.477876663208008,0.07220350205898285,0.07754471153020859,-0.6576843857765198,-0.2558717131614685,0.6682618856430054,-2.6286420822143555,0.0,0.0,0.5,0.0,0.0,0.4780765473842621,0.0,0.5703861713409424,0.809711754322052,0.0,0.0,0.0,0.0,3265.661376953125,0.0
0.06,0.5888888835906982,-0.529919236002096,-0.84804811379718,0.0,1.0,0.0,0.0,-0.006883374415338039,-0.0068322280421853065,0.6630713939666748,0.022479934617877007,-0.019268512725830078,-0.009018898010253906,-0.00800857599824667,-0.08761613816022873,-1.05526864528656,-1.006446123123169,1.0194801092147827,-0.421288400888443,0.6474882364273071,0.062964528799057,-0.5704518556594849,0.708022952079773,-0.536553680896759,-0.37525057792663574,-0.3911864161491394,-0.2852877676486969,0.8506861329078674,0.7521673440933228,-0.527739942073822,-0.48217737674713135,0.2675201892852783,0.023504037410020828,-0.25170889496803284,0.30452826619148254,-0.1252129077911377,0.0,-0.4000000059604645,-0.05000000074505806,0.3100000023841858,0.49000000953674316,-0.20999999344348907,0.0,7.010102272033691,-0.5257660746574402,-5.200418472290039,8.020661354064941,-9.983461380004883,-10.086475372314453,1.505181908607483,-5.357135772705078,18.089345932006836,8.048680305480957,-10.103649139404297,-10.379630088806152,0.06857962906360626,0.07691746950149536,-0.8433912992477417,-0.134147047996521,0.4436022937297821,-2.949956178665161,0.0,0.0,0.5,0.0,0.0,0.32265859842300415,0.0,0.5877234935760498,0.701196014881134,0.0,0.0,0.0,0.0,2745.92822265625,0.0
0.07,0.6000000238418579,-0.5877853734854867,-0.8090169063230552,0.0,1.0,0.0,0.0,-0.010086385533213615,-0.01051478274166584,0.6518976092338562,0.033627137541770935,-0.02945566177368164,-0.013844013214111328,0.019284196197986603,-0.08261999487876892,-1.2057446241378784,-0.9966670274734497,1.1912835836410522,-0.5001052618026733,0.7205129265785217,0.059554435312747955,-0.6235182881355286,0.7901168465614319,-0.6386082172393799,-0.48360782861709595,-0.37031590938568115,-0.33410385251045227,1.0266646146774292,0.8345299959182739,-0.6381129026412964,-0.6121230721473694,0.25305360555648804,0.02061072364449501,-0.24534359574317932,0.2842750549316406,-0.11595430970191956,0.0,-0.4000000059604645,-0.05000000074505806,0.3100000023841858,0.49000000953674316,-0.20999999344348907,0.0,7.322983264923096,-0.3183528780937195,-5.0798726081848145,8.02029037475586,-9.845129013061523,-10.07020092010498,2.616826295852661,-4.313409805297852,17.27002716064453,8.038858413696289,-10.10911750793457,-10.281779289245605,0.06451476365327835,0.07695453613996506,-0.9172635674476624,0.15911106765270233,0.3848606050014496,-3.2161710262298584,0.0,0.0,0.5,0.0,0.0,0.21958249807357788,0.0,0.6213706731796265,0.6064029932022095,0.0,0.0,0.0,0.0,2225.23681640625,0.0
0.08,0.6111111044883728,-0.64278757780998,-0.7660444698665863,0.0,1.0,0.0,0.0,-0.01366526447236538,-0.014372281730175018,0.6392616033554077,0.04650139808654785,-0.0402069091796875,-0.018948078155517578,0.05232376605272293,-0.07053147256374359,-1.3664562702178955,-1.101021647453308,1.3770887851715088,-0.48886075615882874,0.7957929968833923,0.06074829027056694,-0.6871658563613892,0.8719061613082886,-0.705319881439209,-0.5921988487243652,-0.34024807810783386,-0.37256595492362976,1.1881568431854248,0.9172101616859436,-0.7472992539405823,-0.7417680025100708,0.2393031120300293,0.017860621213912964,-0.23929336667060852,0.2650243639945984,-0.107153981924057,0.0,-0.4000000059604645,-0.05000000074505806,0.3100000023841858,0.49000000953674316,-0.20999999344348907,0.0,7.542795658111572,0.19238096475601196,-6.5487542152404785,8.018269538879395,-4.826053142547607,-10.071429252624512,3.3973348140716553,-3.3352177143096924,15.516444206237793,8.058148384094238,-10.110856056213379,-10.312149047851562,0.060153424739837646,0.07822737097740173,-1.0349671840667725,0.2825624942779541,0.5295003056526184,-3.1861865520477295,0.0,0.0,0.5,0.0,0.0,0.15010136365890503,0.0,0.6631345152854919,0.6200410723686218,0.0,0.0,0.0,0.0,1835.505615234375,0.0
0.09,0.6222222447395325,-0.6946584722314966,-0.7193397020580772,0.0,1.0,0.0,0.0,-0.016552390530705452,-0.01835821568965912,0.6252911686897278,0.056919246912002563,-0.05129241943359375,-0.024928569793701172,0.08376887440681458,-0.05562898516654968,-1.4859801530838013,-1.0511226654052734,0.8637786507606506,-0.5875383019447327,0.8664414882659912,0.05493762344121933,-0.7369279861450195,0.9532502293586731,-0.805601179599762,-0.7015554308891296,-0.2914184629917145,-0.3965509533882141,1.3339141607284546,0.9980508685112,-0.8547469973564148,-0.853592038154602,0.22633536159992218,0.01526707038283348,-0.23358756303787231,0.2468695044517517,-0.09885462373495102,0.0,-0.4000000059604645,-0.05000000074505806,0.3100000023841858,0.49000000953674316,-0.20999999344348907,0.0,6.784493446350098,-1.0530564785003662,-4.235571384429932,8.022812843322754,-9.883054733276367,-10.089753150939941,5.959826946258545,-1.589181661605835,14.094675064086914,8.013565063476562,-10.072680473327637,-10.11654281616211,0.05544552952051163,0.08094779402017593,-1.2124100923538208,0.2761029899120331,0.3979267477989197,-3.230255365371704,0.0,0.0,0.5,0.0,0.0,0.1089128702878952,0.0,0.7027979493141174,0.5013742446899414,0.0,0.0,0.0,0.0,1140.96923828125,0.0
0.1,0.6333333253860474,-0.7431447920648445,-0.6691306434672524,0.0,1.0,0.0,0.0,-0.018269088119268417,-0.022003885358572006,0.6101529598236084,0.06297755241394043,-0.06116914749145508,-0.03153085708618164,0.1078253909945488,-0.027768148109316826,-1.5933672189712524,-0.8619922399520874,0.49122777581214905,-0.6566203236579895,0.9332709908485413,0.04004579409956932,-0.7701954245567322,1.033983588218689,-0.8777017593383789,-0.8023563623428345,-0.22076188027858734,-0.4000985324382782,1.468996286392212,1.0781598091125488,-0.9589064121246338,-0.9095849990844727,0.2142137736082077,0.012842752039432526,-0.2282540500164032,0.22989928722381592,-0.09109681099653244,0.0,-0.4000000059604645,-0.05000000074505806,0.3100000023841858,0.49000000953674316,-0.20999999344348907,0.0,6.60546875,-1.8151957988739014,-2.839325428009033,8.004141807556152,-5.128088474273682,-9.458271980285645,7.90520715713501,0.6542980074882507,13.024269104003906,7.990570068359375,-10.021212577819824,-4.285857677459717,0.05070500820875168,0.08585051447153091,-1.3504400253295898,0.3468371629714966,0.3151564598083496,-3.242255210876465,0.0,0.0,0.5,0.0,0.0,0.08671552687883377,0.0,0.7340750694274902,0.42218971252441406,0.0,0.0,0.0,0.0,752.9727172851562,0.0
0.11,0.644444465637207,-0.7880108355869995,-0.6156613703956738,0.0,1.0,0.0,0.0,-0.019348300993442535,-0.024933649227023125,0.5938365459442139,0.0666448324918747,-0.06871700286865234,-0.0389399528503418,0.12431158870458603,0.004266776144504547,-1.7068792581558228,-0.5822861194610596,0.3939838707447052,-0.7782970666885376,0.9978974461555481,0.02073713205754757,-0.7935506105422974,1.1143079996109009,-0.9428161382675171,-0.8967669606208801,-0.1406184434890747,-0.3811051547527313,1.586317539215088,1.1583991050720215,-1.0616029500961304,-0.9012114405632019,0.20299725234508514,0.010599449276924133,-0.22331878542900085,0.21419614553451538,-0.08391822874546051,0.0,-0.4000000059604645,-0.05000000074505806,0.3100000023841858,0.49000000953674316,-0.20999999344348907,0.0,6.395976543426514,-1.9739271402359009,-2.0271458625793457,8.001493453979492,-5.523378372192383,-7.811723709106445,8.001111030578613,2.8460614681243896,10.73579216003418,7.998983383178711,-10.010860443115234,0.7417254447937012,0.04603150486946106,0.09327039867639542,-1.3846393823623657,0.3407948911190033,0.18544304370880127,-3.1483609676361084,0.0,0.0,0.5,0.0,0.0,0.07398374378681183,0.0,0.7540323734283447,0.2977524995803833,0.0,0.0,0.0,0.0,495.91009521484375,0.0
0.12,0.6555556058883667,-0.829037749399968,-0.5591926412872722,0.0,1.0,1.0,0.0,-0.02025880105793476,-0.026968400925397873,0.5763504505157471,0.06963520497083664,-0.0732889175415039,-0.04686546325683594,0.12081599980592728,0.0002939214464277029,-1.7461963891983032,-0.1579524278640747,0.486711323261261,-0.6210488677024841,1.0572797060012817,0.008708826266229153,-0.8143667578697205,1.1972471475601196,-1.0283796787261963,-0.9397211074829102,-0.06567743420600891,-0.34538936614990234,1.675700068473816,1.2333025932312012,-1.1655349731445312,-0.8203893899917603,0.1927405446767807,0.008548106998205185,-0.21880584955215454,0.19983676075935364,-0.07735393941402435,0.0,-0.4000000059604645,-0.05000000074505806,0.3100000023841858,0.49000000953674316,-0.20999999344348907,0.0,7.4715471267700195,4.433497905731201,-5.72111701965332,12.24332046508789,-9.693851470947266,0.5806592702865601,2.770878553390503,1.9189555644989014,3.314303159713745,2.9838271141052246,-8.36422061920166,3.311664581298828,0.041597940027713776,0.10124043375253677,-0.2615663409233093,-0.21317552030086517,-0.1658381074666977,-1.248388648033142,6245.060546875,0.0,0.5,0.0,0.0,0.06648675352334976,0.0,0.7500906586647034,0.4623637795448303,0.0,0.0,0.0,0.0,625.8011474609375,0.0
0.13,0.6666666865348816,-0.8660254662022696,-0.49999989188912974,0.0,1.0,1.0,0.0,-0.020452581346035004,-0.028291873633861542,0.5609112977981567,0.07013595104217529,-0.06873893737792969,-0.05484151840209961,0.1404549926519394,-0.22756427526474,-1.5047738552093506,0.810731828212738,-0.2490309625864029,-1.0101816654205322,1.1095050573349,0.0507427342236042,-0.8525242805480957,1.2922152280807495,-1.039723515510559,-0.9324484467506409,-0.03420805186033249,-0.34350693225860596,1.7065253257751465,1.276503562927246,-1.271346092224121,-0.7218235731124878,0.18349364399909973,0.006698727607727051,-0.214737206697464,0.186891108751297,-0.07143592834472656,0.0,-0.4000000059604645,-0.05000000074505806,0.3100000023841858,0.49000000953674316,-0.20999999344348907,0.0,3.962850332260132,3.027374744415283,-2.394258737564087,8.194103240966797,-0.3159685730934143,-0.5703006386756897,5.035728931427002,-0.30589190125465393,4.27186918258667,6.296299457550049,-10.04388427734375,8.39372444152832,0.041275911033153534,0.09502776712179184,0.18673911690711975,0.19605588912963867,-0.01877371035516262,-0.2517096698284149,327.0197448730469,0.0,0.5,0.0,0.0,0.07041928172111511,0.0,0.6962014436721802,0.12990731000900269,0.0,0.0,0.0,0.0,717.7612915039062,0.0
0.14,0.6777777671813965,-0.8987940171128403,-0.4383712066299096,0.0,1.0,1.0,0.0,-0.018990397453308105,-0.029257923364639282,0.5453026294708252,0.06496453285217285,-0.059444427490234375,-0.06734132766723633,0.15464389324188232,-0.2692887783050537,-1.5746275186538696,1.1679017543792725,-0.5614264011383057,-1.492575764656067,1.1459105014801025,0.07488669455051422,-0.8709845542907715,1.3713902235031128,-1.04030179977417,-0.9592952132225037,0.02646850049495697,-0.3432933986186981,1.7565114498138428,1.3509323596954346,-1.3772332668304443,-0.6364035606384277,0.1753014773130417,0.0050602927803993225,-0.21113264560699463,0.1754220724105835,-0.06619293987751007,0.0,-0.4000000059604645,-0.05000000074505806,0.3100000023841858,0.49000000953674316,-0.20999999344348907,0.0,3.46645450592041,1.9598667621612549,-1.329216480255127,7.8202009201049805,-0.06169935315847397,-3.1182215213775635,6.826279640197754,0.49017369747161865,5.391035556793213,7.867851257324219,-10.036711692810059,6.159213066101074,0.0401633158326149,0.09414588660001755,0.20598311722278595,0.5987873077392578,0.07050771266222,-0.29999423027038574,162.1608123779297,0.0,0.5,0.0,0.0,0.08616866171360016,0.0,0.6814212203025818,0.01161375641822815,0.0,0.0,0.0,0.0,405.8689880371094,0.0
0.15,0.6888889074325562,-0.9271838982134304,-0.3746064853866613,0.0,1.0,1.0,0.0,-0.01705971546471119,-0.02970459684729576,0.5289613008499146,0.05848034843802452,-0.04741954803466797,-0.08410263061523438,0.16070781648159027,-0.29762616753578186,-1.6409887075424194,1.4131724834442139,-0.5484493970870972,-1.8836721181869507,1.1804678440093994,0.09117066860198975,-0.8816903829574585,1.446363091468811,-1.034277319908142,-1.0005323886871338,0.09265859425067902,-0.33312898874282837,1.80747652053833,1.4294956922531128,-1.4811488389968872,-0.6013295650482178,0.16820400953292847,0.003640800714492798,-0.2080097645521164,0.16548562049865723,-0.061650559306144714,0.0,-0.4000000059604645,-0.05000000074505806,0.3100000023841858,0.49000000953674316,-0.20999999344348907,0.0,3.50730562210083,1.3916444778442383,-0.7872651219367981,7.387942314147949,0.9241042733192444,-3.945584535598755,6.419920444488525,1.4757908582687378,4.9183197021484375,7.722180366516113,-10.022364616394043,2.4467368125915527,0.03877384960651398,0.09440428763628006,0.25431951880455017,0.7300101518630981,0.13089251518249512,-0.26031494140625,142.41616821289062,0.0,0.5,0.0,0.0,0.1111159473657608,0.0,0.6653773188591003,0.0008280465262942016,0.0,0.0,0.0,0.0,288.2305908203125,0.0
0.16,0.7000000476837158,-0.95105660887834,-0.3090167094330537,0.0,1.0,1.0,0.0,-0.015005727298557758,-0.02984609454870224,0.511942446231842,0.0521092414855957,-0.03377103805541992,-0.10349273681640625,0.16399507224559784,-0.3236154317855835,-1.7105677127838135,1.5152827501296997,-0.5622990727424622,-2.031832695007324,1.215704321861267,0.103392593562603,-0.885586678981781,1.5176900625228882,-1.0145716667175293,-1.0119504928588867,0.1536036729812622,-0.31603989005088806,1.849463939666748,1.5035159587860107,-1.5852737426757812,-0.5741349458694458,0.16223584115505219,0.002447165548801422,-0.2053837776184082,0.1571301817893982,-0.05783092975616455,0.0,-0.4000000059604645,-0.05000000074505806,0.3100000023841858,0.49000000953674316,-0.20999999344348907,0.0,3.509429454803467,1.1315428018569946,-0.3197242021560669,6.9904704093933105,2.7119810581207275,-0.6332880258560181,5.8481621742248535,1.87400484085083,3.6965489387512207,7.100958347320557,-10.024405479431152,2.080528497695923,0.03661954402923584,0.09375131875276566,0.34931680560112,0.600605845451355,0.10578879714012146,-0.12365906685590744,102.01455688476562,0.0,0.5,0.0,0.0,0.1445552557706833,0.0,0.6471012830734253,0.0002595170808490366,0.0,0.0,0.0,0.0,198.06478881835938,0.0
0.17,0.7111111283302307,-0.9702957524497433,-0.2419217906224798,0.0,1.0,1.0,0.0,-0.012654648162424564,-0.030012305825948715,0.4942890703678131,0.045203547924757004,-0.019667625427246094,-0.12368297576904297,0.16476866602897644,-0.35074901580810547,-1.771257758140564,1.5040072202682495,-0.6959292888641357,-2.0458154678344727,1.2498944997787476,0.11323241889476776,-0.8859450221061707,1.585572600364685,-0.9783552885055542,-1.0000929832458496,0.21038036048412323,-0.29799652099609375,1.8788889646530151,1.5678977966308594,-1.6900520324707031,-0.5186092257499695,0.15742604434490204,0.0014852061867713928,-0.20326745510101318,0.150396466255188,-0.054752662777900696,0.0,-0.4000000059604645,-0.05000000074505806,0.3100000023841858,0.49000000953674316,-0.20999999344348907,0.0,3.3110408782958984,0.9458469748497009,-0.032844893634319305,6.773468971252441,4.046820163726807,1.4261833429336548,5.583044052124023,1.6807503700256348,2.313976287841797,5.947182655334473,-10.029723167419434,4.431921005249023,0.03350438177585602,0.09016237407922745,0.40815189480781555,0.3283076286315918,0.0062050349079072475,0.08140331506729126,109.7315444946289,0.0,0.5,0.0,0.0,0.1866290122270584,0.0,0.6244962811470032,0.0002315483579877764,0.0,0.0,0.0,0.0,260.5374755859375,0.0
0.18,0.7222222685813904,-0.9848078035929707,-0.17364789080892623,0.0,1.0,1.0,0.0,-0.01078435592353344,-0.030682804062962532,0.47578343749046326,0.04049817472696304,-0.007251739501953125,-0.14361000061035156,0.16735166311264038,-0.3764794170856476,-1.8808666467666626,1.2228862047195435,-0.2765386998653412,-1.9739153385162354,1.295255184173584,0.1257687509059906,-0.8939197063446045,1.6574541330337524,-0.9447522759437561,-0.9981021285057068,0.24740414321422577,-0.28970983624458313,1.8917996883392334,1.6230547428131104,-1.7367713451385498,-0.5652864575386047,0.15379804372787476,0.000759609043598175,-0.20167113840579987,0.14531725645065308,-0.052430734038352966,0.0,-0.4000000059604645,-0.05000000074505806,0.3100000023841858,0.49000000953674316,-0.20999999344348907,0.0,5.191850662231445,1.4232430458068848,-1.2035515308380127,7.310521125793457,4.054876327514648,0.6709612607955933,2.4075467586517334,0.298365980386734,0.9181445837020874,5.307113170623779,-2.665256977081299,-3.5856854915618896,0.03041941672563553,0.08296114951372147,0.46021464467048645,0.14163431525230408,-0.06801564991474152,0.027377547696232796,62.312747955322266,0.0,0.5,0.0,0.0,0.21964241564273834,0.0,0.6036363244056702,0.00041274374234490097,0.0,0.0,0.0,0.0,197.56893920898438,0.0
0.19,0.7333333492279053,-0.9945219058073734,-0.10452836394620216,0.0,1.0,0.0,0.0,-0.010061781853437424,-0.03179847449064255,0.4563717842102051,0.0403953455388546,0.0029324758797883987,-0.16211271286010742,0.17704656720161438,-0.3892783522605896,-1.9714525938034058,1.0233705043792725,0.16731150448322296,-1.752768635749817,1.3537839651107788,0.14709828794002533,-0.9114932417869568,1.7339612245559692,-0.9183221459388733,-0.981147289276123,0.2514159679412842,-0.29316648840904236,1.8951733112335205,1.6675397157669067,-1.7194606065750122,-0.6132591366767883,0.15136952698230743,0.0002739056944847107,-0.20060259103775024,0.14191734790802002,-0.05087648332118988,0.0,-0.4000000059604645,-0.05000000074505806,0.3100000023841858,0.49000000953674316,-0.20999999344348907,0.0,6.079320430755615,2.5472218990325928,-1.9767028093338013,7.482270240783691,0.5079355239868164,0.39005592465400696,-0.9028259515762329,-0.7782454490661621,0.011866787448525429,3.9848971366882324,1.9787572622299194,-3.4598238468170166,0.02725626528263092,0.07199199497699738,0.5663737058639526,-0.20270387828350067,-0.1522454172372818,-0.01653732731938362,0.0,0.0,0.5,0.0,0.0,0.2224712371826172,0.0,0.5994917154312134,0.0021454717498272657,0.0,0.0,0.0,0.0,253.1317596435547,0.0
0.2,0.7444444894790649,-0.9993908368942477,-0.03489921391400607,0.0,1.0,1.0,0.0,-0.009686730802059174,-0.03327546268701553,0.4366892874240875,0.042290542274713516,0.012123903259634972,-0.1796731948852539,0.21279320120811462,-0.4470292329788208,-1.949906587600708,0.9411149621009827,0.18704529106616974,-1.767748236656189,1.4019756317138672,0.17080157995224,-0.9230274558067322,1.8184375762939453,-0.9454728960990906,-0.9147089719772339,0.2386849820613861,-0.3028782606124878,1.890066385269165,1.689311146736145,-1.7155364751815796,-0.6623233556747437,0.1501522958278656,3.045797348022461e-05,-0.20006701350212097,0.1402132213115692,-0.05009746551513672,0.0,-0.4000000059604645,-0.05000000074505806,0.3100000023841858,0.49000000953674316,-0.20999999344348907,0.0,4.308196067810059,2.214254140853882,-1.059949278831482,8.424359321594238,-4.306252479553223,7.31329870223999,-1.4186326265335083,-1.323842167854309,-0.7521281838417053,1.427692174911499,0.051923684775829315,-3.500638484954834,0.025624088943004608,0.054331131279468536,0.020358772948384285,-0.5854429006576538,-0.34403470158576965,0.17289379239082336,518.9249267578125,0.0,0.5,0.0,0.0,0.20747902989387512,0.0,0.5685614943504333,0.0019307100446894765,0.0,0.0,0.0,0.0,388.40594482421875,0.0
0.21,0.7555556297302246,-0.9993908107539656,0.03489996247178119,0.0,1.0,1.0,1.0,-0.009298944845795631,-0.03539891541004181,0.41685593128204346,0.04482555016875267,0.02011464722454548,-0.1974639892578125,0.24238675832748413,-0.42839956283569336,-1.9771817922592163,0.9692301750183105,0.2668593227863312,-2.0807042121887207,1.439044713973999,0.19288325309753418,-0.9302101135253906,1.898636817932129,-0.9928175210952759,-0.8175868988037109,0.22850318253040314,-0.3210434019565582,1.8890873193740845,1.7230442762374878,-1.7130744457244873,-0.6541968584060669,0.15030452609062195,6.090477108955383e-05,-0.20013399422168732,0.14042633771896362,-0.050194889307022095,0.0,-0.4000000059604645,-0.05000000074505806,0.3100000023841858,0.49000000953674316,-0.20999999344348907,0.0,2.3013200759887695,2.0378406047821045,0.15584491193294525,8.311570167541504,-9.902934074401855,13.376233100891113,0.6188827157020569,-2.0984556674957275,2.019788980484009,9.677668571472168,-3.5431559085845947,8.584315299987793,0.023349560797214508,0.03847721964120865,-0.1848023384809494,0.07371548563241959,-0.3798828721046448,0.2564447820186615,1210.85498046875,1959.5919189453125,0.5,0.0,0.0,0.18724603950977325,0.0,0.606663167476654,0.00017361680511385202,0.0,0.0,0.0,0.0,1706.764404296875,0.0
0.22,0.7666666507720947,-0.9945219058073733,0.1045283639462018,0.0,1.0,1.0,1.0,-0.009457644075155258,-0.036061763763427734,0.39736461639404297,0.051199961453676224,0.028284762054681778,-0.22074460983276367,0.25533586740493774,-0.32168060541152954,-1.918310284614563,0.8704151511192322,0.8224480748176575,-2.4722437858581543,1.4637198448181152,0.2176058292388916,-0.9329015612602234,1.9719291925430298,-1.0412545204162598,-0.7228574156761169,0.22114767134189606,-0.3415853679180145,1.903838872909546,1.8039056062698364,-1.702414631843567,-0.657958447933197,0.15273155272006989,0.0005463100969791412,-0.2012018859386444,0.14382418990135193,-0.051748186349868774,0.0,-0.4000000059604645,-0.05000000074505806,0.3100000023841858,0.49000000953674316,-0.20999999344348907,0.0,3.0715579986572266,3.1890523433685303,-0.7424991726875305,7.468631744384766,-2.100609302520752,7.806576251983643,-1.9371802806854248,-2.2261970043182373,1.4227937459945679,7.777964115142822,3.346043348312378,-1.885338306427002,0.020612910389900208,0.03580845892429352,0.022772274911403656,-0.2943965196609497,-0.15932513773441315,0.2151801735162735,270.7508239746094,347.2371520996094,0.5,0.0,0.0,0.15532641112804413,0.0,0.7213160991668701,4.9112650231109e-06,0.0,0.0,0.0,0.0,1310.7728271484375,0.0
0.23,0.7777777910232544,-0.9848077385605463,0.1736482596263574,0.0,1.0,1.0,1.0,-0.010073307901620865,-0.035850364714860916,0.37824541330337524,0.06058424711227417,0.03539435938000679,-0.24713563919067383,0.2972361445426941,-0.2508738338947296,-1.949379563331604,0.8702211976051331,0.7804592251777649,-3.0019426345825195,1.4907304048538208,0.2469700574874878,-0.9333348870277405,2.0368261337280273,-1.0030957460403442,-0.6088054776191711,0.2095019668340683,-0.36190101504325867,1.9214242696762085,1.8740988969802856,-1.6526135206222534,-0.7006091475486755,0.15753847360610962,0.001507692039012909,-0.20331692695617676,0.1505538821220398,-0.054824620485305786,0.0,-0.4000000059604645,-0.05000000074505806,0.3100000023841858,0.49000000953674316,-0.20999999344348907,0.0,2.458660364151001,1.8306573629379272,1.8973175287246704,7.345438480377197,-7.2545952796936035,21.815587997436523,0.5399502515792847,-2.19101619720459,1.930750846862793,8.528627395629883,4.6832098960876465,-4.638159275054932,0.016157690435647964,0.03114812821149826,-0.09014058113098145,-0.3206569254398346,-0.35991257429122925,0.4904165267944336,1544.06640625,1721.3720703125,0.5,0.0,0.0,0.12305916845798492,0.0,0.8121244311332703,1.487893808160834e-08,0.0,0.0,0.0,0.0,1856.6488037109375,0.0
0.24,0.7888889312744141,-0.9702956618482644,0.24192215400504102,0.0,1.0,1.0,1.0,-0.00932721234858036,-0.034592628479003906,0.35797280073165894,0.06776780635118484,0.04261177033185959,-0.28289794921875,0.3581728935241699,-0.13600528240203857,-2.0687339305877686,1.0011940002441406,0.4104340076446533,-3.997422218322754,1.5053668022155762,0.25631994009017944,-0.911511242389679,2.0917186737060547,-1.0031793117523193,-0.423452228307724,0.21557942032814026,-0.36736050248146057,1.954057216644287,1.9462034702301025,-1.6232184171676636,-0.692352831363678,0.16463162004947662,0.002926323562860489,-0.20643791556358337,0.16048428416252136,-0.05936422944068909,0.0,-0.4000000059604645,-0.05000000074505806,0.3100000023841858,0.49000000953674316,-0.20999999344348907,0.0,1.187801718711853,0.6141797304153442,2.3844897747039795,5.648473262786865,2.723776340484619,17.61910629272461,0.567741870880127,0.27432286739349365,4.557876110076904,8.381569862365723,-1.6890391111373901,7.908430576324463,0.008407074958086014,0.027879446744918823,0.02300412580370903,0.08407337963581085,-0.14853915572166443,0.41084036231040955,964.6534423828125,1784.180419921875,0.5,0.0,0.0,0.10105189681053162,0.0,0.9256817698478699,1.3197238339310042e-14,0.0,0.0,0.0,0.0,1843.4271240234375,0.0
0.25,0.800000011920929,-0.9510564931493437,0.30901706561041664,0.0,1.0,1.0,1.0,-0.007401676848530769,-0.0325390063226223,0.33699876070022583,0.07312780618667603,0.048984915018081665,-0.32380199432373047,0.3878723978996277,-0.06104746088385582,-2.1036694049835205,0.8408520817756653,0.28898724913597107,-4.126697540283203,1.5145585536956787,0.25914618372917175,-0.895165741443634,2.145744800567627,-1.0368587970733643,-0.26914700865745544,0.21778512001037598,-0.3643568456172943,1.9989227056503296,2.0152618885040283,-1.605414628982544,-0.6254028081893921,0.1738729029893875,0.0047745779156684875,-0.21050408482551575,0.17342206835746765,-0.06527864933013916,0.0,-0.4000000059604645,-0.05000000074505806,0.3100000023841858,0.49000000953674316,-0.20999999344348907,0.0,1.3452645540237427,0.3129110336303711,2.089226484298706,6.649576187133789,-4.506330966949463,16.322940826416016,0.23960037529468536,0.35278356075286865,5.104745864868164,7.459153652191162,0.8886892795562744,10.731026649475098,0.0008796006441116333,0.025374792516231537,0.10815241187810898,0.13510426878929138,-0.16832321882247925,0.44541001319885254,1060.63671875,1296.2808837890625,0.5,0.0,0.0,0.08622854202985764,0.0,0.9679268598556519,1.6152848423921359e-15,0.0,0.0,0.0,0.0,1889.115478515625,0.0
0.26,0.8111111521720886,-0.927183757920604,0.3746068326235209,0.0,1.0,1.0,1.0,-0.00495999027043581,-0.030506903305649757,0.316313236951828,0.07764600962400436,0.05354396998882294,-0.36301660537719727,0.40080395340919495,-0.013780403882265091,-2.0133609771728516,0.7235921621322632,0.20652130246162415,-3.6975159645080566,1.5308144092559814,0.2588753402233124,-0.9078090786933899,2.21730637550354,-1.1051313877105713,-0.26343709230422974,0.2140941321849823,-0.35934242606163025,2.0473532676696777,2.074205160140991,-1.583357572555542,-0.5368285179138184,0.1850825548171997,0.007016509771347046,-0.21543632447719574,0.18911558389663696,-0.07245282828807831,0.0,-0.4000000059604645,-0.05000000074505806,0.3100000023841858,0.49000000953674316,-0.20999999344348907,0.0,2.0190298557281494,0.04273541644215584,-1.604224443435669,7.452761650085449,-6.258576393127441,-1.41904616355896,-0.7801550626754761,0.7132088541984558,4.996946811676025,5.629571437835693,1.6001136302947998,10.460158348083496,-0.00019402801990509033,0.021788932383060455,0.15213672816753387,0.19287365674972534,0.1839619129896164,0.32275861501693726,457.9143371582031,465.0720520019531,0.5,0.0,0.0,0.07607009261846542,0.0,0.9801402688026428,1.3334542888279732e-12,0.0,0.0,0.0,0.0,1617.3240966796875,0.0
0.27,0.8222222328186035,-0.8987940171128406,0.4383712066299093,0.0,1.0,1.0,1.0,-0.001187116838991642,-0.028574328869581223,0.29637250304222107,0.07822582870721817,0.05820488557219505,-0.397550106048584,0.4244588613510132,0.031146759167313576,-1.9674181938171387,0.7632415890693665,-0.44113683700561523,-3.2792062759399414,1.5391414165496826,0.25174784660339355,-0.9223671555519104,2.285670518875122,-1.1731024980545044,-0.2818944454193115,0.2194979190826416,-0.3530406057834625,2.091763734817505,2.1210014820098877,-1.536266565322876,-0.4001188278198242,0.1980423778295517,0.009608473628759384,-0.22113865613937378,0.20725932717323303,-0.08074711263179779,0.0,-0.4000000059604645,-0.05000000074505806,0.3100000023841858,0.49000000953674316,-0.20999999344348907,0.0,0.3484274446964264,-1.2849647998809814,-0.33785945177078247,7.233206272125244,-10.768684387207031,3.08064603805542,1.1240335702896118,0.4939717650413513,4.223564624786377,5.139195442199707,4.739186763763428,16.881256103515625,-0.000195968896150589,0.015326231718063354,0.24257609248161316,0.32975175976753235,0.03650845214724541,0.37031444907188416,1255.6632080078125,1003.5076904296875,0.5,0.0,0.0,0.07140134274959564,0.0,0.9867355823516846,4.569771505646969e-10,0.0,0.0,0.0,0.0,1770.9266357421875,0.0
0.28,0.8333333730697632,-0.8660252789487355,0.5000002162217179,0.0,1.0,1.0,1.0,0.00441244151443243,-0.027270713821053505,0.2772567570209503,0.07294269651174545,0.06244143843650818,-0.42511749267578125,0.44649726152420044,0.08082088828086853,-1.8029205799102783,0.4606272876262665,-0.9316841959953308,-2.1318466663360596,1.532867193222046,0.2397916167974472,-0.9344251751899719,2.347519636154175,-1.2421377897262573,-0.2994018793106079,0.21611742675304413,-0.3358081579208374,2.1218528747558594,2.154855966567993,-1.6468843221664429,-0.18997740745544434,0.21250009536743164,0.012500017881393433,-0.2275000512599945,0.22750014066696167,-0.09000005573034286,0.0,-0.4000000059604645,-0.05000000074505806,0.3100000023841858,0.49000000953674316,-0.20999999344348907,0.0,-0.8923505544662476,-1.432334065437317,-0.9410010576248169,6.3607072830200195,-9.622716903686523,2.851950168609619,-0.6993700861930847,2.0605626106262207,1.8498893976211548,2.7787907123565674,-18.17932891845703,19.196327209472656,-0.00020182877779006958,0.009315349161624908,0.3592548966407776,0.0038698839489370584,0.055883582681417465,0.10077577829360962,1227.350341796875,1073.6788330078125,0.5,0.0,0.0,0.073545441031456,0.0,0.9813863039016724,0.00011283990897936746,0.0,0.0,0.0,0.0,1571.7735595703125,0.0
0.29,0.8444445133209229,-0.8290373305565872,0.5591932622480423,0.0,1.0,1.0,1.0,0.01048149075359106,-0.02674233540892601,0.25960275530815125,0.06577973067760468,0.06472252309322357,-0.4394245147705078,0.44242042303085327,0.11991811543703079,-1.7125272750854492,0.29799216985702515,-0.6305391788482666,-0.8440174460411072,1.5207785367965698,0.2327524721622467,-0.9536201357841492,2.402869701385498,-1.3064621686935425,-0.3204592168331146,0.20871256291866302,-0.32619231939315796,2.134307384490967,2.1802287101745605,-1.72645103931427,-0.015017124824225903,0.22817428410053253,0.01563485711812973,-0.23439669609069824,0.24944400787353516,-0.1000315323472023,0.0,-0.4000000059604645,-0.05000000074505806,0.3100000023841858,0.49000000953674316,-0.20999999344348907,0.0,-1.0089712142944336,-0.6868306994438171,-1.422959327697754,5.648781776428223,-8.608087539672852,0.513489305973053,-0.3136744201183319,-0.02340366318821907,0.40195515751838684,3.1633260250091553,0.8411837816238403,13.406808853149414,-0.00019494444131851196,0.0020102784037590027,0.2847636342048645,0.16571810841560364,0.07734325528144836,0.03318989649415016,646.6541748046875,467.8776550292969,0.5,0.0,0.0,0.0792207345366478,0.0,0.9652274250984192,0.2405731976032257,0.0,0.0,0.0,0.0,1306.5491943359375,0.0
0.3,0.8555555939674377,-0.7880106050174337,0.6156616655112271,0.0,1.0,1.0,1.0,0.015536538325250149,-0.026040855795145035,0.2428463101387024,0.06206461042165756,0.06596262753009796,-0.44413232803344727,0.41696175932884216,0.13925054669380188,-1.6097441911697388,0.017931856215000153,-0.16311679780483246,-0.2138088494539261,1.514470100402832,0.22423580288887024,-0.974327564239502,2.454953670501709,-1.3669452667236328,-0.34485629200935364,0.19632162153720856,-0.3179095983505249,2.1318726539611816,2.2199363708496094,-1.7862026691436768,0.03283665329217911,0.24475990235805511,0.018951980397105217,-0.2416943609714508,0.2726638615131378,-0.1106463298201561,0.0,-0.4000000059604645,-0.05000000074505806,0.3100000023841858,0.49000000953674316,-0.20999999344348907,0.0,-0.21177466213703156,-0.910038411617279,-2.976771593093872,5.052433490753174,-7.300262928009033,-5.921392440795898,-2.1876273155212402,1.1959092617034912,-0.606287956237793,4.105935573577881,-5.610755920410156,-1.1924195289611816,-6.692111492156982e-05,-0.00019073486328125,0.07592818140983582,0.037520963698625565,0.09773389250040054,-0.05093581601977348,330.9308776855469,424.033203125,0.5,0.0,0.0,0.08196406811475754,0.0,0.9487858414649963,0.9126266241073608,0.0,0.0,0.0,0.0,1297.8544921875,0.0
0.31,0.8666666746139526,-0.7431447920648447,0.669130643467252,0.0,1.0,1.0,1.0,0.019540466368198395,-0.025402924045920372,0.2272612452507019,0.06133679300546646,0.06520682573318481,-0.4433279037475586,0.4097478985786438,0.1556125432252884,-1.5004719495773315,-0.1833128035068512,-0.021333348006010056,0.3135813772678375,1.5127216577529907,0.21765096485614777,-1.000962495803833,2.5021157264709473,-1.4251261949539185,-0.3668973445892334,0.17084969580173492,-0.3056308627128601,2.1298699378967285,2.256685733795166,-1.8456599712371826,0.03857731819152832,0.26193398237228394,0.022386794909834862,-0.24925094842910767,0.2967075705528259,-0.1216377392411232,0.0,-0.4000000059604645,-0.05000000074505806,0.3100000023841858,0.49000000953674316,-0.20999999344348907,0.0,0.12611016631126404,-0.5111217498779297,-3.3400211334228516,4.748018264770508,-5.81995964050293,-3.7989020347595215,-2.741621255874634,1.0910544395446777,-0.4149514138698578,3.5235328674316406,-5.042162895202637,-0.534423828125,-0.00020057708024978638,-0.00019200146198272705,0.05499142408370972,0.09959762543439865,0.058177679777145386,-0.06842371821403503,509.7375183105469,348.0387268066406,0.5,0.0,0.0,0.08369329571723938,0.0,0.937328577041626,0.821464478969574,0.0,0.0,0.0,0.0,1115.0472412109375,0.0
0.32,0.8777778148651123,-0.6946582028336742,0.7193399622125064,0.0,1.0,1.0,1.0,0.022842759266495705,-0.025050513446331024,0.2127663791179657,0.06259409338235855,0.06252054125070572,-0.43755102157592773,0.41532668471336365,0.16586340963840485,-1.3866006135940552,-0.3779391050338745,0.2849039137363434,0.8010172843933105,1.5206282138824463,0.215762659907341,-1.0386284589767456,2.5478785037994385,-1.4745172262191772,-0.39703941345214844,0.1355745941400528,-0.29739829897880554,2.1303770542144775,2.2885804176330566,-1.9012514352798462,0.04985087364912033,0.2793624997138977,0.025872496888041496,-0.2569195032119751,0.32110750675201416,-0.13279199600219727,0.0,-0.4000000059604645,-0.05000000074505806,0.3100000023841858,0.49000000953674316,-0.20999999344348907,0.0,1.1972849369049072,-0.011920212768018246,-4.029749393463135,4.483192443847656,-4.897610664367676,-2.215419292449951,-3.99039888381958,0.6227278709411621,0.012873843312263489,2.9838318824768066,-4.837831497192383,0.9002006649971008,-0.00018936023116111755,-0.0001961737871170044,0.022539107128977776,0.08165192604064941,0.006438788492232561,-0.07649525254964828,432.1001892089844,335.92523193359375,0.5,0.0,0.0,0.08546459674835205,0.0,0.932990312576294,0.27713310718536377,0.0,0.0,0.0,0.0,1021.6751708984375,0.0
0.33,0.888888955116272,-0.642787290920897,0.7660447105949979,0.0,1.0,1.0,1.0,0.025448372587561607,-0.024729909375309944,0.19950518012046814,0.06662090122699738,0.05888400599360466,-0.4275088310241699,0.43270742893218994,0.17811496555805206,-1.2607548236846924,-0.4473268389701843,0.5694894194602966,1.122395396232605,1.5376167297363281,0.21830563247203827,-1.0846549272537231,2.590900421142578,-1.5169888734817505,-0.43219828605651855,0.08882950991392136,-0.2925868034362793,2.1357638835906982,2.3153445720672607,-1.952933430671692,0.0681273490190506,0.2967061996459961,0.029341241344809532,-0.26455074548721313,0.3453887104988098,-0.14389196038246155,0.0,-0.4000000059604645,-0.05000000074505806,0.3100000023841858,0.49000000953674316,-0.20999999344348907,0.0,1.7894041538238525,0.5757687091827393,-4.5676493644714355,4.193177223205566,-4.074723243713379,-2.565217971801758,-5.04424524307251,0.37779971957206726,0.4571616053581238,2.4539713859558105,-5.5157084465026855,2.090190887451172,-0.0001919269561767578,-0.00019754469394683838,0.002111291978508234,0.05884408950805664,-0.014762768521904945,-0.04909367114305496,453.8493347167969,319.3393859863281,0.5,0.0,0.0,0.08471126109361649,0.0,0.9300597310066223,0.0804963931441307,0.0,0.0,0.0,0.0,1078.7242431640625,0.0
0.34,0.9000000357627869,-0.587785070502928,0.8090171264527518,0.0,1.0,1.0,1.0,0.027772869914770126,-0.02438546158373356,0.18755090236663818,0.07223229855298996,0.05496584624052048,-0.4172086715698242,0.4394965171813965,0.18492771685123444,-1.1261374950408936,-0.47297343611717224,0.6533907055854797,0.9033531546592712,1.557104468345642,0.22064976394176483,-1.1344355344772339,2.6289117336273193,-1.5559369325637817,-0.47052714228630066,0.037085432559251785,-0.2893393933773041,2.1432511806488037,2.3377268314361572,-2.0001299381256104,0.08930708467960358,0.3136272132396698,0.03272544592618942,-0.2719959616661072,0.3690780997276306,-0.15472140908241272,0.0,-0.4000000059604645,-0.05000000074505806,0.3100000023841858,0.49000000953674316,-0.20999999344348907,0.0,2.0571377277374268,-0.03325856477022171,-4.983269214630127,3.5165674686431885,-4.137032508850098,-3.2048776149749756,-5.225829601287842,0.3687859773635864,1.1073566675186157,1.948287010192871,-4.167268753051758,1.321751594543457,-0.00019361823797225952,-0.0001950003206729889,0.005192636977881193,0.09575372189283371,-0.01113935373723507,-0.05417235940694809,434.46026611328125,401.38336181640625,0.5,0.0,0.0,0.08164050430059433,0.0,0.9270777702331543,0.19551976025104523,0.0,0.0,0.0,0.0,869.6984252929688,0.0
0.35000000000000003,0.9111111760139465,-0.5299189184020804,0.8480483122555985,0.0,1.0,1.0,1.0,0.030110731720924377,-0.023969750851392746,0.17693933844566345,0.07821482419967651,0.051084861159324646,-0.41036176681518555,0.4364728331565857,0.19734379649162292,-0.994199275970459,-0.4085635244846344,0.6109615564346313,0.47885599732398987,1.5761711597442627,0.21464820206165314,-1.1846606731414795,2.6600852012634277,-1.5940098762512207,-0.5113608837127686,-0.01640428602695465,-0.28477269411087036,2.16018009185791,2.353685140609741,-2.043605089187622,0.1138305589556694,0.3297964930534363,0.03595929965376854,-0.27911046147346497,0.3917151093482971,-0.16506975889205933,0.0,-0.4000000059604645,-0.05000000074505806,0.3100000023841858,0.49000000953674316,-0.20999999344348907,0.0,1.7547606229782104,-1.0226117372512817,-4.782177925109863,2.8848469257354736,-3.87616229057312,-3.296339988708496,-5.361861705780029,0.42271679639816284,1.7366348505020142,1.3760881423950195,-4.2351460456848145,1.3887425661087036,-5.8963894844055176e-05,-0.00019565224647521973,0.01315158698707819,0.09319119900465012,-0.011057225055992603,-0.03938400745391846,386.78851318359375,335.38031005859375,0.5,0.0,0.0,0.07743974775075912,0.0,0.9176304936408997,0.6321641802787781,0.0,0.0,0.0,0.0,782.6221313476562,0.0
0.36,0.9222222566604614,-0.46947137173205616,0.882947694444026,0.0,1.0,1.0,1.0,0.032358765602111816,-0.023121623322367668,0.16760078072547913,0.08529689162969589,0.04799262434244156,-0.4085879325866699,0.43084126710891724,0.21063366532325745,-0.8766226768493652,-0.26399046182632446,0.7595078349113464,-0.07679930329322815,1.5912785530090332,0.20282311737537384,-1.228377342224121,2.6864988803863525,-1.627478003501892,-0.5489129424095154,-0.07716008275747299,-0.2790905833244324,2.1886444091796875,2.361889123916626,-2.083421468734741,0.14468979835510254,0.3448992371559143,0.038979846984148026,-0.2857556641101837,0.4128589332103729,-0.17473550140857697,0.0,-0.4000000059604645,-0.05000000074505806,0.3100000023841858,0.49000000953674316,-0.20999999344348907,0.0,1.307369351387024,-1.3563791513442993,-3.8609306812286377,2.5663273334503174,-2.7105939388275146,-2.8978543281555176,-6.347136497497559,0.49621206521987915,3.199230909347534,0.5011389851570129,-2.0836732387542725,3.0292229652404785,0.0005647428333759308,-0.00019071996212005615,0.022048864513635635,0.07058391720056534,-0.015926280990242958,-0.10641875863075256,387.9639892578125,293.9091491699219,0.5,0.0,0.0,0.07087147235870361,0.0,0.906377911567688,0.988273024559021,0.0,0.0,0.0,0.0,632.2921752929688,0.0
0.37,0.9333333969116211,-0.40673627813796054,0.913545620123308,0.0,1.0,1.0,1.0,0.03426734730601311,-0.021785061806440353,0.15946170687675476,0.09405529499053955,0.04574872925877571,-0.4123420715332031,0.40402549505233765,0.20993909239768982,-0.7519667148590088,-0.14849215745925903,0.937866747379303,-0.6246782541275024,1.597005009651184,0.18597401678562164,-1.2767409086227417,2.704511880874634,-1.6681619882583618,-0.6026989817619324,-0.14431537687778473,-0.27073565125465393,2.232902765274048,2.3656578063964844,-2.1138525009155273,0.18640625476837158,0.35864144563674927,0.04172828793525696,-0.29180222749710083,0.43209803104400635,-0.1835305243730545,0.0,-0.4000000059604645,-0.05000000074505806,0.3100000023841858,0.49000000953674316,-0.20999999344348907,0.0,-0.18225502967834473,-1.9272788763046265,-4.552377223968506,1.3254271745681763,-3.871985673904419,-3.810917377471924,-7.1052727699279785,1.2020949125289917,5.14964485168457,-0.3357533812522888,-3.630626678466797,5.3963446617126465,0.0019843727350234985,0.0011955276131629944,0.05871967598795891,0.0682150349020958,0.3844399154186249,-0.13632166385650635,318.8746643066406,181.10157775878906,0.5,0.0,0.0,0.06200288608670235,0.0,0.89891117811203,0.45820167660713196,0.0,0.0,0.0,0.0,908.3086547851562,0.0
0.38,0.9444445371627808,-0.3420195958921803,0.9396928200352228,0.0,1.0,1.0,1.0,0.03555869311094284,-0.0203119944781065,0.1524224877357483,0.10445275902748108,0.043144356459379196,-0.42119407653808594,0.3765416741371155,0.19108611345291138,-0.6717761158943176,-0.18057206273078918,1.0520697832107544,-1.1405457258224487,1.5844913721084595,0.1665889173746109,-1.337795615196228,2.7056915760040283,-1.718477725982666,-0.6638321876525879,-0.21127335727214813,-0.2602233290672302,2.300034284591675,2.3569531440734863,-2.149887800216675,0.2435348629951477,0.370755672454834,0.04415113478899002,-0.2971324920654297,0.449057936668396,-0.19128362834453583,0.0,-0.4000000059604645,-0.05000000074505806,0.3100000023841858,0.49000000953674316,-0.20999999344348907,0.0,-2.112067461013794,-1.9224228858947754,-6.405650615692139,-0.33725398778915405,-4.950118064880371,-4.940855026245117,-6.5145745277404785,0.9957500100135803,7.141470909118652,-0.9534412026405334,-2.107938766479492,4.269419193267822,0.003276083618402481,0.0022755376994609833,0.20322442054748535,0.3429986834526062,1.005078911781311,-0.15621738135814667,282.3397216796875,275.47454833984375,0.5,0.0,0.0,0.05244489386677742,0.0,0.901665449142456,0.07414823025465012,0.0,0.0,0.0,0.0,1001.994140625,0.0
0.39,0.9555556178092957,-0.2756369798177499,0.9612618037542892,0.0,1.0,1.0,1.0,0.03612981736660004,-0.01874208264052868,0.14613395929336548,0.11661599576473236,0.03986842930316925,-0.4349956512451172,0.3483169972896576,0.17568370699882507,-0.6100634932518005,-0.1806626319885254,1.2178112268447876,-1.5953339338302612,1.5527077913284302,0.14979863166809082,-1.4062944650650024,2.694366216659546,-1.777985692024231,-0.7270116806030273,-0.2755439579486847,-0.24941980838775635,2.3835995197296143,2.346020221710205,-2.1713998317718506,0.3015509247779846,0.38100606203079224,0.04620121046900749,-0.30164265632629395,0.463408499956131,-0.19784386456012726,0.0,-0.4000000059604645,-0.05000000074505806,0.3100000023841858,0.49000000953674316,-0.20999999344348907,0.0,-3.962088108062744,-1.5392205715179443,-6.787955284118652,-1.3161085844039917,-5.748696804046631,-5.098397254943848,-6.095293998718262,1.103576898574829,9.215272903442383,-1.3696519136428833,-2.938913345336914,7.937590599060059,0.005065474659204483,0.004996977746486664,0.40444788336753845,0.4863685965538025,1.3948320150375366,-0.09597565233707428,282.0370178222656,232.42213439941406,0.5,0.0,0.0,0.04280129447579384,0.0,0.8978565335273743,0.006156906485557556,0.0,0.0,0.0,0.0,1208.1368408203125,0.0
0.4,0.9666666984558105,-0.2079114954454082,0.9781476422614606,0.0,1.0,1.0,1.0,0.03602007031440735,-0.017300806939601898,0.14044544100761414,0.13014642894268036,0.03522227331995964,-0.4512162208557129,0.3306715488433838,0.16205883026123047,-0.5595994591712952,-0.32292237877845764,1.3452048301696777,-1.7210372686386108,1.5100029706954956,0.13804687559604645,-1.4759759902954102,2.6807522773742676,-1.8316614627838135,-0.7866596579551697,-0.33314427733421326,-0.2419888973236084,2.469141721725464,2.3320577144622803,-2.190343141555786,0.35351452231407166,0.38919323682785034,0.04783864691853523,-0.3052450120449066,0.4748705327510834,-0.20308366417884827,0.0,-0.4000000059604645,-0.05000000074505806,0.3100000023841858,0.49000000953674316,-0.20999999344348907,0.0,-4.482062339782715,-0.8816573619842529,-7.072110652923584,-1.4383776187896729,-4.48529052734375,-9.473942756652832,-5.337469577789307,0.4517659544944763,8.566261291503906,-1.5718690156936646,-2.4973719120025635,5.404759407043457,0.008242569863796234,0.0076441168785095215,0.5345314145088196,0.4127543568611145,1.3385206460952759,-0.07649045437574387,223.96102905273438,223.73223876953125,0.5,0.0,0.0,0.03401215001940727,0.0,0.8959502577781677,0.0026746445801109076,0.0,0.0,0.0,0.0,956.6880493164062,0.0
0.41000000000000003,0.9777778387069702,-0.13917272185631788,0.9902681220210533,0.0,1.0,1.0,1.0,0.035450566560029984,-0.0164365004748106,0.1353605091571808,0.1436796635389328,0.02829553931951523,-0.4669532775878906,0.3157503008842468,0.1483207792043686,-0.4937361776828766,-0.5838482975959778,1.2979261875152588,-1.5446417331695557,1.4649440050125122,0.13002872467041016,-1.5438686609268188,2.6706979274749756,-1.8782113790512085,-0.8372607827186584,-0.3768872022628784,-0.24199531972408295,2.538374423980713,2.313648223876953,-2.224602460861206,0.3862236440181732,0.39515775442123413,0.04903154820203781,-0.30786940455436707,0.4832208454608917,-0.206900954246521,0.0,-0.4000000059604645,-0.05000000074505806,0.3100000023841858,0.49000000953674316,-0.20999999344348907,0.0,-4.529653072357178,-0.6672865152359009,-6.721289157867432,-0.8653749823570251,-4.471312522888184,-3.17844295501709,-3.732367515563965,-0.3283921182155609,6.142461776733398,-1.9849275350570679,-3.645918607711792,2.0012896060943604,0.012545362114906311,0.007761254906654358,0.6929524540901184,0.28620004653930664,1.129858374595642,-0.14208093285560608,324.5389404296875,243.2659912109375,0.5,0.0,0.0,0.0270219799131155,0.0,0.8941390514373779,0.008464821614325047,0.0,0.0,0.0,0.0,661.025390625,0.0
0.42,0.9888889789581299,-0.06975590920093967,0.9975640897363689,1.0,1.0,1.0,1.0,0.0345732644200325,-0.01644780859351158,0.13092944025993347,0.1560860574245453,0.018630169332027435,-0.4804196357727051,0.2986806631088257,0.13901078701019287,-0.4335545301437378,-0.8614474534988403,1.1587047576904297,-1.2709546089172363,1.4161944389343262,0.1248578354716301,-1.6160444021224976,2.656442642211914,-1.9321750402450562,-0.888667643070221,-0.4041692614555359,-0.24881885945796967,2.5870308876037598,2.29105806350708,-2.276005983352661,0.3839789927005768,0.4000000059604645,0.05000000074505806,-0.3100000023841858,0.49000000953674316,-0.20999999344348907,0.0,-0.4000000059604645,-0.05000000074505806,0.3100000023841858,0.49000000953674316,-0.20999999344348907,0.0,-5.0685133934021,-0.29309114813804626,-7.109979152679443,-1.4417359828948975,-5.8150224685668945,-3.9659972190856934,-2.1194660663604736,-0.9992702603340149,3.891157388687134,-0.9790374040603638,-0.5300899744033813,-0.6588630080223083,0.016651563346385956,0.004910260438919067,0.9213342070579529,0.12291279435157776,1.082948923110962,-0.11456776410341263,253.25860595703125,285.6069641113281,0.5,0.0,0.0,0.021842073649168015,0.0,0.8871803879737854,0.03953174874186516,0.0,0.0,0.0,0.0,473.4139404296875,0.0
0.43,1.0,-2.4492935982947064e-16,1.0,1.0,1.0,1.0,1.0,0.03333330154418945,-0.016784505918622017,0.1268998682498932,0.1679953932762146,0.007086168043315411,-0.4931340217590332,0.26343032717704773,0.15916714072227478,-0.39815953373908997,-1.0023761987686157,1.1895910501480103,-1.2795931100845337,1.363954782485962,0.12712787091732025,-1.694779396057129,2.6388630867004395,-2.0054047107696533,-0.9564439058303833,-0.4201572835445404,-0.2595461308956146,2.6297388076782227,2.2871580123901367,-2.2809369564056396,0.3848825693130493,0.4000000059604645,0.05000000074505806,-0.3100000023841858,0.49000000953674316,-0.20999999344348907,0.0,-0.4000000059604645,-0.05000000074505806,0.3100000023841858,0.49000000953674316,-0.20999999344348907,0.0,-5.374011039733887,0.5432438254356384,-7.867877006530762,-1.678563117980957,-7.91000509262085,-5.996507167816162,-1.3585004806518555,-1.13128662109375,4.257448673248291,-0.5020386576652527,-2.851569652557373,1.4142597913742065,0.02022351324558258,0.005209781229496002,1.2480005025863647,0.14406754076480865,1.0230278968811035,0.07682905346155167,226.60142517089844,254.3785400390625,0.5,0.0,0.0,0.01759410835802555,0.0,0.8499321341514587,0.037827569991350174,0.0,0.0,0.0,0.0,485.9447326660156,0.0
0.44,1.0111112594604492,0.06975740357991196,0.9975639852389365,1.0,1.0,1.0,1.0,0.031591467559337616,-0.01687963493168354,0.12336722016334534,0.18058298528194427,-0.005604743957519531,-0.5063529014587402,0.22776217758655548,0.18394914269447327,-0.3631446659564972,-1.0583696365356445,1.3088492155075073,-1.331722617149353,1.309881329536438,0.13823868334293365,-1.775850772857666,2.6203858852386475,-2.0880768299102783,-1.0342285633087158,-0.43273305892944336,-0.2704520523548126,2.6706414222717285,2.2811532020568848,-2.284484624862671,0.38484734296798706,0.4000000059604645,0.05000000074505806,-0.3100000023841858,0.49000000953674316,-0.20999999344348907,0.0,-0.4000000059604645,-0.05000000074505806,0.3100000023841858,0.49000000953674316,-0.20999999344348907,0.0,-5.430390357971191,1.4708062410354614,-8.00999927520752,-1.7739887237548828,-8.902271270751953,-7.048909664154053,-1.2402280569076538,-1.039433479309082,4.3185200691223145,-0.6291588544845581,-1.387537956237793,-3.8660149574279785,0.022967293858528137,0.005212102085351944,1.5107274055480957,0.24128098785877228,0.895837664604187,0.12731146812438965,226.65817260742188,302.1838073730469,0.5,0.0,0.0,0.01374745275825262,0.0,0.8058146834373474,0.028811797499656677,0.0,0.0,0.0,0.0,549.5573120117188,0.0
0.45,1.0222222805023193,0.13917346358102195,0.9902680177784505,1.0,0.0,1.0,1.0,0.029442593455314636,-0.016589704900979996,0.12041160464286804,0.1939191222190857,-0.018865585327148438,-0.5203657150268555,0.19592644274234772,0.20238971710205078,-0.31435492634773254,-1.0626665353775024,1.3753793239593506,-1.3971984386444092,1.2564172744750977,0.15552671253681183,-1.855533242225647,2.6045329570770264,-2.1628496646881104,-1.078004002571106,-0.44540858268737793,-0.2794068455696106,2.7102866172790527,2.2728824615478516,-2.2917869091033936,0.37809357047080994,0.4000000059604645,0.05000000074505806,-0.3100000023841858,0.49000000953674316,-0.20999999344348907,0.0,-0.4347933530807495,-0.056958671659231186,0.32530906796455383,0.5387107133865356,-0.23226773738861084,0.0,-5.275290012359619,1.910890817642212,-8.09469985961914,-1.5412715673446655,-6.80000114440918,-2.341956853866577,-1.1727806329727173,-0.7983068823814392,3.666649580001831,-0.9474976658821106,0.08351822197437286,-0.8637155890464783,0.024966523051261902,0.0054403990507125854,1.787344217300415,0.020757993683218956,0.7108136415481567,0.03365958109498024,256.0625305175781,274.2597961425781,0.5,0.0,0.0,0.01040978915989399,0.0,0.7657920718193054,0.020154515281319618,0.0,0.0,0.0,0.0,433.90655517578125,0.0
0.46,1.0333333015441895,0.20791149544540774,0.9781476422614607,1.0,0.0,1.0,1.0,0.027278833091259003,-0.01586773991584778,0.11816206574440002,0.2071174830198288,-0.03171730041503906,-0.5357503890991211,0.16884659230709076,0.21129100024700165,-0.24025043845176697,-0.9330555200576782,1.3468585014343262,-1.534280776977539,1.2017712593078613,0.17482894659042358,-1.9270424842834473,2.5889663696289062,-2.2375853061676025,-1.1084445714950562,-0.4571152925491333,-0.28191348910331726,2.7463531494140625,2.26128888130188,-2.2969255447387695,0.371784508228302,0.4000000059604645,0.05000000074505806,-0.3100000023841858,0.49000000953674316,-0.20999999344348907,0.0,-0.4519779086112976,-0.060395583510398865,0.3328702747821808,0.5627690553665161,-0.24326585233211517,0.0,-5.423263072967529,1.8793622255325317,-6.676191329956055,-1.3929917812347412,-7.572500228881836,-2.013132095336914,-1.1194591522216797,0.07230991125106812,3.5826995372772217,-1.2723565101623535,-0.32330048084259033,-0.5157971978187561,0.025694891810417175,0.005661122500896454,1.8147708177566528,-0.04193771257996559,0.4141647517681122,0.015627743676304817,321.2702941894531,281.335693359375,0.5,0.0,0.0,0.00780870858579874,0.0,0.7344650626182556,0.009022490121424198,0.0,0.0,0.0,0.0,464.498779296875,0.0
0.47000000000000003,1.0444445610046387,0.2756380598154803,0.9612614940697239,1.0,0.0,1.0,1.0,0.02492416650056839,-0.01456495001912117,0.11707636713981628,0.221287801861763,-0.04304361343383789,-0.5511407852172852,0.1212640255689621,0.18626858294010162,-0.1104256883263588,-0.7069482803344727,1.607283353805542,-1.2910094261169434,1.1556695699691772,0.18372005224227905,-1.9861657619476318,2.5779623985290527,-2.288008213043213,-1.1619300842285156,-0.47101128101348877,-0.27713632583618164,2.7823920249938965,2.245968818664551,-2.297800064086914,0.3687627911567688,0.4000000059604645,0.05000000074505806,-0.3100000023841858,0.49000000953674316,-0.20999999344348907,0.0,-0.4689095914363861,-0.06378191709518433,0.3403202295303345,0.5864734053611755,-0.25410211086273193,0.0,-4.001311779022217,0.06093031167984009,-5.325555324554443,-1.3145698308944702,-3.8163537979125977,-6.645759105682373,-1.6179653406143188,0.7589820623397827,3.5363285541534424,-1.7065343856811523,0.059773243963718414,-0.15108953416347504,0.027428284287452698,0.00638560950756073,1.166670322418213,-0.10630501061677933,0.35308241844177246,-0.005279948934912682,180.13929748535156,277.5147705078125,0.5,0.0,0.0,0.005727664567530155,0.0,0.7002807855606079,0.035671234130859375,0.0,0.0,0.0,0.0,401.3488464355469,0.0
0.48,1.0555555820465088,0.3420202997352154,0.9396925638574744,1.0,0.0,1.0,1.0,0.0222792886197567,-0.012936124578118324,0.11710064113140106,0.23652516305446625,-0.053134918212890625,-0.5642518997192383,0.09901031106710434,0.17839428782463074,-0.04945626109838486,-0.7166574597358704,1.567654013633728,-1.1257522106170654,1.1181066036224365,0.18725116550922394,-2.029029607772827,2.5611259937286377,-2.3320045471191406,-1.2115793228149414,-0.48395270109176636,-0.2685529589653015,2.8145623207092285,2.228792190551758,-2.289309501647949,0.3643854856491089,0.4000000059604645,0.05000000074505806,-0.3100000023841858,0.49000000953674316,-0.20999999344348907,0.0,-0.4855051636695862,-0.06710103154182434,0.347622275352478,0.609707236289978,-0.2647233009338379,0.0,-3.5023787021636963,0.6153160929679871,-3.8281538486480713,-1.8056244850158691,-4.813459396362305,-3.825413942337036,-0.9678278565406799,0.909446656703949,3.0761959552764893,-1.621102213859558,0.7831295132637024,-0.6562950611114502,0.027803130447864532,0.006939534097909927,1.1066770553588867,-0.06794018298387527,0.3346400260925293,0.017419839277863503,286.86639404296875,258.5098876953125,0.5,0.0,0.0,0.0041192625649273396,0.0,0.6802911162376404,0.07929057627916336,0.0,0.0,0.0,0.0,399.12310791015625,0.0
0.49,1.0666667222976685,0.4067369623963564,0.9135453154718625,1.0,0.0,1.0,1.0,0.019706614315509796,-0.011474043130874634,0.11780095100402832,0.2509470283985138,-0.06338310241699219,-0.5755939483642578,0.0762430801987648,0.17188896238803864,0.021014563739299774,-0.7945519089698792,1.4714876413345337,-0.9551212191581726,1.0873149633407593,0.1943218857049942,-2.061635732650757,2.544419765472412,-2.3719985485076904,-1.2427512407302856,-0.49101486802101135,-0.26083651185035706,2.8381614685058594,2.2132716178894043,-2.283153533935547,0.3330840766429901,0.4000000059604645,0.05000000074505806,-0.3100000023841858,0.49000000953674316,-0.20999999344348907,0.0,-0.501684308052063,-0.07033686339855194,0.35474109649658203,0.6323580741882324,-0.2750779390335083,0.0,-2.679415225982666,0.7807629108428955,-2.953474521636963,-1.576180338859558,-3.734729766845703,-2.201483726501465,-0.840179443359375,0.6306669116020203,2.08673357963562,-1.793190360069275,-0.9846973419189453,-5.663203716278076,0.026516377925872803,0.006966933608055115,0.8842369318008423,-0.06205262243747711,0.2106526792049408,-0.0027640066109597683,311.68121337890625,458.01898193359375,0.5,0.0,0.0,0.0030006307642906904,0.0,0.6582098603248596,0.16129617393016815,0.0,0.0,0.0,0.0,525.4949951171875,0.0
0.5,1.0777778625488281,0.46947203307215885,0.8829473428031218,1.0,0.0,1.0,1.0,0.017194129526615143,-0.010453172028064728,0.1192111074924469,0.26415735483169556,-0.07442378997802734,-0.5847721099853516,0.053252045065164566,0.16026775538921356,0.0862172469496727,-0.9067684412002563,1.3330967426300049,-0.6774325966835022,1.065940022468567,0.2015043944120407,-2.0902113914489746,2.530928611755371,-2.3971059322357178,-1.2619707584381104,-0.4932102859020233,-0.2574383318424225,2.855276584625244,2.1990609169006348,-2.2666330337524414,0.31731754541397095,0.4000000059604645,0.05000000074505806,-0.3100000023841858,0.49000000953674316,-0.20999999344348907,0.0,-0.5173680782318115,-0.07347360998392105,0.36164194345474243,0.6543152928352356,-0.2851155400276184,0.0,-1.633622407913208,0.49795904755592346,-3.261903762817383,-0.26866358518600464,0.48657506704330444,-2.3272793292999268,0.18439820408821106,0.1444094479084015,1.46278715133667,-1.1970001459121704,2.3155155181884766,-1.2980661392211914,0.025163963437080383,0.006777375936508179,0.5069595575332642,-0.06735546141862869,-0.05744728446006775,-0.01169598288834095,700.9703979492188,223.8890838623047,0.5,0.0,0.0,0.002223246032372117,0.0,0.6372845768928528,0.39938482642173767,0.0,0.0,0.0,0.0,218.55360412597656,0.0
0.51,1.0888888835906982,0.5299192360020959,0.84804811379718,1.0,0.0,1.0,1.0,0.014771707355976105,-0.009859364479780197,0.12130583822727203,0.2761588990688324,-0.08599567413330078,-0.5916004180908203,0.03210112825036049,0.14496354758739471,0.1531219333410263,-1.0245673656463623,1.184743881225586,-0.45481133460998535,1.054533839225769,0.20566189289093018,-2.1166834831237793,2.5261662006378174,-2.3922955989837646,-1.2792359590530396,-0.4892926812171936,-0.2607889175415039,2.8611955642700195,2.185825824737549,-2.254936456680298,0.2712615132331848,0.4000000059604645,0.05000000074505806,-0.3100000023841858,0.49000000953674316,-0.20999999344348907,0.0,-0.5324798822402954,-0.07649597525596619,0.36829113960266113,0.675471842288971,-0.29478710889816284,0.0,-0.701819896697998,0.3204170763492584,-2.3322393894195557,-0.49738430976867676,0.5024926066398621,-1.5172933340072632,0.6266078948974609,-0.662200391292572,0.3240048587322235,-0.6616811752319336,5.645248889923096,-2.414280414581299,0.025628618896007538,0.005690775811672211,0.24204689264297485,-0.11876200884580612,-0.024630457162857056,-0.0733049288392067,340.2282409667969,351.5980529785156,0.5,0.0,0.0,0.0016760259168222547,0.0,0.618852972984314,0.6611948609352112,0.0,0.0,0.0,0.0,212.9765167236328,0.0
0.52,1.100000023841858,0.5877853734854862,0.8090169063230556,1.0,0.0,1.0,1.0,0.012381106615066528,-0.009746288880705833,0.12400700151920319,0.28692224621772766,-0.09836578369140625,-0.5961594581604004,0.003193786134943366,0.1381630301475525,0.20495691895484924,-1.1648907661437988,1.0516483783721924,-0.23802533745765686,1.0524083375930786,0.2082681953907013,-2.137636661529541,2.5195982456207275,-2.384218215942383,-1.2781485319137573,-0.47937843203544617,-0.2722320556640625,2.85915207862854,2.175536632537842,-2.2297332286834717,0.23457223176956177,0.4000000059604645,0.05000000074505806,-0.3100000023841858,0.49000000953674316,-0.20999999344348907,0.0,-0.5469464063644409,-0.07938928157091141,0.37465640902519226,0.6957249641418457,-0.3040456771850586,0.0,0.15189722180366516,0.21498195827007294,-1.9227150678634644,-0.6848840713500977,0.8604041934013367,-0.01676231622695923,1.2995171546936035,-1.4750419855117798,-0.31492340564727783,-0.5562205910682678,4.323341369628906,-1.2340903282165527,0.025751009583473206,0.004289019852876663,0.059776097536087036,-0.10266824811697006,0.009040438570082188,-0.03610284999012947,287.15399169921875,306.7544250488281,0.5,0.0,0.0,0.0012831316562369466,0.0,0.5875400304794312,0.8928719162940979,0.0,0.0,0.0,0.0,212.23277282714844,0.0
0.53,1.1111111640930176,0.6427878646989729,0.7660442291380669,1.0,0.0,1.0,1.0,0.01001567393541336,-0.009854752570390701,0.12720240652561188,0.2967838644981384,-0.11105012893676758,-0.598541259765625,-0.027328530326485634,0.14189282059669495,0.24332307279109955,-1.2164514064788818,0.9533447623252869,-0.030080832540988922,1.05647873878479,0.21212126314640045,-2.1573383808135986,2.511878490447998,-2.3734383583068848,-1.274725317955017,-0.46552127599716187,-0.2883283197879791,2.8512067794799805,2.166287422180176,-2.1974403858184814,0.19806289672851562,0.4000000059604645,0.05000000074505806,-0.3100000023841858,0.49000000953674316,-0.20999999344348907,0.0,-0.5606970191001892,-0.08213940262794495,0.38070666790008545,0.7149758338928223,-0.3128460645675659,0.0,0.5655215382575989,0.519578218460083,-1.9534573554992676,-0.6812757849693298,1.1632602214813232,0.4883788824081421,1.6588729619979858,-1.6762923002243042,-0.878418505191803,-0.6468963027000427,3.878472089767456,-2.2176718711853027,0.025780074298381805,0.00248844176530838,-0.008930391632020473,-0.08125549554824829,0.016763836145401,-0.02808203175663948,261.3543395996094,206.72805786132812,0.5,0.0,0.0,0.000993505585938692,0.0,0.5507810115814209,0.9981918931007385,0.0,0.0,0.0,0.0,257.909423828125,0.0
0.54,1.1222223043441772,0.6946587416292218,0.7193394419035468,1.0,0.0,1.0,1.0,0.007782191038131714,-0.00988773163408041,0.13078103959560394,0.3059369921684265,-0.12325382232666016,-0.5994749069213867,-0.05605802685022354,0.14731644093990326,0.27776727080345154,-1.162453055381775,0.8738982081413269,0.07243961095809937,1.0608878135681152,0.22022658586502075,-2.177835464477539,2.504422187805176,-2.3598713874816895,-1.2761695384979248,-0.4515390396118164,-0.30389440059661865,2.842561960220337,2.157318115234375,-2.1712586879730225,0.16349628567695618,0.4000000059604645,0.05000000074505806,-0.3100000023841858,0.49000000953674316,-0.20999999344348907,0.0,-0.5736647248268127,-0.08473294228315353,0.38641247153282166,0.7331305742263794,-0.3211454153060913,0.0,0.3647693693637848,0.9594979882240295,-1.892723560333252,-0.5877155661582947,1.4340384006500244,-0.19911432266235352,1.610731601715088,-1.4539790153503418,-0.7024699449539185,-0.5674149990081787,5.198393821716309,-0.436674028635025,0.02581951767206192,0.0010033510625362396,0.007096865214407444,-0.05416114255785942,0.009351997636258602,-0.029183950275182724,249.3938446044922,226.14041137695312,0.5,0.0,0.0,0.0007793022668920457,0.0,0.515919029712677,0.9895598888397217,0.0,0.0,0.0,0.0,210.50152587890625,0.0
0.55,1.133333444595337,0.7431452932528939,0.6691300868411691,1.0,0.0,1.0,1.0,0.0057778507471084595,-0.00968104600906372,0.13468825817108154,0.3144086003303528,-0.13449430465698242,-0.6002144813537598,-0.07848665118217468,0.14611105620861053,0.30927079916000366,-1.0542473793029785,0.8136492967605591,0.019055388867855072,1.0618423223495483,0.2316850870847702,-2.1976280212402344,2.4976890087127686,-2.34368896484375,-1.2870738506317139,-0.43851080536842346,-0.3157513439655304,2.8355393409729004,2.147566556930542,-2.1462535858154297,0.13595810532569885,0.4000000059604645,0.05000000074505806,-0.3100000023841858,0.49000000953674316,-0.20999999344348907,0.0,-0.5857863426208496,-0.08715726435184479,0.39174598455429077,0.75010085105896,-0.3289032578468323,0.0,-0.05601097643375397,1.2249555587768555,-1.850512981414795,-0.48213356733322144,1.6452900171279907,-0.9226264953613281,1.3652763366699219,-1.0154495239257812,-0.5506575703620911,-0.9361312389373779,3.118906021118164,-1.769802451133728,0.025949351489543915,-8.65049660205841e-05,0.08924800157546997,-0.03771519660949707,-0.019304994493722916,-0.010935943573713303,230.58087158203125,219.87203979492188,0.5,0.0,0.0,0.000621489598415792,0.0,0.4906665086746216,0.9992740750312805,0.0,0.0,0.0,0.0,257.0261535644531,0.0
0.56,1.144444465637207,0.7880108355869994,0.6156613703956739,1.0,0.0,1.0,1.0,0.003978468477725983,-0.009298025630414486,0.13889671862125397,0.32223400473594666,-0.14500904083251953,-0.6017489433288574,-0.0955202728509903,0.13475099205970764,0.33999618887901306,-0.9686821103096008,0.7665753364562988,-0.07376711070537567,1.0606329441070557,0.24472728371620178,-2.2141664028167725,2.4916739463806152,-2.3250527381896973,-1.3013666868209839,-0.4275788962841034,-0.3223636746406555,2.8334996700286865,2.137556791305542,-2.123894453048706,0.12564852833747864,0.4000000059604645,0.05000000074505806,-0.3100000023841858,0.49000000953674316,-0.20999999344348907,0.0,-0.5970027446746826,-0.08940054476261139,0.39668118953704834,0.7658038139343262,-0.33608174324035645,0.0,-0.14524738490581512,1.3190090656280518,-1.5139504671096802,-0.4095609188079834,1.5740594863891602,-0.5541965961456299,1.1379839181900024,-0.4658181965351105,-0.1286776065826416,-1.000251054763794,2.2181334495544434,-1.0817582607269287,0.026098325848579407,-0.00014422833919525146,0.09649666398763657,-0.04321588948369026,-0.037735018879175186,-0.003041178220883012,228.80296325683594,202.32720947265625,0.5,0.0,0.0,0.0005031380569562316,0.0,0.47444742918014526,0.9891757965087891,0.0,0.0,0.0,0.0,219.12472534179688,0.0
0.5700000000000001,1.1555556058883667,0.8290377493999679,0.5591926412872723,1.0,0.0,1.0,1.0,0.002285115420818329,-0.008784621022641659,0.1433694213628769,0.32967284321784973,-0.15499496459960938,-0.6044392585754395,-0.10854968428611755,0.11803878843784332,0.3625528812408447,-0.8724403381347656,0.7635618448257446,-0.19419726729393005,1.0591284036636353,0.2596016228199005,-2.2287561893463135,2.4860117435455322,-2.304323196411133,-1.3197072744369507,-0.4171684682369232,-0.3253025412559509,2.8338212966918945,2.126162052154541,-2.0989387035369873,0.11427686363458633,0.4000000059604645,0.05000000074505806,-0.3100000023841858,0.49000000953674316,-0.20999999344348907,0.0,-0.6072594523429871,-0.09145189076662064,0.40119415521621704,0.7801632285118103,-0.3426460325717926,0.0,-0.12438884377479553,1.514991044998169,-1.4042718410491943,-0.2683003544807434,1.2311954498291016,0.29811954498291016,1.050646424293518,-0.1731797158718109,0.16426131129264832,-1.217280387878418,2.6233294010162354,-1.03326416015625,0.026255421340465546,-1.0892748832702637e-05,0.12327485531568527,-0.03252588212490082,-0.08045239746570587,-0.012505504302680492,262.3506164550781,187.17127990722656,0.5,0.0,0.0,0.00041124815470539033,0.0,0.46369338035583496,0.9273491501808167,0.0,0.0,0.0,0.0,211.09518432617188,0.0
0.58,1.1666667461395264,0.8660256534556828,0.49999956755647046,1.0,0.0,1.0,1.0,0.0007322132587432861,-0.00836097914725542,0.14810101687908173,0.33633631467819214,-0.16478633880615234,-0.6078248023986816,-0.11955928802490234,0.0985727608203888,0.3873065114021301,-0.8782521486282349,0.6631278395652771,-0.21171671152114868,1.0586762428283691,0.2731952965259552,-2.23647403717041,2.4806439876556396,-2.2820281982421875,-1.3283759355545044,-0.40626347064971924,-0.32575470209121704,2.8353688716888428,2.1132404804229736,-2.0790913105010986,0.10658686608076096,0.4000000059604645,0.05000000074505806,-0.3100000023841858,0.49000000953674316,-0.20999999344348907,0.0,-0.6165064573287964,-0.09330129623413086,0.40526285767555237,0.7931090593338013,-0.34856414794921875,0.0,0.0021023284643888474,1.2725448608398438,-0.4669734835624695,-0.5155144929885864,2.5943949222564697,-0.4550614655017853,1.1601859331130981,0.020331764593720436,0.2618982493877411,-1.189648985862732,2.162904977798462,-0.016779780387878418,0.026305876672267914,9.88394021987915e-05,-0.0009243662352673709,-0.03669679909944534,-0.008305687457323074,-0.022623196244239807,198.89291381835938,203.59255981445312,0.5,0.0,0.0,0.00034080128534696996,0.0,0.45514437556266785,0.9142529964447021,0.0,0.0,0.0,0.0,197.2353515625,0.0
0.59,1.1777777671813965,0.8987940171128403,0.43837120662990975,1.0,0.0,1.0,1.0,-0.0007477477192878723,-0.008180269971489906,0.15301954746246338,0.3421299457550049,-0.1747593879699707,-0.6108517646789551,-0.13392938673496246,0.08490817248821259,0.4021349549293518,-0.9121933579444885,0.582030713558197,-0.164422869682312,1.0590004920959473,0.2839604616165161,-2.240659236907959,2.4742255210876465,-2.2592880725860596,-1.329238772392273,-0.39398184418678284,-0.32603883743286133,2.8358731269836426,2.1014297008514404,-2.0573527812957764,0.0976187065243721,0.4000000059604645,0.05000000074505806,-0.3100000023841858,0.49000000953674316,-0.20999999344348907,0.0,-0.6246985197067261,-0.0949397087097168,0.40886735916137695,0.8045779466629028,-0.3538070321083069,0.0,-0.001416027545928955,1.0045640468597412,-0.3480822443962097,-0.6624307036399841,2.5349771976470947,-0.06063425913453102,1.2776039838790894,-0.08294468373060226,-0.23566043376922607,-1.17985999584198,1.945664644241333,-2.339995861053467,0.02631029486656189,0.0005141347646713257,-0.01768997684121132,-0.07224348187446594,0.0005602508899755776,-0.04069354012608528,200.74085998535156,197.12303161621094,0.5,0.0,0.0,0.0002858609368558973,0.0,0.4412464499473572,0.9473660588264465,0.0,0.0,0.0,0.0,233.2653350830078,0.0
0.6,1.1888890266418457,0.9271841787986937,0.3746057909127832,1.0,0.0,1.0,1.0,-0.002268873155117035,-0.008206432685256004,0.1580398678779602,0.3474527597427368,-0.18499088287353516,-0.6132311820983887,-0.14416933059692383,0.07166962325572968,0.4020342528820038,-0.9631099700927734,0.5457333922386169,-0.10032373666763306,1.06096613407135,0.29331058263778687,-2.2453861236572266,2.466247320175171,-2.2365331649780273,-1.3286070823669434,-0.3788161277770996,-0.3290463089942932,2.8316755294799805,2.088273286819458,-2.030486583709717,0.07325056195259094,0.4000000059604645,0.05000000074505806,-0.3100000023841858,0.49000000953674316,-0.20999999344348907,0.0,-0.6317960619926453,-0.09635921567678452,0.41199028491973877,0.8145145177841187,-0.358349472284317,0.0,0.2666570842266083,0.9409864544868469,-0.5208680033683777,-0.8449537754058838,2.697092294692993,-0.07979880273342133,1.6301883459091187,-0.44144725799560547,-0.384434312582016,-1.364268183708191,1.8807621002197266,-2.0438942909240723,0.026297666132450104,-0.0001740679144859314,-0.027049951255321503,-0.05548371747136116,0.011744054965674877,-0.013851931318640709,187.07884216308594,185.5609893798828,0.5,0.0,0.0,0.00024086004123091698,0.0,0.43163222074508667,0.9800715446472168,0.0,0.0,0.0,0.0,244.55758666992188,0.0
0.61,1.2000000476837158,0.95105660887834,0.30901670943305387,1.0,0.0,1.0,1.0,-0.003741815686225891,-0.00840612594038248,0.1631193459033966,0.352266401052475,-0.19527626037597656,-0.6145029067993164,-0.1522199660539627,0.0710759162902832,0.4104240834712982,-1.0009305477142334,0.4504382014274597,0.0288856104016304,1.0645725727081299,0.3021712601184845,-2.2507829666137695,2.457200527191162,-2.2138681411743164,-1.3274163007736206,-0.36404532194137573,-0.33404600620269775,2.8286101818084717,2.0773098468780518,-2.0068655014038086,0.06320702284574509,0.4000000059604645,0.05000000074505806,-0.3100000023841858,0.49000000953674316,-0.20999999344348907,0.0,-0.6377642154693604,-0.0975528359413147,0.4146162271499634,0.8228698968887329,-0.362169086933136,0.0,0.37113261222839355,0.8995369076728821,-0.535439670085907,-0.9165483117103577,2.6317367553710938,-0.07196219265460968,1.4855786561965942,-0.584763765335083,-0.35574349761009216,-1.0163253545761108,2.4418954849243164,-0.872774600982666,0.026269733905792236,-0.00020163878798484802,-0.049816884100437164,-0.031801655888557434,0.01769484579563141,-0.01808525063097477,185.9899139404297,186.88092041015625,0.5,0.0,0.0,0.0002042828273260966,0.0,0.4227876365184784,0.9983326196670532,0.0,0.0,0.0,0.0,209.552734375,0.0
0.62,1.2111111879348755,0.970295843051086,0.24192142723988433,1.0,0.0,1.0,1.0,-0.005035407841205597,-0.008756211027503014,0.16821710765361786,0.3563818037509918,-0.20532655715942383,-0.6140799522399902,-0.15837106108665466,0.0742664709687233,0.41553425788879395,-1.0312013626098633,0.3511691689491272,0.18713164329528809,1.0691046714782715,0.31109246611595154,-2.2563230991363525,2.447657823562622,-2.1911780834198,-1.325832724571228,-0.34858959913253784,-0.3411293625831604,2.822906970977783,2.067560911178589,-1.9828591346740723,0.055477842688560486,0.4000000059604645,0.05000000074505806,-0.3100000023841858,0.49000000953674316,-0.20999999344348907,0.0,-0.6425739526748657,-0.09851479530334473,0.4167325496673584,0.8296035528182983,-0.36524733901023865,0.0,0.4678525924682617,0.9257770776748657,-0.5312516689300537,-0.9388589262962341,2.434803009033203,0.05123002827167511,1.5692284107208252,-0.7871241569519043,-0.6522708535194397,-0.8600610494613647,2.451749563217163,-0.7560120820999146,0.026227682828903198,-0.0002014562487602234,-0.08017397671937943,-0.024508319795131683,0.021330755203962326,-0.011501364409923553,178.90423583984375,183.66567993164062,0.5,0.0,0.0,0.00017533672507852316,0.0,0.4156399071216583,0.9323598146438599,0.0,0.0,0.0,0.0,200.32998657226562,0.0
0.63,1.2222223281860352,0.9848078686252574,0.17364752199146954,1.0,0.0,1.0,1.0,-0.00610709935426712,-0.009153127670288086,0.17328865826129913,0.3599027097225189,-0.21488189697265625,-0.6122360229492188,-0.1608644425868988,0.07908688485622406,0.4185776710510254,-1.011893391609192,0.27169713377952576,0.27833127975463867,1.0737481117248535,0.3207934498786926,-2.2626302242279053,2.4379189014434814,-2.1683766841888428,-1.3278913497924805,-0.3326241672039032,-0.34826141595840454,2.815401554107666,2.058579206466675,-1.9592591524124146,0.04805809259414673,0.4000000059604645,0.05000000074505806,-0.3100000023841858,0.49000000953674316,-0.20999999344348907,0.0,-0.6462019681930542,-0.09924039244651794,0.4183288812637329,0.8346827626228333,-0.3675692677497864,0.0,0.42615947127342224,1.0272676944732666,-0.604026734828949,-0.9391466975212097,2.3538291454315186,-0.3664219081401825,1.604459285736084,-0.6698921322822571,-0.80194491147995,-0.8239445686340332,2.032238006591797,-1.376323938369751,0.026203416287899017,-0.00020038336515426636,-0.059880346059799194,-0.012115285731852055,0.01425785943865776,-0.0003924219054169953,172.18971252441406,174.32293701171875,0.5,0.0,0.0,0.00015238400374073535,0.0,0.41230446100234985,0.8564695119857788,0.0,0.0,0.0,0.0,197.6809539794922,0.0
0.64,1.2333333492279053,0.9945219058073734,0.10452836394620228,1.0,0.0,1.0,1.0,-0.006956145167350769,-0.009550501592457294,0.17828264832496643,0.3629646599292755,-0.22388601303100586,-0.6095404624938965,-0.1562165468931198,0.07998853921890259,0.4155016541481018,-0.9844048619270325,0.21615727245807648,0.3316504657268524,1.0785653591156006,0.3317151963710785,-2.270730495452881,2.4279870986938477,-2.1455442905426025,-1.3379220962524414,-0.31628602743148804,-0.35190317034721375,2.8071932792663574,2.049473524093628,-1.9363383054733276,0.03793523460626602,0.4000000059604645,0.05000000074505806,-0.3100000023841858,0.49000000953674316,-0.20999999344348907,0.0,-0.6486304998397827,-0.09972609579563141,0.41939741373062134,0.8380826711654663,-0.36912351846694946,0.0,0.4854728877544403,1.1545754671096802,-0.8397799134254456,-0.9718984365463257,2.4132959842681885,-1.3473531007766724,1.7083724737167358,-0.14206618070602417,-0.8119965195655823,-0.9043426513671875,2.2563183307647705,-0.9871801137924194,0.026229463517665863,-0.00019618496298789978,-0.015850072726607323,-0.025413740426301956,0.003246238688006997,-0.03774607926607132,174.50094604492188,158.71580505371094,0.5,0.0,0.0,0.00013389985542744398,0.0,0.41726380586624146,0.8025315999984741,0.0,0.0,0.0,0.0,195.18222045898438,0.0
0.65,1.2444446086883545,0.9993908630339692,0.034898465356211134,1.0,0.0,1.0,1.0,-0.007583357393741608,-0.010024880059063435,0.18316617608070374,0.365448534488678,-0.2324991226196289,-0.6064229011535645,-0.14950890839099884,0.07455873489379883,0.4127696454524994,-0.9699398875236511,0.14666570723056793,0.34085580706596375,1.0837452411651611,0.34205690026283264,-2.278311252593994,2.417971134185791,-2.1231203079223633,-1.3499473333358765,-0.2982103228569031,-0.3513038158416748,2.7986066341400146,2.0407819747924805,-1.91413414478302,0.02361365593969822,0.4000000059604645,0.05000000074505806,-0.3100000023841858,0.49000000953674316,-0.20999999344348907,0.0,-0.6498477458953857,-0.0999695435166359,0.4199329912662506,0.8397867679595947,-0.36990252137184143,0.0,0.5321005582809448,0.9672280550003052,-0.6887030601501465,-1.0054264068603516,2.241166591644287,-1.2338799238204956,1.8821799755096436,0.17235057055950165,-0.8417946696281433,-0.8638721704483032,2.194511651992798,-1.3149147033691406,0.026267223060131073,-0.00019416958093643188,-0.02734813094139099,-0.029865508899092674,0.006818121764808893,-0.046344973146915436,176.74559020996094,151.27171325683594,0.5,0.0,0.0,0.00011900943354703486,0.0,0.425350546836853,0.7926564812660217,0.0,0.0,0.0,0.0,185.02557373046875,0.0
0.66,1.2555556297302246,0.9993908107539655,-0.034899962471781065,1.0,0.0,1.0,1.0,-0.007911182940006256,-0.010648486204445362,0.18792036175727844,0.36701950430870056,-0.24068927764892578,-0.6030368804931641,-0.13830775022506714,0.06781384348869324,0.41270098090171814,-0.916088879108429,0.0332869216799736,0.3378000259399414,1.0890744924545288,0.3496778607368469,-2.2828073501586914,2.4078736305236816,-2.1016645431518555,-1.3583825826644897,-0.2766946256160736,-0.346736341714859,2.7900633811950684,2.0348575115203857,-1.889332890510559,0.01682036556303501,0.4000000059604645,0.05000000074505806,-0.3100000023841858,0.49000000953674316,-0.20999999344348907,0.0,-0.6496955156326294,-0.09993909299373627,0.41986602544784546,0.8395736813545227,-0.36980509757995605,0.0,0.5197486877441406,0.6795014142990112,-0.312396377325058,-1.0062236785888672,1.8030052185058594,-0.9635380506515503,2.4212801456451416,0.6360145807266235,-0.8824023008346558,-0.3644455671310425,3.40405535697937,0.20265746116638184,0.026285938918590546,0.0001936107873916626,-0.0531754344701767,-0.060736559331417084,0.019833242520689964,-0.038900990039110184,187.1857147216797,138.38442993164062,0.5,0.0,0.0,0.00010755687253549695,0.0,0.438642293214798,0.7959509491920471,0.0,0.0,0.0,0.0,178.1234588623047,0.0
0.67,1.2666667699813843,0.9945218275138806,-0.1045291088570598,1.0,0.0,1.0,1.0,-0.008068449795246124,-0.011284951120615005,0.1925523430109024,0.3681301772594452,-0.24863338470458984,-0.6005153656005859,-0.12731289863586426,0.0579613521695137,0.4049268960952759,-0.8649185299873352,0.04967474937438965,0.19565962255001068,1.096337080001831,0.3552916646003723,-2.285331964492798,2.3973805904388428,-2.0811240673065186,-1.3653957843780518,-0.25519511103630066,-0.33771419525146484,2.780498504638672,2.0301458835601807,-1.8615097999572754,-0.006482991389930248,0.4000000059604645,0.05000000074505806,-0.3100000023841858,0.49000000953674316,-0.20999999344348907,0.0,-0.6472684144973755,-0.09945368021726608,0.4187980890274048,0.836175799369812,-0.3682517409324646,0.0,0.821610152721405,0.5096225738525391,-0.124048613011837,-1.0293697118759155,1.8898454904556274,-0.632529616355896,2.1264524459838867,1.1492542028427124,-0.5435917377471924,-0.597027599811554,3.2214949131011963,0.6284872889518738,0.02629769593477249,0.0013199523091316223,-0.06944562494754791,-0.08105898648500443,0.03709937259554863,-0.1143006980419159,198.64768981933594,107.3345718383789,0.5,0.0,0.0,9.799452527659014e-05,0.0,0.4521406590938568,0.926292359828949,0.0,0.0,0.0,0.0,173.4328155517578,0.0
0.68,1.277777910232544,0.9848076084952826,-0.1736489972611482,1.0,0.0,1.0,1.0,-0.00808475911617279,-0.012012377381324768,0.19702944159507751,0.3687884211540222,-0.25650691986083984,-0.5986127853393555,-0.11384169012308121,0.05022365227341652,0.39329785108566284,-0.8560371994972229,0.005192848388105631,0.16805113852024078,1.106319785118103,0.35921406745910645,-2.2854127883911133,2.386944532394409,-2.061516761779785,-1.366368055343628,-0.23183880746364594,-0.3255947530269623,2.770529270172119,2.0240960121154785,-1.8373640775680542,-0.04260415956377983,0.4000000059604645,0.05000000074505806,-0.3100000023841858,0.49000000953674316,-0.20999999344348907,0.0,-0.6424614787101746,-0.09849229454994202,0.41668304800987244,0.8294460773468018,-0.36517533659935,0.0,1.1277509927749634,0.3475196659564972,0.02801663614809513,-1.0235786437988281,1.663567304611206,-0.05983647331595421,2.403700351715088,1.2900539636611938,-0.7403363585472107,-0.6688880324363708,2.5502376556396484,-0.16938774287700653,0.026259228587150574,0.001988247036933899,-0.10888336598873138,-0.12363411486148834,0.04600755497813225,-0.11418472230434418,204.74484252929688,106.48747253417969,0.5,0.0,0.0,8.98332946235314e-05,0.0,0.4682990610599518,0.9450832009315491,0.0,0.0,0.0,0.0,161.59832763671875,0.0
0.6900000000000001,1.288888931274414,0.9702956618482642,-0.24192215400504177,1.0,0.0,1.0,1.0,-0.007856063544750214,-0.01291116513311863,0.20129737257957458,0.36859840154647827,-0.2641873359680176,-0.5969629287719727,-0.09708695113658905,0.04087001457810402,0.3847436010837555,-0.8088533282279968,-0.09083589166402817,0.10563597828149796,1.1178252696990967,0.36088722944259644,-2.2832906246185303,2.3768258094787598,-2.0431244373321533,-1.366184949874878,-0.20369836688041687,-0.31166476011276245,2.760733127593994,2.019195079803467,-1.8101143836975098,-0.07319561392068863,0.4000000059604645,0.05000000074505806,-0.3100000023841858,0.49000000953674316,-0.20999999344348907,0.0,-0.6353683471679688,-0.09707367420196533,0.4135620892047882,0.8195157051086426,-0.36063575744628906,0.0,1.1828855276107788,0.08215396851301193,0.32098719477653503,-0.9894291758537292,1.3495320081710815,-0.17850282788276672,3.0162320137023926,1.3593796491622925,-1.3793611526489258,-0.45417436957359314,3.849020004272461,-6.948296070098877,0.02621074765920639,0.002213612198829651,-0.13574758172035217,-0.10092102736234665,0.046824876219034195,-0.07313689589500427,201.78958129882812,109.70838928222656,0.5,0.0,0.0,8.342488581547514e-05,0.0,0.4885241389274597,0.9779292941093445,0.0,0.0,0.0,0.0,208.5726776123047,0.0
0.7000000000000001,1.3000000715255737,0.9510563774202142,-0.3090174217877356,1.0,0.0,1.0,1.0,-0.007495500147342682,-0.013874216005206108,0.20537255704402924,0.3679139018058777,-0.2719082832336426,-0.5965118408203125,-0.08010119199752808,0.034702498465776443,0.36921268701553345,-0.768379271030426,-0.08309193700551987,-0.033728279173374176,1.1312271356582642,0.3612828254699707,-2.2804336547851562,2.36706280708313,-2.025432825088501,-1.3676447868347168,-0.17696920037269592,-0.2968294620513916,2.7524256706237793,2.0148255825042725,-1.7898427248001099,-0.09946752339601517,0.4000000059604645,0.05000000074505806,-0.3100000023841858,0.49000000953674316,-0.20999999344348907,0.0,-0.6261270642280579,-0.09522540867328644,0.40949589014053345,0.8065778613090515,-0.3547213077545166,0.0,1.3884689807891846,0.04553709924221039,0.28973549604415894,-0.9381380081176758,2.3699724674224854,0.17249441146850586,2.7341179847717285,1.4901033639907837,-0.7099458575248718,-0.4049895107746124,2.746570587158203,-1.6084606647491455,0.02617374062538147,0.0030433088541030884,-0.10793554037809372,-0.12470053136348724,0.032457929104566574,-0.09293719381093979,171.1940460205078,112.2016372680664,0.5,0.0,0.0,7.787632057443261e-05,0.0,0.5089308023452759,0.9977273941040039,0.0,0.0,0.0,0.0,154.2754669189453,0.0
0.71,1.3111112117767334,0.9271836176276476,-0.3746071798603281,1.0,0.0,1.0,1.0,-0.006997726857662201,-0.014874479733407497,0.2092038244009018,0.366767942905426,-0.2795748710632324,-0.597200870513916,-0.062067169696092606,0.028924349695444107,0.3521754741668701,-0.7210060358047485,-0.09716232120990753,-0.1496727168560028,1.1461327075958252,0.3609442710876465,-2.2778515815734863,2.3577494621276855,-2.0091705322265625,-1.373504638671875,-0.14865240454673767,-0.28240373730659485,2.743805170059204,2.0119223594665527,-1.7645790576934814,-0.13442179560661316,0.4000000059604645,0.05000000074505806,-0.3100000023841858,0.49000000953674316,-0.20999999344348907,0.0,-0.6149173378944397,-0.09298346936702728,0.4045636057853699,0.790884256362915,-0.3475470542907715,0.0,1.5321537256240845,-0.050553951412439346,0.2911795973777771,-0.8848354816436768,2.02087664604187,-0.0413130521774292,2.889434337615967,1.4179425239562988,-0.7808685898780823,-0.21903350949287415,2.516336441040039,-2.8484134674072266,0.026168085634708405,0.003926515579223633,-0.09435310959815979,-0.1415908932685852,0.018615834414958954,-0.05295107513666153,175.8603973388672,115.06787872314453,0.5,0.0,0.0,7.309512875508517e-05,0.0,0.5307245254516602,0.9561851024627686,0.0,0.0,0.0,0.0,140.110107421875,0.0
0.72,1.322222352027893,0.898793688766393,-0.43837187983913856,1.0,0.0,1.0,1.0,-0.006329096853733063,-0.015922849997878075,0.21280252933502197,0.3650761544704437,-0.2870616912841797,-0.598656177520752,-0.04601380601525307,0.02493925765156746,0.3397587537765503,-0.679832935333252,-0.14566287398338318,-0.2003273367881775,1.1612718105316162,0.3590143918991089,-2.273552179336548,2.3494131565093994,-1.993938684463501,-1.377374291419983,-0.1186109259724617,-0.26832759380340576,2.7367935180664062,2.009838104248047,-1.739871621131897,-0.15413016080856323,0.4000000059604645,0.05000000074505806,-0.3100000023841858,0.49000000953674316,-0.20999999344348907,0.0,-0.6019575595855713,-0.09039151668548584,0.3988613188266754,0.7727406024932861,-0.3392528295516968,0.0,1.4599961042404175,-0.25086286664009094,0.5306134819984436,-0.7884013056755066,2.660630702972412,0.6464058756828308,3.0497238636016846,1.39595627784729,-0.655088484287262,-0.22180259227752686,2.3982787132263184,-1.404007077217102,0.02615373581647873,0.004581935703754425,-0.11069701611995697,-0.1357612907886505,0.011924805119633675,-0.03630245476961136,163.02423095703125,110.66474151611328,0.5,0.0,0.0,6.91426030243747e-05,0.0,0.5501819849014282,0.9228744506835938,0.0,0.0,0.0,0.0,139.99659729003906,0.0
0.73,1.3333334922790527,0.8660249044413022,-0.5000008648866852,1.0,0.0,1.0,1.0,-0.005506642162799835,-0.016971025615930557,0.2161775380373001,0.36299556493759155,-0.2942166328430176,-0.6007757186889648,-0.02960371971130371,0.020598717033863068,0.3247349262237549,-0.6087257266044617,-0.14235004782676697,-0.29103928804397583,1.1752426624298096,0.35554295778274536,-2.2690913677215576,2.341578245162964,-1.9803826808929443,-1.3848239183425903,-0.08865293860435486,-0.25392600893974304,2.7307991981506348,2.007580518722534,-1.715965986251831,-0.16823306679725647,0.4000000059604645,0.05000000074505806,-0.3100000023841858,0.49000000953674316,-0.20999999344348907,0.0,-0.587499737739563,-0.0874999463558197,0.3924998939037323,0.7524996399879456,-0.32999980449676514,0.0,1.3069868087768555,-0.38433775305747986,0.4629000723361969,-0.7583140730857849,1.4395291805267334,-0.40933340787887573,2.9798717498779297,1.4663947820663452,-0.5358971357345581,-0.2233656793832779,2.422398567199707,-1.067600965499878,0.026180095970630646,0.005101211369037628,-0.07154487073421478,-0.1402655392885208,-0.002560017164796591,-0.038808248937129974,179.91671752929688,104.92510986328125,0.5,0.0,0.0,6.587077223230153e-05,0.0,0.5701768398284912,0.8441646695137024,0.0,0.0,0.0,0.0,109.1523208618164,0.0
0.74,1.3444445133209229,0.8290373305565868,-0.559193262248043,1.0,0.0,1.0,1.0,-0.004649356007575989,-0.017904281616210938,0.21934174001216888,0.3609795570373535,-0.3010573387145996,-0.6041526794433594,-0.013378201983869076,0.01564137265086174,0.30561891198158264,-0.5292712450027466,-0.07370106130838394,-0.415783166885376,1.1877820491790771,0.351235568523407,-2.265761137008667,2.3339221477508545,-1.967686414718628,-1.3980439901351929,-0.060688555240631104,-0.23878832161426544,2.727123498916626,2.0047926902770996,-1.6919606924057007,-0.17792214453220367,0.4000000059604645,0.05000000074505806,-0.3100000023841858,0.49000000953674316,-0.20999999344348907,0.0,-0.5718256235122681,-0.0843651294708252,0.38560327887535095,0.7305558919906616,-0.31996840238571167,0.0,1.1635674238204956,-0.4412178695201874,0.32077181339263916,-0.7484908103942871,1.8035120964050293,-0.7488213777542114,2.7018160820007324,1.5407893657684326,-0.2608238160610199,-0.2944844961166382,2.4621505737304688,-0.7492298483848572,0.026264436542987823,0.0056534744799137115,-0.0014410157455131412,-0.14503636956214905,-0.01029909122735262,-0.041820503771305084,161.76795959472656,99.51644897460938,0.5,0.0,0.0,6.280561501625925e-05,0.0,0.5900171399116516,0.7076885104179382,0.0,0.0,0.0,0.0,106.09430694580078,0.0
0.75,1.3555556535720825,0.7880103744477579,-0.6156619606266936,1.0,0.0,1.0,1.0,-0.0038642361760139465,-0.018727630376815796,0.22230297327041626,0.3593135178089142,-0.30774545669555664,-0.6089224815368652,0.0029072267934679985,0.008083067834377289,0.28247568011283875,-0.4754796326160431,-0.002514876425266266,-0.5089308023452759,1.1993026733398438,0.3460732698440552,-2.2634499073028564,2.326280355453491,-1.9564290046691895,-1.4136682748794556,-0.03734052926301956,-0.22342796623706818,2.725255250930786,2.001272201538086,-1.6675270795822144,-0.20758970081806183,0.4000000059604645,0.05000000074505806,-0.3100000023841858,0.49000000953674316,-0.20999999344348907,0.0,-0.5552401542663574,-0.08104802668094635,0.37830567359924316,0.7073361873626709,-0.30935367941856384,0.0,1.0650602579116821,-0.5466005802154541,0.2576899826526642,-0.7813517451286316,1.5976190567016602,-1.1719423532485962,2.251742362976074,1.5733630657196045,0.15163803100585938,-0.31406059861183167,2.8068277835845947,0.02375166490674019,0.026365511119365692,0.006630763411521912,0.031009675934910774,-0.11181959509849548,-0.01014317199587822,-0.06228027492761612,168.5204620361328,82.9810562133789,0.5,0.0,0.0,5.96134050283581e-05,0.0,0.6099775433540344,0.5956982374191284,0.0,0.0,0.0,0.0,101.01174926757812,0.0
0.76,1.3666667938232422,0.743144290876379,-0.6691312000929592,1.0,0.0,1.0,1.0,-0.003115355968475342,-0.0194853525608778,0.2250213623046875,0.35799315571784973,-0.31406402587890625,-0.6143546104431152,0.020342033356428146,0.002560412511229515,0.25888022780418396,-0.41838863492012024,0.05585814267396927,-0.53880375623703,1.2093942165374756,0.3399808406829834,-2.2607996463775635,2.3191752433776855,-1.9466381072998047,-1.4272997379302979,-0.015816466882824898,-0.20802420377731323,2.7259161472320557,1.9977105855941772,-1.6457732915878296,-0.22005899250507355,0.4000000059604645,0.05000000074505806,-0.3100000023841858,0.49000000953674316,-0.20999999344348907,0.0,-0.5380658507347107,-0.07761316746473312,0.37074896693229675,0.6832921504974365,-0.298362135887146,0.0,0.9301364421844482,-0.627106249332428,0.3018639385700226,-0.7056743502616882,1.2881708145141602,-0.8360921144485474,2.003192186355591,1.4913913011550903,-0.1143304854631424,-0.44923314452171326,3.174530029296875,-4.491412162780762,0.026454515755176544,0.007456786930561066,0.031387072056531906,-0.10444562882184982,-0.012173313647508621,-0.06805182993412018,171.4379119873047,108.80311584472656,0.5,0.0,0.0,5.6487413530703634e-05,0.0,0.6311847567558289,0.5595518946647644,0.0,0.0,0.0,0.0,97.46949768066406,0.0
0.77,1.3777779340744019,0.6946576640377365,-0.7193404825210626,1.0,0.0,1.0,1.0,-0.0024157389998435974,-0.020218821242451668,0.22749653458595276,0.35702189803123474,-0.3200259208679199,-0.6203055381774902,0.03788309544324875,-0.0064020901918411255,0.23475578427314758,-0.36196234822273254,0.09070789068937302,-0.5589119791984558,1.2180005311965942,0.3326130211353302,-2.2574102878570557,2.3126027584075928,-1.9384971857070923,-1.4376201629638672,0.0028976949397474527,-0.1935807466506958,2.7273173332214355,1.9929885864257812,-1.6232199668884277,-0.23890039324760437,0.4000000059604645,0.05000000074505806,-0.3100000023841858,0.49000000953674316,-0.20999999344348907,0.0,-0.5206372141838074,-0.0741274431347847,0.36308038234710693,0.6588920950889587,-0.28720778226852417,0.0,0.737123966217041,-0.7887826561927795,0.3765389621257782,-0.6317083835601807,0.9406024813652039,-0.520513653755188,1.8624643087387085,1.4611912965774536,0.373121440410614,-0.46254050731658936,1.997316837310791,0.49737098813056946,0.02652471512556076,0.007974512875080109,0.026652570813894272,-0.13008277118206024,-0.014337746426463127,-0.04760528728365898,175.0788116455078,70.95796203613281,0.5,0.0,0.0,5.3443633078131825e-05,0.0,0.6523421406745911,0.5353870987892151,0.0,0.0,0.0,0.0,80.54020690917969,0.0
0.78,1.3888890743255615,0.6427867171424603,-0.7660451920514996,1.0,0.0,1.0,1.0,-0.0016937777400016785,-0.021030813455581665,0.22970685362815857,0.3562348186969757,-0.32546329498291016,-0.625859260559082,0.05548269674181938,-0.015805374830961227,0.21068191528320312,-0.3432101011276245,0.090558722615242,-0.4851573705673218,1.2246646881103516,0.32378920912742615,-2.2532341480255127,2.30643892288208,-1.9321990013122559,-1.4424166679382324,0.0199348796159029,-0.18000134825706482,2.7294256687164307,1.9865734577178955,-1.6105352640151978,-0.2586177587509155,0.4000000059604645,0.05000000074505806,-0.3100000023841858,0.49000000953674316,-0.20999999344348907,0.0,-0.5032937526702881,-0.07065874338150024,0.35544922947883606,0.634611189365387,-0.2761079668998718,0.0,0.5873413681983948,-0.9385528564453125,0.40835535526275635,-0.6247891187667847,0.729371964931488,-0.084159255027771,1.6151231527328491,1.237549901008606,0.19281449913978577,-0.6862754821777344,1.2159011363983154,-2.0319652557373047,0.026568792760372162,0.007768101990222931,0.010591870173811913,-0.1153644397854805,-0.010830722749233246,-0.05530213564634323,177.3834228515625,68.40261840820312,0.5,0.0,0.0,5.0708011258393526e-05,0.0,0.6732147932052612,0.6245303750038147,0.0,0.0,0.0,0.0,83.57394409179688,0.0
0.79,1.4000000953674316,0.5877847675202865,-0.8090173465823355,1.0,0.0,1.0,1.0,-0.0009140670299530029,-0.0220511294901371,0.2316276729106903,0.3555392026901245,-0.3303055763244629,-0.6299633979797363,0.0725892186164856,-0.022487033158540726,0.18664513528347015,-0.3399848937988281,0.03196174278855324,-0.3009648323059082,1.2293180227279663,0.3136540949344635,-2.249316692352295,2.3002407550811768,-1.9278509616851807,-1.4425764083862305,0.03573889285326004,-0.16853642463684082,2.7323391437530518,1.9792433977127075,-1.60877525806427,-0.2638024687767029,0.4000000059604645,0.05000000074505806,-0.3100000023841858,0.49000000953674316,-0.20999999344348907,0.0,-0.486372709274292,-0.0672745406627655,0.34800398349761963,0.6109218001365662,-0.26527851819992065,0.0,0.3400621712207794,-1.0509567260742188,0.3464448153972626,-0.6745476126670837,0.5770984888076782,-0.10037638247013092,1.5448085069656372,1.0585249662399292,0.2644924223423004,-0.743695855140686,-0.13385477662086487,-0.3737453520298004,0.02659524232149124,0.006786886602640152,0.009606093168258667,-0.07784241437911987,-0.006026171613484621,-0.04522379860281944,170.29348754882812,63.850555419921875,0.5,0.0,0.0,4.835842628381215e-05,0.0,0.6932453513145447,0.8343021869659424,0.0,0.0,0.0,0.0,77.61023712158203,0.0
0.8,1.4111112356185913,0.5299186008019895,-0.8480485107138988,1.0,0.0,1.0,1.0,1.798570156097412e-05,-0.023290470242500305,0.23322869837284088,0.3548542559146881,-0.33420515060424805,-0.6317830085754395,0.0893639549612999,-0.02634810470044613,0.16454240679740906,-0.31744125485420227,-0.0378945991396904,-0.08625169843435287,1.2307087182998657,0.302645742893219,-2.2462291717529297,2.2939581871032715,-1.9253554344177246,-1.4415957927703857,0.051388174295425415,-0.15868189930915833,2.7349374294281006,1.9716145992279053,-1.6188749074935913,-0.2565935254096985,0.4000000059604645,0.05000000074505806,-0.3100000023841858,0.49000000953674316,-0.20999999344348907,0.0,-0.47020334005355835,-0.0640406683087349,0.34088945388793945,0.5882846713066101,-0.2549301087856293,0.0,-0.02425573207437992,-1.122139811515808,0.2648537755012512,-0.6781166791915894,0.06535506248474121,0.005857881158590317,1.5621393918991089,0.9112907648086548,0.1690826714038849,-0.7812609076499939,-1.2236894369125366,0.5125252604484558,0.026623055338859558,0.005032695829868317,0.02680506370961666,-0.043702494353055954,-0.006108478177338839,-0.03469950705766678,171.98876953125,68.31222534179688,0.5,0.0,0.0,4.6600765926996246e-05,0.0,0.7127444744110107,0.9852314591407776,0.0,0.0,0.0,0.0,77.51512908935547,0.0
0.81,1.422222375869751,0.4694707103916907,-0.8829480460844348,1.0,0.0,1.0,1.0,0.0010893046855926514,-0.02471010573208332,0.23451989889144897,0.3542352020740509,-0.3371696472167969,-0.6314888000488281,0.10346919298171997,-0.03133871778845787,0.14059393107891083,-0.29960939288139343,-0.08222966641187668,0.07050910592079163,1.228811502456665,0.2909836769104004,-2.2441611289978027,2.2875261306762695,-1.9245250225067139,-1.4399381875991821,0.06536013633012772,-0.14985914528369904,2.7366530895233154,1.9652884006500244,-1.6478184461593628,-0.25021064281463623,0.4000000059604645,0.05000000074505806,-0.3100000023841858,0.49000000953674316,-0.20999999344348907,0.0,-0.4551007151603699,-0.0610201433300972,0.3342443108558655,0.5671409964561462,-0.2452644407749176,0.0,-0.30212244391441345,-1.1923696994781494,0.12692488729953766,-0.6607469916343689,-0.02594670280814171,0.32238656282424927,1.2799878120422363,0.658447265625,-0.3545762896537781,-0.22339758276939392,-1.954033613204956,-2.9358973503112793,0.026648513972759247,0.003401808440685272,0.05116691440343857,0.019469840452075005,-0.009130443446338177,-0.04576565697789192,167.72079467773438,165.04876708984375,0.5,0.0,0.0,4.535165862762369e-05,0.0,0.7287405133247375,0.9901062250137329,0.0,0.0,0.0,0.0,90.43890380859375,0.0
0.8200000000000001,1.433333396911621,0.4067362781379607,-0.913545620123308,1.0,0.0,1.0,1.0,0.002023056149482727,-0.02604648470878601,0.23556770384311676,0.35411718487739563,-0.3397955894470215,-0.6316184997558594,0.1087850034236908,-0.03426453471183777,0.11445453763008118,-0.226103276014328,0.05217694491147995,-0.08775299787521362,1.2256981134414673,0.2796178162097931,-2.2425482273101807,2.2819910049438477,-1.9235951900482178,-1.4386723041534424,0.07715504616498947,-0.14570364356040955,2.735145092010498,1.969125747680664,-1.6376527547836304,-0.24014587700366974,0.4000000059604645,0.05000000074505806,-0.3100000023841858,0.49000000953674316,-0.20999999344348907,0.0,-0.4413585960865021,-0.05827171728014946,0.32819777727127075,0.5479020476341248,-0.23646947741508484,0.0,-0.31200581789016724,-1.082651138305664,0.1986599862575531,-0.46655943989753723,0.19122029840946198,0.1546257734298706,1.0086199045181274,0.3193783760070801,0.10778381675481796,0.42435145378112793,1.0752872228622437,2.364988327026367,0.02674553543329239,0.004456698894500732,0.03740454837679863,0.019564663991332054,-0.02161714993417263,-0.03806919977068901,182.35842895507812,98.65676879882812,0.5,0.0,0.0,4.4029966375092044e-05,0.0,0.7345873117446899,0.9847168326377869,0.0,0.0,0.0,0.0,77.52867126464844,0.0
0.8300000000000001,1.4444446563720703,0.3420188920489531,-0.9396930762124444,1.0,0.0,1.0,1.0,0.0027095824480056763,-0.027125701308250427,0.23649586737155914,0.35465970635414124,-0.342531681060791,-0.633732795715332,0.11231879889965057,-0.036320172250270844,0.09676497429609299,-0.17857486009597778,0.1577432006597519,-0.22338256239891052,1.2234333753585815,0.2690073549747467,-2.2401809692382812,2.2777419090270996,-1.9221148490905762,-1.4350520372390747,0.08391302078962326,-0.14438235759735107,2.7380332946777344,1.9727473258972168,-1.6369248628616333,-0.2227586805820465,0.4000000059604645,0.05000000074505806,-0.3100000023841858,0.49000000953674316,-0.20999999344348907,0.0,-0.42924413084983826,-0.055848825722932816,0.32286742329597473,0.5309417843818665,-0.22871622443199158,0.0,-0.18780066072940826,-1.0320453643798828,0.27476364374160767,-0.3758258819580078,0.17486155033111572,0.4439988136291504,0.45257270336151123,0.0054839192889630795,0.44119319319725037,0.28286534547805786,0.16566255688667297,2.1547908782958984,0.026902668178081512,0.00551803782582283,0.02169560268521309,0.009472638368606567,-0.019557461142539978,-0.0016293730586767197,184.18206787109375,100.4173583984375,0.5,0.0,0.0,4.233989238855429e-05,0.0,0.738427996635437,0.9050188660621643,0.0,0.0,0.0,0.0,65.29938507080078,0.0
0.84,1.4555556774139404,0.2756366198184286,-0.9612619069822081,1.0,0.0,1.0,1.0,0.0032605156302452087,-0.02798381820321083,0.23731957376003265,0.3556225895881653,-0.34508371353149414,-0.6371908187866211,0.11443181335926056,-0.03785054013133049,0.0857023149728775,-0.09908237308263779,0.2213638424873352,-0.3019649386405945,1.2221224308013916,0.2590394616127014,-2.236182689666748,2.2741551399230957,-1.9217965602874756,-1.4275766611099243,0.08507687598466873,-0.14496661722660065,2.7435572147369385,1.9750401973724365,-1.6430433988571167,-0.2046385109424591,0.4000000059604645,0.05000000074505806,-0.3100000023841858,0.49000000953674316,-0.20999999344348907,0.0,-0.41899392008781433,-0.05379877984523773,0.31835731863975525,0.516591489315033,-0.2221560925245285,0.0,-0.11691445112228394,-0.946459174156189,0.4948138892650604,-0.3066246211528778,0.015735100954771042,0.8647475242614746,-0.04274376109242439,-0.09317038208246231,0.6356840133666992,0.18737202882766724,-0.583210825920105,2.038033962249756,0.02698230743408203,0.00662916898727417,-0.0013439643662422895,0.010459928773343563,-0.006130061112344265,0.002712725196033716,197.5341339111328,106.74358367919922,0.5,0.0,0.0,4.0592491131974384e-05,0.0,0.740676760673523,0.8332965970039368,0.0,0.0,0.0,0.0,59.235355377197266,0.0
0.85,1.4666666984558105,0.20791149544540746,-0.9781476422614608,1.0,0.0,1.0,1.0,0.0038248002529144287,-0.02864794433116913,0.23802892863750458,0.356559157371521,-0.34711122512817383,-0.6415724754333496,0.11542811244726181,-0.03990887105464935,0.08013119548559189,-0.014019478112459183,0.22815656661987305,-0.3937770426273346,1.2195883989334106,0.24876970052719116,-2.22934889793396,2.27154541015625,-1.9225080013275146,-1.4157408475875854,0.0831061378121376,-0.14600589871406555,2.750896453857422,1.9768043756484985,-1.6503804922103882,-0.1833338439464569,0.4000000059604645,0.05000000074505806,-0.3100000023841858,0.49000000953674316,-0.20999999344348907,0.0,-0.410806804895401,-0.052161358296871185,0.31475499272346497,0.5051295161247253,-0.21691633760929108,0.0,-0.3575729727745056,-1.0450174808502197,0.7975852489471436,-0.19882747530937195,-0.031292177736759186,1.220310091972351,-0.2731369435787201,-0.12389130890369415,0.7677489519119263,0.1664367914199829,-0.676767885684967,2.238847494125366,0.0270114466547966,0.0077681764960289,-0.005851085297763348,0.02110597863793373,-0.005428745411336422,0.008080479688942432,195.97698974609375,114.46939849853516,0.5,0.0,0.0,3.917379945050925e-05,0.0,0.7415768504142761,0.7333584427833557,0.0,0.0,0.0,0.0,72.44719696044922,0.0
0.86,1.4777779579162598,0.13917198013153623,-0.9902682262631004,1.0,0.0,1.0,1.0,0.004353664815425873,-0.02912984788417816,0.23865073919296265,0.3575030267238617,-0.3488750457763672,-0.6470518112182617,0.11449592560529709,-0.039734747260808945,0.07130396366119385,0.03916976973414421,0.28221431374549866,-0.49081480503082275,1.2165132761001587,0.23894819617271423,-2.221348524093628,2.269835948944092,-1.9228869676589966,-1.4048470258712769,0.0787210762500763,-0.14741642773151398,2.759869337081909,1.9775117635726929,-1.655545949935913,-0.1613175868988037,0.4000000059604645,0.05000000074505806,-0.3100000023841858,0.49000000953674316,-0.20999999344348907,0.0,-0.40484216809272766,-0.050968434661626816,0.31213054060935974,0.49677905440330505,-0.21309897303581238,0.0,-0.27528780698776245,-0.9247037172317505,0.8292739987373352,-0.1401519924402237,-0.021231863647699356,0.9834834337234497,-0.5287232398986816,-0.16065052151679993,0.954462468624115,0.016653308644890785,-0.34781548380851746,2.1462604999542236,0.027064405381679535,0.00875578448176384,0.001738846069201827,0.017031321302056313,-0.00627753185108304,0.009459267370402813,191.10145568847656,121.18457794189453,0.5,0.0,0.0,3.792125062318519e-05,0.0,0.7405334711074829,0.6176716089248657,0.0,0.0,0.0,0.0,70.26820373535156,0.0
0.87,1.4888889789581299,0.06975590920093978,-0.9975640897363689,1.0,1.0,1.0,1.0,0.00492442399263382,-0.029465582221746445,0.23915915191173553,0.35836511850357056,-0.35009002685546875,-0.6526904106140137,0.11186005920171738,-0.03572426363825798,0.06599057465791702,0.1020403653383255,0.24786491692066193,-0.4534752368927002,1.2126587629318237,0.22956688702106476,-2.211545944213867,2.268751621246338,-1.924303650856018,-1.3918380737304688,0.07372954487800598,-0.14825302362442017,2.768827438354492,1.978432297706604,-1.6604392528533936,-0.1370229870080948,0.4000000059604645,0.05000000074505806,-0.3100000023841858,0.49000000953674316,-0.20999999344348907,0.0,-0.4000000059604645,-0.05000000074505806,0.3100000023841858,0.49000000953674316,-0.20999999344348907,0.0,-0.46029871702194214,-0.9065437316894531,1.049062967300415,-0.06326346844434738,-0.14923302829265594,1.3415136337280273,-0.45812901854515076,-0.029101891443133354,0.8450353145599365,0.12752611935138702,-0.5038306713104248,2.546316385269165,0.027054302394390106,0.00977277010679245,-0.010358358733355999,0.019459759816527367,0.002287042560055852,0.012945644557476044,190.34405517578125,131.80369567871094,0.5,0.0,0.0,3.6986679333494976e-05,0.0,0.7379659414291382,0.6628016233444214,0.0,0.0,0.0,0.0,79.05325317382812,0.0
0.88,1.5000001192092896,-7.490140557442546e-07,-0.9999999999997194,1.0,1.0,1.0,1.0,0.005616076290607452,-0.029729679226875305,0.2395230531692505,0.3588951826095581,-0.3506617546081543,-0.6576633453369141,0.10713967680931091,-0.028703704476356506,0.05937938392162323,0.12386922538280487,0.18365360796451569,-0.4017629623413086,1.2063144445419312,0.22035759687423706,-2.200568914413452,2.2686729431152344,-1.9254285097122192,-1.3785302639007568,0.06986086070537567,-0.14827507734298706,2.7761785984039307,1.980596661567688,-1.6667325496673584,-0.10979747027158737,0.4000000059604645,0.05000000074505806,-0.3100000023841858,0.49000000953674316,-0.20999999344348907,0.0,-0.4000000059604645,-0.05000000074505806,0.3100000023841858,0.49000000953674316,-0.20999999344348907,0.0,-0.7194855213165283,-0.9123615026473999,1.104870319366455,0.04800250753760338,-0.041513025760650635,1.2589147090911865,-0.2989567816257477,0.0008968120673671365,0.6645981073379517,0.27495431900024414,-0.5852358341217041,2.915114164352417,0.02709203213453293,0.01092732697725296,-0.003867630148306489,0.02123669721186161,-0.008339582942426205,0.015472298488020897,180.27178955078125,142.3144073486328,0.5,0.0,0.0,3.649979043984786e-05,0.0,0.7332077026367188,0.7240991592407227,0.0,0.0,0.0,0.0,84.59159851074219,0.0
0.89,1.5111112594604492,-0.06975740357991274,-0.9975639852389365,1.0,1.0,1.0,1.0,0.0063358694314956665,-0.02992209792137146,0.2397729456424713,0.3593009412288666,-0.3508944511413574,-0.6620039939880371,0.09913559257984161,-0.019149240106344223,0.05085713416337967,0.13431812822818756,0.17151105403900146,-0.3461127281188965,1.198686122894287,0.21213974058628082,-2.1906793117523193,2.268808603286743,-1.9266010522842407,-1.3701311349868774,0.0665651187300682,-0.14748889207839966,2.782726764678955,1.983679175376892,-1.674799919128418,-0.0797814354300499,0.4000000059604645,0.05000000074505806,-0.3100000023841858,0.49000000953674316,-0.20999999344348907,0.0,-0.4000000059604645,-0.05000000074505806,0.3100000023841858,0.49000000953674316,-0.20999999344348907,0.0,-0.7710553407669067,-0.7550407648086548,0.9562703371047974,0.06382668018341064,-0.22720421850681305,0.6732968688011169,-0.28592440485954285,0.14820747077465057,0.6488431096076965,0.3262247145175934,-0.7862962484359741,3.048527717590332,0.0271308496594429,0.01222195103764534,0.02125886268913746,0.029516039416193962,-0.008527403697371483,0.02113611064851284,181.20912170410156,148.45285034179688,0.5,0.0,0.0,3.62196187779773e-05,0.0,0.7246127128601074,0.786952018737793,0.0,0.0,0.0,0.0,93.55021667480469,0.0
0.9,1.5222223997116089,-0.1391742053056483,-0.9902679135352922,0.0,1.0,1.0,1.0,0.006960421800613403,-0.02996109426021576,0.23995494842529297,0.35995975136756897,-0.3510284423828125,-0.6661057472229004,0.08833429217338562,-0.009033597074449062,0.041076697409152985,0.1287863552570343,0.2057589292526245,-0.3297656774520874,1.190844178199768,0.20568862557411194,-2.1820971965789795,2.269406318664551,-1.9275583028793335,-1.3642719984054565,0.06208419427275658,-0.14594927430152893,2.7901909351348877,1.986972689628601,-1.6847203969955444,-0.045404162257909775,0.36520645022392273,0.04304128885269165,-0.2946908473968506,0.4412890374660492,-0.18773211538791656,0.0,-0.4000000059604645,-0.05000000074505806,0.3100000023841858,0.49000000953674316,-0.20999999344348907,0.0,-0.7633052468299866,-0.5873211622238159,0.8162737488746643,0.10089563578367233,-0.12807925045490265,0.6488924026489258,-0.49857649207115173,0.16108255088329315,0.7867333889007568,0.32412034273147583,-0.9810513257980347,3.6437134742736816,0.027180247008800507,0.013679303228855133,0.03635565564036369,0.03265763446688652,-0.008488357998430729,0.023123573511838913,164.8245086669922,154.53111267089844,0.5,0.0,0.0,3.587299943319522e-05,0.0,0.7124108672142029,0.8045350313186646,0.0,0.0,0.0,0.0,108.6968994140625,0.0
0.91,1.533333420753479,-0.20791222809168317,-0.9781474865325537,0.0,1.0,1.0,1.0,0.007499858736991882,-0.02989998273551464,0.2400747686624527,0.3608540892601013,-0.3510618209838867,-0.6695713996887207,0.07953765988349915,0.00036016572266817093,0.033053383231163025,0.11497824639081955,0.1789829432964325,-0.2293960601091385,1.1837581396102905,0.2006330043077469,-2.175382137298584,2.2692484855651855,-1.9305728673934937,-1.3606199026107788,0.05600137636065483,-0.14446279406547546,2.797945261001587,1.9898921251296997,-1.6991251707077026,-0.01122056134045124,0.34802189469337463,0.03960438072681427,-0.28712964057922363,0.41723066568374634,-0.17673400044441223,0.0,-0.4000000059604645,-0.05000000074505806,0.3100000023841858,0.49000000953674316,-0.20999999344348907,0.0,-0.668897807598114,-0.44832155108451843,0.6296105980873108,-0.000560518354177475,-0.5168765783309937,0.17747575044631958,-0.6555101275444031,0.12412167340517044,0.7502905130386353,0.2943958640098572,-1.6696470975875854,3.556800603866577,0.0270828977227211,0.015196546912193298,0.050740279257297516,0.05329947546124458,0.007448016200214624,0.017466148361563683,167.876220703125,153.3876190185547,0.5,0.0,0.0,3.547001688275486e-05,0.0,0.7021716237068176,0.9001038670539856,0.0,0.0,0.0,0.0,107.2722396850586,0.0
0.92,1.5444445610046387,-0.2756380598154801,-0.961261494069724,0.0,1.0,1.0,1.0,0.008068040013313293,-0.029817748814821243,0.24009747803211212,0.3616204261779785,-0.3508138656616211,-0.6718826293945312,0.06999193131923676,0.009831519797444344,0.025791440159082413,0.09569261968135834,0.12456521391868591,-0.13615939021110535,1.1768991947174072,0.19653332233428955,-2.1679434776306152,2.270008087158203,-1.9329928159713745,-1.3524816036224365,0.049532316625118256,-0.14371833205223083,2.805189847946167,1.9937212467193604,-1.718265175819397,0.027254460379481316,0.33109036087989807,0.0362180694937706,-0.2796797454357147,0.39352649450302124,-0.16589781641960144,0.0,-0.4000000059604645,-0.05000000074505806,0.3100000023841858,0.49000000953674316,-0.20999999344348907,0.0,-0.6738358736038208,-0.38198861479759216,0.7543783783912659,0.11912465840578079,-0.16228431463241577,0.9946003556251526,-0.536935567855835,0.058842841535806656,0.7325810194015503,0.47596073150634766,-1.4330723285675049,3.936122417449951,0.02700246125459671,0.016894645988941193,-6.467535422416404e-05,0.09900477528572083,0.005963759962469339,0.04501805081963539,162.66845703125,177.284423828125,0.5,0.0,0.0,3.524305793689564e-05,0.0,0.6907293796539307,0.9636002779006958,0.0,0.0,0.0,0.0,115.6891860961914,0.0
0.93,1.5555557012557983,-0.3420210035780581,-0.9396923076791988,0.0,1.0,1.0,1.0,0.00861087441444397,-0.029736705124378204,0.2400500625371933,0.36232471466064453,-0.3504939079284668,-0.673072338104248,0.05905386060476303,0.01992287114262581,0.01920984871685505,0.06488948315382004,0.08722387999296188,-0.037298157811164856,1.1707732677459717,0.1934269219636917,-2.1611666679382324,2.271130084991455,-1.9350000619888306,-1.3425270318984985,0.04420345276594162,-0.14381831884384155,2.8113250732421875,1.9975234270095825,-1.7337433099746704,0.06239217892289162,0.3144947588443756,0.032898951321840286,-0.27237769961357117,0.37029266357421875,-0.15527664124965668,0.0,-0.4000000059604645,-0.05000000074505806,0.3100000023841858,0.49000000953674316,-0.20999999344348907,0.0,-0.5732131600379944,-0.2551858127117157,0.6157801151275635,0.10453929007053375,-0.22507764399051666,0.9595487713813782,-0.514324426651001,-0.03727591037750244,0.47137540578842163,0.3942577540874481,-1.633831262588501,2.6893444061279297,0.02692572772502899,0.018292568624019623,-0.007019721902906895,0.09340772032737732,0.011310774832963943,0.03646227344870567,173.32846069335938,189.40171813964844,0.5,0.0,0.0,3.507329893182032e-05,0.0,0.6772865653038025,0.9972215890884399,0.0,0.0,0.0,0.0,94.8134536743164,0.0
0.9400000000000001,1.5666667222976685,-0.40673696239635626,-0.9135453154718625,0.0,1.0,1.0,1.0,0.009103938937187195,-0.029609007760882378,0.23995068669319153,0.3630940914154053,-0.35013246536254883,-0.6733269691467285,0.0482114739716053,0.030775858089327812,0.012057468295097351,0.03321995958685875,0.07247156649827957,0.033404361456632614,1.166048288345337,0.19185127317905426,-2.15609073638916,2.2721407413482666,-1.9374372959136963,-1.3338801860809326,0.03792714327573776,-0.14519362151622772,2.814800500869751,1.9998321533203125,-1.7546870708465576,0.08702539652585983,0.29831573367118835,0.029663143679499626,-0.26525890827178955,0.3476420044898987,-0.14492204785346985,0.0,-0.4000000059604645,-0.05000000074505806,0.3100000023841858,0.49000000953674316,-0.20999999344348907,0.0,-0.3999885022640228,-0.08808789402246475,0.4513399004936218,0.12809361517429352,-0.20284950733184814,0.8637295365333557,-0.6108341217041016,-0.18180665373802185,0.2818840742111206,0.16799640655517578,-1.9353795051574707,3.61008882522583,0.026794321835041046,0.01948944479227066,-0.018303807824850082,0.0403435118496418,0.012423272244632244,-0.011451366357505322,169.38685607910156,164.40696716308594,0.5,0.0,0.0,3.4892873372882605e-05,0.0,0.6635705828666687,0.9977707862854004,0.0,0.0,0.0,0.0,88.95927429199219,0.0
0.9500000000000001,1.5777779817581177,-0.46947269441199835,-0.8829469911617222,0.0,1.0,1.0,1.0,0.00954560935497284,-0.02942529320716858,0.2397976517677307,0.3638060688972473,-0.3498244285583496,-0.673041820526123,0.037131696939468384,0.04084145650267601,0.006000082939863205,0.011115597561001778,0.040119949728250504,0.05724423751235008,1.1618918180465698,0.19114862382411957,-2.152423620223999,2.2734358310699463,-1.9396600723266602,-1.3268418312072754,0.03153412789106369,-0.14741255342960358,2.816997528076172,2.0018115043640137,-1.7762240171432495,0.11026319861412048,0.28263166546821594,0.026526331901550293,-0.2583579421043396,0.3256843388080597,-0.13488426804542542,0.0,-0.4000000059604645,-0.05000000074505806,0.3100000023841858,0.49000000953674316,-0.20999999344348907,0.0,-0.4610408842563629,-0.02385057881474495,0.3167394995689392,0.17704984545707703,-0.14462585747241974,-0.33458250761032104,-0.5814559459686279,-0.21845191717147827,0.2552182078361511,0.11235498636960983,-1.8393335342407227,4.6504106521606445,0.026693709194660187,0.02061837911605835,-0.015219192951917648,0.027104327455163002,0.0022851740941405296,-0.026388652622699738,156.57601928710938,167.03167724609375,0.5,0.0,0.0,3.471539821475744e-05,0.0,0.6493196487426758,0.9934675693511963,0.0,0.0,0.0,0.0,95.77174377441406,0.0
0.96,1.5888890027999878,-0.5299198712019053,-0.8480477168799855,0.0,1.0,1.0,1.0,0.009927600622177124,-0.029163002967834473,0.23960770666599274,0.3643607199192047,-0.3496875762939453,-0.6727628707885742,0.024930737912654877,0.04905962571501732,0.0014350884594023228,-0.0014985253801569343,0.041560206562280655,0.03385283052921295,1.1572555303573608,0.19096532464027405,-2.150312662124634,2.2753350734710693,-1.9405971765518188,-1.323888897895813,0.025247152894735336,-0.15005290508270264,2.8214914798736572,2.0044476985931396,-1.7918211221694946,0.14135758578777313,0.26752007007598877,0.02350400947034359,-0.25170883536338806,0.3045280873775482,-0.12521281838417053,0.0,-0.4000000059604645,-0.05000000074505806,0.3100000023841858,0.49000000953674316,-0.20999999344348907,0.0,-0.45769593119621277,0.001172446645796299,0.17955803871154785,0.19907979667186737,-0.051068246364593506,0.24259883165359497,-0.6608872413635254,-0.30593737959861755,0.5776956677436829,0.28499582409858704,-1.2816754579544067,3.680518865585327,0.02669581025838852,0.021727539598941803,0.01699095405638218,0.12184958159923553,-0.00042316524195484817,0.04496052488684654,165.4579315185547,173.83616638183594,0.5,0.0,0.0,3.4535365557530895e-05,0.0,0.6336901187896729,0.9977105855941772,0.0,0.0,0.0,0.0,97.12042999267578,0.0
0.97,1.6000001430511475,-0.5877859794503564,-0.8090164660633214,0.0,1.0,1.0,1.0,0.01020309329032898,-0.028758639469742775,0.23942597210407257,0.36490797996520996,-0.34981441497802734,-0.6729722023010254,0.01279374212026596,0.05697803199291229,-0.0019959192723035812,-0.007308071944862604,0.06515128910541534,-0.021811893209815025,1.1531336307525635,0.19138386845588684,-2.148904800415039,2.27765154838562,-1.9411053657531738,-1.3220146894454956,0.01744435727596283,-0.1538829505443573,2.8284730911254883,2.006809949874878,-1.8041188716888428,0.18156491219997406,0.2530534267425537,0.020610688254237175,-0.24534350633621216,0.2842748165130615,-0.1159541979432106,0.0,-0.4000000059604645,-0.05000000074505806,0.3100000023841858,0.49000000953674316,-0.20999999344348907,0.0,-0.3843221366405487,0.06683210283517838,0.13837267458438873,0.25711989402770996,0.0016006669029593468,0.21705898642539978,-0.8274305462837219,-0.439964234828949,0.7391462922096252,0.20166635513305664,-1.0429084300994873,4.086557865142822,0.02672869712114334,0.022844873368740082,0.014775645919144154,0.12402135878801346,-0.002835553139448166,0.0535140223801136,165.56939697265625,169.70748901367188,0.5,0.0,0.0,3.4253313060617074e-05,0.0,0.6180210113525391,0.9990489482879639,0.0,0.0,0.0,0.0,100.66344451904297,0.0
0.98,1.6111112833023071,-0.6427884384766878,-0.7660437476807063,0.0,1.0,1.0,1.0,0.010401412844657898,-0.02821662649512291,0.23925134539604187,0.36537593603134155,-0.3501300811767578,-0.6737160682678223,0.0021250529680401087,0.06319653987884521,-0.003381984308362007,-0.0023700143210589886,0.06797876209020615,-0.06892181932926178,1.1495170593261719,0.19206684827804565,-2.1472668647766113,2.280305862426758,-1.9416486024856567,-1.31947660446167,0.008787102065980434,-0.15890440344810486,2.836275815963745,2.0083017349243164,-1.8134726285934448,0.22300618886947632,0.23930275440216064,0.017860550433397293,-0.23929321765899658,0.2650238573551178,-0.1071537584066391,0.0,-0.4000000059604645,-0.05000000074505806,0.3100000023841858,0.49000000953674316,-0.20999999344348907,0.0,-0.34269723296165466,0.06878777593374252,0.1826094686985016,0.2629513442516327,-0.08065927028656006,0.31999772787094116,-0.8740767240524292,-0.5488549470901489,0.7781088948249817,0.11824434995651245,-0.8006681203842163,4.103176116943359,0.026749350130558014,0.023806773126125336,0.009863496758043766,0.11789324879646301,0.004010642413049936,0.06200478971004486,174.2447052001953,164.9209747314453,0.5,0.0,0.0,3.3931468351511285e-05,0.0,0.6042625308036804,0.9905445575714111,0.0,0.0,0.0,0.0,94.1429672241211,0.0
0.99,1.6222224235534668,-0.69465928042438,-0.7193389215941834,0.0,1.0,1.0,1.0,0.010596290230751038,-0.027581073343753815,0.23906801640987396,0.3655685782432556,-0.3504652976989746,-0.6747069358825684,-0.00699678435921669,0.06898312270641327,-0.0036727855913341045,0.004737066570669413,0.03303436189889908,-0.09595844149589539,1.1461708545684814,0.19248610734939575,-2.144646644592285,2.2829740047454834,-1.9433013200759888,-1.3150054216384888,0.00047433434519916773,-0.16488394141197205,2.843475818634033,2.0092251300811768,-1.820185899734497,0.2627584934234619,0.22633516788482666,0.015267033129930496,-0.23358747363090515,0.24686923623085022,-0.09885449707508087,0.0,-0.4000000059604645,-0.05000000074505806,0.3100000023841858,0.49000000953674316,-0.20999999344348907,0.0,-0.3704303205013275,0.05595280975103378,0.2576664686203003,0.31487488746643066,-0.05573179945349693,0.34457188844680786,-0.7805956602096558,-0.6263116598129272,0.6853930354118347,0.08861278742551804,-0.5428348183631897,3.955598831176758,0.026696249842643738,0.02457766979932785,0.0038968981243669987,0.10958553105592728,0.0011835962068289518,0.06689440459012985,167.99513244628906,164.45262145996094,0.5,0.0,0.0,3.371866114321165e-05,0.0,0.5923788547515869,0.9817524552345276,0.0,0.0,0.0,0.0,85.80306243896484,0.0
1.0,1.633333444595337,-0.7431452932528932,-0.6691300868411698,0.0,1.0,1.0,1.0,0.010857433080673218,-0.026890486478805542,0.23884867131710052,0.365249365568161,-0.350710391998291,-0.67578125,-0.015788055956363678,0.07438892871141434,-0.002174774184823036,0.019920796155929565,-0.018165748566389084,-0.11661406606435776,1.1417397260665894,0.1926720142364502,-2.1414222717285156,2.286310911178589,-1.9441626071929932,-1.3125512599945068,-0.006812475621700287,-0.17108789086341858,2.850038528442383,2.0101466178894043,-1.8252803087234497,0.30278506875038147,0.21421362459659576,0.012842722237110138,-0.22825399041175842,0.2298990786075592,-0.09109671413898468,0.0,-0.4000000059604645,-0.05000000074505806,0.3100000023841858,0.49000000953674316,-0.20999999344348907,0.0,-0.48268282413482666,0.01902199164032936,0.3802776336669922,0.3285254240036011,-0.18291546404361725,-0.8293098211288452,-0.6831844449043274,-0.6094531416893005,0.6446142196655273,0.08627498894929886,-0.4601762592792511,4.060488700866699,0.026692308485507965,0.02524561434984207,-0.011705700308084488,0.11518174409866333,0.0025323680602014065,0.07202024012804031,182.68067932128906,164.14453125,0.5,0.0,0.0,3.375373125891201e-05,0.0,0.5809200406074524,0.9731688499450684,0.0,0.0,0.0,0.0,84.24332427978516,0.0
1.01,1.6444445848464966,-0.7880112967257991,-0.6156607801643084,0.0,1.0,1.0,1.0,0.01118515431880951,-0.02615007758140564,0.2385939210653305,0.3644630014896393,-0.35082292556762695,-0.6767840385437012,-0.024554245173931122,0.08012023568153381,-0.0023905374109745026,0.02812994457781315,-0.061715804040431976,-0.12010657042264938,1.1365854740142822,0.1926930695772171,-2.137991428375244,2.289917230606079,-1.945072889328003,-1.3114122152328491,-0.013316857628524303,-0.17722076177597046,2.8559834957122803,2.0110061168670654,-1.830208659172058,0.34274885058403015,0.20299707353115082,0.010599412024021149,-0.22331871092319489,0.21419590711593628,-0.08391812443733215,0.0,-0.4000000059604645,-0.05000000074505806,0.3100000023841858,0.49000000953674316,-0.20999999344348907,0.0,-0.5287041068077087,0.01429061871021986,0.2949441969394684,0.3162248730659485,-0.08868254721164703,-0.11189287900924683,-0.6020742654800415,-0.5981584191322327,0.588509738445282,0.09280028194189072,-0.43125495314598083,4.0892133712768555,0.026699088513851166,0.025848008692264557,0.03581870347261429,0.11888329684734344,0.0012324246345087886,0.07657185196876526,162.65626525878906,163.36036682128906,0.5,0.0,0.0,3.403553273528814e-05,0.0,0.5694109797477722,0.9715610146522522,0.0,0.0,0.0,0.0,74.95002746582031,0.0
1.02,1.6555557250976562,-0.8290381682428842,-0.5591920203261874,0.0,1.0,1.0,1.0,0.011588618159294128,-0.025365857407450676,0.2382911592721939,0.36320334672927856,-0.3507685661315918,-0.6776261329650879,-0.0323018953204155,0.08633024245500565,-0.002766071818768978,0.04029890522360802,-0.11626242101192474,-0.11741866171360016,1.1308585405349731,0.19262820482254028,-2.134477138519287,2.293811559677124,-1.9462294578552246,-1.31211519241333,-0.019209878519177437,-0.18293611705303192,2.861586093902588,2.011874198913574,-1.8360402584075928,0.38359805941581726,0.19274045526981354,0.008548088371753693,-0.21880578994750977,0.1998366415500641,-0.07735387980937958,0.0,-0.4000000059604645,-0.05000000074505806,0.3100000023841858,0.49000000953674316,-0.20999999344348907,0.0,-0.5849176645278931,0.004942048341035843,0.4210863709449768,0.4149528443813324,-0.09260937571525574,-0.13459759950637817,-0.5494825839996338,-0.5461330413818359,0.553454577922821,0.09337039291858673,-0.5960322022438049,4.187828063964844,0.0267241969704628,0.02642982453107834,0.015000137500464916,0.13034075498580933,-0.004179500509053469,0.07714887708425522,193.93896484375,162.58309936523438,0.5,0.0,0.0,3.4586351830512285e-05,0.0,0.5590052008628845,0.9728024005889893,0.0,0.0,0.0,0.0,77.11970520019531,0.0
1.03,1.6666667461395264,-0.8660256534556827,-0.4999995675564705,0.0,1.0,1.0,1.0,0.012073084712028503,-0.02455025166273117,0.23792964220046997,0.3614816665649414,-0.3505067825317383,-0.6781787872314453,-0.039583079516887665,0.09186772257089615,-0.003798007033765316,0.05000685155391693,-0.16935330629348755,-0.10557262599468231,1.1246116161346436,0.19251549243927002,-2.1306352615356445,2.298016309738159,-1.9475250244140625,-1.3139418363571167,-0.024466075003147125,-0.1881212443113327,2.8667874336242676,2.0128517150878906,-1.8431274890899658,0.4260364770889282,0.18349355459213257,0.0066987089812755585,-0.2147371619939804,0.18689098954200745,-0.07143586874008179,0.0,-0.4000000059604645,-0.05000000074505806,0.3100000023841858,0.49000000953674316,-0.20999999344348907,0.0,-0.6261695027351379,0.00045546703040599823,0.45256340503692627,0.4424603581428528,-0.1104794591665268,-0.31857284903526306,-0.510401725769043,-0.4980461001396179,0.4541669487953186,0.07321744412183762,-0.8482455015182495,3.9986331462860107,0.026750408113002777,0.027003325521945953,0.01625470258295536,0.13169239461421967,-0.004536012653261423,0.06926704198122025,197.7484893798828,158.90550231933594,0.5,0.0,0.0,3.5431203286862e-05,0.0,0.549262285232544,0.9779554605484009,0.0,0.0,0.0,0.0,73.244140625,0.0
1.04,1.677777886390686,-0.8987943454587837,-0.4383705334204345,0.0,1.0,1.0,1.0,0.012615159153938293,-0.023731686174869537,0.2375066727399826,0.3593648374080658,-0.35010671615600586,-0.6783747673034668,-0.045533664524555206,0.09620735049247742,-0.007395338267087936,0.04629579931497574,-0.214303120970726,-0.08522961288690567,1.1186416149139404,0.19260244071483612,-2.1270508766174316,2.302419900894165,-1.9488661289215088,-1.3172903060913086,-0.02895873785018921,-0.1932029128074646,2.8709402084350586,2.0138461589813232,-1.8511441946029663,0.467266708612442,0.17530134320259094,0.005060266703367233,-0.21113258600234985,0.17542189359664917,-0.06619285047054291,0.0,-0.4000000059604645,-0.05000000074505806,0.3100000023841858,0.49000000953674316,-0.20999999344348907,0.0,-0.5599854588508606,0.04399537295103073,0.42085087299346924,0.4298366904258728,-0.08670071512460709,-0.756420373916626,-0.4112866520881653,-0.5176395177841187,0.34741175174713135,0.09548600018024445,-0.8387786746025085,4.12730598449707,0.026780515909194946,0.027515552937984467,0.01301612053066492,0.12940222024917603,-0.004023535177111626,0.06724215298891068,190.84027099609375,154.90745544433594,0.5,0.0,0.0,3.653130625025369e-05,0.0,0.5413303375244141,0.985576868057251,0.0,0.0,0.0,0.0,64.9641342163086,0.0
1.05,1.6888890266418457,-0.9271841787986933,-0.3746057909127841,0.0,1.0,1.0,1.0,0.013175904750823975,-0.022915732115507126,0.2370336949825287,0.3570900559425354,-0.3495211601257324,-0.6778731346130371,-0.05281732976436615,0.10039141774177551,-0.01203729398548603,0.03751368820667267,-0.24416369199752808,-0.0020268037915229797,1.1143049001693726,0.19272424280643463,-2.123579978942871,2.3066914081573486,-1.9518585205078125,-1.3176583051681519,-0.03275495767593384,-0.19900543987751007,2.8730742931365967,2.0149972438812256,-1.8597753047943115,0.5048248767852783,0.1682039499282837,0.0036407895386219025,-0.208009734749794,0.16548553109169006,-0.06165051460266113,0.0,-0.4000000059604645,-0.05000000074505806,0.3100000023841858,0.49000000953674316,-0.20999999344348907,0.0,-0.3802448511123657,0.07299977540969849,0.34483155608177185,0.36196407675743103,-0.42932865023612976,-0.0063034240156412125,-0.36828118562698364,-0.6257749199867249,0.08783632516860962,0.12689299881458282,-0.9169611930847168,3.3747260570526123,0.026843853294849396,0.02795809507369995,0.005430509336292744,0.11812576651573181,0.016239140182733536,0.0624547004699707,177.41934204101562,149.75250244140625,0.5,0.0,0.0,3.782088606385514e-05,0.0,0.531862199306488,0.999991774559021,0.0,0.0,0.0,0.0,58.50782775878906,0.0
1.06,1.7000000476837158,-0.9510566088783396,-0.3090167094330548,0.0,1.0,1.0,1.0,0.013735003769397736,-0.02211085520684719,0.2364802062511444,0.35472050309181213,-0.34876441955566406,-0.6764726638793945,-0.05965086817741394,0.10583506524562836,-0.02015364170074463,0.02056722529232502,-0.2789285182952881,0.07073892652988434,1.1101795434951782,0.19421088695526123,-2.121040105819702,2.311275005340576,-1.9538401365280151,-1.3194453716278076,-0.03596752882003784,-0.20618118345737457,2.8717894554138184,2.0164358615875244,-1.8695930242538452,0.5329806804656982,0.16223584115505219,0.002447165548801422,-0.2053837776184082,0.1571301817893982,-0.05783092975616455,0.0,-0.4000000059604645,-0.05000000074505806,0.3100000023841858,0.49000000953674316,-0.20999999344348907,0.0,-0.4259289801120758,0.18529458343982697,0.20796939730644226,0.3790135681629181,-0.13987672328948975,-0.35201916098594666,-0.29651984572410583,-0.7550389170646667,-0.20873114466667175,0.15248583257198334,-0.9468201994895935,2.747739315032959,0.026824720203876495,0.028376713395118713,0.016429319977760315,0.09351199120283127,0.008192562498152256,0.05164443701505661,175.4814910888672,155.43243408203125,0.5,0.0,0.0,3.928131627617404e-05,0.0,0.5226619839668274,0.9900419116020203,0.0,0.0,0.0,0.0,55.365665435791016,0.0
1.07,1.7111111879348755,-0.9702958430510862,-0.24192142723988358,0.0,1.0,1.0,1.0,0.014253921806812286,-0.021286260336637497,0.23585247993469238,0.3523787558078766,-0.3479042053222656,-0.6743450164794922,-0.06675976514816284,0.11223692446947098,-0.028899064287543297,0.007665527984499931,-0.29023435711860657,0.13175612688064575,1.1063978672027588,0.19664184749126434,-2.1197094917297363,2.316234827041626,-1.9553437232971191,-1.3214150667190552,-0.038336802273988724,-0.21435801684856415,2.867828845977783,2.0180904865264893,-1.87785005569458,0.5549786686897278,0.15742601454257965,0.0014852024614810944,-0.20326745510101318,0.1503964364528656,-0.0547526478767395,0.0,-0.4000000059604645,-0.05000000074505806,0.3100000023841858,0.49000000953674316,-0.20999999344348907,0.0,-0.35717010498046875,0.28626132011413574,0.06138448417186737,0.4298657476902008,-0.054364144802093506,0.7265727519989014,-0.21227407455444336,-0.8444207310676575,-0.49188899993896484,0.17717374861240387,-0.7319262623786926,1.9961369037628174,0.02683364599943161,0.028652451932430267,0.030683595687150955,0.05996958166360855,0.004383122082799673,0.045706573873758316,172.43492126464844,156.80718994140625,0.5,0.0,0.0,4.083535532117821e-05,0.0,0.512924075126648,0.9658764600753784,0.0,0.0,0.0,0.0,51.582115173339844,0.0
1.08,1.7222223281860352,-0.9848078686252573,-0.17364752199146966,0.0,1.0,1.0,1.0,0.014701195061206818,-0.020382968708872795,0.23515740036964417,0.35020098090171814,-0.3469662666320801,-0.6717848777770996,-0.07402218878269196,0.1193646714091301,-0.03764616698026657,0.006316112354397774,-0.2793160378932953,0.16330783069133759,1.1035277843475342,0.200424924492836,-2.1194076538085938,2.321594715118408,-1.956477165222168,-1.32331120967865,-0.039950426667928696,-0.22328349947929382,2.8618180751800537,2.0199923515319824,-1.8824406862258911,0.5720884203910828,0.15379804372787476,0.000759609043598175,-0.20167113840579987,0.14531725645065308,-0.052430734038352966,0.0,-0.4000000059604645,-0.05000000074505806,0.3100000023841858,0.49000000953674316,-0.20999999344348907,0.0,-0.26061153411865234,0.4429485499858856,0.015407070517539978,0.45396125316619873,0.05245944857597351,0.6110662221908569,-0.14744259417057037,-0.9097561836242676,-0.6591212153434753,0.19648467004299164,-0.28087931871414185,1.5254830121994019,0.02682802826166153,0.028761275112628937,0.015969011932611465,0.03283045068383217,0.008148650638759136,0.0521538108587265,157.740478515625,149.70654296875,0.5,0.0,0.0,4.2406772990943864e-05,0.0,0.5028322339057922,0.9480586647987366,0.0,0.0,0.0,0.0,51.222530364990234,0.0
1.09,1.7333335876464844,-0.9945220623926851,-0.104526874124312,0.0,1.0,1.0,1.0,0.015078991651535034,-0.01934664323925972,0.23439426720142365,0.3481830060482025,-0.3459286689758301,-0.6691980361938477,-0.08038432896137238,0.12643444538116455,-0.04592560604214668,0.023424310609698296,-0.26417896151542664,0.15583720803260803,1.1014212369918823,0.20543283224105835,-2.1193466186523438,2.327547550201416,-1.9573131799697876,-1.3244531154632568,-0.04109910875558853,-0.2323191910982132,2.854759454727173,2.022024154663086,-1.882651686668396,0.5861037373542786,0.15136946737766266,0.00027389079332351685,-0.20060256123542786,0.14191725850105286,-0.05087645351886749,0.0,-0.4000000059604645,-0.05000000074505806,0.3100000023841858,0.49000000953674316,-0.20999999344348907,0.0,-0.2069285660982132,0.5638015866279602,0.022603332996368408,0.4960649013519287,0.14579281210899353,0.3548770546913147,-0.14564383029937744,-0.8788822293281555,-0.7208278775215149,0.1925753802061081,0.02274722047150135,1.3125931024551392,0.026806816458702087,0.02871043235063553,0.004998457618057728,0.010315614752471447,0.012436846271157265,0.056469451636075974,158.79441833496094,155.240234375,0.5,0.0,0.0,4.4007298129145056e-05,0.0,0.4937809705734253,0.9525902271270752,0.0,0.0,0.0,0.0,53.32564163208008,0.0
1.1,1.7444446086883545,-0.9993908630339691,-0.03489846535621215,0.0,1.0,1.0,1.0,0.015394188463687897,-0.018171552568674088,0.23355689644813538,0.34624218940734863,-0.344815731048584,-0.6668424606323242,-0.08653596043586731,0.13231255114078522,-0.05436570942401886,0.03858696296811104,-0.2520660161972046,0.1334185004234314,1.0996694564819336,0.21130956709384918,-2.1193575859069824,2.3341166973114014,-1.9580124616622925,-1.325210690498352,-0.042489342391490936,-0.2406046837568283,2.848649024963379,2.0240957736968994,-1.8801347017288208,0.6025189757347107,0.1501522958278656,3.045797348022461e-05,-0.20006701350212097,0.1402132213115692,-0.05009746551513672,0.0,-0.4000000059604645,-0.05000000074505806,0.3100000023841858,0.49000000953674316,-0.20999999344348907,0.0,-0.19063158333301544,0.6275885105133057,0.01290392130613327,0.5614318251609802,0.1523125171661377,0.48790162801742554,-0.1467304527759552,-0.7806814312934875,-0.5799113512039185,0.20834356546401978,0.3527912199497223,1.6656113862991333,0.026781171560287476,0.028602220118045807,0.004523192998021841,0.02075718343257904,0.011594652198255062,0.07451069355010986,165.4084014892578,150.22293090820312,0.5,0.0,0.0,4.566849020193331e-05,0.0,0.4852641224861145,0.9650252461433411,0.0,0.0,0.0,0.0,57.986724853515625,0.0
1.11,1.7555557489395142,-0.9993907846131228,0.03490071102953684,0.0,1.0,1.0,1.0,0.015639811754226685,-0.016859950497746468,0.2326546162366867,0.3443368673324585,-0.3436880111694336,-0.664970874786377,-0.09219372272491455,0.1363142877817154,-0.062488481402397156,0.05712352693080902,-0.2269410938024521,0.07886964082717896,1.0980007648468018,0.21770554780960083,-2.1193675994873047,2.3412246704101562,-1.9588285684585571,-1.3266725540161133,-0.04378119483590126,-0.24779954552650452,2.8437976837158203,2.026155710220337,-1.873714804649353,0.6213971972465515,0.15030452609062195,6.090477108955383e-05,-0.20013399422168732,0.14042633771896362,-0.050194889307022095,0.0,-0.4000000059604645,-0.05000000074505806,0.3100000023841858,0.49000000953674316,-0.20999999344348907,0.0,-0.17460383474826813,0.6686366200447083,-0.013001851737499237,0.6220571994781494,0.029654622077941895,0.24250882863998413,-0.14381393790245056,-0.6781790256500244,-0.47765904664993286,0.2038366198539734,0.7453567981719971,1.715241551399231,0.026758842170238495,0.028400301933288574,0.006602814421057701,0.01177234947681427,0.009555842727422714,0.08736065775156021,173.44346618652344,147.47125244140625,0.5,0.0,0.0,4.738231291412376e-05,0.0,0.4778062403202057,0.9876362085342407,0.0,0.0,0.0,0.0,58.432281494140625,0.0
1.12,1.7666668891906738,-0.9945217492198296,0.10452985376785916,0.0,1.0,1.0,1.0,0.01579532027244568,-0.015435697510838509,0.23169741034507751,0.3424464464187622,-0.3426661491394043,-0.6637969017028809,-0.09693504869937897,0.1382104605436325,-0.07100579887628555,0.06642211228609085,-0.20242628455162048,0.012813840061426163,1.0967381000518799,0.22426088154315948,-2.119175910949707,2.3487279415130615,-1.959670901298523,-1.3276201486587524,-0.044804397970438004,-0.25405722856521606,2.839336395263672,2.0278358459472656,-1.863186240196228,0.6368807554244995,0.15273165702819824,0.0005463287234306335,-0.201201930642128,0.14382433891296387,-0.051748260855674744,0.0,-0.4000000059604645,-0.05000000074505806,0.3100000023841858,0.49000000953674316,-0.20999999344348907,0.0,-0.11728315055370331,0.6633602380752563,0.046575117856264114,0.6214193105697632,0.16887345910072327,0.41258636116981506,-0.10022871196269989,-0.5849398970603943,-0.4415793716907501,0.16456599533557892,1.1967748403549194,1.3078066110610962,0.02672741562128067,0.028041549026966095,-0.0017563907895237207,-0.011340396478772163,0.015653373673558235,0.09289336204528809,168.45559692382812,139.47055053710938,0.5,0.0,0.0,4.9090271204477176e-05,0.0,0.47195711731910706,0.9996716976165771,0.0,0.0,0.0,0.0,55.74100112915039,0.0
1.1300000000000001,1.777777910232544,-0.9848076084952826,0.1736489972611481,0.0,1.0,1.0,1.0,0.0158504918217659,-0.013950860127806664,0.2306903600692749,0.34053194522857666,-0.34183549880981445,-0.6632518768310547,-0.10138635337352753,0.1379784345626831,-0.07848027348518372,0.06792303174734116,-0.19340161979198456,-0.03684605658054352,1.0959961414337158,0.23039434850215912,-2.1187853813171387,2.3563880920410156,-1.9609721899032593,-1.3268986940383911,-0.04570401832461357,-0.2595372796058655,2.8357303142547607,2.029161214828491,-1.8494497537612915,0.650959312915802,0.15753856301307678,0.0015077106654644012,-0.20331697165966034,0.15055400133132935,-0.05482468008995056,0.0,-0.4000000059604645,-0.05000000074505806,0.3100000023841858,0.49000000953674316,-0.20999999344348907,0.0,-0.06318016350269318,0.5652289986610413,0.00120505690574646,0.7296452522277832,-0.27536866068840027,0.004639707505702972,-0.0990302637219429,-0.5116302967071533,-0.3576466739177704,0.12527072429656982,1.3763678073883057,1.187200665473938,0.02669641375541687,0.027564331889152527,-0.02337571606040001,-0.018070951104164124,0.0100827906280756,0.09513635188341141,197.14610290527344,140.21853637695312,0.5,0.0,0.0,5.075750596006401e-05,0.0,0.4670087993144989,0.9972884058952332,0.0,0.0,0.0,0.0,58.78593063354492,0.0
1.1400000000000001,1.7888890504837036,-0.9702954806448982,0.2419228807700631,0.0,1.0,1.0,1.0,0.01587696373462677,-0.012454431504011154,0.22964391112327576,0.33837446570396423,-0.3410983085632324,-0.6631932258605957,-0.10369797796010971,0.13616010546684265,-0.0821351706981659,0.07443759590387344,-0.21536415815353394,-0.09347101300954819,1.094905138015747,0.23557527363300323,-2.118586778640747,2.3638741970062256,-1.9631773233413696,-1.327579379081726,-0.0465606190264225,-0.26447269320487976,2.8317694664001465,2.029958724975586,-1.8353166580200195,0.6596167087554932,0.1646316945552826,0.0029263384640216827,-0.20643794536590576,0.16048437356948853,-0.05936427414417267,0.0,-0.4000000059604645,-0.05000000074505806,0.3100000023841858,0.49000000953674316,-0.20999999344348907,0.0,-0.1425849050283432,0.4868335425853729,-0.003523907158523798,0.7323071360588074,-0.21502946317195892,-0.2527082562446594,-0.08012648671865463,-0.4699552655220032,-0.4322779178619385,0.05418821796774864,1.3745605945587158,0.5345598459243774,0.026688307523727417,0.02701418846845627,-0.004912255797535181,-0.0410994328558445,0.0020557092502713203,0.07811715453863144,200.18360900878906,124.8882064819336,0.5,0.0,0.0,5.257734301267192e-05,0.0,0.4648773968219757,0.9826781153678894,0.0,0.0,0.0,0.0,53.39812469482422,0.0
1.1500000000000001,1.8000001907348633,-0.951056145961555,0.30901813414224366,0.0,1.0,1.0,1.0,0.015910163521766663,-0.011008104309439659,0.22855709493160248,0.33583173155784607,-0.3404655456542969,-0.6634297370910645,-0.1062600389122963,0.13331098854541779,-0.08587612211704254,0.06549526751041412,-0.24553002417087555,-0.11992908269166946,1.093741774559021,0.23972009122371674,-2.1183180809020996,2.371173143386841,-1.965791940689087,-1.3288735151290894,-0.04735473543405533,-0.2692912220954895,2.8269124031066895,2.030646562576294,-1.8221678733825684,0.665077805519104,0.17387312650680542,0.004774622619152069,-0.2105041742324829,0.17342239618301392,-0.0652787983417511,0.0,-0.4000000059604645,-0.05000000074505806,0.3100000023841858,0.49000000953674316,-0.20999999344348907,0.0,-0.110397569835186,0.3808668553829193,0.008419526740908623,0.7055363655090332,-0.2278517633676529,-0.22211936116218567,-0.10593362897634506,-0.46897420287132263,-0.5020120143890381,0.04201560467481613,1.30908203125,1.6982117891311646,0.026681117713451385,0.026530183851718903,-0.007951375097036362,-0.07449810206890106,0.0019152697641402483,0.039970528334379196,200.56307983398438,141.90235900878906,0.5,0.0,0.0,5.4647498473059386e-05,0.0,0.4627140164375305,0.9716438055038452,0.0,0.0,0.0,0.0,56.30238342285156,0.0
1.16,1.8111112117767334,-0.9271836176276476,0.37460717986032804,0.0,1.0,1.0,1.0,0.01596720516681671,-0.00967731885612011,0.22743381559848785,0.33286136388778687,-0.33994245529174805,-0.6635007858276367,-0.1085827425122261,0.13005430996418,-0.08837045729160309,0.045505572110414505,-0.3049616515636444,-0.09866015613079071,1.092651128768921,0.24257732927799225,-2.118098258972168,2.3780722618103027,-1.9689576625823975,-1.329690933227539,-0.049355439841747284,-0.2738727331161499,2.8204665184020996,2.0304596424102783,-1.8168597221374512,0.6628215909004211,0.18508277833461761,0.0070165544748306274,-0.2154364287853241,0.18911588191986084,-0.07245297729969025,0.0,-0.4000000059604645,-0.05000000074505806,0.3100000023841858,0.49000000953674316,-0.20999999344348907,0.0,-0.13977041840553284,0.2213107943534851,0.008673068135976791,0.6605976819992065,-0.31829512119293213,-0.11965802311897278,-0.24222269654273987,-0.43782415986061096,-0.5962232351303101,-0.036823637783527374,0.2801639437675476,0.1446210741996765,0.02667318284511566,0.026212617754936218,-0.009950012899935246,-0.06309417635202408,0.0026332391425967216,0.010882268659770489,199.98487854003906,139.92164611816406,0.5,0.0,0.0,5.701548434444703e-05,0.0,0.4609000086784363,0.980720579624176,0.0,0.0,0.0,0.0,48.49650573730469,0.0
1.17,1.822222352027893,-0.898793688766393,0.43837187983913845,0.0,1.0,1.0,1.0,0.016082018613815308,-0.008497917093336582,0.22626346349716187,0.3293859660625458,-0.33942556381225586,-0.6630330085754395,-0.11110132187604904,0.1273164451122284,-0.09070613235235214,0.028128720819950104,-0.37440815567970276,-0.05359826609492302,1.0910708904266357,0.24399133026599884,-2.117962121963501,2.3844964504241943,-1.9727379083633423,-1.3301513195037842,-0.05184865742921829,-0.27812060713768005,2.8147027492523193,2.030379295349121,-1.8184325695037842,0.6645798683166504,0.19804251194000244,0.009608499705791473,-0.22113871574401855,0.20725953578948975,-0.08074720203876495,0.0,-0.4000000059604645,-0.05000000074505806,0.3100000023841858,0.49000000953674316,-0.20999999344348907,0.0,-0.17275136709213257,0.0971238911151886,0.008785207755863667,0.6253176331520081,-0.38009366393089294,-0.044045157730579376,-0.2030935436487198,-0.40056362748146057,-0.6018610000610352,-0.021252024918794632,-0.13146236538887024,1.054445505142212,0.026665054261684418,0.026085488498210907,-0.013743355870246887,-0.046684883534908295,0.002083076862618327,-0.00660683261230588,201.5137176513672,143.51614379882812,0.5,0.0,0.0,5.984175732010044e-05,0.0,0.4587230682373047,0.994270920753479,0.0,0.0,0.0,0.0,46.04087448120117,0.0
1.18,1.8333334922790527,-0.8660249044413022,0.500000864886685,0.0,1.0,1.0,1.0,0.016265109181404114,-0.007429499179124832,0.22503948211669922,0.32549887895584106,-0.338773250579834,-0.6619400978088379,-0.11343212425708771,0.1253880113363266,-0.09298864006996155,0.028931446373462677,-0.42245033383369446,-0.01958024874329567,1.0892174243927002,0.24467217922210693,-2.1180286407470703,2.390644073486328,-1.976944923400879,-1.3310444355010986,-0.05317500978708267,-0.2815544307231903,2.8079121112823486,2.030906915664673,-1.8217463493347168,0.6659782528877258,0.21250031888484955,0.012500062584877014,-0.22750014066696167,0.22750043869018555,-0.0900001972913742,0.0,-0.4000000059604645,-0.05000000074505806,0.3100000023841858,0.49000000953674316,-0.20999999344348907,0.0,-0.20649711787700653,0.05796438083052635,-0.018158292397856712,0.6074629426002502,-0.39300456643104553,-0.17840735614299774,-0.06244593486189842,-0.282906174659729,-0.6719725728034973,-0.03600497916340828,-0.047534823417663574,2.0867931842803955,0.02665840834379196,0.02599906176328659,-0.008234398439526558,-0.05698461830615997,0.000687208550516516,-0.02590886689722538,202.00509643554688,133.65774536132812,0.5,0.0,0.0,6.322038098005578e-05,0.0,0.4565567672252655,0.9992335438728333,0.0,0.0,0.0,0.0,43.928489685058594,0.0
1.19,1.8444445133209229,-0.8290373305565869,0.5591932622480429,0.0,1.0,1.0,1.0,0.016503185033798218,-0.0064135026186704636,0.22376805543899536,0.3213292956352234,-0.33789920806884766,-0.6604299545288086,-0.11539632827043533,0.12259450554847717,-0.09503663331270218,0.04305393993854523,-0.4524562656879425,0.0029147639870643616,1.087011694908142,0.24513189494609833,-2.1181108951568604,2.3967397212982178,-1.9813169240951538,-1.3327082395553589,-0.05330314859747887,-0.2838190495967865,2.800126552581787,2.0319554805755615,-1.8253304958343506,0.6651803255081177,0.22817443311214447,0.015634886920452118,-0.23439675569534302,0.24944421648979187,-0.10003162920475006,0.0,-0.4000000059604645,-0.05000000074505806,0.3100000023841858,0.49000000953674316,-0.20999999344348907,0.0,-0.23822274804115295,0.05090317130088806,-0.015754425898194313,0.6072595119476318,-0.41431674361228943,-0.23985180258750916,0.03417372703552246,-0.17551656067371368,-0.7374173998832703,0.003306768834590912,-0.08096703886985779,1.8581385612487793,0.026653163135051727,0.02590963989496231,-0.0050168726593256,-0.057903409004211426,7.454580918420106e-05,-0.025733910501003265,211.67324829101562,133.47312927246094,0.5,0.0,0.0,6.719628436258063e-05,0.0,0.4549880921840668,0.999983012676239,0.0,0.0,0.0,0.0,41.60968017578125,0.0
1.2,1.8555556535720825,-0.788010374447758,0.6156619606266935,0.0,1.0,1.0,1.0,0.016752228140830994,-0.005414299666881561,0.22246523201465607,0.3170452117919922,-0.3368411064147949,-0.6587390899658203,-0.11728671193122864,0.11886698007583618,-0.09769226610660553,0.05640415847301483,-0.4625665545463562,0.009153556078672409,1.084844708442688,0.24573099613189697,-2.1183629035949707,2.402812957763672,-1.9857587814331055,-1.335220217704773,-0.05279940739274025,-0.28533676266670227,2.7915937900543213,2.033191680908203,-1.8285197019577026,0.6616623997688293,0.2447599172592163,0.018951982259750366,-0.2416943609714508,0.2726638913154602,-0.1106463372707367,0.0,-0.4000000059604645,-0.05000000074505806,0.3100000023841858,0.49000000953674316,-0.20999999344348907,0.0,-0.2276109755039215,0.0753638818860054,-0.04235248267650604,0.6072282791137695,-0.40400776267051697,-0.35031288862228394,0.09126543253660202,-0.12220106273889542,-0.8188828229904175,0.010037839412689209,0.0006600618362426758,1.6595864295959473,0.02664990723133087,0.025780007243156433,-0.001394940773025155,-0.07380014657974243,-0.0013727115001529455,-0.03051568754017353,211.534423828125,131.6757049560547,0.5,0.0,0.0,7.168058800743893e-05,0.0,0.45368850231170654,0.9998324513435364,0.0,0.0,0.0,0.0,44.12955856323242,0.0
1.21,1.8666669130325317,-0.7431437896874964,0.6691317567182911,0.0,1.0,1.0,1.0,0.016989007592201233,-0.004418151453137398,0.22114326059818268,0.31271418929100037,-0.33562421798706055,-0.6570467948913574,-0.11891623586416245,0.1136237308382988,-0.09964585304260254,0.07544758915901184,-0.4637798070907593,0.003965679556131363,1.082918405532837,0.24663789570331573,-2.1188578605651855,2.408872127532959,-1.9901103973388672,-1.3388898372650146,-0.052014343440532684,-0.2863644063472748,2.782733201980591,2.034482479095459,-1.831125259399414,0.656051516532898,0.2619344890117645,0.02238689735531807,-0.24925117194652557,0.29670828580856323,-0.12163806706666946,0.0,-0.4000000059604645,-0.05000000074505806,0.3100000023841858,0.49000000953674316,-0.20999999344348907,0.0,-0.1977321356534958,0.111622653901577,-0.06210816651582718,0.6047240495681763,-0.3981170952320099,-0.4792460799217224,0.10146326571702957,-0.07960949838161469,-0.8156029582023621,0.015534475445747375,0.06375893950462341,1.582416296005249,0.02664848417043686,0.025609947741031647,0.0017774855950847268,-0.07722218334674835,-0.002100578276440501,-0.029105834662914276,216.14617919921875,129.6378173828125,0.5,0.0,0.0,7.665630982955918e-05,0.0,0.4529673159122467,0.9999685287475586,0.0,0.0,0.0,0.0,46.9943962097168,0.0
1.22,1.8777779340744019,-0.6946576640377367,0.7193404825210625,0.0,1.0,1.0,1.0,0.01717308908700943,-0.00340447761118412,0.2198164016008377,0.30845654010772705,-0.3343081474304199,-0.6556096076965332,-0.1201065331697464,0.10709347575902939,-0.10279018431901932,0.09492342174053192,-0.43702182173728943,-0.027919068932533264,1.081753134727478,0.24814122915267944,-2.1198718547821045,2.414900064468384,-1.9942376613616943,-1.3442069292068481,-0.0514504499733448,-0.28737881779670715,2.7736918926239014,2.0355029106140137,-1.8325221538543701,0.6472715139389038,0.27936267852783203,0.02587253227829933,-0.2569195628166199,0.32110774517059326,-0.13279208540916443,0.0,-0.4000000059604645,-0.05000000074505806,0.3100000023841858,0.49000000953674316,-0.20999999344348907,0.0,-0.09123644232749939,0.1851741373538971,-0.12363763153553009,0.6012343168258667,-0.36994415521621704,-0.6386036276817322,0.046224214136600494,-0.10754267871379852,-0.8327096104621887,0.017812227830290794,0.07838083803653717,0.6283203959465027,0.0266500785946846,0.025361888110637665,0.005357793066650629,-0.09090516716241837,-0.0029198937118053436,-0.020920466631650925,220.3009033203125,126.20777893066406,0.5,0.0,0.0,8.200549200410023e-05,0.0,0.4529370069503784,0.9984422922134399,0.0,0.0,0.0,0.0,45.709529876708984,0.0
1.23,1.8888890743255615,-0.6427867171424604,0.7660451920514995,0.0,1.0,1.0,1.0,0.017293862998485565,-0.0023656822741031647,0.21849721670150757,0.30432578921318054,-0.33288002014160156,-0.6544976234436035,-0.12146653234958649,0.0997588187456131,-0.10383227467536926,0.11984412372112274,-0.4174155294895172,-0.044071607291698456,1.0817865133285522,0.2501179873943329,-2.1204833984375,2.4210023880004883,-1.99814772605896,-1.3481858968734741,-0.05081707239151001,-0.2888629734516144,2.764496088027954,2.0364937782287598,-1.8308625221252441,0.6362112760543823,0.2967063784599304,0.029341276735067368,-0.2645508050918579,0.3453889489173889,-0.1438920795917511,0.0,-0.4000000059604645,-0.05000000074505806,0.3100000023841858,0.49000000953674316,-0.20999999344348907,0.0,0.023533895611763,0.21898192167282104,-0.04743575304746628,0.6070318222045898,-0.3967597484588623,-0.38960742950439453,0.09469939768314362,-0.16510070860385895,-0.8865007758140564,0.06181972101330757,0.40011245012283325,0.07262170314788818,0.0266452357172966,0.024990424513816833,-0.015666414052248,-0.10612788051366806,0.002839426277205348,-0.00448101619258523,227.40383911132812,125.40982055664062,0.5,0.0,0.0,8.772017463343218e-05,0.0,0.4527818262577057,0.9961228966712952,0.0,0.0,0.0,0.0,48.009864807128906,0.0
1.24,1.9000002145767212,-0.5877841615547575,0.8090177868411613,0.0,1.0,1.0,1.0,0.017343975603580475,-0.0013044625520706177,0.21720722317695618,0.30034688115119934,-0.3313760757446289,-0.6536989212036133,-0.12362519651651382,0.09225858002901077,-0.10250157117843628,0.12412136793136597,-0.394449383020401,-0.07114946842193604,1.082972526550293,0.25248003005981445,-2.120612621307373,2.4271082878112793,-2.001768112182617,-1.3503422737121582,-0.051172975450754166,-0.2909337282180786,2.755354404449463,2.0371010303497314,-1.8287512063980103,0.6215246319770813,0.31362760066986084,0.03272552043199539,-0.2719961404800415,0.3690786361694336,-0.15472166240215302,0.0,-0.4000000059604645,-0.05000000074505806,0.3100000023841858,0.49000000953674316,-0.20999999344348907,0.0,0.14951196312904358,0.24387329816818237,-0.02530304156243801,0.5878617763519287,-0.0982925295829773,-0.3320486843585968,-0.279695987701416,-0.19295920431613922,-0.7833045125007629,0.07482045888900757,-0.3922140896320343,-2.951641321182251,0.02663111686706543,0.02461843192577362,-0.03125258907675743,-0.06257986277341843,0.006730654276907444,0.001857499242760241,223.41836547851562,149.0598907470703,0.5,0.0,0.0,9.37560762395151e-05,0.0,0.45165348052978516,0.9899265766143799,0.0,0.0,0.0,0.0,62.8442268371582,0.0
1.25,1.9111112356185913,-0.5299186008019895,0.8480485107138986,0.0,1.0,1.0,1.0,0.01734599471092224,-0.0003130026161670685,0.21597959101200104,0.29640835523605347,-0.32996511459350586,-0.6528682708740234,-0.12378399819135666,0.084763303399086,-0.10046187043190002,0.11144629120826721,-0.4023827910423279,-0.04360484704375267,1.0854687690734863,0.25486108660697937,-2.120973587036133,2.4328196048736572,-2.0051751136779785,-1.3517208099365234,-0.05386806279420853,-0.2936452031135559,2.74569034576416,2.035939931869507,-1.8337939977645874,0.6041714549064636,0.32979655265808105,0.035959307104349136,-0.27911049127578735,0.3917151689529419,-0.16506977379322052,0.0,-0.4000000059604645,-0.05000000074505806,0.3100000023841858,0.49000000953674316,-0.20999999344348907,0.0,0.27957773208618164,0.250742107629776,-0.06913425773382187,0.5585859417915344,-0.14751186966896057,-0.2961525022983551,-0.2810394763946533,-0.3136426508426666,-1.049973726272583,-0.0872303694486618,-0.7304025888442993,-2.3977854251861572,0.02661070227622986,0.02423979341983795,-0.046150606125593185,-0.12935897707939148,0.006096209399402142,-0.03731251880526543,223.99346923828125,136.73538208007812,0.5,0.0,0.0,0.00010003694478655234,0.0,0.4526742398738861,0.9962044954299927,0.0,0.0,0.0,0.0,62.38509750366211,0.0
1.26,1.922222375869751,-0.46947071039169075,0.8829480460844347,0.0,1.0,1.0,1.0,0.017296820878982544,0.0006029345095157623,0.21479131281375885,0.29257890582084656,-0.32860231399536133,-0.651829719543457,-0.12439561635255814,0.0779380351305008,-0.09959252178668976,0.10055691748857498,-0.38741302490234375,-0.026949603110551834,1.0893715620040894,0.25759485363960266,-2.1218292713165283,2.4382405281066895,-2.0083296298980713,-1.3522980213165283,-0.05649003013968468,-0.29748407006263733,2.734208583831787,2.0346665382385254,-1.8381803035736084,0.5818101167678833,0.34489935636520386,0.038979873061180115,-0.2857557237148285,0.41285911202430725,-0.17473559081554413,0.0,-0.4000000059604645,-0.05000000074505806,0.3100000023841858,0.49000000953674316,-0.20999999344348907,0.0,0.44120803475379944,0.29786935448646545,-0.11627333611249924,0.5286962985992432,-0.26201704144477844,-0.09839735180139542,-0.3563123941421509,-0.39120176434516907,-1.0370655059814453,-0.10961751639842987,-0.8529888987541199,-2.3421502113342285,0.02658090740442276,0.02376507967710495,-0.06138797849416733,-0.1315150409936905,0.006897767074406147,-0.03906363993883133,223.4493865966797,141.7703094482422,0.5,0.0,0.0,0.00010653123899828643,0.0,0.45298853516578674,0.9985485672950745,0.0,0.0,0.0,0.0,69.70164489746094,0.0
1.27,1.9333335161209106,-0.40673559387933633,0.9135459247742411,0.0,1.0,1.0,1.0,0.017216235399246216,0.0014450661838054657,0.2136511206626892,0.28884097933769226,-0.32726621627807617,-0.6504898071289062,-0.12416532635688782,0.07231232523918152,-0.09703563153743744,0.0917004719376564,-0.3999413847923279,0.019487395882606506,1.094375729560852,0.2605782449245453,-2.122887134552002,2.4433867931365967,-2.011194944381714,-1.3514642715454102,-0.059713877737522125,-0.3013235330581665,2.7238519191741943,2.0334911346435547,-1.8445111513137817,0.5647971630096436,0.358641654253006,0.04172833263874054,-0.291802316904068,0.4320983290672302,-0.18353065848350525,0.0,-0.4000000059604645,-0.05000000074505806,0.3100000023841858,0.49000000953674316,-0.20999999344348907,0.0,0.5105897784233093,0.3140254020690918,-0.13025934994220734,0.49510765075683594,-0.17945291101932526,-0.058822885155677795,-0.21501927077770233,-0.38819268345832825,-0.9724676012992859,-0.18498288094997406,0.2632741928100586,0.9977824687957764,0.026536546647548676,0.023409195244312286,-0.07432763278484344,-0.1444910764694214,0.009016187861561775,-0.07275333255529404,220.05958557128906,67.37472534179688,0.5,0.0,0.0,0.00011328235996188596,0.0,0.4540160596370697,0.9992408156394958,0.0,0.0,0.0,0.0,57.81141662597656,0.0
1.28,1.9444445371627808,-0.3420195958921814,0.9396928200352225,0.0,1.0,1.0,1.0,0.017088279128074646,0.0022377651184797287,0.2125447690486908,0.2852872312068939,-0.3259453773498535,-0.6488399505615234,-0.12486699968576431,0.06773815304040909,-0.09698253870010376,0.07722621411085129,-0.3759656250476837,0.040457531809806824,1.100568413734436,0.2641417384147644,-2.1245968341827393,2.4482879638671875,-2.0137438774108887,-1.3502269983291626,-0.06190790608525276,-0.30530470609664917,2.7124826908111572,2.033217430114746,-1.8485063314437866,0.5445478558540344,0.37075579166412354,0.04415115714073181,-0.29713255167007446,0.4490581154823303,-0.1912836879491806,0.0,-0.4000000059604645,-0.05000000074505806,0.3100000023841858,0.49000000953674316,-0.20999999344348907,0.0,0.6691046953201294,0.39403465390205383,-0.21770398318767548,0.4674479365348816,-0.10531903803348541,-0.06509600579738617,-0.20953042805194855,-0.4052300453186035,-1.0290888547897339,-0.024790506809949875,-0.6887000799179077,-1.3534737825393677,0.026479177176952362,0.023086227476596832,-0.08688997477293015,-0.13572311401367188,0.01078135333955288,-0.02433445118367672,219.88555908203125,122.9837417602539,0.5,0.0,0.0,0.00012017456901958212,0.0,0.4538019299507141,0.9967317581176758,0.0,0.0,0.0,0.0,57.12999725341797,0.0
1.29,1.9555556774139404,-0.2756366198184287,0.9612619069822081,0.0,1.0,1.0,1.0,0.01686733216047287,0.003004996106028557,0.21149586141109467,0.2820204794406891,-0.32477712631225586,-0.6471743583679199,-0.1255464255809784,0.06313834339380264,-0.09567056596279144,0.06373048573732376,-0.34832170605659485,0.04602975770831108,1.1080875396728516,0.26834744215011597,-2.1271369457244873,2.4529073238372803,-2.0158774852752686,-1.348758339881897,-0.06377414613962173,-0.3093310296535492,2.701169013977051,2.0330848693847656,-1.8510180711746216,0.5229688882827759,0.3810061514377594,0.046201229095458984,-0.3016427159309387,0.46340861916542053,-0.19784392416477203,0.0,-0.4000000059604645,-0.05000000074505806,0.3100000023841858,0.49000000953674316,-0.20999999344348907,0.0,0.7777195572853088,0.4543686807155609,-0.28851303458213806,0.4359894096851349,-0.026257216930389404,-0.09029322862625122,-0.1795128881931305,-0.38793861865997314,-1.088293194770813,0.03791770711541176,-0.6190932989120483,-2.436488389968872,0.026406385004520416,0.02273065596818924,-0.09349236637353897,-0.14574137330055237,0.011905046179890633,-0.01365303248167038,219.50604248046875,147.98007202148438,0.5,0.0,0.0,0.00012679825886152685,0.0,0.45357730984687805,0.9957714676856995,0.0,0.0,0.0,0.0,59.959259033203125,0.0
1.3,1.9666668176651,-0.20791076279901627,0.9781477979898188,0.0,1.0,1.0,1.0,0.016536839306354523,0.00376860611140728,0.21050530672073364,0.2790657579898834,-0.32378387451171875,-0.6457328796386719,-0.12627552449703217,0.05821693688631058,-0.09542537480592728,0.05531050264835358,-0.30282118916511536,0.021775852888822556,1.1167556047439575,0.27311500906944275,-2.130378007888794,2.457270860671997,-2.017630100250244,-1.3471351861953735,-0.06484014540910721,-0.31338292360305786,2.6898391246795654,2.0337352752685547,-1.8483744859695435,0.49716728925704956,0.3891933560371399,0.04783866927027702,-0.3052450716495514,0.4748706817626953,-0.20308372378349304,0.0,-0.4000000059604645,-0.05000000074505806,0.3100000023841858,0.49000000953674316,-0.20999999344348907,0.0,0.8992671966552734,0.5066139698028564,-0.36580413579940796,0.4203042984008789,-0.035934075713157654,-0.011682853102684021,-0.09191403537988663,-0.395967960357666,-1.0601874589920044,0.17743374407291412,-0.18085914850234985,-3.135209560394287,0.026318073272705078,0.022438444197177887,-0.09723387658596039,-0.15154287219047546,0.012182492762804031,0.015327771194279194,226.06935119628906,152.3914794921875,0.5,0.0,0.0,0.0001329848455497995,0.0,0.4532912075519562,0.9990520477294922,0.0,0.0,0.0,0.0,65.3068618774414,0.0
1.31,1.9777778387069702,-0.13917272185631813,0.9902681220210533,0.0,1.0,1.0,1.0,0.016066282987594604,0.00456051342189312,0.20958662033081055,0.27646803855895996,-0.3230266571044922,-0.6448235511779785,-0.1285426914691925,0.053518377244472504,-0.09368973970413208,0.04626213759183884,-0.25372186303138733,-0.02085922658443451,1.1263927221298218,0.27841147780418396,-2.1341052055358887,2.4614346027374268,-2.0189099311828613,-1.3451073169708252,-0.06557105481624603,-0.31726574897766113,2.6809093952178955,2.0353341102600098,-1.8406133651733398,0.4735981822013855,0.3951577842235565,0.04903155937790871,-0.30786943435668945,0.4832209050655365,-0.20690098404884338,0.0,-0.4000000059604645,-0.05000000074505806,0.3100000023841858,0.49000000953674316,-0.20999999344348907,0.0,0.9707139134407043,0.5549583435058594,-0.37974390387535095,0.4083799421787262,0.10271142423152924,0.004106402397155762,-0.10312597453594208,-0.3615726828575134,-0.7268785238265991,0.31538259983062744,-0.0021250247955322266,-3.571370840072632,0.026210568845272064,0.02232552319765091,-0.10446953028440475,-0.09691639244556427,0.011454599909484386,0.06192293390631676,216.0043182373047,155.42166137695312,0.5,0.0,0.0,0.00013845048670191318,0.0,0.4511929452419281,0.999130129814148,0.0,0.0,0.0,0.0,73.8670654296875,0.0
1.32,1.9888890981674194,-0.06975516201139526,0.9975641419842455,1.0,1.0,1.0,1.0,0.015448592603206635,0.005388928577303886,0.20874468982219696,0.27420511841773987,-0.32254743576049805,-0.6445879936218262,-0.13034895062446594,0.04891233146190643,-0.09270284324884415,0.03782064840197563,-0.19866220653057098,-0.0800647884607315,1.136845350265503,0.2840762436389923,-2.138385534286499,2.4653306007385254,-2.019763469696045,-1.3431991338729858,-0.06632857024669647,-0.32112640142440796,2.6735873222351074,2.03711199760437,-1.8284242153167725,0.4491949677467346,0.4000000059604645,0.05000000074505806,-0.3100000023841858,0.49000000953674316,-0.20999999344348907,0.0,-0.4000000059604645,-0.05000000074505806,0.3100000023841858,0.49000000953674316,-0.20999999344348907,0.0,1.0569031238555908,0.5934088826179504,-0.43500396609306335,0.38143253326416016,0.17299595475196838,0.008450925350189209,-0.11547490209341049,-0.37011969089508057,-0.6669265627861023,0.2823560833930969,0.35587167739868164,-3.9763472080230713,0.026088334619998932,0.02228211611509323,-0.10149451345205307,-0.11611806601285934,0.011942630633711815,0.06621217727661133,216.89297485351562,148.67904663085938,0.5,0.0,0.0,0.00014303594070952386,0.0,0.4495697319507599,0.9872611165046692,0.0,0.0,0.0,0.0,77.75550079345703,0.0
1.33,2.000000238418579,1.4980281135093752e-06,0.999999999998878,1.0,1.0,1.0,1.0,0.014681965112686157,0.006256828084588051,0.20796902477741241,0.27225786447525024,-0.3223452568054199,-0.6451611518859863,-0.13155217468738556,0.043479062616825104,-0.09265973418951035,0.033494677394628525,-0.14228369295597076,-0.1503181755542755,1.1480735540390015,0.29002681374549866,-2.143120527267456,2.468996047973633,-2.020261764526367,-1.341492772102356,-0.06680987775325775,-0.3250088691711426,2.666477680206299,2.0386955738067627,-1.811127781867981,0.41825070977211,0.4000000059604645,0.05000000074505806,-0.3100000023841858,0.49000000953674316,-0.20999999344348907,0.0,-0.4000000059604645,-0.05000000074505806,0.3100000023841858,0.49000000953674316,-0.20999999344348907,0.0,1.1307669878005981,0.6193236708641052,-0.4938008487224579,0.35475438833236694,0.16975319385528564,-0.01772412657737732,-0.047759346663951874,-0.3700829744338989,-0.6340726613998413,0.2383509874343872,1.2335573434829712,-3.776981830596924,0.02595243602991104,0.02217162400484085,-0.09453769773244858,-0.15231266617774963,0.011651835404336452,0.060202330350875854,216.79754638671875,139.3053436279297,0.5,0.0,0.0,0.0001466741960030049,0.0,0.44865676760673523,0.9558148384094238,0.0,0.0,0.0,0.0,80.96062469482422,0.0
1.34,2.011111259460449,0.06975740357991261,0.9975639852389365,1.0,1.0,1.0,1.0,0.013770774006843567,0.0071609653532505035,0.20725306868553162,0.2705846428871155,-0.32240772247314453,-0.6465907096862793,-0.13283905386924744,0.03777952492237091,-0.09241440892219543,0.02994207665324211,-0.09578260034322739,-0.21521201729774475,1.1597442626953125,0.29607659578323364,-2.148056745529175,2.472477912902832,-2.020461082458496,-1.3396795988082886,-0.06702006608247757,-0.328624427318573,2.660004138946533,2.040025472640991,-1.788679599761963,0.3825022578239441,0.4000000059604645,0.05000000074505806,-0.3100000023841858,0.49000000953674316,-0.20999999344348907,0.0,-0.4000000059604645,-0.05000000074505806,0.3100000023841858,0.49000000953674316,-0.20999999344348907,0.0,1.1505118608474731,0.613555908203125,-0.49352866411209106,0.3408831059932709,0.13790425658226013,0.06010892987251282,-0.014721812680363655,-0.3318640887737274,-0.5568236708641052,0.14291325211524963,2.0403892993927,-3.6300082206726074,0.02580181509256363,0.022004134953022003,-0.09276685118675232,-0.17283618450164795,0.009565898217260838,0.046023350208997726,216.55856323242188,138.64141845703125,0.5,0.0,0.0,0.00014938035747036338,0.0,0.4476134777069092,0.911528468132019,0.0,0.0,0.0,0.0,79.15055084228516,0.0
1.35,2.0222225189208984,0.13917494703019567,0.9902678092915784,1.0,0.0,1.0,1.0,0.012721963226795197,0.008085496723651886,0.20658305287361145,0.2691713571548462,-0.3226938247680664,-0.6487517356872559,-0.1332026571035385,0.030891254544258118,-0.09424541145563126,0.026599068194627762,-0.050847701728343964,-0.2671900689601898,1.1715425252914429,0.3021361529827118,-2.1533761024475098,2.4756970405578613,-2.0205068588256836,-1.3381781578063965,-0.06717313081026077,-0.3318733274936676,2.6541569232940674,2.040698289871216,-1.7611920833587646,0.3411519229412079,0.4000000059604645,0.05000000074505806,-0.3100000023841858,0.49000000953674316,-0.20999999344348907,0.0,-0.4347938895225525,-0.05695877596735954,0.32530930638313293,0.538711428642273,-0.2322680652141571,0.0,1.156238079071045,0.6114277243614197,-0.536273717880249,0.3158567249774933,0.11625422537326813,0.0716184675693512,0.00023171957582235336,-0.29919978976249695,-0.4562320113182068,0.029171671718358994,2.9290480613708496,-3.441504955291748,0.025642648339271545,0.021702297031879425,-0.08502265065908432,-0.1832648366689682,0.008062982000410557,0.02722693234682083,216.59315490722656,132.9464569091797,0.5,0.0,0.0,0.0001512096932856366,0.0,0.4476248323917389,0.8669438362121582,0.0,0.0,0.0,0.0,77.51304626464844,0.0
1.36,2.0333335399627686,0.20791296073784107,0.9781473308030979,1.0,0.0,1.0,1.0,0.011554129421710968,0.009001953527331352,0.20594534277915955,0.2679753303527832,-0.3231368064880371,-0.6513910293579102,-0.13364796340465546,0.023356907069683075,-0.09569448232650757,0.02303042821586132,-0.024590490385890007,-0.2878558933734894,1.1830345392227173,0.3080947995185852,-2.159010887145996,2.478640556335449,-2.02046799659729,-1.336736798286438,-0.06753583997488022,-0.3346238434314728,2.64980149269104,2.0407958030700684,-1.7305048704147339,0.2991618514060974,0.4000000059604645,0.05000000074505806,-0.3100000023841858,0.49000000953674316,-0.20999999344348907,0.0,-0.4519784152507782,-0.06039568409323692,0.3328705132007599,0.5627697706222534,-0.24326618015766144,0.0,1.0995694398880005,0.590038537979126,-0.5513976812362671,0.2771735191345215,0.0014152824878692627,0.16595107316970825,-0.02918127179145813,-0.2412726879119873,-0.27316221594810486,-0.04263243451714516,3.268052101135254,-3.0538017749786377,0.02547631412744522,0.021318089216947556,-0.07642081379890442,-0.1657821387052536,0.007313663139939308,0.018010273575782776,217.1847381591797,132.2598419189453,0.5,0.0,0.0,0.0001523437531432137,0.0,0.4474857449531555,0.8472817540168762,0.0,0.0,0.0,0.0,70.98294830322266,0.0
1.37,2.0444445610046387,0.27563805981548,0.961261494069724,1.0,0.0,1.0,1.0,0.010313034057617188,0.009865427389740944,0.2053317129611969,0.26689404249191284,-0.32361650466918945,-0.6540493965148926,-0.13359174132347107,0.01484669279307127,-0.09691998362541199,0.018600037321448326,-0.02430887147784233,-0.2729361057281494,1.1936790943145752,0.3135361671447754,-2.164849281311035,2.481074571609497,-2.0206687450408936,-1.3348958492279053,-0.06799554824829102,-0.33653271198272705,2.647257089614868,2.0406062602996826,-1.6983872652053833,0.2601318061351776,0.4000000059604645,0.05000000074505806,-0.3100000023841858,0.49000000953674316,-0.20999999344348907,0.0,-0.46890950202941895,-0.06378190219402313,0.3403201699256897,0.5864733457565308,-0.25410208106040955,0.0,1.0036096572875977,0.5414296984672546,-0.5945047736167908,0.23391093313694,-0.01652389019727707,0.13122668862342834,-0.04952830821275711,-0.14127901196479797,-0.08772057294845581,-0.06500928848981857,3.4005796909332275,-3.009943723678589,0.025302156805992126,0.020932480692863464,-0.06587879359722137,-0.12192827463150024,0.007023566868156195,0.011157352477312088,226.03170776367188,129.42120361328125,0.5,0.0,0.0,0.00015319898375310004,0.0,0.4478406012058258,0.8615792393684387,0.0,0.0,0.0,0.0,67.1277847290039,0.0
1.3800000000000001,2.055555820465088,0.3420217074207089,0.939692051500396,1.0,0.0,1.0,1.0,0.008976638317108154,0.010614220052957535,0.20481432974338531,0.265809029340744,-0.32443761825561523,-0.6568875312805176,-0.13874013721942902,0.0027768826112151146,-0.08491311967372894,-0.05969986319541931,4.240497946739197e-05,-0.34887856245040894,1.2026461362838745,0.3173736035823822,-2.1704654693603516,2.482743263244629,-2.0210275650024414,-1.3312146663665771,-0.07697958499193192,-0.33523666858673096,2.6434452533721924,2.0430924892425537,-1.6991987228393555,0.20179526507854462,0.4000000059604645,0.05000000074505806,-0.3100000023841858,0.49000000953674316,-0.20999999344348907,0.0,-0.4855055510997772,-0.06710111349821091,0.34762245416641235,0.609707772731781,-0.264723539352417,0.0,0.8604521751403809,0.2023879885673523,-0.5092313885688782,0.07536275684833527,-0.026923194527626038,0.6750780940055847,-1.6644800901412964,0.4017549753189087,0.20662805438041687,0.09930285811424255,2.4086930751800537,7.077444553375244,0.025121375918388367,0.02370602637529373,-0.06586401164531708,-0.36673107743263245,0.009973116219043732,-0.30895930528640747,247.853759765625,5.321033477783203,0.5,0.0,0.0,0.00015332688053604215,0.0,0.44219985604286194,0.7839323878288269,0.0,0.0,0.0,0.0,156.751220703125,0.0
1.3900000000000001,2.066666841506958,0.4067376466545243,0.9135450108199044,1.0,0.0,1.0,1.0,0.007655628025531769,0.01105591468513012,0.2044561505317688,0.26428109407424927,-0.3257889747619629,-0.6590967178344727,-0.13352391123771667,-0.006854352541267872,-0.07874976098537445,-0.09063936024904251,-0.1376497596502304,-0.16913630068302155,1.2108839750289917,0.31854864954948425,-2.176222085952759,2.482968330383301,-2.021698236465454,-1.3255267143249512,-0.08883972465991974,-0.332258015871048,2.6402735710144043,2.038099765777588,-1.687633991241455,0.21004433929920197,0.4000000059604645,0.05000000074505806,-0.3100000023841858,0.49000000953674316,-0.20999999344348907,0.0,-0.5016845464706421,-0.07033691555261612,0.3547412157058716,0.6323584318161011,-0.2750781178474426,0.0,0.7632691860198975,0.08461961150169373,-0.6201009750366211,-0.0720585286617279,-0.11631624400615692,0.36172616481781006,-0.7784319519996643,0.18480589985847473,-0.4770265221595764,-0.8442010879516602,0.3307332992553711,1.0087190866470337,0.02495025098323822,0.025515392422676086,-0.04887212812900543,-0.3051319420337677,0.01096303015947342,-0.25253280997276306,234.90850830078125,74.03966522216797,0.5,0.0,0.0,0.0001530687150079757,0.0,0.44807302951812744,0.9443917870521545,0.0,0.0,0.0,0.0,60.099639892578125,0.0
1.4000000000000001,2.077777862548828,0.4694720330721578,0.8829473428031224,1.0,0.0,1.0,1.0,0.006564125418663025,0.011116182431578636,0.20407016575336456,0.2621304392814636,-0.3267674446105957,-0.6590409278869629,-0.12647703289985657,-0.019036665558815002,-0.07653988897800446,-0.10253749787807465,-0.2547563910484314,0.018922029063105583,1.218087077140808,0.3185826241970062,-2.1828501224517822,2.4820146560668945,-2.023120164871216,-1.3215246200561523,-0.09274965524673462,-0.331905722618103,2.6348581314086914,2.029623031616211,-1.6951333284378052,0.19498753547668457,0.4000000059604645,0.05000000074505806,-0.3100000023841858,0.49000000953674316,-0.20999999344348907,0.0,-0.5173680186271667,-0.07347360253334045,0.36164191365242004,0.654315173625946,-0.285115510225296,0.0,0.6480176448822021,-0.006776263937354088,-0.6739938259124756,-0.1798456609249115,-0.1984853297472,0.270860493183136,-0.12700986862182617,-0.05498470738530159,-0.4006328582763672,-0.8197322487831116,-1.2016865015029907,-1.6086459159851074,0.024779878556728363,0.024410925805568695,-0.04253816232085228,-0.11372725665569305,0.012191491201519966,-0.1142018586397171,235.3563232421875,98.84329223632812,0.5,0.0,0.0,0.00015464988246094435,0.0,0.455813467502594,0.9992842078208923,0.0,0.0,0.0,0.0,65.21733856201172,0.0
1.41,2.0888891220092773,0.5299205064014169,0.8480473199623154,1.0,0.0,1.0,1.0,0.005682982504367828,0.01088489219546318,0.20365208387374878,0.25960102677345276,-0.32718324661254883,-0.6568002700805664,-0.12046042084693909,-0.029270078986883163,-0.07373379170894623,-0.10043245553970337,-0.3461220860481262,0.20165179669857025,1.2239813804626465,0.31818675994873047,-2.189561367034912,2.4801900386810303,-2.025357723236084,-1.3177525997161865,-0.09126579016447067,-0.33223530650138855,2.6310837268829346,2.022620916366577,-1.7087548971176147,0.17393334209918976,0.4000000059604645,0.05000000074505806,-0.3100000023841858,0.49000000953674316,-0.20999999344348907,0.0,-0.5324802398681641,-0.07649604976177216,0.36829131841659546,0.6754723191261292,-0.29478734731674194,0.0,0.5249732136726379,-0.02420119009912014,-0.6692850589752197,-0.2660801112651825,-0.2843037247657776,0.28744834661483765,0.29077619314193726,-0.0014802555087953806,-0.3555493950843811,-0.612118124961853,-1.5671085119247437,-1.3460253477096558,0.02456779032945633,0.022372275590896606,-0.040380652993917465,-0.01102449744939804,0.01610296592116356,-0.06132279708981514,233.884765625,118.81783294677734,0.5,0.0,0.0,0.00015811738558113575,0.0,0.4622471332550049,0.9218922853469849,0.0,0.0,0.0,0.0,70.75182342529297,0.0
1.42,2.1000001430511475,0.5877859794503563,0.8090164660633214,1.0,0.0,1.0,1.0,0.004945665597915649,0.010419992730021477,0.20322495698928833,0.2568700313568115,-0.32718658447265625,-0.6528568267822266,-0.11531795561313629,-0.03962433710694313,-0.07258850336074829,-0.10410609841346741,-0.4015222191810608,0.3212554454803467,1.2290327548980713,0.3177296221256256,-2.1964070796966553,2.477820634841919,-2.0276377201080322,-1.31404709815979,-0.08685837686061859,-0.3322838544845581,2.6246697902679443,2.0173563957214355,-1.7229238748550415,0.15253295004367828,0.4000000059604645,0.05000000074505806,-0.3100000023841858,0.49000000953674316,-0.20999999344348907,0.0,-0.54694664478302,-0.07938932627439499,0.3746565282344818,0.6957253217697144,-0.3040458559989929,0.0,0.4490574598312378,-0.037022460252046585,-0.7691689729690552,-0.29928213357925415,-0.26182860136032104,0.14896924793720245,0.5599831342697144,-0.011086205951869488,-0.8338558077812195,-0.3879804015159607,-1.2181708812713623,-2.638223648071289,0.024351589381694794,0.02025468647480011,-0.034145016223192215,-0.04014454409480095,0.012412513606250286,-0.07124371081590652,239.2770538330078,131.43345642089844,0.5,0.0,0.0,0.0001629358303034678,0.0,0.4674922823905945,0.8134994506835938,0.0,0.0,0.0,0.0,79.93474578857422,0.0
1.43,2.1111111640930176,0.6427878646989728,0.766044229138067,1.0,0.0,1.0,1.0,0.004273459315299988,0.009835857897996902,0.20279093086719513,0.2540951073169708,-0.3268251419067383,-0.6481337547302246,-0.11186624318361282,-0.04987034201622009,-0.06940753757953644,-0.07599485665559769,-0.41451627016067505,0.3607695996761322,1.232782244682312,0.3174303472042084,-2.2035751342773438,2.4752326011657715,-2.0295114517211914,-1.3122320175170898,-0.07988660782575607,-0.332232266664505,2.6152732372283936,2.0146727561950684,-1.7322766780853271,0.12302616983652115,0.4000000059604645,0.05000000074505806,-0.3100000023841858,0.49000000953674316,-0.20999999344348907,0.0,-0.5606971383094788,-0.08213943243026733,0.3807067275047302,0.7149760127067566,-0.3128461539745331,0.0,0.332478791475296,-0.019069207832217216,-0.6730941534042358,-0.299185186624527,-0.18207432329654694,0.15766097605228424,0.6303755044937134,0.010905408300459385,-0.7906005382537842,-0.2991284132003784,-1.220667839050293,-1.9870479106903076,0.02419178932905197,0.01835266500711441,-0.034485746175050735,-0.023492788895964622,0.009494342841207981,-0.06018878519535065,240.94488525390625,131.9942169189453,0.5,0.0,0.0,0.0001688272604951635,0.0,0.4706057012081146,0.7708131074905396,0.0,0.0,0.0,0.0,71.87553405761719,0.0
1.44,2.122222423553467,0.6946592804243799,0.7193389215941836,1.0,0.0,1.0,1.0,0.003634713590145111,0.009219259023666382,0.2023811638355255,0.2513491213321686,-0.32607412338256836,-0.6434106826782227,-0.1077035665512085,-0.06278765946626663,-0.06681480258703232,-0.02311994880437851,-0.39229440689086914,0.31072133779525757,1.2360892295837402,0.3173515498638153,-2.209967851638794,2.4725778102874756,-2.031181812286377,-1.311108946800232,-0.07236551493406296,-0.3328504264354706,2.604804515838623,2.014075756072998,-1.7362334728240967,0.08876404166221619,0.4000000059604645,0.05000000074505806,-0.3100000023841858,0.49000000953674316,-0.20999999344348907,0.0,-0.5736649036407471,-0.08473297953605652,0.3864125609397888,0.7331308722496033,-0.32114553451538086,0.0,0.29280954599380493,0.010724512860178947,-0.5904837846755981,-0.25891509652137756,-0.09712018072605133,-0.008717432618141174,0.6569855809211731,0.012767460197210312,-0.8008930087089539,-0.05959288775920868,-0.5686607956886292,-1.9646637439727783,0.024045027792453766,0.01679924875497818,-0.029915358871221542,-0.03977720066905022,0.0029837978072464466,-0.04814447462558746,236.436767578125,106.58155059814453,0.5,0.0,0.0,0.00017583119915798306,0.0,0.4740266501903534,0.8244032263755798,0.0,0.0,0.0,0.0,57.721920013427734,0.0
1.45,2.133333683013916,0.7431462956277414,0.669128973587877,1.0,0.0,1.0,1.0,0.0029139667749404907,0.008649040013551712,0.20202477276325226,0.24880291521549225,-0.32521820068359375,-0.6399126052856445,-0.1027967780828476,-0.07597795128822327,-0.06540205329656601,0.01673407480120659,-0.31942588090896606,0.18046966195106506,1.2400734424591064,0.3173626661300659,-2.2154877185821533,2.469940185546875,-2.032254457473755,-1.3108042478561401,-0.06646232306957245,-0.3333664834499359,2.5975100994110107,2.013981819152832,-1.7388097047805786,0.062029190361499786,0.4000000059604645,0.05000000074505806,-0.3100000023841858,0.49000000953674316,-0.20999999344348907,0.0,-0.5857865810394287,-0.08715732395648956,0.3917461037635803,0.7501012086868286,-0.3289034068584442,0.0,0.42291247844696045,0.016433440148830414,-0.5310580134391785,-0.2730441391468048,-0.10380060970783234,-0.08357394486665726,0.5120177865028381,-0.08546677231788635,-0.5801919102668762,0.017474766820669174,-0.17879366874694824,-2.1342031955718994,0.023911982774734497,0.015636451542377472,-0.026498353108763695,-0.03935437276959419,0.0037102976348251104,-0.026291241869330406,241.12814331054688,131.41403198242188,0.5,0.0,0.0,0.00018299103248864412,0.0,0.4779385030269623,0.9369375705718994,0.0,0.0,0.0,0.0,46.36542510986328,0.0
1.46,2.144444704055786,0.788011757864156,0.6156601899325982,1.0,0.0,1.0,1.0,0.002055034041404724,0.008166011422872543,0.20171315968036652,0.24655748903751373,-0.32439279556274414,-0.6382641792297363,-0.09689442068338394,-0.08866138756275177,-0.06705981492996216,0.0606803223490715,-0.22126218676567078,-0.010115467011928558,1.246282935142517,0.31739068031311035,-2.219957113265991,2.467324733734131,-2.0327627658843994,-1.3102314472198486,-0.06188880279660225,-0.33523330092430115,2.589491367340088,2.015091896057129,-1.7288599014282227,0.012903724797070026,0.4000000059604645,0.05000000074505806,-0.3100000023841858,0.49000000953674316,-0.20999999344348907,0.0,-0.5970029830932617,-0.08940060436725616,0.3966813087463379,0.7658041715621948,-0.33608192205429077,0.0,0.7174306511878967,0.01817421242594719,-0.39884066581726074,-0.2675881087779999,-0.1384384036064148,0.04085328429937363,0.36635902523994446,-0.21858297288417816,-0.6226636171340942,0.131336972117424,1.262723684310913,-4.496600151062012,0.02376263588666916,0.014917474240064621,-0.04309612140059471,-0.07516172528266907,0.005274271592497826,-0.025141499936580658,233.65118408203125,133.81065368652344,0.5,0.0,0.0,0.0001897325273603201,0.0,0.48273491859436035,0.9997953772544861,0.0,0.0,0.0,0.0,76.10709381103516,0.0
1.47,2.1555557250976562,0.8290381682428841,0.5591920203261875,1.0,0.0,1.0,1.0,0.0010294988751411438,0.007797945290803909,0.20142842829227448,0.24460700154304504,-0.3236808776855469,-0.6389646530151367,-0.09037915617227554,-0.10077778249979019,-0.06995958834886551,0.10769029706716537,-0.12150515615940094,-0.22181420028209686,1.2556195259094238,0.3172729015350342,-2.222900390625,2.4649453163146973,-2.032585382461548,-1.308316946029663,-0.059546034783124924,-0.3381863534450531,2.582893133163452,2.016990900039673,-1.7085773944854736,-0.047401607036590576,0.4000000059604645,0.05000000074505806,-0.3100000023841858,0.49000000953674316,-0.20999999344348907,0.0,-0.6072596311569214,-0.09145192801952362,0.4011942148208618,0.7801634669303894,-0.34264612197875977,0.0,1.03630793094635,-0.007892286404967308,-0.22731754183769226,-0.2611311972141266,0.5019233226776123,0.05471915006637573,0.09122759848833084,-0.30855071544647217,-0.3879789412021637,0.19657565653324127,2.278188705444336,-5.183290958404541,0.023567847907543182,0.01467941701412201,-0.06684635579586029,-0.09063366800546646,0.012487036176025867,-0.025833910331130028,222.89988708496094,134.81585693359375,0.5,0.0,0.0,0.00019576835620682687,0.0,0.4880158305168152,0.9062835574150085,0.0,0.0,0.0,0.0,103.32664489746094,0.0
1.48,2.1666669845581055,0.8660264024681193,0.4999982702251348,1.0,0.0,1.0,1.0,-4.097074270248413e-05,0.007481276988983154,0.20116585493087769,0.24270765483379364,-0.3229970932006836,-0.6412515640258789,-0.08154457807540894,-0.10557225346565247,-0.06492968648672104,0.13470493257045746,-0.1251445710659027,-0.2825244069099426,1.267546534538269,0.31673410534858704,-2.224273204803467,2.462765693664551,-2.031841993331909,-1.3048591613769531,-0.0613236278295517,-0.3396940529346466,2.5840165615081787,2.0193703174591064,-1.7008150815963745,-0.0715273916721344,0.4000000059604645,0.05000000074505806,-0.3100000023841858,0.49000000953674316,-0.20999999344348907,0.0,-0.6165066361427307,-0.09330132603645325,0.40526291728019714,0.7931092977523804,-0.3485642075538635,0.0,1.2039772272109985,-0.058550138026475906,-0.0944884791970253,-0.2509301006793976,0.5097131133079529,0.10161520540714264,-0.17501172423362732,-0.03328463435173035,0.47290876507759094,0.28517791628837585,0.5830792188644409,-0.27811747789382935,0.023327462375164032,0.015420660376548767,-0.08241356909275055,-0.015775058418512344,0.011662100441753864,-0.008001687936484814,223.7470245361328,133.80982971191406,0.5,0.0,0.0,0.0002017979568336159,0.0,0.4972416162490845,0.8524505496025085,0.0,0.0,0.0,0.0,56.69884490966797,0.0
1.49,2.1777780055999756,0.898794673804223,0.43836986021071334,1.0,0.0,1.0,1.0,-0.0009621977806091309,0.007087003439664841,0.20089615881443024,0.24052277207374573,-0.3222012519836426,-0.6434993743896484,-0.07303208857774734,-0.10478084534406662,-0.06274812668561935,0.1329263150691986,-0.14180125296115875,-0.28827613592147827,1.2812438011169434,0.31607338786125183,-2.224644184112549,2.4608449935913086,-2.0304934978485107,-1.300668716430664,-0.06319291144609451,-0.34116894006729126,2.583510160446167,2.0227551460266113,-1.6975630521774292,-0.10255572199821472,0.4000000059604645,0.05000000074505806,-0.3100000023841858,0.49000000953674316,-0.20999999344348907,0.0,-0.6246986985206604,-0.09493973851203918,0.40886741876602173,0.8045781850814819,-0.35380715131759644,0.0,1.4509084224700928,-0.02786858007311821,-0.021227821707725525,-0.2274411916732788,0.431138277053833,0.38023412227630615,-0.18819713592529297,-0.29443833231925964,-0.17879679799079895,0.36821800470352173,0.5116730332374573,-2.7817397117614746,0.02304825186729431,0.016541749238967896,-0.1074691116809845,-0.10315828025341034,0.005658069625496864,-0.023752111941576004,210.2235870361328,140.6468048095703,0.5,0.0,0.0,0.00020898421644233167,0.0,0.5072813034057617,0.846871554851532,0.0,0.0,0.0,0.0,59.25043869018555,0.0
1.5,2.1888890266418457,0.9271841787986933,0.37460579091278423,1.0,0.0,1.0,1.0,-0.00177745521068573,0.006659042090177536,0.20061111450195312,0.238216370344162,-0.32139015197753906,-0.6457042694091797,-0.06662152707576752,-0.10027962923049927,-0.059424981474876404,0.13652370870113373,-0.15879538655281067,-0.2778679430484772,1.2968717813491821,0.31605371832847595,-2.225059747695923,2.4591307640075684,-2.0284605026245117,-1.2967396974563599,-0.06571447104215622,-0.3451322615146637,2.5783581733703613,2.0266501903533936,-1.6942702531814575,-0.14654019474983215,0.4000000059604645,0.05000000074505806,-0.3100000023841858,0.49000000953674316,-0.20999999344348907,0.0,-0.63179612159729,-0.09635922312736511,0.41199028491973877,0.8145145177841187,-0.3583495020866394,0.0,1.5911903381347656,0.04333912953734398,-0.04244599491357803,-0.21076619625091553,0.5766569375991821,0.6076475381851196,-0.2598903179168701,-0.4725494086742401,-0.5103644132614136,0.40944963693618774,0.4216459393501282,-3.525052309036255,0.022731907665729523,0.017704978585243225,-0.10264219343662262,-0.1462121456861496,0.0030890852212905884,-0.03547973185777664,207.14102172851562,147.40301513671875,0.5,0.0,0.0,0.00021674840536434203,0.0,0.515699028968811,0.8569110035896301,0.0,0.0,0.0,0.0,71.84385681152344,0.0
1.51,2.200000286102295,0.9510570717929909,0.3090152847231701,1.0,0.0,1.0,1.0,-0.002458341419696808,0.0062405988574028015,0.20030371844768524,0.23580104112625122,-0.3204178810119629,-0.6476249694824219,-0.06204879283905029,-0.09295259416103363,-0.056524857878685,0.14700213074684143,-0.17809441685676575,-0.23894432187080383,1.312955379486084,0.31671610474586487,-2.225919008255005,2.457458734512329,-2.02592134475708,-1.2939637899398804,-0.06793422996997833,-0.3492175042629242,2.5721495151519775,2.0309832096099854,-1.689755916595459,-0.18451489508152008,0.4000000059604645,0.05000000074505806,-0.3100000023841858,0.49000000953674316,-0.20999999344348907,0.0,-0.6377642750740051,-0.09755285084247589,0.41461628675460815,0.8228700160980225,-0.3621691167354584,0.0,1.5778533220291138,0.11606746912002563,0.019133880734443665,-0.2983035445213318,1.3423417806625366,0.0404508113861084,-0.12800145149230957,-0.31522640585899353,-0.5769281387329102,0.42836207151412964,0.6439306735992432,-2.8973641395568848,0.022403374314308167,0.018879063427448273,-0.09324167668819427,-0.154926136136055,0.02139708213508129,-0.0447327196598053,184.46969604492188,147.53782653808594,0.5,0.0,0.0,0.00022558170894626528,0.0,0.5225273370742798,0.8920895457267761,0.0,0.0,0.0,0.0,85.10640716552734,0.0
1.52,2.211111307144165,0.9702960242533635,0.24192070047459083,1.0,0.0,1.0,1.0,-0.00303475558757782,0.005846329033374786,0.19994822144508362,0.2334257960319519,-0.3193016052246094,-0.6490335464477539,-0.05745847523212433,-0.08329414576292038,-0.05815257504582405,0.1486152559518814,-0.18820860981941223,-0.17642278969287872,1.3288179636001587,0.31837764382362366,-2.2282485961914062,2.4557719230651855,-2.0233490467071533,-1.29458487033844,-0.06799373775720596,-0.35025253891944885,2.5671732425689697,2.0367496013641357,-1.6815489530563354,-0.21099956333637238,0.4000000059604645,0.05000000074505806,-0.3100000023841858,0.49000000953674316,-0.20999999344348907,0.0,-0.6425740122795105,-0.09851481020450592,0.4167325794696808,0.8296036720275879,-0.36524736881256104,0.0,1.5156724452972412,0.25704264640808105,-0.1660187542438507,-0.30757367610931396,1.436282992362976,-0.295468807220459,0.12293712049722672,0.06219372898340225,-0.01800556108355522,0.7942759394645691,2.441293954849243,1.3235456943511963,0.022127665579319,0.020332753658294678,-0.055147990584373474,-0.0767277181148529,0.024244029074907303,-0.04342728853225708,186.82373046875,146.7926788330078,0.5,0.0,0.0,0.00023516578949056566,0.0,0.5297258496284485,0.9396479725837708,0.0,0.0,0.0,0.0,119.97057342529297,0.0
1.53,2.222222328186035,0.9848078686252573,0.1736475219914698,1.0,0.0,1.0,1.0,-0.0035168901085853577,0.0055200159549713135,0.1995413601398468,0.2312334030866623,-0.31801509857177734,-0.6498560905456543,-0.053715430200099945,-0.07320136576890945,-0.05940501019358635,0.14465466141700745,-0.18031542003154755,-0.13348260521888733,1.343796730041504,0.3214062452316284,-2.231856346130371,2.4543709754943848,-2.0208780765533447,-1.2992134094238281,-0.06821936368942261,-0.34830787777900696,2.564063787460327,2.0447616577148438,-1.6675350666046143,-0.22794033586978912,0.4000000059604645,0.05000000074505806,-0.3100000023841858,0.49000000953674316,-0.20999999344348907,0.0,-0.6462019681930542,-0.09924039244651794,0.4183288812637329,0.8346827626228333,-0.3675692677497864,0.0,1.4359140396118164,0.37265628576278687,-0.4027959704399109,-0.22735896706581116,1.2186179161071777,-0.42585739493370056,-0.0291959997266531,0.1678898185491562,-0.45243892073631287,0.7367154955863953,1.761256217956543,-1.1560330390930176,0.02192026376724243,0.022707968950271606,-0.02346888743340969,-0.13032783567905426,0.01616305112838745,-0.06947010010480881,183.8529052734375,142.70199584960938,0.5,0.0,0.0,0.0002452938642818481,0.0,0.5358406901359558,0.9649922251701355,0.0,0.0,0.0,0.0,108.25009155273438,0.0
1.54,2.2333335876464844,0.9945220623926851,0.10452687412431212,1.0,0.0,1.0,1.0,-0.0039785876870155334,0.005255550146102905,0.19909104704856873,0.2292192429304123,-0.3167457580566406,-0.6507978439331055,-0.04952835664153099,-0.06728217005729675,-0.06105959415435791,0.14976492524147034,-0.14894530177116394,-0.16780909895896912,1.3581587076187134,0.3250015377998352,-2.236466884613037,2.453234910964966,-2.018648147583008,-1.3074822425842285,-0.06842738389968872,-0.3468154966831207,2.560533285140991,2.053473711013794,-1.6535509824752808,-0.24847577512264252,0.4000000059604645,0.05000000074505806,-0.3100000023841858,0.49000000953674316,-0.20999999344348907,0.0,-0.6486304998397827,-0.099726103246212,0.41939741373062134,0.8380827307701111,-0.36912351846694946,0.0,1.3756942749023438,0.3800984025001526,-0.4867115914821625,-0.1801682561635971,1.0425562858581543,-0.365108847618103,-0.06031477451324463,0.16098687052726746,-0.04967973381280899,0.9392089247703552,3.1405892372131348,0.46149733662605286,0.021799080073833466,0.025139272212982178,-0.0017514305654913187,-0.07025997340679169,0.012561092153191566,-0.051286738365888596,191.59442138671875,119.71004486083984,0.5,0.0,0.0,0.00025531373103149235,0.0,0.5417142510414124,0.9452368021011353,0.0,0.0,0.0,0.0,136.37281799316406,0.0
1.55,2.2444446086883545,0.9993908630339691,0.034898465356212265,1.0,0.0,1.0,1.0,-0.004436954855918884,0.005067601799964905,0.19861558079719543,0.22736801207065582,-0.3155837059020996,-0.6522412300109863,-0.04547137767076492,-0.06030956283211708,-0.06234577298164368,0.14153636991977692,-0.11244899779558182,-0.22125832736492157,1.3724385499954224,0.32851243019104004,-2.24084734916687,2.4523396492004395,-2.0165443420410156,-1.3150687217712402,-0.0686376690864563,-0.3453074097633362,2.558274507522583,2.063401937484741,-1.6339890956878662,-0.2708023488521576,0.4000000059604645,0.05000000074505806,-0.3100000023841858,0.49000000953674316,-0.20999999344348907,0.0,-0.6498477458953857,-0.0999695435166359,0.4199329912662506,0.8397867679595947,-0.36990252137184143,0.0,1.4319974184036255,0.3504846394062042,-0.4907471835613251,-0.1681029200553894,0.8709180355072021,-0.4388939142227173,-0.0993998646736145,0.09321834146976471,-0.44782552123069763,0.8536427021026611,1.8692125082015991,-4.8886189460754395,0.021664492785930634,0.02785470336675644,-0.005751397460699081,-0.08906588703393936,0.014376526698470116,-0.003282329300418496,199.29727172851562,139.04397583007812,0.5,0.0,0.0,0.00026486674323678017,0.0,0.5475220084190369,0.906730055809021,0.0,0.0,0.0,0.0,111.96337890625,0.0
1.56,2.2555558681488037,0.9993907584717193,-0.03490145958727216,1.0,0.0,1.0,1.0,-0.004884533584117889,0.004905924201011658,0.19814811646938324,0.2255590409040451,-0.31469202041625977,-0.6542377471923828,-0.039827000349760056,-0.055021852254867554,-0.06169932335615158,0.13234858214855194,-0.11132802814245224,-0.25471171736717224,1.3875428438186646,0.3314242660999298,-2.2447550296783447,2.4514923095703125,-2.0141847133636475,-1.3204783201217651,-0.07247459888458252,-0.34318819642066956,2.554333209991455,2.072390079498291,-1.6149051189422607,-0.30155622959136963,0.4000000059604645,0.05000000074505806,-0.3100000023841858,0.49000000953674316,-0.20999999344348907,0.0,-0.6496954560279846,-0.09993909299373627,0.41986599564552307,0.8395736217498779,-0.36980509757995605,0.0,1.5153985023498535,0.27407312393188477,-0.37972545623779297,-0.16702666878700256,1.3024600744247437,0.14305847883224487,-0.31599634885787964,0.15516234934329987,-0.671579897403717,0.799136757850647,2.0477027893066406,-2.8533215522766113,0.021482162177562714,0.031196944415569305,-0.014815851114690304,-0.2085343301296234,0.01714431308209896,-0.07894998043775558,192.93392944335938,133.13612365722656,0.5,0.0,0.0,0.0002735553134698421,0.0,0.5549478530883789,0.8783096671104431,0.0,0.0,0.0,0.0,125.2155990600586,0.0
1.57,2.266666889190674,0.9945217492198297,-0.10452985376785903,1.0,0.0,1.0,1.0,-0.005294784903526306,0.004774646833539009,0.19765052199363708,0.22367720305919647,-0.31395387649536133,-0.6568622589111328,-0.03569427505135536,-0.0486610010266304,-0.062437690794467926,0.13200366497039795,-0.08763846755027771,-0.34176695346832275,1.4034430980682373,0.33305537700653076,-2.2469680309295654,2.450862169265747,-2.0118391513824463,-1.3198730945587158,-0.07536062598228455,-0.34258654713630676,2.547006607055664,2.080698251724243,-1.5997165441513062,-0.3378959894180298,0.4000000059604645,0.05000000074505806,-0.3100000023841858,0.49000000953674316,-0.20999999344348907,0.0,-0.6472684144973755,-0.09945367276668549,0.4187980890274048,0.8361757397651672,-0.3682517409324646,0.0,1.5781725645065308,0.12967531383037567,-0.17389161884784698,-0.17406360805034637,1.3210622072219849,0.31124669313430786,-0.27890104055404663,-0.007097054272890091,-0.6758921146392822,0.825432300567627,1.7468364238739014,-3.131354570388794,0.021158985793590546,0.03401961922645569,-0.03877070173621178,-0.23256611824035645,0.021786987781524658,-0.03578145429491997,188.90736389160156,139.71121215820312,0.5,0.0,0.0,0.0002820906520355493,0.0,0.5606421232223511,0.791671097278595,0.0,0.0,0.0,0.0,115.73152160644531,0.0
1.58,2.277778148651123,0.984807348363098,-0.17365047253043578,1.0,0.0,1.0,1.0,-0.005650356411933899,0.004693198949098587,0.1971300095319748,0.2216128557920456,-0.31338024139404297,-0.6603426933288574,-0.031499531120061874,-0.04188704118132591,-0.06087113916873932,0.1358753740787506,-0.08942772448062897,-0.4269498884677887,1.4196206331253052,0.3330778479576111,-2.2485544681549072,2.4503464698791504,-2.0101449489593506,-1.3185020685195923,-0.07736687362194061,-0.3431003987789154,2.5393733978271484,2.089495897293091,-1.5870726108551025,-0.3809677064418793,0.4000000059604645,0.05000000074505806,-0.3100000023841858,0.49000000953674316,-0.20999999344348907,0.0,-0.642461359500885,-0.09849226474761963,0.41668298840522766,0.8294458389282227,-0.3651752471923828,0.0,1.5859664678573608,-0.03471730649471283,-0.1420166939496994,-0.16065457463264465,1.2881083488464355,0.35059070587158203,-0.1636798232793808,-0.09320764243602753,-0.7020578384399414,0.8742390275001526,1.5402641296386719,-3.815106153488159,0.0208357572555542,0.036693066358566284,-0.03228471055626869,-0.24120262265205383,0.021697675809264183,0.007539165671914816,191.7230224609375,143.63502502441406,0.5,0.0,0.0,0.00029072139295749366,0.0,0.5663785934448242,0.6944935321807861,0.0,0.0,0.0,0.0,111.75271606445312,0.0
1.59,2.288889169692993,0.970295299440988,-0.2419236075349487,1.0,0.0,1.0,1.0,-0.005959019064903259,0.004698960110545158,0.1965979039669037,0.21940772235393524,-0.31296205520629883,-0.6647706031799316,-0.029654046520590782,-0.03282161429524422,-0.05907302349805832,0.14097146689891815,-0.06698974967002869,-0.5165305137634277,1.435347080230713,0.3319815695285797,-2.250232458114624,2.450029134750366,-2.009155750274658,-1.3190696239471436,-0.0792558416724205,-0.34423625469207764,2.5337820053100586,2.0977485179901123,-1.5739556550979614,-0.4196511507034302,0.4000000059604645,0.05000000074505806,-0.3100000023841858,0.49000000953674316,-0.20999999344348907,0.0,-0.6353681683540344,-0.09707362949848175,0.41356199979782104,0.8195154666900635,-0.3606356084346771,0.0,1.4994056224822998,-0.12802132964134216,-0.1878603845834732,-0.13011398911476135,1.0340994596481323,0.2744462192058563,-0.19120676815509796,-0.14622758328914642,-0.4433622658252716,0.7676328420639038,1.55708646774292,-3.2769393920898438,0.02058463543653488,0.03909866511821747,-0.0062075043097138405,-0.2172228991985321,0.019356096163392067,0.03198501095175743,191.09054565429688,143.93426513671875,0.5,0.0,0.0,0.00029933566111139953,0.0,0.5693719983100891,0.5864853858947754,0.0,0.0,0.0,0.0,97.42347717285156,0.0
1.6,2.3000001907348633,0.951056145961555,-0.30901813414224355,1.0,0.0,1.0,1.0,-0.006207726895809174,0.004816142842173576,0.19604529440402985,0.21713091433048248,-0.3125448226928711,-0.6699128150939941,-0.02734524756669998,-0.024995872750878334,-0.05757090449333191,0.1612892895936966,-0.05366619676351547,-0.5702528953552246,1.449587106704712,0.3302915692329407,-2.2524542808532715,2.4500772953033447,-2.0092062950134277,-1.3241736888885498,-0.08058195561170578,-0.344717413187027,2.5298898220062256,2.1054608821868896,-1.5613490343093872,-0.45858919620513916,0.4000000059604645,0.05000000074505806,-0.3100000023841858,0.49000000953674316,-0.20999999344348907,0.0,-0.6261268258094788,-0.09522536396980286,0.4094958007335663,0.8065775632858276,-0.35472115874290466,0.0,1.3370587825775146,-0.1924070417881012,-0.22213445603847504,-0.053663257509469986,0.7097074389457703,0.5468025207519531,-0.0835963562130928,-0.006820159964263439,-0.306594580411911,0.720417857170105,1.6447103023529053,-3.454577684402466,0.020483925938606262,0.04128526151180267,0.025543322786688805,-0.19622226059436798,0.01294987928122282,0.05755331367254257,198.19757080078125,146.26023864746094,0.5,0.0,0.0,0.00030839655664749444,0.0,0.5726757049560547,0.5218491554260254,0.0,0.0,0.0,0.0,84.85713195800781,0.0
1.61,2.3111114501953125,0.9271830564545201,-0.37460856880703364,1.0,0.0,1.0,1.0,-0.006391249597072601,0.005016060546040535,0.1954738348722458,0.21477282047271729,-0.31202268600463867,-0.675727367401123,-0.022768691182136536,-0.023588724434375763,-0.05639660358428955,0.1852329671382904,-0.03920726478099823,-0.6500197052955627,1.4625762701034546,0.3272676467895508,-2.253835678100586,2.450531244277954,-2.010171890258789,-1.3302029371261597,-0.08108711242675781,-0.34423696994781494,2.5264394283294678,2.1137778759002686,-1.5455371141433716,-0.500347912311554,0.4000000059604645,0.05000000074505806,-0.3100000023841858,0.49000000953674316,-0.20999999344348907,0.0,-0.6149170398712158,-0.09298340231180191,0.4045634865760803,0.7908837795257568,-0.34754687547683716,0.0,1.2392568588256836,-0.3701131045818329,-0.10958023369312286,-0.03561528027057648,0.687329113483429,0.10128843784332275,-0.024879544973373413,0.0366717204451561,-0.30357983708381653,0.9038749933242798,1.2107045650482178,-3.8262884616851807,0.02044716849923134,0.0435696616768837,0.017722979187965393,-0.21705219149589539,0.013113057240843773,0.10657865554094315,206.52825927734375,145.74632263183594,0.5,0.0,0.0,0.00031846921774558723,0.0,0.5782858729362488,0.4295353591442108,0.0,0.0,0.0,0.0,80.78671264648438,0.0
1.62,2.3222224712371826,0.8987933604194404,-0.4383725530481234,1.0,0.0,1.0,1.0,-0.006604194641113281,0.005284588783979416,0.19490578770637512,0.2125466763973236,-0.31164026260375977,-0.6823740005493164,-0.02052728831768036,-0.02002887800335884,-0.05747942626476288,0.1753581315279007,0.01035306230187416,-0.7112798690795898,1.4753681421279907,0.32330286502838135,-2.2546186447143555,2.451066017150879,-2.0114707946777344,-1.3339953422546387,-0.08172738552093506,-0.34396955370903015,2.523123025894165,2.122331142425537,-1.526889681816101,-0.5463796854019165,0.4000000059604645,0.05000000074505806,-0.3100000023841858,0.49000000953674316,-0.20999999344348907,0.0,-0.6019572615623474,-0.09039145708084106,0.39886119961738586,0.7727401256561279,-0.33925265073776245,0.0,1.2611726522445679,-0.4055159091949463,-0.09224244952201843,-0.021929651498794556,0.47871559858322144,0.47242170572280884,-0.10515877604484558,0.01238398626446724,-0.212080180644989,0.9246033430099487,0.20626568794250488,-3.855679988861084,0.020382985472679138,0.04591434448957443,0.018665404990315437,-0.24067561328411102,0.011782201938331127,0.14538466930389404,204.8312225341797,169.21121215820312,0.5,0.0,0.0,0.0003276983625255525,0.0,0.5811771750450134,0.3635501563549042,0.0,0.0,0.0,0.0,55.54433822631836,0.0
1.6300000000000001,2.3333334922790527,0.8660249044413024,-0.5000008648866849,1.0,0.0,1.0,1.0,-0.006918415427207947,0.005657793954014778,0.1943494826555252,0.21075284481048584,-0.31142139434814453,-0.689643383026123,-0.020499739795923233,-0.017465097829699516,-0.058836326003074646,0.17264306545257568,0.07434486597776413,-0.7336951494216919,1.4873682260513306,0.31968843936920166,-2.2559614181518555,2.4519219398498535,-2.013339042663574,-1.3407490253448486,-0.08246920257806778,-0.3433096408843994,2.5248589515686035,2.1305148601531982,-1.5011757612228394,-0.5747210383415222,0.4000000059604645,0.05000000074505806,-0.3100000023841858,0.49000000953674316,-0.20999999344348907,0.0,-0.5874996185302734,-0.08749992400407791,0.3924998342990875,0.7524994611740112,-0.32999974489212036,0.0,1.112783432006836,-0.3242313265800476,-0.12381536513566971,0.0027434155344963074,-0.07880017161369324,-0.9467786550521851,-0.05276894196867943,0.09607497602701187,0.3987553119659424,0.8377605080604553,1.6619470119476318,-2.0426371097564697,0.02040555328130722,0.048107944428920746,0.005337937735021114,-0.14577344059944153,0.006139320321381092,0.1565253585577011,206.37745666503906,148.6409912109375,0.5,0.0,0.0,0.00033484591403976083,0.0,0.5813222527503967,0.3407462537288666,0.0,0.0,0.0,0.0,68.1895751953125,0.0
1.6400000000000001,2.344444751739502,0.8290364928684297,-0.5591945041686426,1.0,0.0,1.0,1.0,-0.00737898051738739,0.006095243617892265,0.1938234269618988,0.20947913825511932,-0.3115048408508301,-0.6972808837890625,-0.020261865109205246,-0.01718040741980076,-0.06181591749191284,0.1303005814552307,0.12733587622642517,-0.7491533756256104,1.4984041452407837,0.31628814339637756,-2.257619857788086,2.4530396461486816,-2.014706611633301,-1.3465269804000854,-0.08343314379453659,-0.34223395586013794,2.530986785888672,2.1375794410705566,-1.4785856008529663,-0.5969319343566895,0.4000000059604645,0.05000000074505806,-0.3100000023841858,0.49000000953674316,-0.20999999344348907,0.0,-0.5718252658843994,-0.08436505496501923,0.385603129863739,0.7305554151535034,-0.31996816396713257,0.0,1.045204520225525,-0.328774094581604,-0.18814235925674438,-0.0027062147855758667,0.07306590676307678,-0.8255232572555542,-0.07861143350601196,0.07236749678850174,0.7246397733688354,0.4843790531158447,3.2454898357391357,-2.0669572353363037,0.020477265119552612,0.05002956837415695,0.004097821656614542,-0.08548203110694885,0.0035644315648823977,0.1173018142580986,202.35641479492188,127.05223846435547,0.5,0.0,0.0,0.0003387600008863956,0.0,0.5816215872764587,0.32547762989997864,0.0,0.0,0.0,0.0,83.58184051513672,0.0
1.6500000000000001,2.355555772781372,0.7880099133080747,-0.6156625508573675,1.0,0.0,1.0,1.0,-0.007941901683807373,0.006476767361164093,0.1933264136314392,0.20854748785495758,-0.3119683265686035,-0.7047457695007324,-0.017428094521164894,-0.01754043810069561,-0.061882637441158295,0.09012874960899353,0.15360397100448608,-0.7182408571243286,1.5093625783920288,0.3132723867893219,-2.260739803314209,2.4535458087921143,-2.016268253326416,-1.352668285369873,-0.08379148691892624,-0.3409123122692108,2.5355660915374756,2.144249677658081,-1.4598219394683838,-0.6296334862709045,0.4000000059604645,0.05000000074505806,-0.3100000023841858,0.49000000953674316,-0.20999999344348907,0.0,-0.555239737033844,-0.08104795217514038,0.37830549478530884,0.7073356509208679,-0.30935341119766235,0.0,1.0921193361282349,-0.24347200989723206,-0.35042133927345276,-0.0824912041425705,0.03514561057090759,-0.9933432340621948,0.015708576887845993,0.10735423117876053,0.35202112793922424,0.5778551697731018,3.8707237243652344,-4.011207103729248,0.020560093224048615,0.051855236291885376,0.017053287476301193,-0.14585204422473907,0.009151489473879337,0.12033039331436157,204.57264709472656,128.10935974121094,0.5,0.0,0.0,0.0003395377134438604,0.0,0.5850376486778259,0.3563863933086395,0.0,0.0,0.0,0.0,97.19120025634766,0.0
1.6600000000000001,2.366666793823242,0.7431442908763792,-0.669131200092959,1.0,0.0,1.0,1.0,-0.008600212633609772,0.006822971627116203,0.1928737461566925,0.2079489827156067,-0.3127908706665039,-0.712130069732666,-0.01577790640294552,-0.018009399995207787,-0.06279658526182175,0.048910077661275864,0.1746448278427124,-0.6907534003257751,1.5203921794891357,0.3103856146335602,-2.263705015182495,2.4542455673217773,-2.016479253768921,-1.3548341989517212,-0.0847640186548233,-0.33943596482276917,2.5389673709869385,2.149941921234131,-1.4404865503311157,-0.6700131297111511,0.4000000059604645,0.05000000074505806,-0.3100000023841858,0.49000000953674316,-0.20999999344348907,0.0,-0.5380656719207764,-0.07761313021183014,0.3707488775253296,0.6832919120788574,-0.29836201667785645,0.0,1.0627440214157104,-0.29280877113342285,-0.26294347643852234,-0.059457942843437195,0.23574477434158325,-0.4028507173061371,-0.09907685965299606,0.09039445966482162,0.2903502583503723,0.3303062319755554,3.997911214828491,-4.3628435134887695,0.020606577396392822,0.05364435166120529,-0.013199703767895699,-0.16547851264476776,0.0029876306653022766,0.07857196033000946,197.3056640625,128.5522918701172,0.5,0.0,0.0,0.0003372996870893985,0.0,0.5870165228843689,0.38508909940719604,0.0,0.0,0.0,0.0,90.24176025390625,0.0
1.67,2.3777780532836914,0.6946571252414081,-0.7193410028292164,1.0,0.0,1.0,1.0,-0.009333021938800812,0.007043762132525444,0.1924481838941574,0.20752522349357605,-0.31401920318603516,-0.7189197540283203,-0.01403149776160717,-0.019331470131874084,-0.06421402096748352,-0.008985567837953568,0.15997156500816345,-0.6115683317184448,1.5310842990875244,0.3073277175426483,-2.267601490020752,2.4543323516845703,-2.0166432857513428,-1.3547992706298828,-0.08548743277788162,-0.3384835720062256,2.541869640350342,2.154597043991089,-1.423040747642517,-0.7098748087882996,0.4000000059604645,0.05000000074505806,-0.3100000023841858,0.49000000953674316,-0.20999999344348907,0.0,-0.520637035369873,-0.07412740588188171,0.36308029294013977,0.6588918566703796,-0.287207692861557,0.0,1.025377631187439,-0.27853530645370483,-0.4225383400917053,-0.09099379926919937,0.08240413665771484,-0.26658308506011963,0.005760461091995239,0.03302659094333649,0.24908892810344696,0.30596357583999634,3.512077808380127,-3.9138617515563965,0.02062564715743065,0.055141158401966095,-0.012555841356515884,-0.15919999778270721,-0.0030116746202111244,0.07375866919755936,206.79400634765625,133.75021362304688,0.5,0.0,0.0,0.0003323968267068267,0.0,0.589073657989502,0.47329726815223694,0.0,0.0,0.0,0.0,77.52714538574219,0.0
1.68,2.3888893127441406,0.6427855695845064,-0.7660461549632124,1.0,0.0,1.0,1.0,-0.010145828127861023,0.007144574075937271,0.1920710802078247,0.2072599232196808,-0.31566429138183594,-0.7250547409057617,-0.015353230759501457,-0.020085999742150307,-0.06237131729722023,-0.061966363340616226,0.15602949261665344,-0.5454154014587402,1.5407545566558838,0.30449074506759644,-2.272980213165283,2.4540891647338867,-2.015881299972534,-1.3551392555236816,-0.08518805354833603,-0.3379378914833069,2.54801607131958,2.158287525177002,-1.407446026802063,-0.7335172295570374,0.4000000059604645,0.05000000074505806,-0.3100000023841858,0.49000000953674316,-0.20999999344348907,0.0,-0.5032933354377747,-0.07065866142511368,0.35544905066490173,0.634610652923584,-0.2761077284812927,0.0,0.8799694776535034,-0.26441478729248047,-0.5761523246765137,-0.07149474322795868,0.09544719755649567,-0.18671724200248718,0.14308393001556396,0.016139397397637367,0.7022496461868286,0.226343035697937,2.828253746032715,-1.9142760038375854,0.020736657083034515,0.05620355159044266,-0.008702915161848068,-0.05952467396855354,-0.01302121952176094,0.08340012282133102,223.94252014160156,135.7268829345703,0.5,0.0,0.0,0.00032494202605448663,0.0,0.5874379277229309,0.5515868663787842,0.0,0.0,0.0,0.0,69.36988830566406,0.0
1.69,2.4000000953674316,0.5877847675202869,-0.8090173465823353,1.0,0.0,1.0,1.0,-0.010975927114486694,0.007125500589609146,0.1917494237422943,0.20698122680187225,-0.3175177574157715,-0.7305493354797363,-0.013915183022618294,-0.024955660104751587,-0.05882471427321434,-0.08290864527225494,0.1330118179321289,-0.5049188137054443,1.5485498905181885,0.3010503947734833,-2.27919340133667,2.453460454940796,-2.0147507190704346,-1.3562703132629395,-0.0821867510676384,-0.33646297454833984,2.5553979873657227,2.1625747680664062,-1.390981674194336,-0.753052294254303,0.4000000059604645,0.05000000074505806,-0.3100000023841858,0.49000000953674316,-0.20999999344348907,0.0,-0.48637256026268005,-0.06727451086044312,0.34800392389297485,0.6109215617179871,-0.2652784287929535,0.0,0.6831125020980835,-0.37076249718666077,-0.60882169008255,-0.12982714176177979,0.14671266078948975,-0.22732718288898468,0.45647889375686646,0.18991179764270782,0.7429471015930176,0.3648872673511505,2.284437656402588,-2.115696430206299,0.020970474928617477,0.05713382363319397,0.0067194500006735325,-0.02244049869477749,-0.012290657497942448,0.12235434353351593,221.3430938720703,142.7948455810547,0.5,0.0,0.0,0.0003166589012835175,0.0,0.588921070098877,0.6005640029907227,0.0,0.0,0.0,0.0,72.5667724609375,0.0
1.7,2.411111354827881,0.5299179656015863,-0.8480489076301414,1.0,0.0,1.0,1.0,-0.011911988258361816,0.007026078179478645,0.19149300456047058,0.20681682229042053,-0.31977224349975586,-0.7361273765563965,-0.014428357593715191,-0.029560636729002,-0.05892662703990936,-0.1339869201183319,0.16851334273815155,-0.5284623503684998,1.5552613735198975,0.297322154045105,-2.286789894104004,2.452871084213257,-2.0115718841552734,-1.3590530157089233,-0.07746818661689758,-0.33353471755981445,2.5664916038513184,2.1663882732391357,-1.3743563890457153,-0.763958752155304,0.4000000059604645,0.05000000074505806,-0.3100000023841858,0.49000000953674316,-0.20999999344348907,0.0,-0.4702031910419464,-0.0640406385064125,0.3408893942832947,0.588284432888031,-0.2549300193786621,0.0,0.6212618947029114,-0.3603111803531647,-0.8161510229110718,-0.11206255853176117,0.40624579787254333,-0.45541709661483765,0.571112334728241,0.30853989720344543,1.214880347251892,0.20527686178684235,2.8609023094177246,-1.4672653675079346,0.021418165415525436,0.05787872523069382,0.01408823300153017,0.059701934456825256,-0.0251925066113472,0.12001290917396545,219.99658203125,135.02403259277344,0.5,0.0,0.0,0.0003063204057980329,0.0,0.5880044102668762,0.5720407962799072,0.0,0.0,0.0,0.0,83.73949432373047,0.0
1.71,2.42222261428833,0.4694693877101679,-0.8829487493637668,1.0,0.0,1.0,1.0,-0.012991674244403839,0.006895773112773895,0.1913081556558609,0.20694155991077423,-0.32232236862182617,-0.7419896125793457,-0.013279485516250134,-0.038870081305503845,-0.05710025131702423,-0.1388361155986786,0.20513463020324707,-0.5377551317214966,1.5609707832336426,0.29404985904693604,-2.296018600463867,2.452453136444092,-2.0058810710906982,-1.3653737306594849,-0.07074521481990814,-0.3274421691894531,2.584285259246826,2.1694588661193848,-1.3566739559173584,-0.7584658265113831,0.4000000059604645,0.05000000074505806,-0.3100000023841858,0.49000000953674316,-0.20999999344348907,0.0,-0.4551003873348236,-0.061020076274871826,0.33424416184425354,0.567140519618988,-0.2452642321586609,0.0,0.5064660310745239,-0.29321467876434326,-0.9403725862503052,-0.06235846132040024,0.6653053164482117,-0.80595862865448,0.8576077222824097,0.7569233179092407,1.9123668670654297,0.09297239780426025,3.43505859375,-0.40605974197387695,0.02212340384721756,0.05838412046432495,0.02402636408805847,0.19905978441238403,-0.03877655789256096,0.14587846398353577,238.46136474609375,122.77972412109375,0.5,0.0,0.0,0.00029411609284579754,0.0,0.5886441469192505,0.5608167052268982,0.0,0.0,0.0,0.0,91.63711547851562,0.0
1.72,2.433333396911621,0.4067362781379609,-0.9135456201233079,1.0,0.0,1.0,1.0,-0.014221616089344025,0.006740979850292206,0.1912129521369934,0.2073327600955963,-0.32509708404541016,-0.7484555244445801,-0.01172452513128519,-0.05164976418018341,-0.05517249554395676,-0.15214794874191284,0.2592333257198334,-0.6185240745544434,1.5657247304916382,0.29021090269088745,-2.3053529262542725,2.4520139694213867,-1.998496651649475,-1.3715417385101318,-0.062334004789590836,-0.31754159927368164,2.607017755508423,2.171743869781494,-1.3391176462173462,-0.7491976618766785,0.4000000059604645,0.05000000074505806,-0.3100000023841858,0.49000000953674316,-0.20999999344348907,0.0,-0.4413584768772125,-0.05827169492840767,0.328197717666626,0.5479018688201904,-0.23646941781044006,0.0,0.4240954518318176,-0.42644771933555603,-0.8894696235656738,-0.08020888268947601,0.7940672039985657,-0.5809434652328491,0.9139060974121094,1.1028904914855957,2.362569570541382,0.22050394117832184,1.0413841009140015,0.8607873916625977,0.022957198321819305,0.05873619765043259,0.02243998646736145,0.21639305353164673,-0.04541541635990143,0.20897717773914337,237.56149291992188,166.91050720214844,0.5,0.0,0.0,0.0002806815318763256,0.0,0.5891588926315308,0.4652669131755829,0.0,0.0,0.0,0.0,69.85617065429688,0.0
1.73,2.4444446563720703,0.34201889204895325,-0.9396930762124442,1.0,0.0,1.0,1.0,-0.0156012624502182,0.006518561393022537,0.19124434888362885,0.20794172585010529,-0.3281974792480469,-0.7555904388427734,-0.00714921997860074,-0.06741417199373245,-0.04859384149312973,-0.17660164833068848,0.29732057452201843,-0.6663862466812134,1.5713568925857544,0.2856036424636841,-2.3143832683563232,2.450559139251709,-1.9913098812103271,-1.3758357763290405,-0.053412120789289474,-0.30424562096595764,2.626312732696533,2.173424482345581,-1.3187003135681152,-0.7750948071479797,0.4000000059604645,0.05000000074505806,-0.3100000023841858,0.49000000953674316,-0.20999999344348907,0.0,-0.42924419045448303,-0.05584883689880371,0.3228674530982971,0.5309418439865112,-0.22871626913547516,0.0,0.6561794281005859,-0.4527361989021301,-0.8610035181045532,-0.19227232038974762,0.7375216484069824,-0.3316330313682556,0.934980034828186,1.3732987642288208,1.8815956115722656,-0.1234273910522461,4.573341369628906,-4.834324359893799,0.023705177009105682,0.05935875326395035,0.0069357422180473804,0.15823550522327423,-0.04203472658991814,0.16052407026290894,259.61187744140625,71.62619018554688,0.5,0.0,0.0,0.0002659524616319686,0.0,0.5924493074417114,0.4114197790622711,0.0,0.0,0.0,0.0,126.30936431884766,0.0
1.74,2.4555559158325195,0.27563517982075963,-0.9612623198925347,1.0,0.0,1.0,1.0,-0.017128996551036835,0.006183626130223274,0.19141912460327148,0.20867489278316498,-0.3316493034362793,-0.7632741928100586,-0.0048861391842365265,-0.08260723948478699,-0.04119604080915451,-0.20018455386161804,0.3188368082046509,-0.7071220874786377,1.5781253576278687,0.279671847820282,-2.321941614151001,2.448031187057495,-1.984792947769165,-1.3740628957748413,-0.04522790387272835,-0.2903265953063965,2.645193099975586,2.173926591873169,-1.2986901998519897,-0.8067144155502319,0.4000000059604645,0.05000000074505806,-0.3100000023841858,0.49000000953674316,-0.20999999344348907,0.0,-0.41899368166923523,-0.05379873886704445,0.3183572292327881,0.5165911912918091,-0.22215595841407776,0.0,0.6631523370742798,-0.6433214545249939,-0.6985946893692017,-0.3006898760795593,0.6779913306236267,0.2669515013694763,0.8502838611602783,1.2920016050338745,1.7207491397857666,-0.37991252541542053,6.703550815582275,-5.909117698669434,0.02423405647277832,0.05995260179042816,-0.006387205794453621,0.11038511246442795,-0.036860715597867966,0.10575535893440247,260.0247802734375,21.8675594329834,0.5,0.0,0.0,0.0002503312425687909,0.0,0.5924623608589172,0.3678635358810425,0.0,0.0,0.0,0.0,169.91531372070312,0.0
1.75,2.4666666984558105,0.2079114954454077,-0.9781476422614607,1.0,0.0,1.0,1.0,-0.018721207976341248,0.00566406175494194,0.19172526895999908,0.2092864215373993,-0.33539247512817383,-0.7708268165588379,-0.0024578189477324486,-0.09593905508518219,-0.033195193856954575,-0.23530757427215576,0.28824734687805176,-0.6648175716400146,1.5850366353988647,0.27290380001068115,-2.3299901485443115,2.4445130825042725,-1.9777700901031494,-1.3724877834320068,-0.03762953355908394,-0.27737003564834595,2.660482883453369,2.173440456390381,-1.282913327217102,-0.8486350774765015,0.4000000059604645,0.05000000074505806,-0.3100000023841858,0.49000000953674316,-0.20999999344348907,0.0,-0.4108067452907562,-0.05216134712100029,0.3147549629211426,0.5051293969154358,-0.2169162929058075,0.0,0.6944305300712585,-0.6806135773658752,-0.823373556137085,-0.4262971580028534,0.7193999290466309,0.040104884654283524,0.7756767272949219,1.2087793350219727,1.355876088142395,-0.2374551147222519,3.2563273906707764,-4.950015544891357,0.024793051183223724,0.06049039214849472,0.003622613614425063,-0.0034303045831620693,-0.03592226281762123,0.09728381782770157,250.80023193359375,71.30461883544922,0.5,0.0,0.0,0.00023483803670387715,0.0,0.5925403237342834,0.4131416380405426,0.0,0.0,0.0,0.0,117.99906921386719,0.0
1.76,2.4777779579162598,0.13917198013153648,-0.9902682262631003,1.0,0.0,1.0,1.0,-0.0203324556350708,0.004959682002663612,0.19217126071453094,0.20972533524036407,-0.3392472267150879,-0.7778544425964355,-0.00151159823872149,-0.10973481088876724,-0.02270001545548439,-0.24442800879478455,0.24810895323753357,-0.6031777858734131,1.5916211605072021,0.26546117663383484,-2.338125228881836,2.439967632293701,-1.9704298973083496,-1.3710616827011108,-0.03045051358640194,-0.2655457556247711,2.675987958908081,2.1714560985565186,-1.2748061418533325,-0.8809834122657776,0.4000000059604645,0.05000000074505806,-0.3100000023841858,0.49000000953674316,-0.20999999344348907,0.0,-0.40484219789505005,-0.050968438386917114,0.31213057041168213,0.49677908420562744,-0.21309898793697357,0.0,0.6032082438468933,-0.761258065700531,-0.7838141918182373,-0.5120301246643066,0.8563564419746399,0.06824395060539246,0.7125836610794067,1.1275039911270142,1.6168382167816162,-0.23346945643424988,0.5612982511520386,-2.577716588973999,0.025356031954288483,0.06065785884857178,0.005680863745510578,0.035857852548360825,-0.034138355404138565,0.09700667858123779,254.26966857910156,132.79388427734375,0.5,0.0,0.0,0.00022027920931577682,0.0,0.5903078317642212,0.483044296503067,0.0,0.0,0.0,0.0,97.2629165649414,0.0
1.77,2.488889217376709,0.06975441482180983,-0.9975641942315626,1.0,1.0,1.0,1.0,-0.021892055869102478,0.004077114164829254,0.19272299110889435,0.2099212110042572,-0.3429551124572754,-0.7840065956115723,0.0006935074925422668,-0.1213010847568512,-0.014400347135961056,-0.24155326187610626,0.19809865951538086,-0.5293126106262207,1.596879005432129,0.25747376680374146,-2.346311330795288,2.4348199367523193,-1.9624390602111816,-1.371175765991211,-0.023062875494360924,-0.2544698417186737,2.691167116165161,2.169412851333618,-1.2682626247406006,-0.9079291224479675,0.4000000059604645,0.05000000074505806,-0.3100000023841858,0.49000000953674316,-0.20999999344348907,0.0,-0.4000000059604645,-0.05000000074505806,0.3100000023841858,0.49000000953674316,-0.20999999344348907,0.0,0.4546876549720764,-0.8044293522834778,-0.7485093474388123,-0.5239158272743225,0.8518549203872681,0.010890448465943336,0.7685620784759521,1.066693663597107,1.4928525686264038,-0.2013464868068695,0.49773991107940674,-2.344538688659668,0.026008836925029755,0.06070336699485779,0.007140474393963814,0.04019124060869217,-0.044370125979185104,0.08383925259113312,241.66481018066406,131.08969116210938,0.5,0.0,0.0,0.0002075579104712233,0.0,0.5897586941719055,0.5710127353668213,0.0,0.0,0.0,0.0,90.30779266357422,0.0
1.78,2.500000238418579,-1.4980281133869106e-06,-0.999999999998878,1.0,1.0,1.0,1.0,-0.023462139070034027,0.0030989311635494232,0.1933610588312149,0.21014685928821564,-0.34649038314819336,-0.7894887924194336,0.0003073792904615402,-0.13174735009670258,-0.009424988180398941,-0.23541761934757233,0.1915890872478485,-0.45922917127609253,1.600673794746399,0.24977664649486542,-2.3550305366516113,2.4293837547302246,-1.9529623985290527,-1.3746542930603027,-0.015971802175045013,-0.24332194030284882,2.711071252822876,2.1672019958496094,-1.2639681100845337,-0.9120312333106995,0.4000000059604645,0.05000000074505806,-0.3100000023841858,0.49000000953674316,-0.20999999344348907,0.0,-0.4000000059604645,-0.05000000074505806,0.3100000023841858,0.49000000953674316,-0.20999999344348907,0.0,0.2821483910083771,-0.7216943502426147,-0.8347142338752747,-0.5149518251419067,1.0394343137741089,-0.39383170008659363,0.7332371473312378,1.1477489471435547,2.0865397453308105,-0.23837615549564362,0.28590431809425354,0.19145408272743225,0.026815898716449738,0.06048566848039627,0.022404003888368607,0.1599559336900711,-0.05247320979833603,0.09527388960123062,245.33924865722656,130.920654296875,0.5,0.0,0.0,0.00019603112014010549,0.0,0.5861965417861938,0.6558764576911926,0.0,0.0,0.0,0.0,89.25740051269531,0.0
1.79,2.5111114978790283,-0.06975889795872785,-0.9975638807392656,1.0,1.0,1.0,1.0,-0.025002412497997284,0.002037845551967621,0.19405458867549896,0.2104114294052124,-0.34962940216064453,-0.7942352294921875,0.004498209338635206,-0.14588765799999237,-0.005039617419242859,-0.19864895939826965,0.17437979578971863,-0.4099731743335724,1.6030057668685913,0.24250952899456024,-2.3638904094696045,2.4236059188842773,-1.9428777694702148,-1.3816734552383423,-0.0079431664198637,-0.23030966520309448,2.7312076091766357,2.1656389236450195,-1.258621335029602,-0.9148760437965393,0.4000000059604645,0.05000000074505806,-0.3100000023841858,0.49000000953674316,-0.20999999344348907,0.0,-0.4000000059604645,-0.05000000074505806,0.3100000023841858,0.49000000953674316,-0.20999999344348907,0.0,0.1896350234746933,-0.6964735388755798,-0.7966278195381165,-0.5453432202339172,1.1598222255706787,-1.0641615390777588,0.8852909803390503,1.3906898498535156,1.9662346839904785,-0.14238229393959045,0.3707389533519745,-0.162515789270401,0.0277269184589386,0.06024343520402908,0.024002518504858017,0.1524224877357483,-0.05520589277148247,0.11177721619606018,250.06161499023438,131.8784942626953,0.5,0.0,0.0,0.00018621835624799132,0.0,0.5864836573600769,0.7145116329193115,0.0,0.0,0.0,0.0,89.26593017578125,0.0
1.8,2.5222225189208984,-0.13917494703019556,-0.9902678092915784,0.0,1.0,1.0,1.0,-0.02656005322933197,0.000891437754034996,0.19481123983860016,0.21075505018234253,-0.3524928092956543,-0.7987213134765625,0.008559956215322018,-0.16193529963493347,-0.0015586018562316895,-0.18759796023368835,0.185519278049469,-0.39124757051467896,1.605501413345337,0.23536506295204163,-2.372175931930542,2.4171855449676514,-1.93307363986969,-1.388810634613037,-0.00011412884487072006,-0.21630296111106873,2.7503418922424316,2.164151191711426,-1.2522563934326172,-0.924247145652771,0.3652060627937317,0.04304121062159538,-0.29469066858291626,0.44128847122192383,-0.18773186206817627,0.0,-0.4000000059604645,-0.05000000074505806,0.3100000023841858,0.49000000953674316,-0.20999999344348907,0.0,0.2864714562892914,-0.7078965902328491,-0.7953842878341675,-0.6589474678039551,0.9718497395515442,-0.5898815393447876,0.7668105363845825,1.3734960556030273,1.8691779375076294,-0.23809844255447388,1.1039373874664307,-1.1806447505950928,0.028582662343978882,0.0600438192486763,0.03539466857910156,0.1312377154827118,-0.04232991486787796,0.09232442826032639,257.8115539550781,117.59549713134766,0.5,0.0,0.0,0.00017752894200384617,0.0,0.5853924751281738,0.7362766861915588,0.0,0.0,0.0,0.0,98.07421875,0.0
1.81,2.5333335399627686,-0.20791296073784096,-0.9781473308030979,0.0,1.0,1.0,1.0,-0.02813626080751419,-0.0003776140511035919,0.19563335180282593,0.2111882120370865,-0.35509777069091797,-0.8027772903442383,0.014448465779423714,-0.17879197001457214,0.0024988166987895966,-0.16756832599639893,0.17304396629333496,-0.3320755064487457,1.609214186668396,0.22864902019500732,-2.3794548511505127,2.40979266166687,-1.9244060516357422,-1.3936901092529297,0.0068610068410634995,-0.20274443924427032,2.767241954803467,2.1622774600982666,-1.2485628128051758,-0.9399580359458923,0.3480217456817627,0.039604347199201584,-0.28712958097457886,0.41723042726516724,-0.17673391103744507,0.0,-0.4000000059604645,-0.05000000074505806,0.3100000023841858,0.49000000953674316,-0.20999999344348907,0.0,0.4437279999256134,-0.637719988822937,-0.6861194968223572,-0.7641905546188354,0.8201907873153687,-0.3313300609588623,0.6732936501502991,1.3102644681930542,1.6004916429519653,-0.22553750872612,0.3895731568336487,-1.646662712097168,0.029230356216430664,0.05984095484018326,0.02169693447649479,0.08154140412807465,-0.03103470429778099,0.06731578707695007,261.675537109375,112.82617950439453,0.5,0.0,0.0,0.00016979030624497682,0.0,0.5854036211967468,0.8020789623260498,0.0,0.0,0.0,0.0,92.64865112304688,0.0
1.82,2.5444447994232178,-0.27563949981191366,-0.9612610811550826,0.0,1.0,1.0,1.0,-0.029714927077293396,-0.0018243025988340378,0.19652894139289856,0.2115389108657837,-0.35757923126220703,-0.8063869476318359,0.01997077837586403,-0.19396571815013885,0.006955383345484734,-0.17539507150650024,0.1456923484802246,-0.3139115273952484,1.6145730018615723,0.2218647003173828,-2.385613441467285,2.4013478755950928,-1.9170503616333008,-1.3946048021316528,0.012480512261390686,-0.1919545829296112,2.779191493988037,2.1601171493530273,-1.244986891746521,-0.9708521366119385,0.33108997344970703,0.03621799126267433,-0.2796795964241028,0.39352595806121826,-0.16589757800102234,0.0,-0.4000000059604645,-0.05000000074505806,0.3100000023841858,0.49000000953674316,-0.20999999344348907,0.0,0.6009990572929382,-0.6757728457450867,-0.588827908039093,-0.889737606048584,0.8436621427536011,-0.15871483087539673,0.4940720498561859,0.8830080032348633,1.0596001148223877,-0.25922244787216187,0.4923287034034729,-3.335423707962036,0.029634609818458557,0.0598234161734581,0.004706375766545534,-0.015428322367370129,-0.024721888825297356,0.010842745192348957,252.8674774169922,122.35150146484375,0.5,0.0,0.0,0.0001628241443540901,0.0,0.5850244760513306,0.821124255657196,0.0,0.0,0.0,0.0,91.18189239501953,0.0
1.83,2.555555820465088,-0.3420217074207105,-0.9396920515003955,0.0,1.0,1.0,1.0,-0.031240828335285187,-0.0034855306148529053,0.19748640060424805,0.21165752410888672,-0.35991859436035156,-0.8092660903930664,0.026221930980682373,-0.20633482933044434,0.012954872101545334,-0.1699676215648651,0.08774261921644211,-0.2275756448507309,1.6221866607666016,0.21536165475845337,-2.3918020725250244,2.391350030899048,-1.911638855934143,-1.3948546648025513,0.016793174669146538,-0.18545584380626678,2.783698797225952,2.1572587490081787,-1.2436528205871582,-1.022475004196167,0.31449437141418457,0.03289887309074402,-0.27237752079963684,0.37029212713241577,-0.15527638792991638,0.0,-0.4000000059604645,-0.05000000074505806,0.3100000023841858,0.49000000953674316,-0.20999999344348907,0.0,0.8676397204399109,-0.6046364903450012,-0.6032761931419373,-1.0767399072647095,0.4515790641307831,-0.03236660733819008,0.3672875463962555,0.4565795063972473,0.2925177812576294,-0.31780287623405457,0.008594796061515808,-5.329616546630859,0.02983587235212326,0.05996722728013992,0.004609179683029652,-0.1268613487482071,-0.00435679079964757,-0.06669793277978897,240.17971801757812,119.79216003417969,0.5,0.0,0.0,0.00015681629884056747,0.0,0.586208701133728,0.9016026854515076,0.0,0.0,0.0,0.0,92.64315795898438,0.0
1.84,2.566666841506958,-0.4067376466545258,-0.9135450108199037,0.0,1.0,1.0,1.0,-0.03265109658241272,-0.00527302548289299,0.19847539067268372,0.2115568369626999,-0.36182546615600586,-0.8114285469055176,0.03006620705127716,-0.2135646492242813,0.01896718144416809,-0.12465263903141022,0.04965421184897423,-0.18246625363826752,1.6306378841400146,0.20918676257133484,-2.3971407413482666,2.3806986808776855,-1.907415747642517,-1.394512414932251,0.019916672259569168,-0.1830766797065735,2.785170555114746,2.154233694076538,-1.24299156665802,-1.0730926990509033,0.2983153462409973,0.029663071036338806,-0.2652587592601776,0.3476415276527405,-0.14492182433605194,0.0,-0.4000000059604645,-0.05000000074505806,0.3100000023841858,0.49000000953674316,-0.20999999344348907,0.0,0.8101323843002319,-0.5995066165924072,-0.4747326672077179,-1.08901846408844,0.39457106590270996,-0.04604834318161011,0.2564409077167511,0.06568096578121185,0.14621050655841827,-0.24651968479156494,-0.1343400478363037,-4.309881687164307,0.02989579737186432,0.06008506566286087,0.006198298651725054,-0.13186787068843842,-0.0024170903488993645,-0.09303195774555206,229.54689025878906,133.12107849121094,0.5,0.0,0.0,0.00015234782767947763,0.0,0.5869032740592957,0.9355807304382324,0.0,0.0,0.0,0.0,77.21981811523438,0.0
1.85,2.5777781009674072,-0.4694733557515736,-0.8829466395198275,0.0,1.0,1.0,1.0,-0.03393857926130295,-0.007063519209623337,0.1994517296552658,0.21137280762195587,-0.36316394805908203,-0.8132171630859375,0.03388052061200142,-0.21613803505897522,0.020472191274166107,-0.0689583271741867,0.043575748801231384,-0.16622374951839447,1.639190912246704,0.2037128061056137,-2.401853561401367,2.369962692260742,-1.9038441181182861,-1.3961207866668701,0.022011978551745415,-0.18352220952510834,2.7845606803894043,2.1516904830932617,-1.2385692596435547,-1.1207844018936157,0.2826317250728607,0.026526344940066338,-0.258357971906662,0.32568442821502686,-0.1348842978477478,0.0,-0.4000000059604645,-0.05000000074505806,0.3100000023841858,0.49000000953674316,-0.20999999344348907,0.0,0.8625273108482361,-0.4868443012237549,-0.4134255051612854,-1.0707491636276245,0.33887213468551636,-0.25721392035484314,0.14848297834396362,-0.10191909968852997,-0.039378006011247635,-0.1997397243976593,-0.2325754165649414,-4.309819221496582,0.02991996705532074,0.060285069048404694,0.008521495386958122,-0.15837517380714417,0.0012620702618733048,-0.1062694564461708,219.69529724121094,135.35845947265625,0.5,0.0,0.0,0.0001494353637099266,0.0,0.5898033976554871,0.9462384581565857,0.0,0.0,0.0,0.0,70.23931884765625,0.0
1.86,2.5888891220092773,-0.5299205064014166,-0.8480473199623155,0.0,1.0,1.0,1.0,-0.03513406962156296,-0.008748330175876617,0.20037251710891724,0.21124908328056335,-0.36387062072753906,-0.8151974678039551,0.03739874064922333,-0.21812891960144043,0.019158000126481056,0.004725653678178787,0.06294199824333191,-0.1957666277885437,1.6478453874588013,0.1994803547859192,-2.4064083099365234,2.3596107959747314,-1.9002755880355835,-1.4025877714157104,0.02328016236424446,-0.18441571295261383,2.786191940307617,2.149628162384033,-1.2344132661819458,-1.1567248106002808,0.26751989126205444,0.023503979668021202,-0.2517087459564209,0.3045278787612915,-0.12521272897720337,0.0,-0.4000000059604645,-0.05000000074505806,0.3100000023841858,0.49000000953674316,-0.20999999344348907,0.0,0.8379783034324646,-0.36529332399368286,-0.41516759991645813,-1.0031075477600098,0.39033401012420654,-0.8590595722198486,0.12533842027187347,-0.08909662067890167,0.30604249238967896,-0.20198653638362885,0.4177522361278534,-2.6321914196014404,0.030007503926753998,0.06038705259561539,0.027434568852186203,-0.09557051211595535,-0.0034252761397510767,-0.08393090963363647,214.56784057617188,114.61260223388672,0.5,0.0,0.0,0.00014795306196901947,0.0,0.5926446914672852,0.9262147545814514,0.0,0.0,0.0,0.0,67.91481018066406,0.0
1.87,2.6000001430511475,-0.5877859794503562,-0.8090164660633216,0.0,1.0,1.0,1.0,-0.036274947226047516,-0.010255439206957817,0.20120610296726227,0.21128825843334198,-0.36394548416137695,-0.8179559707641602,0.042492546141147614,-0.22015263140201569,0.012568086385726929,0.08662595599889755,0.12850217521190643,-0.2970854640007019,1.6563572883605957,0.19630928337574005,-2.4108240604400635,2.3500444889068604,-1.8961238861083984,-1.414849042892456,0.02432781644165516,-0.18435123562812805,2.7897934913635254,2.149115800857544,-1.2250741720199585,-1.189313292503357,0.2530534863471985,0.02061069943010807,-0.24534353613853455,0.2842749059200287,-0.11595423519611359,0.0,-0.4000000059604645,-0.05000000074505806,0.3100000023841858,0.49000000953674316,-0.20999999344348907,0.0,0.8484665155410767,-0.2678121328353882,-0.40612006187438965,-0.9170087575912476,0.4607402980327606,-1.4431321620941162,0.15671135485172272,0.046017877757549286,0.3662605285644531,0.06946101784706116,-0.9585425853729248,-2.232630491256714,0.03022938221693039,0.06064587086439133,0.04716583341360092,-0.13068896532058716,-0.008723192848265171,-0.014096949249505997,209.4600830078125,130.9127655029297,0.5,0.0,0.0,0.0001477287441957742,0.0,0.5971658229827881,0.8381823897361755,0.0,0.0,0.0,0.0,67.1256103515625,0.0
1.8800000000000001,2.6111114025115967,-0.6427890122540417,-0.7660432662229161,0.0,1.0,1.0,1.0,-0.037490084767341614,-0.011545417830348015,0.2019452601671219,0.2116992026567459,-0.363710880279541,-0.822382926940918,0.04988439381122589,-0.22511780261993408,0.0019172467291355133,0.14190171658992767,0.24843838810920715,-0.4739980399608612,1.6663109064102173,0.19410449266433716,-2.415217638015747,2.341015338897705,-1.891798496246338,-1.4308979511260986,0.025381412357091904,-0.18390142917633057,2.7921953201293945,2.149506092071533,-1.210363745689392,-1.2282860279083252,0.2393026351928711,0.017860524356365204,-0.2392931580543518,0.26502370834350586,-0.10715367645025253,0.0,-0.4000000059604645,-0.05000000074505806,0.3100000023841858,0.49000000953674316,-0.20999999344348907,0.0,1.0835121870040894,-0.16934864223003387,-0.4091280996799469,-0.8879557847976685,0.4579201340675354,-1.7193204164505005,0.040850020945072174,0.027079125866293907,0.34503334760665894,0.03948764130473137,2.358694553375244,-3.949434995651245,0.030497893691062927,0.06100812554359436,0.05387541651725769,-0.20716258883476257,-0.006894879043102264,0.012382174842059612,207.65689086914062,152.05567932128906,0.5,0.0,0.0,0.0001477355108363554,0.0,0.6025623083114624,0.6380438804626465,0.0,0.0,0.0,0.0,85.78343200683594,0.0
1.8900000000000001,2.622222423553467,-0.6946592804243797,-0.7193389215941837,0.0,1.0,1.0,1.0,-0.03880161792039871,-0.012667421251535416,0.2026033103466034,0.21241869032382965,-0.36333465576171875,-0.8286013603210449,0.059068046510219574,-0.2310376763343811,-0.007537804543972015,0.19721007347106934,0.30849817395210266,-0.5904405117034912,1.6787500381469727,0.19210559129714966,-2.418872117996216,2.3321123123168945,-1.8884979486465454,-1.446053385734558,0.0245797298848629,-0.1842465102672577,2.795370578765869,2.1510448455810547,-1.1794188022613525,-1.288572907447815,0.2263350486755371,0.015267007052898407,-0.23358741402626038,0.2468690723180771,-0.0988544225692749,0.0,-0.4000000059604645,-0.05000000074505806,0.3100000023841858,0.49000000953674316,-0.20999999344348907,0.0,1.316582441329956,-0.20270808041095734,-0.27757129073143005,-0.9057190418243408,0.24798980355262756,-1.3963996171951294,-0.08062877506017685,-0.06589997559785843,0.41239723563194275,0.1391638070344925,2.7156825065612793,-4.401392936706543,0.03064853698015213,0.06176842004060745,0.04266376048326492,-0.24465586245059967,0.005421495530754328,0.049337271600961685,201.6140899658203,172.18821716308594,0.5,0.0,0.0,0.0001476639590691775,0.0,0.6092060208320618,0.4979577958583832,0.0,0.0,0.0,0.0,81.0550537109375,0.0
1.9000000000000001,2.633333444595337,-0.743145293252893,-0.66913008684117,0.0,1.0,1.0,1.0,-0.0400899276137352,-0.013748603872954845,0.20314456522464752,0.21314136683940887,-0.36264514923095703,-0.8356242179870605,0.06840099394321442,-0.23430189490318298,-0.015889476984739304,0.2356184422969818,0.32537907361984253,-0.6476835608482361,1.693304419517517,0.18921810388565063,-2.420588731765747,2.323272466659546,-1.8876066207885742,-1.4545176029205322,0.023776622489094734,-0.18693244457244873,2.795151472091675,2.153238296508789,-1.1433976888656616,-1.355364441871643,0.2142135202884674,0.012842703610658646,-0.22825394570827484,0.22989892959594727,-0.09109664708375931,0.0,-0.4000000059604645,-0.05000000074505806,0.3100000023841858,0.49000000953674316,-0.20999999344348907,0.0,1.5187519788742065,-0.3137238621711731,-0.0671272948384285,-0.9328732490539551,-0.05979757383465767,-0.5902582406997681,-0.052157364785671234,-0.41871505975723267,-0.12297776341438293,0.10667595267295837,5.4157609939575195,-5.279166221618652,0.03053293377161026,0.06251504272222519,0.013966328464448452,-0.36981555819511414,0.02181996963918209,0.01177709549665451,187.45367431640625,63.710445404052734,0.5,0.0,0.0,0.00014830722648184747,0.0,0.6173308491706848,0.43214765191078186,0.0,0.0,0.0,0.0,103.14854431152344,0.0
1.9100000000000001,2.644444704055786,-0.7880117578641548,-0.6156601899325996,0.0,1.0,1.0,1.0,-0.04132724553346634,-0.014874063432216644,0.2035510092973709,0.21372666954994202,-0.3617672920227051,-0.8428382873535156,0.07676682621240616,-0.2339513599872589,-0.02732112444937229,0.24686792492866516,0.30128511786460876,-0.6451461911201477,1.7097893953323364,0.18535809218883514,-2.4209821224212646,2.3145973682403564,-1.888232946395874,-1.4560364484786987,0.023466678336262703,-0.1944255530834198,2.7888782024383545,2.1559553146362305,-1.1072481870651245,-1.426484227180481,0.2029971182346344,0.010599423199892044,-0.22331872582435608,0.21419596672058105,-0.08391815423965454,0.0,-0.4000000059604645,-0.05000000074505806,0.3100000023841858,0.49000000953674316,-0.20999999344348907,0.0,1.7075183391571045,-0.39973071217536926,0.0006767697632312775,-0.9164524674415588,-0.264255553483963,0.05796798691153526,-0.042538199573755264,-0.9950498342514038,-0.734282910823822,0.2666940987110138,3.439633846282959,-6.472034931182861,0.0301910862326622,0.06307695060968399,-0.02113133668899536,-0.49391165375709534,0.026871709153056145,0.01045277900993824,193.6049346923828,106.25126647949219,0.5,0.0,0.0,0.000149568950291723,0.0,0.6264294981956482,0.4349922239780426,0.0,0.0,0.0,0.0,96.80856323242188,0.0
1.92,2.6555559635162354,-0.8290390059273214,-0.5591907784030766,0.0,1.0,1.0,1.0,-0.042548321187496185,-0.016022149473428726,0.2038070261478424,0.2142696976661682,-0.3608255386352539,-0.8499579429626465,0.07929649949073792,-0.2279950976371765,-0.04028906300663948,0.25138142704963684,0.29462090134620667,-0.6172383427619934,1.7269585132598877,0.18146902322769165,-2.4219939708709717,2.3060460090637207,-1.889343023300171,-1.4568474292755127,0.021924158558249474,-0.20732177793979645,2.7825233936309814,2.158884286880493,-1.0782338380813599,-1.4854732751846313,0.19274021685123444,0.008548043668270111,-0.2188057005405426,0.19983631372451782,-0.07735373079776764,0.0,-0.4000000059604645,-0.05000000074505806,0.3100000023841858,0.49000000953674316,-0.20999999344348907,0.0,1.6762763261795044,-0.37412217259407043,-0.09749570488929749,-0.8619652390480042,-0.23406222462654114,-0.04331228882074356,-0.24736855924129486,-1.5006344318389893,-0.4740321636199951,0.3267763555049896,2.359304904937744,-5.127539157867432,0.029826752841472626,0.06328216195106506,-0.019528253003954887,-0.43019068241119385,0.02220010757446289,0.031485654413700104,182.09259033203125,120.27482604980469,0.5,0.0,0.0,0.0001510425063315779,0.0,0.632581353187561,0.4667477309703827,0.0,0.0,0.0,0.0,86.2613754272461,0.0
1.93,2.6666669845581055,-0.86602640246812,-0.4999982702251334,0.0,1.0,1.0,1.0,-0.043739769607782364,-0.017077293246984482,0.20388083159923553,0.2149827927350998,-0.35958003997802734,-0.8567037582397461,0.07817111909389496,-0.21714428067207336,-0.055339325219392776,0.28418847918510437,0.3027241826057434,-0.5673009753227234,1.7422908544540405,0.17839030921459198,-2.4241526126861572,2.2981109619140625,-1.8902806043624878,-1.462391972541809,0.019050084054470062,-0.22219663858413696,2.781029224395752,2.1630477905273438,-1.0572171211242676,-1.5180391073226929,0.18349336087703705,0.006698671728372574,-0.21473708748817444,0.18689072132110596,-0.07143574953079224,0.0,-0.4000000059604645,-0.05000000074505806,0.3100000023841858,0.49000000953674316,-0.20999999344348907,0.0,1.4005169868469238,-0.2666657269001007,-0.26194360852241516,-0.7843626141548157,-0.08431431651115417,-0.8705356121063232,-0.33102232217788696,-1.4668433666229248,0.00642139557749033,0.49165982007980347,1.7180843353271484,-1.8883305788040161,0.029626622796058655,0.0633363202214241,0.024044932797551155,-0.30390456318855286,0.01587214134633541,0.05681489035487175,165.8385772705078,132.51487731933594,0.5,0.0,0.0,0.00015301122039090842,0.0,0.6375118494033813,0.5253656506538391,0.0,0.0,0.0,0.0,65.18911743164062,0.0
1.94,2.6777780055999756,-0.8987946738042236,-0.43836986021071184,0.0,1.0,1.0,1.0,-0.04488544911146164,-0.01794830709695816,0.20374695956707,0.21589134633541107,-0.35790061950683594,-0.863518238067627,0.07900944352149963,-0.20738540589809418,-0.07137217372655869,0.3362766206264496,0.3323095142841339,-0.6115918755531311,1.7548964023590088,0.17591331899166107,-2.4274139404296875,2.2916250228881836,-1.8892545700073242,-1.4751683473587036,0.015867363661527634,-0.23493753373622894,2.782834768295288,2.1681549549102783,-1.0365488529205322,-1.5384374856948853,0.17530126869678497,0.005060251802206039,-0.21113255620002747,0.17542177438735962,-0.06619280576705933,0.0,-0.4000000059604645,-0.05000000074505806,0.3100000023841858,0.49000000953674316,-0.20999999344348907,0.0,1.1666779518127441,-0.2445453405380249,-0.32971930503845215,-0.5796677470207214,0.17401237785816193,-1.4555189609527588,-0.309032678604126,-1.1382389068603516,0.30409860610961914,0.5822269320487976,1.5745831727981567,-1.0733036994934082,0.029768720269203186,0.0633981004357338,0.04288294538855553,-0.2561723589897156,-0.007456526625901461,0.10096485912799835,160.06004333496094,126.73448944091797,0.5,0.0,0.0,0.0001557653449708596,0.0,0.6437250971794128,0.4732699990272522,0.0,0.0,0.0,0.0,64.29978942871094,0.0
1.95,2.688889265060425,-0.9271847399676594,-0.3746044019643973,0.0,1.0,1.0,1.0,-0.0460178516805172,-0.01869305409491062,0.20339937508106232,0.21689629554748535,-0.3559846878051758,-0.8708252906799316,0.08460798114538193,-0.20232819020748138,-0.09081350266933441,0.36154988408088684,0.35749658942222595,-0.6546300649642944,1.767270803451538,0.17368072271347046,-2.4312849044799805,2.2860870361328125,-1.887765645980835,-1.490535020828247,0.013134057633578777,-0.24487847089767456,2.7848520278930664,2.1733360290527344,-1.0065958499908447,-1.5757910013198853,0.1682037115097046,0.0036407411098480225,-0.20800963044166565,0.1654852032661438,-0.061650365591049194,0.0,-0.4000000059604645,-0.05000000074505806,0.3100000023841858,0.49000000953674316,-0.20999999344348907,0.0,1.2851637601852417,-0.20505140721797943,-0.38796716928482056,-0.5239407420158386,0.12526161968708038,-1.496054768562317,-0.2326217144727707,-0.8877202868461609,0.2185756415128708,0.5395945906639099,2.9846813678741455,-2.6306939125061035,0.030029721558094025,0.06336665898561478,0.03902330622076988,-0.3061397969722748,-0.009257535450160503,0.12599170207977295,165.78631591796875,102.36611938476562,0.5,0.0,0.0,0.0001589922612765804,0.0,0.6524802446365356,0.42439910769462585,0.0,0.0,0.0,0.0,69.81309509277344,0.0
1.96,2.700000286102295,-0.9510570717929909,-0.3090152847231702,0.0,1.0,1.0,1.0,-0.047177430242300034,-0.01937018521130085,0.20285679399967194,0.21799035370349884,-0.35394287109375,-0.8786640167236328,0.08927290886640549,-0.20142249763011932,-0.10740439593791962,0.384073406457901,0.38048550486564636,-0.6965261101722717,1.7806121110916138,0.1708751916885376,-2.434617042541504,2.2810800075531006,-1.8875207901000977,-1.501223087310791,0.01076545100659132,-0.2527727484703064,2.788135528564453,2.1792919635772705,-0.9805329442024231,-1.6067731380462646,0.16223563253879547,0.002447124570608139,-0.20538368821144104,0.15712988376617432,-0.057830795645713806,0.0,-0.4000000059604645,-0.05000000074505806,0.3100000023841858,0.49000000953674316,-0.20999999344348907,0.0,1.3300338983535767,-0.3128569424152374,-0.2826126217842102,-0.5043997168540955,-0.037795983254909515,-0.8786628246307373,-0.22814761102199554,-0.7166536450386047,0.4160522520542145,0.635959267616272,2.173516035079956,-1.9462039470672607,0.030174247920513153,0.0633743554353714,0.022077636793255806,-0.2838175296783447,-0.0014516976661980152,0.14952978491783142,162.4235382080078,116.35820770263672,0.5,0.0,0.0,0.00016244399012066424,0.0,0.6580097675323486,0.3789703845977783,0.0,0.0,0.0,0.0,60.90924072265625,0.0
1.97,2.711111307144165,-0.9702960242533635,-0.24192070047459094,0.0,1.0,1.0,1.0,-0.04835107922554016,-0.02012263797223568,0.20215430855751038,0.21892131865024567,-0.35192441940307617,-0.886505126953125,0.09452476352453232,-0.20333926379680634,-0.12194801867008209,0.3649923801422119,0.33688393235206604,-0.678835391998291,1.7945042848587036,0.1666186898946762,-2.4378085136413574,2.2761175632476807,-1.8884891271591187,-1.5061959028244019,0.0088815838098526,-0.26059380173683167,2.7908098697662354,2.1854074001312256,-0.956123948097229,-1.6394997835159302,0.15742602944374084,0.0014852061867713928,-0.20326745510101318,0.1503964364528656,-0.0547526478767395,0.0,-0.4000000059604645,-0.05000000074505806,0.3100000023841858,0.49000000953674316,-0.20999999344348907,0.0,1.4011445045471191,-0.48598426580429077,-0.3144800066947937,-0.5444133281707764,-0.15215247869491577,-0.3269508481025696,-0.1866772323846817,-0.831769585609436,0.28980112075805664,0.6473533511161804,2.2064642906188965,-2.5486550331115723,0.030215054750442505,0.0632629320025444,0.0020778956823050976,-0.30253878235816956,0.0021146510262042284,0.1383512020111084,172.13235473632812,121.6771011352539,0.5,0.0,0.0,0.0001661348796915263,0.0,0.6626461744308472,0.39786800742149353,0.0,0.0,0.0,0.0,62.183921813964844,0.0
1.98,2.7222225666046143,-0.9848081287530219,-0.17364604672140274,0.0,1.0,1.0,1.0,-0.04949638247489929,-0.0211025457829237,0.20130768418312073,0.21940352022647858,-0.3500065803527832,-0.8935604095458984,0.09930375218391418,-0.20428822934627533,-0.13357891142368317,0.3343971371650696,0.2469763159751892,-0.5956465601921082,1.8094415664672852,0.16100282967090607,-2.4416110515594482,2.270547389984131,-1.8910140991210938,-1.5058088302612305,0.007136424072086811,-0.27058836817741394,2.7909207344055176,2.1913015842437744,-0.9338966012001038,-1.6771087646484375,0.1537979692220688,0.0007595941424369812,-0.20167110860347748,0.1453171670436859,-0.052430689334869385,0.0,-0.4000000059604645,-0.05000000074505806,0.3100000023841858,0.49000000953674316,-0.20999999344348907,0.0,1.5180106163024902,-0.5794312357902527,-0.40642571449279785,-0.6134304404258728,-0.2956021726131439,0.08226326107978821,-0.1900908350944519,-1.1169064044952393,-0.007272036746144295,0.564249575138092,1.8720383644104004,-3.2242915630340576,0.03012283891439438,0.06297435611486435,-0.017496494576334953,-0.3258407413959503,0.0051505169831216335,0.08554133772850037,174.61724853515625,123.16328430175781,0.5,0.0,0.0,0.000170338578755036,0.0,0.6672554612159729,0.4918459951877594,0.0,0.0,0.0,0.0,65.8133316040039,0.0
1.99,2.7333335876464844,-0.9945220623926853,-0.10452687412431225,0.0,1.0,1.0,1.0,-0.0505499467253685,-0.022299114614725113,0.20030702650547028,0.2193649858236313,-0.3479881286621094,-0.8993659019470215,0.09986457973718643,-0.20024898648262024,-0.1438661515712738,0.32580626010894775,0.15118718147277832,-0.48623478412628174,1.8237470388412476,0.1544547826051712,-2.4465904235839844,2.2647359371185303,-1.8937022686004639,-1.5048582553863525,0.005044338293373585,-0.2827448546886444,2.7894299030303955,2.1971492767333984,-0.9175252914428711,-1.710211157798767,0.15136948227882385,0.0002738945186138153,-0.20060257613658905,0.14191728830337524,-0.050876468420028687,0.0,-0.4000000059604645,-0.05000000074505806,0.3100000023841858,0.49000000953674316,-0.20999999344348907,0.0,1.3389785289764404,-0.6929594874382019,-0.5196940898895264,-0.619753360748291,-0.27524980902671814,0.022557169198989868,-0.22781674563884735,-1.2840731143951416,-0.16410499811172485,0.5625276565551758,1.2116105556488037,-2.708374261856079,0.03007938712835312,0.06256529688835144,-0.008589735254645348,-0.29849156737327576,4.6146815293468535e-05,0.036414552479982376,165.56105041503906,133.01107788085938,0.5,0.0,0.0,0.00017576808750163764,0.0,0.6700412631034851,0.6232244968414307,0.0,0.0,0.0,0.0,64.87484741210938,0.0
2.0,2.7444448471069336,-0.9993909153117299,-0.034896968240565304,0.0,1.0,1.0,1.0,-0.05151180177927017,-0.023608557879924774,0.19913437962532043,0.21898342669010162,-0.3457522392272949,-0.9040026664733887,0.09899819642305374,-0.19345811009407043,-0.15737909078598022,0.3237217366695404,0.09615436941385269,-0.3997523784637451,1.836319923400879,0.14740286767482758,-2.452526569366455,2.2592945098876953,-1.8957761526107788,-1.504770040512085,0.0023515259381383657,-0.29516416788101196,2.7871668338775635,2.2027742862701416,-0.9067920446395874,-1.739592432975769,0.1501522660255432,3.0450522899627686e-05,-0.20006699860095978,0.14021319150924683,-0.050097450613975525,0.0,-0.4000000059604645,-0.05000000074505806,0.3100000023841858,0.49000000953674316,-0.20999999344348907,0.0,1.185576319694519,-0.7189322710037231,-0.6033059358596802,-0.5642837285995483,-0.22120994329452515,0.0065354108810424805,-0.2921285927295685,-1.2137033939361572,-0.197803795337677,0.5352572202682495,0.7020296454429626,-2.405906915664673,0.030162394046783447,0.0620763897895813,-0.00712068984284997,-0.27073952555656433,-0.007279152981936932,0.00415422348305583,157.89932250976562,135.01695251464844,0.5,0.0,0.0,0.00018256553448736668,0.0,0.6726992726325989,0.7264366745948792,0.0,0.0,0.0,0.0,62.16872024536133,0.0
2.0100000000000002,2.7555558681488037,-0.9993907584717194,0.034901459587270256,0.0,1.0,1.0,1.0,-0.05243254452943802,-0.024922005832195282,0.19778631627559662,0.21850141882896423,-0.3433070182800293,-0.9079599380493164,0.09726300835609436,-0.18657255172729492,-0.17154261469841003,0.3357035219669342,0.07542168349027634,-0.36021220684051514,1.8475291728973389,0.14039990305900574,-2.4593353271484375,2.254390239715576,-1.8972225189208984,-1.5063081979751587,-0.0009367526508867741,-0.3052331805229187,2.7865278720855713,2.2082417011260986,-0.9014529585838318,-1.7621625661849976,0.15030455589294434,6.0908496379852295e-05,-0.2001340091228485,0.1404263973236084,-0.05019490420818329,0.0,-0.4000000059604645,-0.05000000074505806,0.3100000023841858,0.49000000953674316,-0.20999999344348907,0.0,1.0599205493927002,-0.6851685643196106,-0.7000352144241333,-0.4550297260284424,-0.10632731020450592,-0.2072562277317047,-0.3239120543003082,-0.8602233529090881,0.020814599469304085,0.5398216843605042,0.04599520564079285,-1.6476060152053833,0.030370153486728668,0.06161081790924072,-0.0037876989226788282,-0.20960558950901031,-0.021146807819604874,-0.002128216437995434,162.74313354492188,142.46934509277344,0.5,0.0,0.0,0.00019041898485738784,0.0,0.6743454933166504,0.7714328765869141,0.0,0.0,0.0,0.0,59.99376678466797,0.0
2.02,2.766666889190674,-0.9945217492198298,0.10452985376785714,0.0,1.0,1.0,1.0,-0.053344979882240295,-0.026161015033721924,0.19628918170928955,0.2180650681257248,-0.34067440032958984,-0.9118494987487793,0.09665553271770477,-0.18181560933589935,-0.18132460117340088,0.3543734848499298,0.08717970550060272,-0.37234339118003845,1.8572943210601807,0.13371926546096802,-2.4671692848205566,2.2502119541168213,-1.8971824645996094,-1.5123426914215088,-0.005374956410378218,-0.3106634020805359,2.7901763916015625,2.2137763500213623,-0.9007636904716492,-1.7758753299713135,0.15273168683052063,0.0005463361740112305,-0.20120194554328918,0.14382436871528625,-0.05174827575683594,0.0,-0.4000000059604645,-0.05000000074505806,0.3100000023841858,0.49000000953674316,-0.20999999344348907,0.0,0.9380563497543335,-0.6754382848739624,-0.8074982166290283,-0.41027119755744934,0.4000382423400879,-0.8583882451057434,-0.5138133764266968,-0.2992684245109558,0.5903151035308838,0.5270491242408752,-0.3685165047645569,-0.26459455490112305,0.030787378549575806,0.06147003173828125,0.0164150670170784,-0.09890923649072647,-0.028417112305760384,-0.004356989171355963,167.85166931152344,142.81919860839844,0.5,0.0,0.0,0.00019909687398467213,0.0,0.67605060338974,0.7578428983688354,0.0,0.0,0.0,0.0,67.96185302734375,0.0
2.0300000000000002,2.777778148651123,-0.9848073483630978,0.17365047253043742,0.0,1.0,1.0,1.0,-0.0542449951171875,-0.027380164712667465,0.19468390941619873,0.21761028468608856,-0.33798694610595703,-0.9158248901367188,0.10054640471935272,-0.18016675114631653,-0.19176137447357178,0.35335037112236023,0.08928892761468887,-0.3872757852077484,1.8670032024383545,0.1270420402288437,-2.4758238792419434,2.2462644577026367,-1.896824598312378,-1.520310401916504,-0.010580413043498993,-0.3111283779144287,2.7960081100463867,2.218515396118164,-0.9005095362663269,-1.798038363456726,0.15753862261772156,0.0015077218413352966,-0.20331698656082153,0.1505540907382965,-0.05482470989227295,0.0,-0.4000000059604645,-0.05000000074505806,0.3100000023841858,0.49000000953674316,-0.20999999344348907,0.0,1.0026841163635254,-0.6583438515663147,-0.8973429203033447,-0.4021208584308624,0.02449817769229412,-0.8268129825592041,-0.49283719062805176,0.09925483912229538,0.5542770624160767,0.5193177461624146,-0.45740628242492676,-1.5681463479995728,0.03129959851503372,0.06151430308818817,0.02078486606478691,-0.13770361244678497,-0.03425809368491173,0.004566804505884647,170.677001953125,141.1219940185547,0.5,0.0,0.0,0.00020838149066548795,0.0,0.6810997724533081,0.7408441305160522,0.0,0.0,0.0,0.0,67.13162231445312,0.0
2.04,2.788889169692993,-0.9702952994409875,0.24192360753495032,0.0,1.0,1.0,1.0,-0.05518701672554016,-0.02867431566119194,0.19299741089344025,0.21710705757141113,-0.3354616165161133,-0.9198498725891113,0.10554470121860504,-0.18370197713375092,-0.1997460126876831,0.3324500024318695,0.08212581276893616,-0.3841858208179474,1.8780115842819214,0.12020610272884369,-2.48513126373291,2.242013931274414,-1.896791934967041,-1.5260961055755615,-0.015650182962417603,-0.30987995862960815,2.8006680011749268,2.22285532951355,-0.8976421356201172,-1.8327080011367798,0.16463175415992737,0.002926349639892578,-0.20643797516822815,0.1604844629764557,-0.05936431884765625,0.0,-0.4000000059604645,-0.05000000074505806,0.3100000023841858,0.49000000953674316,-0.20999999344348907,0.0,1.1289732456207275,-0.679775595664978,-0.9163702726364136,-0.47628846764564514,-0.05169008672237396,-0.48962974548339844,-0.5114611387252808,0.14079800248146057,0.44345349073410034,0.45050081610679626,0.13053841888904572,-2.64985990524292,0.03174319118261337,0.061558984220027924,0.010283628478646278,-0.1831160932779312,-0.028891008347272873,-0.0083040501922369,166.2198028564453,136.54934692382812,0.5,0.0,0.0,0.00021766076679341495,0.0,0.6847627758979797,0.7443845868110657,0.0,0.0,0.0,0.0,65.24060821533203,0.0
2.05,2.8000001907348633,-0.9510561459615544,0.3090181341422451,0.0,1.0,1.0,1.0,-0.05614020675420761,-0.030133405700325966,0.19124886393547058,0.21643725037574768,-0.3330416679382324,-0.9233536720275879,0.11077036708593369,-0.18732191622257233,-0.2047903835773468,0.31214094161987305,0.031024286523461342,-0.3140040636062622,1.8900549411773682,0.11288296431303024,-2.494575262069702,2.2373390197753906,-1.8973817825317383,-1.5265265703201294,-0.020617907866835594,-0.309561550617218,2.803032398223877,2.227158784866333,-0.8934528827667236,-1.8776313066482544,0.17387309670448303,0.004774618893861771,-0.21050415933132172,0.17342233657836914,-0.06527876853942871,0.0,-0.4000000059604645,-0.05000000074505806,0.3100000023841858,0.49000000953674316,-0.20999999344348907,0.0,1.2067910432815552,-0.7414966225624084,-0.9197591543197632,-0.5305785536766052,-0.15082576870918274,0.014492079615592957,-0.49736443161964417,-0.026173656806349754,0.22244495153427124,0.4744470417499542,0.10298586636781693,-3.6981966495513916,0.03204387426376343,0.061550065875053406,-0.012824060395359993,-0.21545462310314178,-0.023679407313466072,-0.023040493950247765,180.77268981933594,143.37559509277344,0.5,0.0,0.0,0.0002273549762321636,0.0,0.6885424256324768,0.8210287690162659,0.0,0.0,0.0,0.0,72.4409408569336,0.0
2.06,2.8111114501953125,-0.9271830564545201,0.3746085688070335,0.0,1.0,1.0,1.0,-0.05703470855951309,-0.03178060054779053,0.18943484127521515,0.2155323177576065,-0.3305244445800781,-0.9256834983825684,0.11370670795440674,-0.1873794049024582,-0.20781852304935455,0.2966628074645996,-0.03681925684213638,-0.19223074615001678,1.9020687341690063,0.10548572242259979,-2.504366874694824,2.2322256565093994,-1.898283839225769,-1.5245496034622192,-0.025382230058312416,-0.3112424314022064,2.8032877445220947,2.2317707538604736,-0.8915721774101257,-1.922299861907959,0.1850830465555191,0.007016606628894806,-0.21543654799461365,0.18911626935005188,-0.07245314121246338,0.0,-0.4000000059604645,-0.05000000074505806,0.3100000023841858,0.49000000953674316,-0.20999999344348907,0.0,1.1586533784866333,-0.7142488360404968,-0.9726880788803101,-0.5814499258995056,-0.1813601851463318,0.052425190806388855,-0.47283774614334106,-0.27514925599098206,-0.03121812269091606,0.5244360566139221,-0.11210650205612183,-3.6450576782226562,0.03227726370096207,0.061433032155036926,-0.013307344168424606,-0.21730412542819977,-0.022259635850787163,-0.05470876023173332,184.80860900878906,153.05422973632812,0.5,0.0,0.0,0.00023838880588300526,0.0,0.6916556358337402,0.9287596344947815,0.0,0.0,0.0,0.0,79.08668518066406,0.0
2.07,2.8222224712371826,-0.8987933604194404,0.4383725530481233,0.0,1.0,1.0,1.0,-0.05785227566957474,-0.03356655687093735,0.1875625103712082,0.214472234249115,-0.3278379440307617,-0.9266629219055176,0.1137336790561676,-0.18433541059494019,-0.2100948691368103,0.2864465117454529,-0.08796912431716919,-0.07369522750377655,1.9133108854293823,0.09855706989765167,-2.514450788497925,2.226947784423828,-1.8991516828536987,-1.5220098495483398,-0.029772913083434105,-0.3151417076587677,2.8013479709625244,2.2370963096618652,-0.8916548490524292,-1.9646642208099365,0.1980428248643875,0.009608563035726547,-0.2211388349533081,0.20725995302200317,-0.08074739575386047,0.0,-0.4000000059604645,-0.05000000074505806,0.3100000023841858,0.49000000953674316,-0.20999999344348907,0.0,1.065171718597412,-0.6522599458694458,-0.9893826842308044,-0.5866478681564331,-0.18956619501113892,0.07949760556221008,-0.4429720342159271,-0.48039355874061584,-0.2065853774547577,0.6014531850814819,-0.4736596941947937,-3.1092612743377686,0.03249441832304001,0.0612335279583931,-0.015387013554573059,-0.20014186203479767,-0.02219095267355442,-0.07512037456035614,171.88751220703125,160.57716369628906,0.5,0.0,0.0,0.0002509994083084166,0.0,0.6932514905929565,0.9891968369483948,0.0,0.0,0.0,0.0,84.65101623535156,0.0
2.08,2.8333334922790527,-0.8660249044413024,0.5000008648866848,0.0,1.0,1.0,1.0,-0.05862339586019516,-0.03535962849855423,0.18563611805438995,0.21350029110908508,-0.3249473571777344,-0.9267115592956543,0.11135940253734589,-0.17945657670497894,-0.21367919445037842,0.29328057169914246,-0.08952821791172028,-0.005750570446252823,1.9231370687484741,0.09245672076940536,-2.524556875228882,2.2219648361206055,-1.8996124267578125,-1.520750641822815,-0.0341232530772686,-0.3195502758026123,2.7993204593658447,2.2429039478302,-0.8949721455574036,-1.9985498189926147,0.21250048279762268,0.0125000961124897,-0.22750021517276764,0.22750067710876465,-0.09000030159950256,0.0,-0.4000000059604645,-0.05000000074505806,0.3100000023841858,0.49000000953674316,-0.20999999344348907,0.0,0.9027305841445923,-0.5649253129959106,-0.9845301508903503,-0.5325894355773926,-0.11935008317232132,-0.08794152736663818,-0.44287070631980896,-0.4216441512107849,-0.1710316389799118,0.6392408013343811,-0.7143797874450684,-2.1735682487487793,0.032755494117736816,0.06098406761884689,-0.008277383632957935,-0.16319875419139862,-0.02636227197945118,-0.07865440100431442,168.90048217773438,162.882568359375,0.5,0.0,0.0,0.00026488694129511714,0.0,0.6931614279747009,0.9999338388442993,0.0,0.0,0.0,0.0,80.8816146850586,0.0
2.09,2.844444751739502,-0.8290364928684298,0.5591945041686425,0.0,1.0,1.0,1.0,-0.05944718420505524,-0.036991339176893234,0.18365463614463806,0.21301168203353882,-0.32193517684936523,-0.9267630577087402,0.10847872495651245,-0.17531563341617584,-0.2220604121685028,0.3112910985946655,-0.0140633974224329,-0.025101851671934128,1.9315673112869263,0.08761347085237503,-2.5348057746887207,2.2175471782684326,-1.8994293212890625,-1.5235432386398315,-0.03893107920885086,-0.3215019106864929,2.8002939224243164,2.2490384578704834,-0.8987480401992798,-2.0218372344970703,0.2281745821237564,0.015634916722774506,-0.2343968152999878,0.24944442510604858,-0.10003172606229782,0.0,-0.4000000059604645,-0.05000000074505806,0.3100000023841858,0.49000000953674316,-0.20999999344348907,0.0,0.7839140892028809,-0.4121832251548767,-1.0042200088500977,-0.42708271741867065,0.029167290776968002,-0.46368783712387085,-0.457297146320343,-0.032295919954776764,0.132493793964386,0.5981519818305969,-0.03636276721954346,-1.0648186206817627,0.03313589096069336,0.0608527734875679,0.0041657439433038235,-0.11951832473278046,-0.03518044576048851,-0.056509505957365036,167.9470672607422,150.27120971679688,0.5,0.0,0.0,0.0002787374542094767,0.0,0.6920832991600037,0.998740553855896,0.0,0.0,0.0,0.0,66.97608947753906,0.0
2.1,2.855555772781372,-0.7880099133080748,0.6156625508573674,0.0,1.0,1.0,1.0,-0.060434095561504364,-0.038384050130844116,0.1816221922636032,0.21325254440307617,-0.318997859954834,-0.9277629852294922,0.10769712924957275,-0.17749305069446564,-0.2330079823732376,0.3197709023952484,0.10237004607915878,-0.11832128465175629,1.9398648738861084,0.08436755836009979,-2.5455470085144043,2.213597536087036,-1.89802885055542,-1.530573844909668,-0.04476180672645569,-0.3198160231113434,2.807659387588501,2.255786657333374,-0.895092248916626,-2.043735980987549,0.24476009607315063,0.0189520176500082,-0.24169445037841797,0.2726641297340393,-0.11064645648002625,0.0,-0.4000000059604645,-0.05000000074505806,0.3100000023841858,0.49000000953674316,-0.20999999344348907,0.0,0.8487910032272339,-0.2658941447734833,-1.0873806476593018,-0.4310470223426819,0.5405751466751099,-0.690031111240387,-0.5999210476875305,0.29657235741615295,0.9687086939811707,0.7172203063964844,0.09445375204086304,-1.4835710525512695,0.03363507241010666,0.06106477975845337,0.02788693644106388,-0.03605760633945465,-0.029931504279375076,0.05589234083890915,184.67138671875,172.21372985839844,0.5,0.0,0.0,0.00029084316338412464,0.0,0.6901746392250061,0.972388505935669,0.0,0.0,0.0,0.0,85.4417724609375,0.0
2.11,2.866666793823242,-0.7431442908763793,0.669131200092959,0.0,1.0,1.0,1.0,-0.06160929426550865,-0.03960716351866722,0.179559588432312,0.21412214636802673,-0.3162655830383301,-0.9298996925354004,0.11047542095184326,-0.1829412281513214,-0.24137188494205475,0.3208331763744354,0.18623194098472595,-0.20423507690429688,1.9492955207824707,0.08217020332813263,-2.5562753677368164,2.2099547386169434,-1.896276593208313,-1.537117600440979,-0.051467664539813995,-0.3161356747150421,2.8194260597229004,2.2633960247039795,-0.8791112899780273,-2.0736184120178223,0.26193416118621826,0.022386834025382996,-0.24925103783607483,0.2967078685760498,-0.12163786590099335,0.0,-0.4000000059604645,-0.05000000074505806,0.3100000023841858,0.49000000953674316,-0.20999999344348907,0.0,0.9889008402824402,-0.18049095571041107,-1.028605580329895,-0.4152269959449768,0.09278357028961182,-0.6187077164649963,-0.6644049882888794,0.4066704213619232,1.2497249841690063,0.7328355312347412,2.308429718017578,-2.268094539642334,0.034108154475688934,0.06162793189287186,0.010153524577617645,-0.059901412576436996,-0.030056653544306755,0.11596018821001053,169.34889221191406,150.54322814941406,0.5,0.0,0.0,0.0003005756007041782,0.0,0.6904624104499817,0.9199610352516174,0.0,0.0,0.0,0.0,103.68411254882812,0.0
2.12,2.8777780532836914,-0.6946571252414095,0.7193410028292152,0.0,1.0,1.0,1.0,-0.06289906799793243,-0.04080905020236969,0.17747612297534943,0.21526077389717102,-0.31368350982666016,-0.9326286315917969,0.11542155593633652,-0.18997812271118164,-0.245398610830307,0.31669947504997253,0.2059764266014099,-0.2301538586616516,1.9603302478790283,0.07992510497570038,-2.566204309463501,2.2063117027282715,-1.8950250148773193,-1.5369455814361572,-0.05797000974416733,-0.31336191296577454,2.828946352005005,2.27140736579895,-0.8613615036010742,-2.1072921752929688,0.27936306595802307,0.025872614234685898,-0.2569197416305542,0.32110831141471863,-0.13279235363006592,0.0,-0.4000000059604645,-0.05000000074505806,0.3100000023841858,0.49000000953674316,-0.20999999344348907,0.0,1.147046446800232,-0.2382226288318634,-0.9602742195129395,-0.46139582991600037,0.12616413831710815,0.30599913001060486,-0.6015028357505798,0.1952628791332245,0.5822943449020386,0.6775111556053162,2.678520679473877,-2.224414825439453,0.03437916189432144,0.062165044248104095,-0.009281839244067669,-0.20957979559898376,-0.016041209921240807,0.05814240127801895,183.5818634033203,156.3465118408203,0.5,0.0,0.0,0.00030900200363248587,0.0,0.6921278834342957,0.8994771838188171,0.0,0.0,0.0,0.0,97.9547119140625,0.0
2.13,2.8888890743255615,-0.6427867171424619,0.7660451920514982,0.0,1.0,1.0,1.0,-0.06423312425613403,-0.04213441535830498,0.1753879338502884,0.21630707383155823,-0.31124067306518555,-0.9351887702941895,0.11832258850336075,-0.19601978361606598,-0.24431444704532623,0.2957627773284912,0.16060325503349304,-0.17099922895431519,1.9724650382995605,0.07726714760065079,-2.5758862495422363,2.2022387981414795,-1.8936914205551147,-1.5304197072982788,-0.0641164779663086,-0.31523391604423523,2.836087703704834,2.279317855834961,-0.8535226583480835,-2.1334495544433594,0.29670652747154236,0.029341306537389755,-0.2645508646965027,0.34538915753364563,-0.14389216899871826,0.0,-0.4000000059604645,-0.05000000074505806,0.3100000023841858,0.49000000953674316,-0.20999999344348907,0.0,1.1925431489944458,-0.28144243359565735,-0.9711084961891174,-0.5458928346633911,0.8109118938446045,2.042525291442871,-0.555766761302948,-0.44570112228393555,0.7267516851425171,0.8099247217178345,0.19842961430549622,-1.145988941192627,0.03449013829231262,0.06235354393720627,0.011552487500011921,-0.12884901463985443,-0.002272574696689844,0.06287693232297897,194.9035186767578,163.03231811523438,0.5,0.0,0.0,0.00031721475534141064,0.0,0.6919769048690796,0.9431957602500916,0.0,0.0,0.0,0.0,113.04047393798828,0.0
2.14,2.9000000953674316,-0.5877847675202884,0.8090173465823342,0.0,1.0,1.0,1.0,-0.06546518206596375,-0.043625764548778534,0.173316091299057,0.21697477996349335,-0.30867624282836914,-0.9365663528442383,0.1175740584731102,-0.1918913871049881,-0.23406970500946045,0.2899894714355469,0.061932627111673355,-0.06849397718906403,1.984365701675415,0.07431722432374954,-2.5834531784057617,2.1963953971862793,-1.878137469291687,-1.526984453201294,-0.06932376325130463,-0.3225744366645813,2.8403244018554688,2.2878921031951904,-0.8541627526283264,-2.147080183029175,0.31362754106521606,0.0327255055308342,-0.2719961106777191,0.36907854676246643,-0.15472161769866943,0.0,-0.4000000059604645,-0.05000000074505806,0.3100000023841858,0.49000000953674316,-0.20999999344348907,0.0,1.2323963642120361,-0.2844212055206299,-0.9231029152870178,-0.3402772545814514,0.038606297224760056,1.05827796459198,-0.4707654118537903,-0.9181997776031494,0.21470901370048523,0.846664309501648,-0.07719278335571289,-1.2581619024276733,0.03397321701049805,0.062272414565086365,-0.08893343806266785,-0.16723816096782684,-0.03420523554086685,0.018032385036349297,208.81582641601562,180.87405395507812,0.5,0.0,0.0,0.00032745281350798905,0.0,0.6934030652046204,0.990661084651947,0.0,0.0,0.0,0.0,95.2926254272461,0.0
2.15,2.911111354827881,-0.5299179656015849,0.8480489076301423,0.0,1.0,1.0,1.0,-0.06650697439908981,-0.045191116631031036,0.17129354178905487,0.21716554462909698,-0.3057847023010254,-0.9370393753051758,0.11246457695960999,-0.18836084008216858,-0.22192011773586273,0.31178081035614014,0.01424030214548111,-0.014785133302211761,1.9957780838012695,0.07184618711471558,-2.5936999320983887,2.1924679279327393,-1.8768737316131592,-1.5240036249160767,-0.07392098009586334,-0.33214595913887024,2.8416788578033447,2.29664945602417,-0.8571738600730896,-2.1570277214050293,0.329796701669693,0.03595934063196182,-0.27911055088043213,0.3917153775691986,-0.16506987810134888,0.0,-0.4000000059604645,-0.05000000074505806,0.3100000023841858,0.49000000953674316,-0.20999999344348907,0.0,1.0649675130844116,-0.22496861219406128,-1.029592752456665,-0.43966206908226013,0.07011767476797104,-0.03917718678712845,-0.4354952275753021,-0.9692679047584534,0.031714338809251785,0.8188229203224182,-0.3815973699092865,-0.7544049024581909,0.03431817144155502,0.062086597084999084,-0.033498797565698624,-0.15915890038013458,-0.032153625041246414,-0.008435706607997417,189.0631866455078,185.1132354736328,0.5,0.0,0.0,0.00034132611472159624,0.0,0.6898183226585388,0.9995629191398621,0.0,0.0,0.0,0.0,88.20362091064453,0.0
2.16,2.922222375869751,-0.4694707103916894,0.8829480460844353,0.0,1.0,1.0,1.0,-0.06746631115674973,-0.04660116881132126,0.16932380199432373,0.21746498346328735,-0.3025078773498535,-0.9374399185180664,0.10541580617427826,-0.18435338139533997,-0.21646453440189362,0.3573918640613556,0.05819062516093254,-0.03708523139357567,2.004976272583008,0.06991776078939438,-2.6033732891082764,2.1876654624938965,-1.8774999380111694,-1.5282268524169922,-0.07894723862409592,-0.33953621983528137,2.843967914581299,2.3048863410949707,-0.8595849275588989,-2.1675310134887695,0.3448992967605591,0.03897986188530922,-0.2857556939125061,0.4128590226173401,-0.17473554611206055,0.0,-0.4000000059604645,-0.05000000074505806,0.3100000023841858,0.49000000953674316,-0.20999999344348907,0.0,0.7999023199081421,-0.16568578779697418,-0.9224592447280884,-0.4454781115055084,-0.011798229068517685,-0.6846357583999634,-0.48537176847457886,-0.5663290619850159,0.26392748951911926,0.7504478096961975,-0.11164787411689758,-0.877126932144165,0.03466563671827316,0.06193277984857559,0.015499196946620941,-0.13478633761405945,-0.028542231768369675,0.02154243364930153,182.9578857421875,180.7923126220703,0.5,0.0,0.0,0.0003573885769583285,0.0,0.6842953562736511,0.9972531199455261,0.0,0.0,0.0,0.0,75.49787139892578,0.0
2.17,2.933333396911621,-0.4067362781379594,0.9135456201233085,0.0,1.0,1.0,1.0,-0.06845826655626297,-0.04772966355085373,0.16738159954547882,0.21826034784317017,-0.2989506721496582,-0.9386353492736816,0.1002044603228569,-0.18449530005455017,-0.21716704964637756,0.4023522734642029,0.1459042876958847,-0.12052471935749054,2.012024402618408,0.06851612776517868,-2.6125729084014893,2.1823642253875732,-1.8793563842773438,-1.5397676229476929,-0.08471214026212692,-0.3419959843158722,2.8506534099578857,2.312666893005371,-0.8577063083648682,-2.180129289627075,0.35864144563674927,0.04172828420996666,-0.29180222749710083,0.43209800124168396,-0.1835305094718933,0.0,-0.4000000059604645,-0.05000000074505806,0.3100000023841858,0.49000000953674316,-0.20999999344348907,0.0,0.6186503171920776,-0.12799175083637238,-0.8845772743225098,-0.5055796504020691,-0.12124477326869965,-1.3898558616638184,-0.5499659180641174,-0.012422159314155579,0.8285353183746338,0.6757245063781738,0.5340020656585693,-1.2034590244293213,0.035092562437057495,0.06196420639753342,0.07603393495082855,-0.08395841717720032,-0.018748680129647255,0.0872289314866066,171.2603759765625,170.3546600341797,0.5,0.0,0.0,0.00037371134385466576,0.0,0.6785820126533508,0.9713655710220337,0.0,0.0,0.0,0.0,80.53744506835938,0.0
2.18,2.9444446563720703,-0.34201889204895336,0.9396930762124441,0.0,1.0,1.0,1.0,-0.06954611837863922,-0.048665016889572144,0.16546864807605743,0.21944460272789001,-0.29537153244018555,-0.9409618377685547,0.09887625277042389,-0.19129881262779236,-0.21665751934051514,0.4174714982509613,0.20715393126010895,-0.23275020718574524,2.018707752227783,0.06684872508049011,-2.6211917400360107,2.176769733428955,-1.8822498321533203,-1.5525479316711426,-0.09061859548091888,-0.3407813310623169,2.8615918159484863,2.3205320835113525,-0.8474625945091248,-2.203307867050171,0.3707558810710907,0.0441511794924736,-0.29713258147239685,0.4490582346916199,-0.19128376245498657,0.0,-0.4000000059604645,-0.05000000074505806,0.3100000023841858,0.49000000953674316,-0.20999999344348907,0.0,0.6614565253257751,-0.17031070590019226,-0.8581631779670715,-0.5182165503501892,-0.1111597865819931,-1.4424107074737549,-0.594976544380188,0.2076442986726761,1.1878254413604736,0.8692120313644409,0.6496353149414062,-1.7070010900497437,0.03550022840499878,0.06220110505819321,0.08525126427412033,-0.09226548671722412,-0.019598037004470825,0.17014318704605103,202.81326293945312,167.5443878173828,0.5,0.0,0.0,0.0003891262167599052,0.0,0.6736860871315002,0.8973177075386047,0.0,0.0,0.0,0.0,92.97040557861328,0.0
2.19,2.9555556774139404,-0.2756366198184289,0.961261906982208,0.0,1.0,1.0,1.0,-0.07072996348142624,-0.04956899210810661,0.16361485421657562,0.22070780396461487,-0.29199838638305664,-0.9442138671875,0.10058659315109253,-0.20004461705684662,-0.2126343697309494,0.40807124972343445,0.21760471165180206,-0.2986581027507782,2.027045965194702,0.06471674889326096,-2.629258155822754,2.1718311309814453,-1.8837486505508423,-1.5609326362609863,-0.09592679142951965,-0.3401451110839844,2.8723576068878174,2.328467607498169,-0.8372918963432312,-2.226139545440674,0.38100624084472656,0.04620124772191048,-0.3016427457332611,0.4634087383747101,-0.1978439837694168,0.0,-0.4000000059604645,-0.05000000074505806,0.3100000023841858,0.49000000953674316,-0.20999999344348907,0.0,0.9011881351470947,-0.20663982629776,-0.795109212398529,-0.40259429812431335,0.08353592455387115,-0.7307657599449158,-0.5062097311019897,-0.031351614743471146,1.0156744718551636,0.8254117965698242,0.810449481010437,-1.3620729446411133,0.035876013338565826,0.062391310930252075,0.02107454650104046,-0.13764600455760956,-0.03243633732199669,0.15090832114219666,211.03424072265625,169.8297119140625,0.5,0.0,0.0,0.0004034115991089493,0.0,0.6709250807762146,0.8366133570671082,0.0,0.0,0.0,0.0,87.06170654296875,0.0
2.2,2.9666671752929688,-0.20790856485914266,0.9781482651716006,0.0,1.0,1.0,1.0,-0.071884885430336,-0.05063394084572792,0.1618432253599167,0.22154968976974487,-0.28873252868652344,-0.9474081993103027,0.10286492109298706,-0.206569641828537,-0.19949215650558472,0.39558127522468567,0.13786327838897705,-0.2584908902645111,2.0379180908203125,0.06204919144511223,-2.6363961696624756,2.167951822280884,-1.8831098079681396,-1.5605202913284302,-0.10020312666893005,-0.3437061607837677,2.880413293838501,2.3368115425109863,-0.8284104466438293,-2.2450854778289795,0.38919350504875183,0.04783870279788971,-0.30524513125419617,0.4748709201812744,-0.2030838280916214,0.0,-0.4000000059604645,-0.05000000074505806,0.3100000023841858,0.49000000953674316,-0.20999999344348907,0.0,1.1449313163757324,-0.2439260631799698,-0.6727582812309265,-0.3485039472579956,0.1688014268875122,0.12654069066047668,-0.38508060574531555,-0.5795761346817017,0.6369982361793518,0.830023467540741,0.8392621874809265,-1.3435429334640503,0.036139145493507385,0.062449388206005096,-0.052201107144355774,-0.17008091509342194,-0.03380674496293068,0.1074952632188797,213.88900756835938,180.92481994628906,0.5,0.0,0.0,0.0004193333152215928,0.0,0.6698009967803955,0.8749093413352966,0.0,0.0,0.0,0.0,91.48309326171875,0.0
2.21,2.977778196334839,-0.13917049668173886,0.9902684347455278,0.0,1.0,1.0,1.0,-0.07288797944784164,-0.05195550620555878,0.16017092764377594,0.22161848843097687,-0.2853975296020508,-0.9495091438293457,0.10083819925785065,-0.20718397200107574,-0.1821286529302597,0.3751102387905121,0.012225930579006672,-0.15066424012184143,2.0505712032318115,0.05896473675966263,-2.642448902130127,2.164440870285034,-1.8817667961120605,-1.5511581897735596,-0.10363270342350006,-0.35342955589294434,2.8833696842193604,2.3451356887817383,-0.8236955404281616,-2.260591983795166,0.39515790343284607,0.0490315817296505,-0.30786949396133423,0.4832210838794708,-0.20690104365348816,0.0,-0.4000000059604645,-0.05000000074505806,0.3100000023841858,0.49000000953674316,-0.20999999344348907,0.0,1.2905597686767578,-0.30751240253448486,-0.5319181680679321,-0.32428666949272156,0.18065319955348969,1.1026231050491333,-0.32326260209083557,-1.2393555641174316,0.051861219108104706,0.8023846745491028,0.13283878564834595,-1.1310275793075562,0.03619132190942764,0.06225789338350296,-0.11679866164922714,-0.20677810907363892,-0.027265364304184914,0.025619903579354286,190.45046997070312,200.6244354248047,0.5,0.0,0.0,0.0004399812896735966,0.0,0.6673032641410828,0.955615758895874,0.0,0.0,0.0,0.0,81.82842254638672,0.0
2.22,2.988889217376709,-0.06975441482181172,0.9975641942315626,1.0,1.0,1.0,1.0,-0.0736914873123169,-0.05347694084048271,0.15858367085456848,0.22092485427856445,-0.28185415267944336,-0.9501571655273438,0.09496863931417465,-0.20161013305187225,-0.16808408498764038,0.3704252243041992,-0.09280199557542801,-0.029827753081917763,2.0634658336639404,0.05603816360235214,-2.6478018760681152,2.1610565185546875,-1.8796080350875854,-1.5395509004592896,-0.106904037296772,-0.3680395483970642,2.881546974182129,2.352851152420044,-0.8230608105659485,-2.2791941165924072,0.4000000059604645,0.05000000074505806,-0.3100000023841858,0.49000000953674316,-0.20999999344348907,0.0,-0.4000000059604645,-0.05000000074505806,0.3100000023841858,0.49000000953674316,-0.20999999344348907,0.0,1.249552607536316,-0.25535014271736145,-0.49477019906044006,-0.326323002576828,0.18372923135757446,1.088564395904541,-0.30365630984306335,-1.605240821838379,-0.3949226140975952,0.753741979598999,-0.20826762914657593,-1.352426290512085,0.03612322360277176,0.06180223822593689,-0.12806883454322815,-0.2292194366455078,-0.0264083594083786,-0.03275042772293091,187.47625732421875,203.04408264160156,0.5,0.0,0.0,0.0004669786139857024,0.0,0.6640524864196777,0.9982221722602844,0.0,0.0,0.0,0.0,78.01757049560547,0.0
2.23,3.000000476837158,2.9960562272603183e-06,0.9999999999955118,1.0,1.0,1.0,1.0,-0.07436370104551315,-0.05493347346782684,0.15703482925891876,0.22008956968784332,-0.27791309356689453,-0.9499220848083496,0.08425333350896835,-0.19348563253879547,-0.16374662518501282,0.4059668779373169,-0.081753209233284,0.01909436285495758,2.0742032527923584,0.05410677194595337,-2.652604341506958,2.157653570175171,-1.8776334524154663,-1.534113883972168,-0.11059515178203583,-0.3833337128162384,2.87808895111084,2.3602421283721924,-0.8252519965171814,-2.292599678039551,0.4000000059604645,0.05000000074505806,-0.3100000023841858,0.49000000953674316,-0.20999999344348907,0.0,-0.4000000059604645,-0.05000000074505806,0.3100000023841858,0.49000000953674316,-0.20999999344348907,0.0,0.9413052201271057,-0.15021149814128876,-0.4294576644897461,-0.35218289494514465,0.07751990854740143,0.3269358277320862,-0.37787121534347534,-1.4638371467590332,-0.3944951593875885,0.6951954960823059,-0.3246292769908905,-0.7895413637161255,0.036100149154663086,0.06125539541244507,-0.07351117581129074,-0.20601201057434082,-0.018374482169747353,-0.03373289480805397,162.7667236328125,195.631591796875,0.5,0.0,0.0,0.000499281391967088,0.0,0.6566763520240784,0.9992710947990417,0.0,0.0,0.0,0.0,63.41625213623047,0.0
2.24,3.0111114978790283,0.0697588979587295,0.9975638807392655,1.0,1.0,1.0,1.0,-0.07506895065307617,-0.056079376488924026,0.15547868609428406,0.2198248654603958,-0.27367067337036133,-0.9499568939208984,0.07420038431882858,-0.1882271021604538,-0.17020899057388306,0.44179874658584595,0.015429732389748096,-0.029569096863269806,2.082336187362671,0.05360687896609306,-2.6569724082946777,2.153529167175293,-1.8781139850616455,-1.53708815574646,-0.11562191694974899,-0.394880086183548,2.8773410320281982,2.367006540298462,-0.8257027268409729,-2.303884267807007,0.4000000059604645,0.05000000074505806,-0.3100000023841858,0.49000000953674316,-0.20999999344348907,0.0,-0.4000000059604645,-0.05000000074505806,0.3100000023841858,0.49000000953674316,-0.20999999344348907,0.0,0.7055643796920776,0.013392217457294464,-0.4150264263153076,-0.42143714427948,-0.08466129004955292,-0.6598648428916931,-0.5301119685173035,-0.9206365942955017,0.02224089205265045,0.6050739288330078,0.09843045473098755,-0.6516169309616089,0.036120474338531494,0.060820482671260834,0.002011254895478487,-0.1723577231168747,-0.004573160782456398,0.01142183132469654,154.87864685058594,177.8276824951172,0.5,0.0,0.0,0.0005326054524630308,0.0,0.6482560634613037,0.9982528686523438,0.0,0.0,0.0,0.0,58.20896911621094,0.0
2.25,3.0222225189208984,0.13917494703019723,0.9902678092915782,1.0,0.0,1.0,1.0,-0.0758979320526123,-0.05687525123357773,0.1538902074098587,0.2203231155872345,-0.2692852020263672,-0.9510488510131836,0.06803709268569946,-0.1882975995540619,-0.179160475730896,0.48004835844039917,0.12351219356060028,-0.13413304090499878,2.0889787673950195,0.054275624454021454,-2.661100387573242,2.149390935897827,-1.8792239427566528,-1.5466644763946533,-0.1214233860373497,-0.4011967182159424,2.8821587562561035,2.373778820037842,-0.8156899809837341,-2.32545804977417,0.4000000059604645,0.05000000074505806,-0.3100000023841858,0.49000000953674316,-0.20999999344348907,0.0,-0.43479403853416443,-0.05695880949497223,0.3253093659877777,0.538711667060852,-0.23226818442344666,0.0,0.6293495297431946,0.10063785314559937,-0.3685668408870697,-0.38326019048690796,-0.14133459329605103,-1.021483302116394,-0.5874192118644714,-0.42734184861183167,0.6333950161933899,0.7789470553398132,0.5665439367294312,-1.1489253044128418,0.03624974191188812,0.060665301978588104,0.03195855766534805,-0.14682121574878693,-0.0018172014970332384,0.1301506906747818,160.01535034179688,171.65992736816406,0.5,0.0,0.0,0.0005641489988192916,0.0,0.6414039134979248,0.9646563529968262,0.0,0.0,0.0,0.0,69.16213989257812,0.0
2.2600000000000002,3.0333337783813477,0.20791442602980875,0.97814701934254,1.0,0.0,1.0,1.0,-0.07683630287647247,-0.05744282528758049,0.15226615965366364,0.22130714356899261,-0.2648606300354004,-0.9533114433288574,0.06726427376270294,-0.19250008463859558,-0.18514174222946167,0.5040363669395447,0.1806887537240982,-0.23199573159217834,2.0961849689483643,0.05546535551548004,-2.664639949798584,2.146433115005493,-1.8789029121398926,-1.5559945106506348,-0.12658491730690002,-0.4049115777015686,2.8891050815582275,2.3813180923461914,-0.8008298873901367,-2.355039358139038,0.4000000059604645,0.05000000074505806,-0.3100000023841858,0.49000000953674316,-0.20999999344348907,0.0,-0.4519785940647125,-0.06039571762084961,0.33287057280540466,0.5627700090408325,-0.2432662844657898,0.0,0.7724628448486328,0.14882798492908478,-0.3323867917060852,-0.22894573211669922,-0.20529496669769287,-0.29596394300460815,-0.4812975227832794,-0.3437093496322632,0.692322313785553,0.8396323919296265,1.1161130666732788,-1.8043344020843506,0.03642091155052185,0.060613736510276794,0.008012035861611366,-0.19036078453063965,-0.014542242512106895,0.18071512877941132,165.907470703125,163.31324768066406,0.5,0.0,0.0,0.0005941784474998713,0.0,0.6385003924369812,0.8979471921920776,0.0,0.0,0.0,0.0,73.69300842285156,0.0
2.27,3.0444447994232178,0.27563949981191355,0.9612610811550826,1.0,0.0,1.0,1.0,-0.07780007272958755,-0.058006033301353455,0.15062391757965088,0.22219479084014893,-0.26048946380615234,-0.9561500549316406,0.0685727447271347,-0.19579072296619415,-0.18416711688041687,0.5016707181930542,0.1435549259185791,-0.26018205285072327,2.1062633991241455,0.05623416602611542,-2.66692852973938,2.1451034545898438,-1.8772493600845337,-1.554247260093689,-0.1305616796016693,-0.41111427545547485,2.8951234817504883,2.389939308166504,-0.7839412093162537,-2.3837428092956543,0.4000000059604645,0.05000000074505806,-0.3100000023841858,0.49000000953674316,-0.20999999344348907,0.0,-0.46890988945961,-0.0637819766998291,0.340320348739624,0.586473822593689,-0.25410231947898865,0.0,1.1200841665267944,0.07640418410301208,-0.13939346373081207,-0.05611037462949753,0.10568012297153473,0.705539345741272,-0.3647015392780304,-0.8216190934181213,0.49961477518081665,0.9405844807624817,1.3645713329315186,-1.7677967548370361,0.03637303411960602,0.06048409640789032,-0.10978948324918747,-0.2232402265071869,-0.018228190019726753,0.18336544930934906,177.55010986328125,176.2079620361328,0.5,0.0,0.0,0.0006256416090764105,0.0,0.6383126974105835,0.8733757734298706,0.0,0.0,0.0,0.0,77.73968505859375,0.0
2.2800000000000002,3.055555820465088,0.34202170742071036,0.9396920515003956,1.0,0.0,1.0,1.0,-0.07865206897258759,-0.05877642706036568,0.1489906758069992,0.22228942811489105,-0.2562084197998047,-0.9585714340209961,0.06728988885879517,-0.1935797780752182,-0.16875284910202026,0.45173758268356323,0.022891849279403687,-0.21312646567821503,2.1198832988739014,0.056197505444288254,-2.6683099269866943,2.145983934402466,-1.8716129064559937,-1.5391205549240112,-0.13358500599861145,-0.42379525303840637,2.8967196941375732,2.399703025817871,-0.7710155844688416,-2.400918483734131,0.4000000059604645,0.05000000074505806,-0.3100000023841858,0.49000000953674316,-0.20999999344348907,0.0,-0.48550549149513245,-0.06710109859704971,0.34762242436408997,0.6097076535224915,-0.2647235095500946,0.0,1.5125453472137451,-0.030165845528244972,-0.018148763105273247,0.04364505410194397,1.5427242517471313,1.312096357345581,-0.7243995070457458,-1.4665091037750244,0.3365495204925537,1.2774838209152222,0.6404521465301514,-0.3636927306652069,0.03609824925661087,0.06023148447275162,-0.2450338453054428,-0.23778100311756134,-0.020274322479963303,0.16070905327796936,173.11854553222656,555.4664916992188,0.5,0.0,0.0,0.0006638880004175007,0.0,0.6379966139793396,0.9131585955619812,0.0,0.0,0.0,0.0,113.61085510253906,0.0
2.29,3.066667079925537,0.4067390151701773,0.9135444015144497,1.0,0.0,1.0,1.0,-0.07928936183452606,-0.05986229330301285,0.14752615988254547,0.22119338810443878,-0.2522773742675781,-0.9598326683044434,0.06257301568984985,-0.18206162750720978,-0.14279884099960327,0.3920474052429199,-0.1543618142604828,-0.08698878437280655,2.1353142261505127,0.0549674853682518,-2.66996693611145,2.1479125022888184,-1.8617175817489624,-1.5197498798370361,-0.14038091897964478,-0.4391855001449585,2.896395206451416,2.4070804119110107,-0.7730337381362915,-2.409050226211548,0.4000000059604645,0.05000000074505806,-0.3100000023841858,0.49000000953674316,-0.20999999344348907,0.0,-0.5016849637031555,-0.07033699005842209,0.3547413647174835,0.6323589086532593,-0.27507835626602173,0.0,1.5418591499328613,-0.16480308771133423,-0.1993318647146225,0.17482037842273712,1.1097815036773682,1.3841016292572021,-0.6952428221702576,-1.586766004562378,-0.13933737576007843,0.5736062526702881,-0.9018888473510742,-0.22438299655914307,0.035766370594501495,0.060352593660354614,-0.30199065804481506,-0.1908864825963974,-0.05859878659248352,-0.04939853399991989,154.63934326171875,239.27981567382812,0.5,0.0,0.0,0.0007110628648661077,0.0,0.6382803916931152,0.9849798679351807,0.0,0.0,0.0,0.0,78.9460220336914,0.0
2.3000000000000003,3.0777781009674072,0.4694733557515735,0.8829466395198275,1.0,0.0,1.0,1.0,-0.07973292469978333,-0.061192695051431656,0.14616641402244568,0.21915046870708466,-0.24854278564453125,-0.9595799446105957,0.05575336515903473,-0.1706843078136444,-0.13241660594940186,0.3490898609161377,-0.24251531064510345,0.02182554081082344,2.149013042449951,0.053757794201374054,-2.673760414123535,2.1491682529449463,-1.8493012189865112,-1.5128363370895386,-0.14658449590206146,-0.4529344141483307,2.894012928009033,2.411346435546875,-0.7837226390838623,-2.4160542488098145,0.4000000059604645,0.05000000074505806,-0.3100000023841858,0.49000000953674316,-0.20999999344348907,0.0,-0.5173685550689697,-0.07347371429204941,0.36164218187332153,0.6543160080909729,-0.2851158678531647,0.0,1.2246752977371216,-0.08483832329511642,-0.42946484684944153,0.0812990590929985,1.2359628677368164,0.2921871840953827,-0.5685698986053467,-1.2132200002670288,-0.24867166578769684,0.3639259934425354,-1.3370214700698853,-0.4003731310367584,0.03572683781385422,0.05996435880661011,-0.22849056124687195,-0.1446402221918106,-0.0799395740032196,-0.10966441035270691,135.8806915283203,219.20034790039062,0.5,0.0,0.0,0.0007683511939831078,0.0,0.6357330679893494,0.9990477561950684,0.0,0.0,0.0,0.0,64.60005950927734,0.0
2.31,3.0888891220092773,0.5299205064014165,0.8480473199623156,1.0,0.0,1.0,1.0,-0.08017297089099884,-0.06247143819928169,0.14481084048748016,0.21713753044605255,-0.24495983123779297,-0.9588136672973633,0.0483541414141655,-0.16222955286502838,-0.13989931344985962,0.3363846242427826,-0.18963733315467834,0.026988212019205093,2.1591479778289795,0.05396706983447075,-2.6787240505218506,2.149034023284912,-1.8394392728805542,-1.515894889831543,-0.15155279636383057,-0.4608692228794098,2.8935158252716064,2.415117025375366,-0.7952955961227417,-2.4193291664123535,0.4000000059604645,0.05000000074505806,-0.3100000023841858,0.49000000953674316,-0.20999999344348907,0.0,-0.5324803590774536,-0.07649607211351395,0.36829137802124023,0.6754724979400635,-0.2947874367237091,0.0,0.8734094500541687,0.0712159052491188,-0.5262782573699951,-0.06174386292695999,0.6740793585777283,-0.5346937775611877,-0.4210791289806366,-0.4913412034511566,0.08015518635511398,0.36914533376693726,-1.106635332107544,-0.014131356030702591,0.03585240989923477,0.059590406715869904,-0.11817616969347,-0.08555256575345993,-0.07359176129102707,-0.0644998624920845,129.94390869140625,194.7338104248047,0.5,0.0,0.0,0.000828258169349283,0.0,0.6309019923210144,0.9985443353652954,0.0,0.0,0.0,0.0,53.893653869628906,0.0
2.32,3.1000003814697266,0.587787191379106,0.8090155855424926,1.0,0.0,1.0,1.0,-0.08076751232147217,-0.06348786503076553,0.1434086412191391,0.2159198373556137,-0.24151229858398438,-0.9584836959838867,0.04300480708479881,-0.15902823209762573,-0.15351392328739166,0.33872127532958984,-0.07261621952056885,-0.019649997353553772,2.1666924953460693,0.05519936606287956,-2.6844217777252197,2.1477160453796387,-1.8318767547607422,-1.5265560150146484,-0.15523745119571686,-0.4619349539279938,2.8975939750671387,2.420576810836792,-0.8004083633422852,-2.42069935798645,0.4000000059604645,0.05000000074505806,-0.3100000023841858,0.49000000953674316,-0.20999999344348907,0.0,-0.5469467639923096,-0.07938934862613678,0.3746565580368042,0.6957254409790039,-0.3040459156036377,0.0,0.6732441782951355,0.15900616347789764,-0.5830198526382446,-0.14850662648677826,0.45464736223220825,-0.8687616586685181,-0.2727842330932617,0.12504807114601135,0.5586750507354736,0.5847377777099609,-0.27755171060562134,0.31217092275619507,0.03615447133779526,0.059681639075279236,-0.04784228280186653,-0.04761812090873718,-0.054238490760326385,0.048198308795690536,133.9086151123047,191.17477416992188,0.5,0.0,0.0,0.0008824437973089516,0.0,0.6260849833488464,0.9992280602455139,0.0,0.0,0.0,0.0,48.70857620239258,0.0
2.33,3.1111114025115967,0.6427890122540417,0.7660432662229161,1.0,0.0,1.0,1.0,-0.08155658096075058,-0.06428501009941101,0.14197935163974762,0.21552249789237976,-0.23832941055297852,-0.9588532447814941,0.04187861829996109,-0.15894602239131927,-0.1598917543888092,0.3213072121143341,0.0031818163115531206,-0.06268805265426636,2.173759937286377,0.05688861757516861,-2.6896588802337646,2.146031618118286,-1.826048731803894,-1.5342766046524048,-0.1584801822900772,-0.45981794595718384,2.90531587600708,2.4279775619506836,-0.7975489497184753,-2.4272708892822266,0.4000000059604645,0.05000000074505806,-0.3100000023841858,0.49000000953674316,-0.20999999344348907,0.0,-0.5606972575187683,-0.08213944733142853,0.380706787109375,0.7149761915206909,-0.31284624338150024,0.0,0.6825409531593323,0.21472664177417755,-0.4941486418247223,-0.16455945372581482,0.29287832975387573,-0.8887060284614563,-0.2779410183429718,0.26386576890945435,0.846117377281189,0.7132748365402222,0.59808748960495,-1.3419325351715088,0.03636764734983444,0.060269467532634735,-0.054250799119472504,-0.08174470067024231,-0.04284346476197243,0.12974782288074493,141.4571990966797,181.79869079589844,0.5,0.0,0.0,0.0009271005401387811,0.0,0.6248285174369812,0.9921711683273315,0.0,0.0,0.0,0.0,63.64539337158203,0.0
2.34,3.122222423553467,0.6946592804243796,0.7193389215941837,1.0,0.0,1.0,1.0,-0.08240547776222229,-0.0650768131017685,0.14058524370193481,0.21528778970241547,-0.2354269027709961,-0.9593791961669922,0.04392297565937042,-0.1576257050037384,-0.15179264545440674,0.29186344146728516,-0.02498784288764,-0.05261680856347084,2.182168483734131,0.058242425322532654,-2.6934165954589844,2.1458537578582764,-1.818258285522461,-1.5297620296478271,-0.16182032227516174,-0.459479421377182,2.9131579399108887,2.4363532066345215,-0.7907474637031555,-2.443420648574829,0.4000000059604645,0.05000000074505806,-0.3100000023841858,0.49000000953674316,-0.20999999344348907,0.0,-0.5736648440361023,-0.08473297208547592,0.38641253113746643,0.7331308126449585,-0.32114550471305847,0.0,0.8804906606674194,0.13601018488407135,-0.2731611728668213,0.0694180577993393,0.7177792191505432,0.6150889992713928,-0.29638856649398804,-0.11116566509008408,0.6916109919548035,0.812550961971283,0.731718122959137,-2.094835042953491,0.03631211072206497,0.06105609983205795,-0.16306693851947784,-0.1296292096376419,-0.057032931596040726,0.1336139589548111,167.69107055664062,201.59609985351562,0.5,0.0,0.0,0.0009681015508249402,0.0,0.6276928782463074,0.9944782257080078,0.0,0.0,0.0,0.0,82.72242736816406,0.0
2.35,3.133333683013916,0.7431462956277399,0.6691289735878785,1.0,0.0,1.0,1.0,-0.08315575867891312,-0.06608417630195618,0.13928842544555664,0.2144543081521988,-0.23278331756591797,-0.9592914581298828,0.04567345604300499,-0.15477478504180908,-0.13350708782672882,0.24541129171848297,-0.1298607438802719,0.020391445606946945,2.192981243133545,0.059036415070295334,-2.696479320526123,2.147637367248535,-1.8045167922973633,-1.5170320272445679,-0.16435620188713074,-0.4640820622444153,2.9172232151031494,2.4440791606903076,-0.7882160544395447,-2.4548463821411133,0.4000000059604645,0.05000000074505806,-0.3100000023841858,0.49000000953674316,-0.20999999344348907,0.0,-0.5857867002487183,-0.08715733885765076,0.3917461633682251,0.7501013875007629,-0.3289034962654114,0.0,1.157887578010559,0.07531604915857315,-0.2346070557832718,0.2662599980831146,1.4245988130569458,1.262985348701477,-0.1974668800830841,-0.7023939490318298,0.19571661949157715,0.6977358460426331,0.06671884655952454,-1.0185997486114502,0.036076031625270844,0.06146039068698883,-0.2865047752857208,-0.1323910802602768,-0.08281788975000381,0.03617004677653313,173.39059448242188,220.34402465820312,0.5,0.0,0.0,0.0010148452129215002,0.0,0.6308193802833557,0.9991686940193176,0.0,0.0,0.0,0.0,80.16545867919922,0.0
2.36,3.144444704055786,0.7880117578641548,0.6156601899325997,1.0,0.0,1.0,1.0,-0.08375139534473419,-0.06734991818666458,0.13811658322811127,0.21276727318763733,-0.2304058074951172,-0.9583039283752441,0.04344955459237099,-0.1479547917842865,-0.11656166613101959,0.19943378865718842,-0.22897771000862122,0.07958666980266571,2.2050132751464844,0.05956790968775749,-2.69891619682312,2.1509106159210205,-1.788012146949768,-1.5000163316726685,-0.16576248407363892,-0.4731754660606384,2.9170682430267334,2.450857639312744,-0.7911269664764404,-2.461073875427246,0.4000000059604645,0.05000000074505806,-0.3100000023841858,0.49000000953674316,-0.20999999344348907,0.0,-0.5970031023025513,-0.08940061926841736,0.39668136835098267,0.7658042907714844,-0.33608198165893555,0.0,1.2002500295639038,0.0629807636141777,-0.22485049068927765,0.35650312900543213,1.6211938858032227,1.4882820844650269,-0.05982067435979843,-1.0505914688110352,-0.18067508935928345,0.6015793681144714,-0.4156697988510132,-0.7691900730133057,0.03564010560512543,0.06144436448812485,-0.3287309408187866,-0.1351749449968338,-0.10927984118461609,-0.0327858068048954,163.81724548339844,230.26907348632812,0.5,0.0,0.0,0.0010715053649619222,0.0,0.6308684945106506,0.9874117970466614,0.0,0.0,0.0,0.0,74.01364135742188,0.0
2.37,3.1555557250976562,0.829038168242883,0.5591920203261892,1.0,0.0,1.0,1.0,-0.08428977429866791,-0.06864191591739655,0.13702841103076935,0.2107856124639511,-0.22824573516845703,-0.9571905136108398,0.036592062562704086,-0.1409013569355011,-0.11248064041137695,0.1905684620141983,-0.21135418117046356,0.04551021009683609,2.2151565551757812,0.06091446429491043,-2.7022252082824707,2.1540775299072266,-1.7716292142868042,-1.4926320314407349,-0.1664738804101944,-0.4819897413253784,2.9164750576019287,2.4570140838623047,-0.7952383160591125,-2.4657890796661377,0.4000000059604645,0.05000000074505806,-0.3100000023841858,0.49000000953674316,-0.20999999344348907,0.0,-0.6072596907615662,-0.09145194292068481,0.4011942744255066,0.780163586139679,-0.34264618158340454,0.0,0.874724268913269,0.15642301738262177,-0.2515801191329956,0.30160996317863464,1.2047306299209595,0.9548873901367188,0.0005097836256027222,-0.761962354183197,-0.034313201904296875,0.5318965911865234,-0.39100176095962524,-0.6396633386611938,0.03540206700563431,0.061338432133197784,-0.23433367908000946,-0.1086701899766922,-0.12297414988279343,-0.0220847986638546,140.94100952148438,212.89830017089844,0.5,0.0,0.0,0.0011322323698550463,0.0,0.625502347946167,0.9958661794662476,0.0,0.0,0.0,0.0,51.41865158081055,0.0
2.38,3.1666669845581055,0.86602640246812,0.4999982702251335,1.0,0.0,1.0,1.0,-0.08500342071056366,-0.06961265206336975,0.13596636056900024,0.20963376760482788,-0.2262887954711914,-0.9572248458862305,0.026479527354240417,-0.13950178027153015,-0.12295308709144592,0.20649787783622742,-0.037365518510341644,-0.07521010935306549,2.2223193645477295,0.06298696249723434,-2.7068493366241455,2.154815196990967,-1.7597215175628662,-1.4974069595336914,-0.1681106984615326,-0.4849948287010193,2.9216740131378174,2.4628028869628906,-0.7933657169342041,-2.471897840499878,0.4000000059604645,0.05000000074505806,-0.3100000023841858,0.49000000953674316,-0.20999999344348907,0.0,-0.6165065765380859,-0.09330131113529205,0.40526288747787476,0.7931091785430908,-0.3485642075538635,0.0,0.5797708034515381,0.21569490432739258,-0.4942447543144226,-0.021989690139889717,0.8294587135314941,-0.8561629056930542,-0.2085864096879959,0.031078167259693146,0.7294139862060547,0.5573490262031555,0.018603211268782616,0.4741402864456177,0.035489581525325775,0.06169073283672333,-0.08449839055538177,-0.05028500780463219,-0.07960104197263718,0.07211873680353165,132.76934814453125,284.1441345214844,0.5,0.0,0.0,0.0011805429821833968,0.0,0.6142429709434509,0.9887506365776062,0.0,0.0,0.0,0.0,43.72736740112305,0.0
2.39,3.1777780055999756,0.8987946738042236,0.43836986021071195,1.0,0.0,1.0,1.0,-0.08608146756887436,-0.07005549967288971,0.13492727279663086,0.2101595550775528,-0.2245941162109375,-0.9592385292053223,0.018383687362074852,-0.1435418725013733,-0.1361740082502365,0.22168143093585968,0.1873711496591568,-0.2417619228363037,2.227038621902466,0.06525898724794388,-2.7122416496276855,2.1531641483306885,-1.7521427869796753,-1.511319637298584,-0.17263685166835785,-0.48090389370918274,2.9368395805358887,2.4684019088745117,-0.7772672176361084,-2.484182596206665,0.4000000059604645,0.05000000074505806,-0.3100000023841858,0.49000000953674316,-0.20999999344348907,0.0,-0.6246986389160156,-0.09493973851203918,0.40886741876602173,0.8045781254768372,-0.35380715131759644,0.0,0.3782104551792145,0.21884633600711823,-0.5411354303359985,-0.23256608843803406,0.6632735133171082,-1.400602102279663,-0.4551057517528534,0.6638979315757751,1.8919718265533447,0.2466401308774948,3.9481756687164307,-2.280343532562256,0.035914644598960876,0.06292892247438431,0.021557491272687912,-0.001031095045618713,-0.0315183661878109,0.17615388333797455,136.1476287841797,152.2284393310547,0.5,0.0,0.0,0.0012003660667687654,0.0,0.6034349203109741,0.8896762728691101,0.0,0.0,0.0,0.0,94.62615966796875,0.0
2.4,3.1888890266418457,0.927184178798694,0.3746057909127828,1.0,0.0,1.0,1.0,-0.0874636098742485,-0.07012856006622314,0.13388317823410034,0.21202324330806732,-0.22309589385986328,-0.9628376960754395,0.01833704113960266,-0.15044352412223816,-0.1454819142818451,0.22961820662021637,0.31789591908454895,-0.35299456119537354,2.2308270931243896,0.06699897348880768,-2.716341733932495,2.1511948108673096,-1.7479608058929443,-1.519942045211792,-0.1781625747680664,-0.4735001027584076,2.955695152282715,2.4738850593566895,-0.7579259872436523,-2.495722532272339,0.4000000059604645,0.05000000074505806,-0.3100000023841858,0.49000000953674316,-0.20999999344348907,0.0,-0.6317960619926453,-0.09635920822620392,0.41199028491973877,0.8145145177841187,-0.358349472284317,0.0,0.37023356556892395,0.15979188680648804,-0.3531807065010071,-0.16259978711605072,0.40642622113227844,-0.41672107577323914,-0.5401859879493713,0.7593368887901306,1.9387067556381226,0.7011165618896484,-0.13041210174560547,0.04339265823364258,0.036248549818992615,0.06433253735303879,0.013433123007416725,-0.07212121784687042,-0.01794958859682083,0.27830711007118225,153.40725708007812,240.32020568847656,0.5,0.0,0.0,0.0011961591662839055,0.0,0.6009371280670166,0.7794160842895508,0.0,0.0,0.0,0.0,57.516361236572266,0.0
2.41,3.200000286102295,0.9510570717929909,0.3090152847231703,1.0,0.0,1.0,1.0,-0.08897281438112259,-0.07017336040735245,0.13287773728370667,0.21419119834899902,-0.22191953659057617,-0.967170238494873,0.022723902016878128,-0.15489241480827332,-0.1382533758878708,0.19732074439525604,0.29742878675460815,-0.3766092360019684,2.2354815006256104,0.06823399662971497,-2.7189218997955322,2.1507720947265625,-1.742587924003601,-1.5180213451385498,-0.18256396055221558,-0.4693174362182617,2.97385835647583,2.480175495147705,-0.7370005249977112,-2.513153076171875,0.4000000059604645,0.05000000074505806,-0.3100000023841858,0.49000000953674316,-0.20999999344348907,0.0,-0.6377643346786499,-0.09755286574363708,0.41461628675460815,0.8228700160980225,-0.36216914653778076,0.0,0.5076935291290283,0.12805679440498352,-0.21346506476402283,-0.0030099484138190746,0.6019225120544434,0.5761903524398804,-0.3588101267814636,0.1506522297859192,1.6930696964263916,0.6290555000305176,1.770760178565979,-1.1168800592422485,0.036313317716121674,0.0655808225274086,-0.05253716558218002,-0.11909420788288116,-0.04132729768753052,0.2493530511856079,159.14019775390625,200.54086303710938,0.5,0.0,0.0,0.0011816350743174553,0.0,0.6043702960014343,0.7530158758163452,0.0,0.0,0.0,0.0,96.2398452758789,0.0
2.42,3.211111307144165,0.9702960242533635,0.24192070047459105,1.0,0.0,1.0,1.0,-0.09037362039089203,-0.07055714726448059,0.1319805085659027,0.21544957160949707,-0.22110843658447266,-0.9707427024841309,0.027017686516046524,-0.1522829383611679,-0.11525527387857437,0.13094644248485565,0.12556399405002594,-0.26851868629455566,2.242056131362915,0.06856059283018112,-2.720046281814575,2.151642084121704,-1.7355257272720337,-1.5010865926742554,-0.18447822332382202,-0.4732043445110321,2.985818386077881,2.4859187602996826,-0.7236158847808838,-2.514211416244507,0.4000000059604645,0.05000000074505806,-0.3100000023841858,0.49000000953674316,-0.20999999344348907,0.0,-0.6425740718841553,-0.09851481020450592,0.4167325794696808,0.8296036720275879,-0.36524736881256104,0.0,0.7157608270645142,0.004980812780559063,-0.05347646027803421,0.1330019235610962,0.7715635299682617,2.3646018505096436,-0.08980131894350052,-0.7567221522331238,0.8753332495689392,0.5255082845687866,0.9827126860618591,0.029143068939447403,0.03588687628507614,0.06614086776971817,-0.14937922358512878,-0.13628973066806793,-0.059667300432920456,0.11345686763525009,174.46414184570312,239.532958984375,0.5,0.0,0.0,0.001175133977085352,0.0,0.6103000044822693,0.8657106757164001,0.0,0.0,0.0,0.0,76.03182983398438,0.0
2.43,3.2222225666046143,0.9848081287530219,0.17364604672140285,1.0,0.0,1.0,1.0,-0.09152697771787643,-0.07143419235944748,0.13126245141029358,0.2151700258255005,-0.22066259384155273,-0.9724812507629395,0.02468060702085495,-0.14356280863285065,-0.08530937880277634,0.04898887872695923,-0.07542252540588379,-0.09732647985219955,2.2493224143981934,0.06790409982204437,-2.7208468914031982,2.152517795562744,-1.7271926403045654,-1.476121187210083,-0.1845385879278183,-0.4843311607837677,2.990783452987671,2.490337371826172,-0.7193558216094971,-2.5155749320983887,0.4000000059604645,0.05000000074505806,-0.3100000023841858,0.49000000953674316,-0.20999999344348907,0.0,-0.6462020874023438,-0.09924042224884033,0.4183289408683777,0.8346829414367676,-0.36756932735443115,0.0,0.6816946864128113,-0.07697682827711105,-0.08435989916324615,0.05795969069004059,1.0624349117279053,2.423552989959717,0.043818335980176926,-1.3539230823516846,0.24095459282398224,0.35780462622642517,0.1345270574092865,-0.3269454836845398,0.0351404994726181,0.06616931408643723,-0.17420829832553864,-0.1414315402507782,-0.07162247598171234,-0.020473014563322067,151.20895385742188,264.2665710449219,0.5,0.0,0.0,0.0011865721317008138,0.0,0.6107439398765564,0.9812334179878235,0.0,0.0,0.0,0.0,48.35912322998047,0.0
2.44,3.2333338260650635,0.9945222189757652,0.10452538430218739,1.0,0.0,1.0,1.0,-0.09248579293489456,-0.07257413119077682,0.13071012496948242,0.21393398940563202,-0.22034454345703125,-0.9723873138427734,0.015225687064230442,-0.13287974894046783,-0.06748222559690475,0.01737085171043873,-0.15756753087043762,0.045883871614933014,2.254089117050171,0.06695498526096344,-2.7233827114105225,2.1521339416503906,-1.7174510955810547,-1.4619542360305786,-0.18391253054141998,-0.49705782532691956,2.991755247116089,2.4931106567382812,-0.7219220995903015,-2.517946243286133,0.4000000059604645,0.05000000074505806,-0.3100000023841858,0.49000000953674316,-0.20999999344348907,0.0,-0.6486305594444275,-0.0997261106967926,0.4193974435329437,0.8380827903747559,-0.36912354826927185,0.0,0.310725599527359,-0.11189442873001099,-0.29728710651397705,-0.11552398651838303,1.1265782117843628,1.0954172611236572,0.0914185419678688,-1.1979252099990845,-0.009572608396410942,0.19617195427417755,-0.49366652965545654,-0.16221106052398682,0.034768037497997284,0.06590626388788223,-0.1030787006020546,-0.10416017472743988,-0.06901127845048904,-0.08612868934869766,139.5285186767578,245.07191467285156,0.5,0.0,0.0,0.0012111886171624064,0.0,0.6033086776733398,0.9957981705665588,0.0,0.0,0.0,0.0,34.7264289855957,0.0
2.45,3.2444448471069336,0.9993909153117299,0.03489696824056543,1.0,0.0,1.0,1.0,-0.09347356855869293,-0.07355350255966187,0.13022512197494507,0.2130877822637558,-0.21993017196655273,-0.9715666770935059,0.00395721010863781,-0.12811364233493805,-0.0737793818116188,0.03191743046045303,-0.056222084909677505,0.07190750539302826,2.254939317703247,0.0663544237613678,-2.728264808654785,2.1488852500915527,-1.7102725505828857,-1.4661166667938232,-0.18346640467643738,-0.504511296749115,2.9940929412841797,2.495063066482544,-0.7248820066452026,-2.517735242843628,0.4000000059604645,0.05000000074505806,-0.3100000023841858,0.49000000953674316,-0.20999999344348907,0.0,-0.6498477458953857,-0.09996955096721649,0.4199329912662506,0.8397868275642395,-0.3699025511741638,0.0,-0.044389430433511734,-0.06102302297949791,-0.523505687713623,-0.41373756527900696,0.4665795862674713,-0.5182234048843384,0.07894597202539444,-0.4268062710762024,0.3226238787174225,0.14020614326000214,-0.2967568635940552,0.6334139108657837,0.03508356213569641,0.06570393592119217,0.021995583549141884,-0.041435107588768005,-0.024649428203701973,-0.04092820733785629,131.150634765625,185.38099670410156,0.5,0.0,0.0,0.0012315914500504732,0.0,0.5915889739990234,0.9897118806838989,0.0,0.0,0.0,0.0,31.356773376464844,0.0
2.46,3.2555558681488037,0.9993907584717193,-0.03490145958727013,1.0,0.0,1.0,1.0,-0.09471918642520905,-0.07408907264471054,0.12970396876335144,0.2136659324169159,-0.2194528579711914,-0.9714932441711426,-0.00333665544167161,-0.130387082695961,-0.09375300258398056,0.06147913262248039,0.13428010046482086,-0.011847908608615398,2.253312110900879,0.06655049324035645,-2.7343671321868896,2.1428756713867188,-1.7076332569122314,-1.4822839498519897,-0.18406186997890472,-0.503491222858429,3.0036051273345947,2.4973106384277344,-0.7189528942108154,-2.518986225128174,0.4000000059604645,0.05000000074505806,-0.3100000023841858,0.49000000953674316,-0.20999999344348907,0.0,-0.6496954560279846,-0.09993909299373627,0.41986599564552307,0.8395736217498779,-0.36980509757995605,0.0,-0.26153644919395447,0.06637535244226456,-0.6401312351226807,-0.6311473250389099,0.2236773669719696,-2.07928729057312,0.00021878257393836975,0.43930599093437195,1.3022860288619995,0.09486392140388489,1.6716442108154297,-0.5468308925628662,0.035841941833496094,0.06599832326173782,0.12084290385246277,0.025755757465958595,0.011413275264203548,0.08479388803243637,126.25296783447266,151.2408905029297,0.5,0.0,0.0,0.001230199122801423,0.0,0.5823420882225037,0.9997193217277527,0.0,0.0,0.0,0.0,55.46678924560547,0.0
2.47,3.266667127609253,0.9945215926300541,-0.10453134358928183,1.0,0.0,1.0,1.0,-0.09624172747135162,-0.07422010600566864,0.12912064790725708,0.2156553864479065,-0.21895980834960938,-0.9728236198425293,-0.0030876239761710167,-0.13783851265907288,-0.10767581313848495,0.09308421611785889,0.28991398215293884,-0.1396072506904602,2.250882387161255,0.06779415160417557,-2.7397985458374023,2.1369104385375977,-1.7061611413955688,-1.5010932683944702,-0.18553754687309265,-0.4965362548828125,3.0187888145446777,2.5010411739349365,-0.7021482586860657,-2.523970603942871,0.4000000059604645,0.05000000074505806,-0.3100000023841858,0.49000000953674316,-0.20999999344348907,0.0,-0.6472682952880859,-0.09945365786552429,0.41879802942276,0.8361755609512329,-0.3682516813278198,0.0,-0.2113959938287735,0.15890967845916748,-0.4880850911140442,-0.5578844547271729,0.20537155866622925,-1.6890857219696045,-0.16171468794345856,0.8440536260604858,1.629204273223877,0.4998970329761505,0.22477483749389648,1.2868707180023193,0.03668927401304245,0.06681093573570251,0.1217723861336708,-0.014435863122344017,0.02001192793250084,0.21711578965187073,145.3173370361328,226.55795288085938,0.5,0.0,0.0,0.0012063429458066821,0.0,0.5803097486495972,0.9617695808410645,0.0,0.0,0.0,0.0,53.78126525878906,0.0
2.48,3.277778148651123,0.9848073483630978,-0.17365047253043728,1.0,0.0,1.0,1.0,-0.09788114577531815,-0.07421665638685226,0.12853607535362244,0.21815866231918335,-0.21855449676513672,-0.9754037857055664,0.002692181384190917,-0.1435631811618805,-0.10466151684522629,0.09975224733352661,0.30421486496925354,-0.23118311166763306,2.2503716945648193,0.06914632022380829,-2.7422990798950195,2.133582592010498,-1.7037822008132935,-1.5056662559509277,-0.18712933361530304,-0.49006789922714233,3.0350327491760254,2.505539655685425,-0.6808105111122131,-2.5391480922698975,0.4000000059604645,0.05000000074505806,-0.3100000023841858,0.49000000953674316,-0.20999999344348907,0.0,-0.6424612998962402,-0.09849225729703903,0.4166829586029053,0.8294458389282227,-0.36517518758773804,0.0,0.03663765266537666,0.15875990688800812,-0.17582882940769196,-0.22027195990085602,0.4630632698535919,-0.1300353705883026,-0.11750130355358124,0.4706295430660248,1.6004151105880737,0.46917539834976196,1.9173697233200073,-0.8233784437179565,0.03703153878450394,0.06771152466535568,0.014934849925339222,-0.07926817983388901,-0.011831345036625862,0.2220473289489746,178.7963104248047,187.35203552246094,0.5,0.0,0.0,0.0011732951970770955,0.0,0.5851711630821228,0.8986234068870544,0.0,0.0,0.0,0.0,74.77095794677734,0.0
2.49,3.288889169692993,0.9702952994409876,-0.24192360753495018,1.0,0.0,1.0,1.0,-0.09937141090631485,-0.07448675483465195,0.12801659107208252,0.21974249184131622,-0.2183380126953125,-0.9780740737915039,0.010308191180229187,-0.14192095398902893,-0.08372075110673904,0.0659576952457428,0.1395435631275177,-0.21757863461971283,2.252962350845337,0.0702577456831932,-2.742647886276245,2.133383274078369,-1.6969852447509766,-1.4952400922775269,-0.18702282011508942,-0.4906521439552307,3.047032594680786,2.5096123218536377,-0.6648012399673462,-2.545178174972534,0.4000000059604645,0.05000000074505806,-0.3100000023841858,0.49000000953674316,-0.20999999344348907,0.0,-0.6353681087493896,-0.09707361459732056,0.41356194019317627,0.8195153474807739,-0.36063557863235474,0.0,0.42058318853378296,0.10000427812337875,-0.014290840364992619,0.0005502067506313324,1.447974443435669,1.4267160892486572,0.08551505208015442,-0.42927390336990356,0.9568337798118591,0.3766106367111206,1.1009902954101562,-0.02580547332763672,0.03680510073900223,0.06816544383764267,-0.09965214878320694,-0.09943260997533798,-0.043300021439790726,0.1060987189412117,171.80357360839844,232.6876983642578,0.5,0.0,0.0,0.0011520975967869163,0.0,0.5945923924446106,0.9096631407737732,0.0,0.0,0.0,0.0,69.88008117675781,0.0
2.5,3.3000004291534424,0.9510556830426352,-0.3090195588507412,1.0,0.0,1.0,1.0,-0.10053355246782303,-0.07520726323127747,0.12763747572898865,0.21961979568004608,-0.21829843521118164,-0.9798431396484375,0.010221756063401699,-0.13231602311134338,-0.051249004900455475,0.03858109563589096,-0.05260083079338074,-0.1230468899011612,2.2585880756378174,0.07056570053100586,-2.743922472000122,2.1337757110595703,-1.687579870223999,-1.4817084074020386,-0.18535014986991882,-0.49898049235343933,3.0525496006011963,2.512211561203003,-0.6597394347190857,-2.54653000831604,0.4000000059604645,0.05000000074505806,-0.3100000023841858,0.49000000953674316,-0.20999999344348907,0.0,-0.626126766204834,-0.09522534906864166,0.4094957709312439,0.8065774440765381,-0.3547211289405823,0.0,0.5395874381065369,0.07034102082252502,-0.346686452627182,-0.08911872655153275,0.36301320791244507,-0.5299287438392639,0.20758789777755737,-1.087830662727356,0.26842278242111206,0.17291653156280518,0.1577707678079605,-0.16884267330169678,0.03646431863307953,0.0681309774518013,-0.1154172495007515,-0.10818107426166534,-0.08213645964860916,-0.029703475534915924,202.04063415527344,258.4464111328125,0.5,0.0,0.0,0.001154595986008644,0.0,0.5976317524909973,0.9701728224754333,0.0,0.0,0.0,0.0,43.80622863769531,0.0
2.5100000000000002,3.3111114501953125,0.9271830564545201,-0.3746085688070334,1.0,0.0,1.0,1.0,-0.10134480893611908,-0.0760727971792221,0.1274823546409607,0.2185659110546112,-0.21778488159179688,-0.9802441596984863,0.0016005360521376133,-0.1215343251824379,-0.020801963284611702,0.07867776602506638,-0.12886835634708405,-0.016132401302456856,2.2617480754852295,0.07044577598571777,-2.746964931488037,2.1316537857055664,-1.6774410009384155,-1.4897388219833374,-0.18377596139907837,-0.5093091726303101,3.0537075996398926,2.5133683681488037,-0.6608837842941284,-2.549588441848755,0.4000000059604645,0.05000000074505806,-0.3100000023841858,0.49000000953674316,-0.20999999344348907,0.0,-0.6149170398712158,-0.09298340976238251,0.4045635163784027,0.7908838987350464,-0.34754690527915955,0.0,0.18171268701553345,-0.09642278403043747,-0.20623022317886353,-0.2454773485660553,0.760295569896698,-0.4653069078922272,0.17257900536060333,-0.9902455806732178,-0.03820008039474487,0.05750773102045059,-0.32174116373062134,-0.16368445754051208,0.03667358309030533,0.0679083988070488,-0.03468644991517067,-0.0834108516573906,-0.048767730593681335,-0.07767792791128159,174.93069458007812,239.57888793945312,0.5,0.0,0.0,0.0011789633426815271,0.0,0.5907601118087769,0.9994795918464661,0.0,0.0,0.0,0.0,25.196508407592773,0.0
2.52,3.3222224712371826,0.8987933604194405,-0.43837255304812317,1.0,0.0,1.0,1.0,-0.10202661156654358,-0.07670269161462784,0.12743932008743286,0.2177605926990509,-0.2167191505432129,-0.9803867340087891,-0.00866339448839426,-0.11434955149888992,-0.022214144468307495,0.12766104936599731,-0.04337679222226143,-0.05016740784049034,2.261854887008667,0.06890860944986343,-2.7479679584503174,2.1287221908569336,-1.672114610671997,-1.4964966773986816,-0.18292398750782013,-0.5152281522750854,3.0553247928619385,2.5139119625091553,-0.6617477536201477,-2.5512359142303467,0.4000000059604645,0.05000000074505806,-0.3100000023841858,0.49000000953674316,-0.20999999344348907,0.0,-0.6019573211669922,-0.09039146453142166,0.39886122941970825,0.7727402448654175,-0.33925265073776245,0.0,-0.035343192517757416,-0.22992314398288727,0.010794605128467083,-0.21402308344841003,0.33215704560279846,0.05259222537279129,0.09865129739046097,-0.32853156328201294,0.23105056583881378,0.013625703752040863,-0.06250185519456863,0.4436488747596741,0.03683532029390335,0.06775780022144318,-0.007445315830409527,-0.03864774480462074,-0.015913836658000946,-0.026525506749749184,120.36625671386719,199.1583251953125,0.5,0.0,0.0,0.0012087059440091252,0.0,0.580637514591217,0.9949791431427002,0.0,0.0,0.0,0.0,11.157254219055176,0.0
2.5300000000000002,3.333333730697632,0.866024155424979,-0.5000021622157765,1.0,0.0,1.0,1.0,-0.10287906974554062,-0.07690667361021042,0.12734223902225494,0.21803975105285645,-0.21555852890014648,-0.9818382263183594,-0.015024103224277496,-0.11580910533666611,-0.04233383759856224,0.16597548127174377,0.13220691680908203,-0.19042722880840302,2.261335611343384,0.0670112669467926,-2.748748302459717,2.1256535053253174,-1.6700252294540405,-1.5024727582931519,-0.18318895995616913,-0.5139707326889038,3.0638108253479004,2.51505446434021,-0.650197446346283,-2.561398983001709,0.4000000059604645,0.05000000074505806,-0.3100000023841858,0.49000000953674316,-0.20999999344348907,0.0,-0.5874992609024048,-0.08749984949827194,0.3924996852874756,0.752498984336853,-0.32999950647354126,0.0,-0.08342622965574265,-0.1547306329011917,-0.1070713996887207,-0.2792787551879883,0.22988316416740417,-0.9538849592208862,-0.03567797318100929,0.42162951827049255,1.0926955938339233,0.10900893062353134,1.419739007949829,-0.553771436214447,0.0371335968375206,0.0680990144610405,0.04712500423192978,-0.015951823443174362,-8.99953956832178e-05,0.11524850875139236,130.0767364501953,133.9812774658203,0.5,0.0,0.0,0.0012228884734213352,0.0,0.5727401375770569,0.9300424456596375,0.0,0.0,0.0,0.0,33.65291213989258,0.0
2.54,3.344444751739502,0.8290364928684298,-0.5591945041686424,1.0,0.0,1.0,1.0,-0.10394284129142761,-0.07673948258161545,0.12714266777038574,0.21945728361606598,-0.21432256698608398,-0.9848427772521973,-0.013333353213965893,-0.12231924384832382,-0.06002561002969742,0.2051980346441269,0.25403892993927,-0.3138812780380249,2.260859966278076,0.06579450517892838,-2.7488317489624023,2.1232259273529053,-1.668715238571167,-1.5086634159088135,-0.18391923606395721,-0.5080965161323547,3.076270341873169,2.517641305923462,-0.627700924873352,-2.5764849185943604,0.4000000059604645,0.05000000074505806,-0.3100000023841858,0.49000000953674316,-0.20999999344348907,0.0,-0.5718251466751099,-0.08436502516269684,0.38560307025909424,0.7305551767349243,-0.3199680745601654,0.0,0.013104649260640144,-0.10096616297960281,-0.0152809489518404,-0.22330152988433838,0.08346577733755112,-0.6876682639122009,-0.02367331273853779,0.6781628131866455,1.3957350254058838,0.20167140662670135,3.6747207641601562,-1.8866188526153564,0.037443868815898895,0.06873490661382675,0.04524670168757439,-0.05099962651729584,0.00924474373459816,0.19333207607269287,147.12950134277344,104.4893798828125,0.5,0.0,0.0,0.0012195452582091093,0.0,0.5729560852050781,0.8211553692817688,0.0,0.0,0.0,0.0,63.56960678100586,0.0
2.5500000000000003,3.355555772781372,0.7880099133080749,-0.6156625508573674,1.0,0.0,1.0,1.0,-0.1050373911857605,-0.0765320211648941,0.12685838341712952,0.22102202475070953,-0.21305370330810547,-0.9885969161987305,-0.005682405084371567,-0.12416774779558182,-0.061636731028556824,0.21252410113811493,0.21598467230796814,-0.3411491811275482,2.262385606765747,0.06518784165382385,-2.7476284503936768,2.122436761856079,-1.6665306091308594,-1.5074759721755981,-0.1837066262960434,-0.504682719707489,3.088069438934326,2.5212626457214355,-0.6056573390960693,-2.590853691101074,0.4000000059604645,0.05000000074505806,-0.3100000023841858,0.49000000953674316,-0.20999999344348907,0.0,-0.5552395582199097,-0.0810479149222374,0.37830543518066406,0.7073354125022888,-0.3093533217906952,0.0,0.2576029598712921,-0.00902373343706131,0.1406080573797226,-0.025419151410460472,0.32636722922325134,0.22842030227184296,0.062236491590738297,0.07911939173936844,1.072309970855713,0.3808683454990387,1.9265799522399902,-0.6668111681938171,0.03743552416563034,0.06922352313995361,-0.02420690283179283,-0.09824106097221375,-0.012182560749351978,0.18778085708618164,165.46653747558594,185.775634765625,0.5,0.0,0.0,0.0012140321778133512,0.0,0.5814300179481506,0.7923393249511719,0.0,0.0,0.0,0.0,58.62247848510742,0.0
2.56,3.3666670322418213,0.7431432884981971,-0.6691323133432473,1.0,0.0,1.0,1.0,-0.10583356022834778,-0.0767158567905426,0.12658078968524933,0.22119149565696716,-0.2117152214050293,-0.9916281700134277,0.003474416444078088,-0.11737506836652756,-0.03660713508725166,0.20622539520263672,-0.012401686981320381,-0.24011313915252686,2.267514705657959,0.06475760042667389,-2.7463300228118896,2.123234748840332,-1.661658763885498,-1.4996248483657837,-0.18073295056819916,-0.5102220773696899,3.0924012660980225,2.525862216949463,-0.5930891633033752,-2.593238353729248,0.4000000059604645,0.05000000074505806,-0.3100000023841858,0.49000000953674316,-0.20999999344348907,0.0,-0.538065493106842,-0.07761310040950775,0.3707488179206848,0.6832916736602783,-0.2983618974685669,0.0,0.622073233127594,-0.03009992279112339,0.13518494367599487,-0.05071049928665161,0.3364594876766205,-0.9182068109512329,0.4789586067199707,-0.980211615562439,0.02624458074569702,0.4573598802089691,-0.38588929176330566,-0.19273239374160767,0.03712096065282822,0.06924726814031601,-0.11611762642860413,-0.15613071620464325,-0.036008648574352264,0.07417921721935272,176.3616180419922,249.1822052001953,0.5,0.0,0.0,0.0012325760908424854,0.0,0.5941466689109802,0.8910911083221436,0.0,0.0,0.0,0.0,45.862953186035156,0.0
2.57,3.3777780532836914,0.6946571252414095,-0.7193410028292151,1.0,0.0,1.0,1.0,-0.10610061883926392,-0.07738606631755829,0.1264769583940506,0.2193783074617386,-0.20999717712402344,-0.992640495300293,0.002593020908534527,-0.09936092048883438,0.00652220007032156,0.19384995102882385,-0.27169322967529297,-0.055781327188014984,2.275092840194702,0.06389109045267105,-2.746211290359497,2.1237311363220215,-1.6557780504226685,-1.4923455715179443,-0.17607004940509796,-0.5251924395561218,3.0890376567840576,2.530693292617798,-0.5872576236724854,-2.602073907852173,0.4000000059604645,0.05000000074505806,-0.3100000023841858,0.49000000953674316,-0.20999999344348907,0.0,-0.5206371545791626,-0.07412742078304291,0.36308032274246216,0.6588919758796692,-0.2872077524662018,0.0,0.7689081430435181,-0.10581524670124054,0.14585795998573303,0.1347748190164566,0.07092306017875671,1.0643794536590576,0.4634772837162018,-1.8396174907684326,-0.6163983941078186,0.43689781427383423,0.29996633529663086,-1.638016939163208,0.0368591770529747,0.06901530176401138,-0.16934828460216522,-0.16905520856380463,-0.05314364656805992,-0.04307837784290314,200.0261688232422,311.6707763671875,0.5,0.0,0.0,0.0012920317240059376,0.0,0.5977559685707092,0.993796169757843,0.0,0.0,0.0,0.0,81.33702087402344,0.0
2.58,3.3888890743255615,0.642786717142462,-0.7660451920514981,1.0,0.0,1.0,1.0,-0.10584865510463715,-0.07831572741270065,0.12655675411224365,0.21601086854934692,-0.20769929885864258,-0.9916090965270996,-0.006478915922343731,-0.07939858734607697,0.034690581262111664,0.21613141894340515,-0.41678526997566223,0.08562926203012466,2.2810072898864746,0.062450211495161057,-2.745264768600464,2.1248672008514404,-1.6466097831726074,-1.4938806295394897,-0.17218239605426788,-0.543788731098175,3.079745054244995,2.534273624420166,-0.5914543867111206,-2.6153712272644043,0.4000000059604645,0.05000000074505806,-0.3100000023841858,0.49000000953674316,-0.20999999344348907,0.0,-0.5032936334609985,-0.07065872848033905,0.35544919967651367,0.6346110701560974,-0.27610790729522705,0.0,0.4892410933971405,-0.21897158026695251,0.25773805379867554,0.09179890900850296,1.1094765663146973,-0.9437265396118164,0.35718363523483276,-1.8590612411499023,-0.9638723134994507,0.28359976410865784,-0.39523133635520935,-1.6173455715179443,0.0366048589348793,0.06861661374568939,-0.17303059995174408,-0.12671977281570435,-0.06621614843606949,-0.11643241345882416,83.6523208618164,270.9469299316406,0.5,0.0,0.0,0.0013939617201685905,0.0,0.5911709666252136,0.9854422807693481,0.0,0.0,0.0,0.0,76.67366790771484,0.0
2.59,3.4000003337860107,0.5877835555888976,-0.8090182270995342,1.0,0.0,1.0,1.0,-0.10536126792430878,-0.07906557619571686,0.12668398022651672,0.2124505192041397,-0.20488834381103516,-0.9901156425476074,-0.01812264695763588,-0.06360743194818497,0.030428219586610794,0.272744745016098,-0.3523561358451843,0.05390841141343117,2.2836952209472656,0.06031592935323715,-2.743260145187378,2.1249239444732666,-1.6410832405090332,-1.503969430923462,-0.17005400359630585,-0.5571393370628357,3.0709846019744873,2.536604404449463,-0.5978497862815857,-2.6277763843536377,0.4000000059604645,0.05000000074505806,-0.3100000023841858,0.49000000953674316,-0.20999999344348907,0.0,-0.486372172832489,-0.06727443635463715,0.3480037450790405,0.6109210252761841,-0.2652781903743744,0.0,0.09647054970264435,-0.21420864760875702,0.25150492787361145,-0.03919462859630585,0.45211467146873474,-0.90634685754776,0.12265487015247345,-0.9414160847663879,-0.7348783612251282,0.2019817978143692,-0.6062502264976501,-1.0192022323608398,0.03636191785335541,0.06828487664461136,-0.025140253826975822,-0.08121953904628754,-0.035901643335819244,-0.07204443216323853,115.85160064697266,192.6222381591797,0.5,0.0,0.0,0.0015182271599769592,0.0,0.5798452496528625,0.9942046403884888,0.0,0.0,0.0,0.0,35.97446060180664,0.0
2.6,3.411111354827881,0.529917965601585,-0.8480489076301421,1.0,0.0,1.0,1.0,-0.10496079921722412,-0.07928809523582458,0.1266862452030182,0.2100466638803482,-0.20170164108276367,-0.9899492263793945,-0.024581244215369225,-0.060915250331163406,0.0011007669381797314,0.346294641494751,-0.15561410784721375,-0.09279311448335648,2.2843005657196045,0.05810658633708954,-2.7415244579315186,2.123331069946289,-1.6390087604522705,-1.5225629806518555,-0.16983185708522797,-0.559884250164032,3.0697576999664307,2.538662910461426,-0.5865742564201355,-2.6404919624328613,0.4000000059604645,0.05000000074505806,-0.3100000023841858,0.49000000953674316,-0.20999999344348907,0.0,-0.4702030420303345,-0.06404060125350952,0.3408893346786499,0.5882842540740967,-0.25492992997169495,0.0,0.08021166920661926,-0.2830469012260437,0.20904415845870972,-0.047241926193237305,-0.04420488327741623,-0.9726489782333374,-0.01038755476474762,0.18820349872112274,0.09974493086338043,0.21437668800354004,1.311521053314209,-0.7296198606491089,0.03638181835412979,0.06837523728609085,0.014288537204265594,-0.010018725879490376,0.004129302687942982,0.05761583894491196,93.09896850585938,129.39520263671875,0.5,0.0,0.0,0.001635927357710898,0.0,0.5724714994430542,0.9829263091087341,0.0,0.0,0.0,0.0,26.805042266845703,0.0
2.61,3.422222375869751,0.46947071039168947,-0.8829480460844353,1.0,0.0,1.0,1.0,-0.10480301082134247,-0.07903265953063965,0.12646473944187164,0.20904594659805298,-0.19840764999389648,-0.9917764663696289,-0.022155050188302994,-0.0662490501999855,-0.03262827545404434,0.38440683484077454,0.0066507477313280106,-0.27217596769332886,2.2861099243164062,0.05552356690168381,-2.738905429840088,2.1238913536071777,-1.6401069164276123,-1.5277241468429565,-0.1705540269613266,-0.5552434921264648,3.075345039367676,2.541705369949341,-0.547664225101471,-2.660923719406128,0.4000000059604645,0.05000000074505806,-0.3100000023841858,0.49000000953674316,-0.20999999344348907,0.0,-0.4551004469394684,-0.06102008745074272,0.3342441916465759,0.5671405792236328,-0.24526426196098328,0.0,0.2492372989654541,-0.22714106738567352,0.2648707330226898,0.11122729629278183,-0.15276996791362762,-0.38703832030296326,-0.07199116796255112,0.6537230610847473,0.8504257202148438,0.2708126902580261,4.290308952331543,-2.1929898262023926,0.03633730113506317,0.06881958991289139,-0.0074687195010483265,0.0015654272865504026,0.005278179422020912,0.1593182533979416,125.48617553710938,109.47698974609375,0.5,0.0,0.0,0.0017316390294581652,0.0,0.5746065974235535,0.862293541431427,0.0,0.0,0.0,0.0,64.39447021484375,0.0
2.62,3.4333336353302,0.40673490962048237,-0.9135462294246622,1.0,0.0,1.0,1.0,-0.10469353199005127,-0.07868713140487671,0.12600873410701752,0.20832738280296326,-0.19500112533569336,-0.9948787689208984,-0.009313764981925488,-0.06993558257818222,-0.048075154423713684,0.4184640049934387,-0.01567970961332321,-0.35523393750190735,2.2908236980438232,0.05356304347515106,-2.7351250648498535,2.127253770828247,-1.638661503791809,-1.5231119394302368,-0.16951361298561096,-0.5513502359390259,3.0796449184417725,2.546278715133667,-0.5334226489067078,-2.665781259536743,0.4000000059604645,0.05000000074505806,-0.3100000023841858,0.49000000953674316,-0.20999999344348907,0.0,-0.441358357667923,-0.05827166885137558,0.3281976580619812,0.5479016900062561,-0.2364693284034729,0.0,0.6315993666648865,-0.1430090367794037,0.40394556522369385,0.43984609842300415,0.2658384144306183,0.7549070119857788,0.1752089112997055,0.18138541281223297,0.38438427448272705,0.5278995633125305,1.2502609491348267,0.09248879551887512,0.035895876586437225,0.06889668852090836,-0.1088145449757576,-0.06321161240339279,-0.036366309970617294,0.18144534528255463,167.48216247558594,156.9800262451172,0.5,0.0,0.0,0.0018282070523127913,0.0,0.5894396305084229,0.7769476771354675,0.0,0.0,0.0,0.0,66.65071868896484,0.0
2.63,3.4444446563720703,0.34201889204895347,-0.9396930762124441,1.0,0.0,1.0,1.0,-0.10431662946939468,-0.07869129627943039,0.1254758983850479,0.2063910961151123,-0.19147491455078125,-0.9977545738220215,0.002244762610644102,-0.06458181887865067,-0.030406419187784195,0.424236923456192,-0.21766650676727295,-0.2768184244632721,2.301074504852295,0.051962655037641525,-2.7331650257110596,2.1329238414764404,-1.6299221515655518,-1.5163154602050781,-0.16670703887939453,-0.5567302703857422,3.07716703414917,2.552936315536499,-0.523036539554596,-2.66434645652771,0.4000000059604645,0.05000000074505806,-0.3100000023841858,0.49000000953674316,-0.20999999344348907,0.0,-0.4292442202568054,-0.05584884434938431,0.3228674530982971,0.530941903591156,-0.22871629893779755,0.0,1.1821223497390747,-0.09205865859985352,0.018239304423332214,0.585850179195404,0.8283922672271729,0.9761624336242676,0.3299959897994995,-1.006908893585205,-0.4697823226451874,0.6483622193336487,0.8558645844459534,-0.36643049120903015,0.035411275923252106,0.06866056472063065,-0.1955772489309311,-0.13752113282680511,-0.08352076262235641,0.0890127643942833,240.90284729003906,223.06434631347656,0.5,0.0,0.0,0.001965915784239769,0.0,0.6041926741600037,0.8579093217849731,0.0,0.0,0.0,0.0,89.04463195800781,0.0
2.64,3.4555556774139404,0.275636619818429,-0.9612619069822079,1.0,0.0,1.0,1.0,-0.10344769060611725,-0.07916706800460815,0.12503854930400848,0.20254027843475342,-0.1875896453857422,-0.9993376731872559,0.007124747149646282,-0.052449122071266174,0.0011083194985985756,0.42217034101486206,-0.45527151226997375,-0.17613857984542847,2.315286159515381,0.050546303391456604,-2.7320661544799805,2.1407485008239746,-1.6181524991989136,-1.5023090839385986,-0.1638399362564087,-0.5724693536758423,3.068087339401245,2.5599558353424072,-0.5195061564445496,-2.672842264175415,0.4000000059604645,0.05000000074505806,-0.3100000023841858,0.49000000953674316,-0.20999999344348907,0.0,-0.41899386048316956,-0.053798772394657135,0.31835728883743286,0.5165914297103882,-0.22215606272220612,0.0,1.5681926012039185,-0.15624752640724182,0.1325259953737259,0.8566389679908752,1.186383605003357,1.035446286201477,0.23802179098129272,-1.9684158563613892,-1.2141733169555664,0.744490921497345,0.13507486879825592,-0.6672159433364868,0.03480754792690277,0.06822609156370163,-0.34591755270957947,-0.1935056447982788,-0.14711894094944,-0.004439148586243391,216.17416381835938,316.3466796875,0.5,0.0,0.0,0.002181555610150099,0.0,0.611797571182251,0.939836323261261,0.0,0.0,0.0,0.0,143.5856475830078,0.0
2.65,3.4666669368743896,0.20791003015250864,-0.9781479537176281,1.0,0.0,1.0,1.0,-0.10204949975013733,-0.08002445101737976,0.12474583089351654,0.19680030643939972,-0.18317174911499023,-0.9989056587219238,0.0005789836868643761,-0.03401052579283714,0.02935553900897503,0.44046226143836975,-0.6612740159034729,0.01726808398962021,2.3291900157928467,0.048616133630275726,-2.7307775020599365,2.1500625610351562,-1.6028234958648682,-1.4957598447799683,-0.1612929254770279,-0.593995988368988,3.0523598194122314,2.5673325061798096,-0.5240604877471924,-2.6844382286071777,0.4000000059604645,0.05000000074505806,-0.3100000023841858,0.49000000953674316,-0.20999999344348907,0.0,-0.4108065664768219,-0.052161313593387604,0.3147549033164978,0.5051292181015015,-0.21691618859767914,0.0,1.3158408403396606,-0.24760080873966217,0.09615723788738251,0.9202761650085449,1.6582224369049072,0.24534186720848083,0.22940221428871155,-2.2644107341766357,-1.6170679330825806,0.7950893640518188,-1.3799059391021729,-0.846036434173584,0.03412743657827377,0.06763491034507751,-0.34280794858932495,-0.17276504635810852,-0.19083885848522186,-0.05032888799905777,146.699462890625,295.8580322265625,0.5,0.0,0.0,0.0025035536382347345,0.0,0.6058298349380493,0.9994037747383118,0.0,0.0,0.0,0.0,144.60665893554688,0.0
2.66,3.477778196334839,0.139170496681739,-0.9902684347455278,1.0,0.0,1.0,1.0,-0.1003728061914444,-0.0808783769607544,0.12453021109104156,0.19041147828102112,-0.1782517433166504,-0.9972267150878906,-0.011141362600028515,-0.021116675809025764,0.03129175677895546,0.4705597162246704,-0.6573868989944458,0.0675341784954071,2.340022087097168,0.04554959014058113,-2.7294607162475586,2.157069206237793,-1.5883969068527222,-1.4977617263793945,-0.16012455523014069,-0.6128244400024414,3.0364816188812256,2.5741286277770996,-0.5316848158836365,-2.7024097442626953,0.4000000059604645,0.05000000074505806,-0.3100000023841858,0.49000000953674316,-0.20999999344348907,0.0,-0.4048420190811157,-0.05096840113401413,0.31213048100471497,0.49677881598472595,-0.21309888362884521,0.0,0.9278154969215393,-0.3649178147315979,0.18518346548080444,0.5585810542106628,1.4282357692718506,0.01124313473701477,-0.008720329031348228,-1.5714941024780273,-1.4441204071044922,0.6364457011222839,-0.06447333097457886,-2.5133275985717773,0.03352060914039612,0.06712490320205688,-0.19969315826892853,-0.13704676926136017,-0.12321971356868744,-0.047836124897003174,129.7205047607422,202.69302368164062,0.5,0.0,0.0,0.0029193067457526922,0.0,0.5924891233444214,0.9909197688102722,0.0,0.0,0.0,0.0,78.51641082763672,0.0
2.67,3.488889455795288,0.06975292044252333,-0.9975642987245178,1.0,1.0,1.0,1.0,-0.09880663454532623,-0.08127463608980179,0.12420941889286041,0.18512554466724396,-0.17299461364746094,-0.9961214065551758,-0.021138036623597145,-0.018052613362669945,-0.0004531190497800708,0.5325793027877808,-0.4527699649333954,-0.02875610813498497,2.3467583656311035,0.04290825501084328,-2.728008985519409,2.1597073078155518,-1.5802063941955566,-1.5185294151306152,-0.16102132201194763,-0.6222346425056458,3.028778076171875,2.578221321105957,-0.5140994191169739,-2.7172493934631348,0.4000000059604645,0.05000000074505806,-0.3100000023841858,0.49000000953674316,-0.20999999344348907,0.0,-0.4000000059604645,-0.05000000074505806,0.3100000023841858,0.49000000953674316,-0.20999999344348907,0.0,0.4934023916721344,-0.23251883685588837,0.22625835239887238,0.1632915735244751,0.3706923723220825,-2.433098554611206,-0.19337815046310425,-0.4413924217224121,-0.5968595147132874,0.4586145579814911,0.6681787371635437,-1.3989527225494385,0.03307582437992096,0.06676000356674194,-0.030180521309375763,-0.029523592442274094,-0.058283496648073196,0.03966592252254486,105.23295593261719,125.37974548339844,0.5,0.0,0.0,0.0033679550979286432,0.0,0.5805255770683289,0.9983475804328918,0.0,0.0,0.0,0.0,36.822776794433594,0.0
2.68,3.500000476837158,-2.9960562271378535e-06,-0.9999999999955118,1.0,1.0,1.0,1.0,-0.09752953052520752,-0.08111046254634857,0.12366931140422821,0.18167337775230408,-0.16747665405273438,-0.9965462684631348,-0.02138623036444187,-0.02383270114660263,-0.01768374629318714,0.5311209559440613,-0.23662357032299042,-0.16265743970870972,2.3520150184631348,0.04071556776762009,-2.726226329803467,2.159663677215576,-1.5768030881881714,-1.5454076528549194,-0.16528412699699402,-0.6217679381370544,3.0314412117004395,2.5803792476654053,-0.4341331124305725,-2.722916841506958,0.4000000059604645,0.05000000074505806,-0.3100000023841858,0.49000000953674316,-0.20999999344348907,0.0,-0.4000000059604645,-0.05000000074505806,0.3100000023841858,0.49000000953674316,-0.20999999344348907,0.0,0.5488060712814331,-0.2313404083251953,0.23897069692611694,-0.11963068693876266,0.9275029897689819,-2.2913718223571777,-1.9660210609436035,0.75149005651474,2.3001973628997803,3.6287410259246826,2.6753151416778564,1.0341615676879883,0.03269752115011215,0.06689459085464478,0.036756452172994614,-0.2522236406803131,0.025128556415438652,0.8107007145881653,106.20970916748047,2128.572265625,0.5,0.0,0.0,0.0038004014641046524,0.0,0.5799443125724792,0.9484606981277466,0.0,0.0,0.0,0.0,144.0919647216797,0.0
2.69,3.5111114978790283,-0.06975889795872937,-0.9975638807392655,1.0,1.0,1.0,0.0,-0.09648241102695465,-0.08051588386297226,0.12321864068508148,0.17964297533035278,-0.1622934341430664,-0.9990344047546387,-0.021999340504407883,-0.022840553894639015,-0.03141577169299126,0.5893178582191467,-0.13301004469394684,-0.3430190682411194,2.359732151031494,0.03753596916794777,-2.723388671875,2.160627603530884,-1.576062560081482,-1.5546611547470093,-0.1847681850194931,-0.6157299876213074,3.0221292972564697,2.591949224472046,-0.35211148858070374,-2.7477519512176514,0.4000000059604645,0.05000000074505806,-0.3100000023841858,0.49000000953674316,-0.20999999344348907,0.0,-0.4000000059604645,-0.05000000074505806,0.3100000023841858,0.49000000953674316,-0.20999999344348907,0.0,0.9270447492599487,-0.3642124831676483,0.45224931836128235,-0.02678745985031128,2.7046236991882324,-0.9720622301101685,-1.731801986694336,0.5084828734397888,-2.755002975463867,-0.2789672911167145,8.544355392456055,-2.5781092643737793,0.03216695785522461,0.06988812237977982,-0.011492226272821426,-0.34663334488868713,0.05640999972820282,-0.2100931704044342,88.6424331665039,0.0,0.5,0.0,0.0,0.004183971788734198,0.0,0.5792564153671265,0.7903146147727966,0.0,0.0,0.0,0.0,106.32916259765625,0.0
2.7,3.5222227573394775,-0.13917643047905787,-0.990267600802484,0.0,1.0,1.0,1.0,-0.09519842267036438,-0.08027791976928711,0.12251313030719757,0.176553413271904,-0.15674924850463867,-1.001875400543213,0.0055191731080412865,-0.035005949437618256,-0.03787609934806824,0.6004540324211121,-0.34061965346336365,-0.2721518278121948,2.3719260692596436,0.03399945795536041,-2.722810983657837,2.164466619491577,-1.570137858390808,-1.5525023937225342,-0.19495202600955963,-0.6151390075683594,2.9866678714752197,2.589109420776367,-0.35468044877052307,-2.7644128799438477,0.36520564556121826,0.043041128665208817,-0.29469048976898193,0.44128790497779846,-0.18773160874843597,0.0,-0.4000000059604645,-0.05000000074505806,0.3100000023841858,0.49000000953674316,-0.20999999344348907,0.0,1.2776702642440796,-0.3645840585231781,-0.017484769225120544,0.35092395544052124,3.3120079040527344,0.4016556739807129,-0.5699464082717896,-0.273009717464447,-1.1575424671173096,0.23764148354530334,-0.5748722553253174,1.2311859130859375,0.031566448509693146,0.06712677329778671,-0.09370797872543335,-0.11427055299282074,-0.05881240591406822,0.003405230352655053,219.52430725097656,177.6574249267578,0.5,0.0,0.0,0.0046973335556685925,0.0,0.6117244362831116,0.8623161911964417,0.0,0.0,0.0,0.0,137.53750610351562,0.0
2.71,3.5333337783813477,-0.2079144260298086,-0.97814701934254,0.0,1.0,1.0,1.0,-0.09353895485401154,-0.08073226362466812,0.12183675169944763,0.17147156596183777,-0.15106725692749023,-1.0026907920837402,0.01569190062582493,-0.024950971826910973,-0.011835699900984764,0.5688475966453552,-0.5998327732086182,-0.05030008405447006,2.3888115882873535,0.028940042480826378,-2.7227251529693604,2.172492265701294,-1.5588905811309814,-1.5050010681152344,-0.20007027685642242,-0.6218119859695435,2.976656913757324,2.5948026180267334,-0.3585418462753296,-2.764251470565796,0.34802111983299255,0.039604224264621735,-0.287129282951355,0.417229562997818,-0.17673350870609283,0.0,-0.4000000059604645,-0.05000000074505806,0.3100000023841858,0.49000000953674316,-0.20999999344348907,0.0,1.9526759386062622,-0.5727939605712891,0.1011255756020546,0.812773585319519,0.8257579803466797,6.301755428314209,-0.4592776894569397,-0.9703909158706665,-1.30207359790802,0.6272127628326416,-0.6637755036354065,-0.030745744705200195,0.030493617057800293,0.06680519133806229,-0.28564968705177307,-0.09979453682899475,-0.07763280719518661,-0.004689870402216911,289.3101806640625,248.74822998046875,0.5,0.0,0.0,0.005437701009213924,0.0,0.6247811913490295,0.9949525594711304,0.0,0.0,0.0,0.0,148.8763427734375,0.0
2.72,3.5444447994232178,-0.27563949981191344,-0.9612610811550826,0.0,1.0,1.0,1.0,-0.09147630631923676,-0.08170048892498016,0.12132570147514343,0.1645769625902176,-0.14529037475585938,-1.0001459121704102,0.010282507166266441,-0.005924539640545845,0.01643272116780281,0.5118251442909241,-0.8069717288017273,0.29623517394065857,2.4075582027435303,0.023828303441405296,-2.722890615463257,2.179671049118042,-1.5485105514526367,-1.4556313753128052,-0.20500804483890533,-0.6327124238014221,2.958064317703247,2.6028354167938232,-0.3655378520488739,-2.761809825897217,0.3310897946357727,0.036217961460351944,-0.2796795070171356,0.39352571964263916,-0.16589747369289398,0.0,-0.4000000059604645,-0.05000000074505806,0.3100000023841858,0.49000000953674316,-0.20999999344348907,0.0,1.8264585733413696,-0.4939747154712677,0.006686121225357056,0.7222926020622253,-0.024932026863098145,5.587717533111572,-0.5225529670715332,-1.152181625366211,-2.096503734588623,0.7966020703315735,-0.6191416382789612,-0.7863397598266602,0.028977565467357635,0.06641104817390442,-0.3118149936199188,-0.11696399748325348,-0.0912005603313446,-0.06698040664196014,265.86456298828125,268.72906494140625,0.5,0.0,0.0,0.006472958717495203,0.0,0.6189587712287903,0.839028537273407,0.0,0.0,0.0,0.0,166.1359100341797,0.0
2.73,3.555556058883667,-0.3420231151054365,-0.9396915391412085,0.0,1.0,1.0,1.0,-0.08923366665840149,-0.08277905732393265,0.12093949317932129,0.15703685581684113,-0.13943815231323242,-0.9949827194213867,-0.0019919858314096928,0.006817256100475788,0.019676778465509415,0.49669814109802246,-0.8277320265769958,0.4611695408821106,2.421532154083252,0.019907444715499878,-2.7231874465942383,2.183314561843872,-1.5399662256240845,-1.433487057685852,-0.21129554510116577,-0.6419216394424438,2.934715986251831,2.611224412918091,-0.3764498233795166,-2.7546684741973877,0.31449422240257263,0.03289884328842163,-0.27237746119499207,0.37029191851615906,-0.15527629852294922,0.0,-0.4000000059604645,-0.05000000074505806,0.3100000023841858,0.49000000953674316,-0.20999999344348907,0.0,1.1177856922149658,-0.3568974733352661,0.028552323579788208,0.3941470980644226,-1.3801876306533813,3.5850157737731934,-0.7051866054534912,-0.7403081655502319,-2.317631721496582,0.7893790006637573,-1.1987245082855225,0.47627949714660645,0.02766624093055725,0.06603378057479858,-0.15920493006706238,-0.08813270181417465,-0.058721937239170074,-0.06823700666427612,244.93544006347656,213.3125457763672,0.5,0.0,0.0,0.007789013907313347,0.0,0.6040581464767456,0.653537929058075,0.0,0.0,0.0,0.0,108.33191680908203,0.0
2.74,3.566667079925537,-0.4067390151701772,-0.9135444015144497,0.0,1.0,1.0,1.0,-0.08714967966079712,-0.08359493315219879,0.12049651145935059,0.15019869804382324,-0.13370990753173828,-0.9893355369567871,-0.01427830383181572,0.0073299407958984375,-0.004438542295247316,0.4775547385215759,-0.6984976530075073,0.4491010904312134,2.428635835647583,0.017719343304634094,-2.723271369934082,2.183361053466797,-1.5389927625656128,-1.4389702081680298,-0.21833564341068268,-0.6462984681129456,2.9149997234344482,2.6184732913970947,-0.3866877853870392,-2.7542669773101807,0.29831522703170776,0.02966304123401642,-0.26525869965553284,0.3476412892341614,-0.14492172002792358,0.0,-0.4000000059604645,-0.05000000074505806,0.3100000023841858,0.49000000953674316,-0.20999999344348907,0.0,0.5214681029319763,-0.20527717471122742,0.012636657804250717,-0.004613552242517471,-0.4580863118171692,-0.3697807192802429,-0.7155406475067139,-0.19381555914878845,-1.696413516998291,0.729518473148346,-0.6677133440971375,-0.5619824528694153,0.026790626347064972,0.06577223539352417,-0.03413936868309975,-0.05397721007466316,-0.019609512761235237,-0.0080616669729352,226.61378479003906,119.33055877685547,0.5,0.0,0.0,0.009266396053135395,0.0,0.5891515612602234,0.6680558323860168,0.0,0.0,0.0,0.0,56.724464416503906,0.0
2.75,3.5777781009674072,-0.46947335575157345,-0.8829466395198275,0.0,1.0,1.0,0.0,-0.08559586107730865,-0.0839843675494194,0.11972078680992126,0.14513163268566132,-0.12848663330078125,-0.9848322868347168,-0.016378194093704224,-0.008182299323379993,-0.07082020491361618,0.44967424869537354,-0.5059893131256104,0.4110870957374573,2.4333951473236084,0.017967091873288155,-2.724797487258911,2.1810433864593506,-1.5395344495773315,-1.4608186483383179,-0.22334304451942444,-0.6465808749198914,2.91697096824646,2.610304355621338,-0.2928955554962158,-2.7555298805236816,0.2826315760612488,0.0265263170003891,-0.2583579123020172,0.32568424940109253,-0.13488420844078064,0.0,-0.4000000059604645,-0.05000000074505806,0.3100000023841858,0.49000000953674316,-0.20999999344348907,0.0,0.38946494460105896,0.11894070357084274,-0.11909474432468414,-0.33961397409439087,1.0730085372924805,-3.0000505447387695,-0.18565821647644043,0.088472381234169,0.8812100887298584,-1.6482735872268677,10.004496574401855,0.10088980197906494,0.026265405118465424,0.0640820637345314,0.019258685410022736,0.6395160555839539,0.03536684811115265,-0.5120049715042114,107.78520202636719,0.0,0.5,0.0,0.0,0.010676305741071701,0.0,0.5865914225578308,0.713205873966217,0.0,0.0,0.0,0.0,49.53575134277344,0.0
2.7600000000000002,3.5888893604278564,-0.5299217767995477,-0.8480465261255483,0.0,1.0,1.0,0.0,-0.08436314761638641,-0.08414655923843384,0.11854276061058044,0.14151635766029358,-0.12304306030273438,-0.9798569679260254,-0.008100173436105251,-0.022811301052570343,-0.11026334762573242,0.4927550256252289,-0.3553875684738159,0.4584288001060486,2.4365086555480957,0.02003321796655655,-2.726031541824341,2.177912473678589,-1.5447752475738525,-1.4852468967437744,-0.2280857264995575,-0.642481803894043,2.9213624000549316,2.603567600250244,-0.2116720974445343,-2.762140989303589,0.26751935482025146,0.023503873497247696,-0.2517085075378418,0.3045271039009094,-0.1252123862504959,0.0,-0.4000000059604645,-0.05000000074505806,0.3100000023841858,0.49000000953674316,-0.20999999344348907,0.0,0.22996512055397034,0.28803810477256775,0.03650432825088501,-0.40076756477355957,1.313363790512085,-2.6378426551818848,-0.39068421721458435,0.4903297424316406,0.26382702589035034,-1.2033665180206299,10.000657081604004,-0.32869747281074524,0.025782205164432526,0.06233450770378113,0.04601871594786644,0.47245150804519653,0.08871554583311081,-0.4227185845375061,92.54341125488281,0.0,0.5,0.0,0.0,0.01207719650119543,0.0,0.5960848927497864,0.6568405628204346,0.0,0.0,0.0,0.0,45.84972381591797,0.0
2.77,3.6000003814697266,-0.5877871913791058,-0.8090155855424928,0.0,1.0,1.0,1.0,-0.08316747844219208,-0.08432348072528839,0.11712154746055603,0.1382877379655838,-0.11720132827758789,-0.9752249717712402,0.006929462775588036,-0.03599308431148529,-0.1191549152135849,0.5318483710289001,-0.3462904095649719,0.340595543384552,2.4415276050567627,0.021467989310622215,-2.7271206378936768,2.177919387817383,-1.541335940361023,-1.4885149002075195,-0.2356991320848465,-0.6388670802116394,2.9134323596954346,2.607372999191284,-0.20219095051288605,-2.7610762119293213,0.2530530095100403,0.020610598847270012,-0.24534332752227783,0.2842741906642914,-0.11595390737056732,0.0,-0.4000000059604645,-0.05000000074505806,0.3100000023841858,0.49000000953674316,-0.20999999344348907,0.0,0.6413390636444092,0.08267202228307724,0.09268778562545776,-0.13616541028022766,4.311002254486084,-0.2558407783508301,-1.0569729804992676,0.1797069013118744,-0.7867302894592285,0.7044851183891296,0.42461860179901123,-0.5181983709335327,0.025158405303955078,0.06122998893260956,-0.04073970019817352,-0.08183148503303528,0.06221814826130867,0.06488600373268127,116.26680755615234,135.68905639648438,0.5,0.0,0.0,0.013650129549205303,0.0,0.6133447289466858,0.792937695980072,0.0,0.0,0.0,0.0,121.46910858154297,0.0
2.7800000000000002,3.6111114025115967,-0.6427890122540416,-0.7660432662229162,0.0,1.0,1.0,1.0,-0.08189013600349426,-0.08482684195041656,0.11572393774986267,0.13417097926139832,-0.11162567138671875,-0.9712018966674805,0.017203791067004204,-0.040857840329408646,-0.10174929350614548,0.4769938588142395,-0.5278513431549072,0.3805980384349823,2.452296495437622,0.021502232179045677,-2.729196071624756,2.1819536685943604,-1.5301132202148438,-1.459314227104187,-0.24678534269332886,-0.6413333415985107,2.903369903564453,2.614201068878174,-0.20685932040214539,-2.7559893131256104,0.23930251598358154,0.017860502004623413,-0.23929309844970703,0.26502352952957153,-0.10715360194444656,0.0,-0.4000000059604645,-0.05000000074505806,0.3100000023841858,0.49000000953674316,-0.20999999344348907,0.0,1.3352216482162476,-0.04294038563966751,-0.27099335193634033,0.37574827671051025,2.0070204734802246,2.889089345932007,-1.194819688796997,-0.5295898914337158,-1.0339057445526123,0.6596440076828003,-0.1372327208518982,-1.3738701343536377,0.024069271981716156,0.06068918853998184,-0.22180281579494476,-0.10549044609069824,-0.04636041074991226,-0.009559446014463902,211.4746551513672,223.0211639404297,0.5,0.0,0.0,0.015577886253595352,0.0,0.625300407409668,0.7484807968139648,0.0,0.0,0.0,0.0,156.6280975341797,0.0
2.79,3.622222661972046,-0.6946603580135269,-0.7193378809742461,0.0,1.0,1.0,1.0,-0.08041699230670929,-0.08570417761802673,0.11449384689331055,0.12871119379997253,-0.10626840591430664,-0.9658284187316895,0.011545399203896523,-0.033268507570028305,-0.08011823892593384,0.44988828897476196,-0.6576564311981201,0.5380620360374451,2.4647459983825684,0.02097463607788086,-2.731626510620117,2.1879281997680664,-1.5137332677841187,-1.425856351852417,-0.258777379989624,-0.6471699476242065,2.8910531997680664,2.6214797496795654,-0.219277486205101,-2.75543475151062,0.22633492946624756,0.015266984701156616,-0.2335873693227768,0.24686890840530396,-0.09885434806346893,0.0,-0.4000000059604645,-0.05000000074505806,0.3100000023841858,0.49000000953674316,-0.20999999344348907,0.0,1.2037839889526367,-0.06879620999097824,-0.22018811106681824,0.551408052444458,2.348287343978882,2.9082324504852295,-1.20344078540802,-0.6221781373023987,-1.323526382446289,0.738602340221405,-1.4944015741348267,-0.19964146614074707,0.02273273468017578,0.060275331139564514,-0.2748183310031891,-0.08241566270589828,-0.09858798235654831,-0.020674433559179306,172.40065002441406,238.6748046875,0.5,0.0,0.0,0.018093306571245193,0.0,0.6191613674163818,0.5604465007781982,0.0,0.0,0.0,0.0,167.82608032226562,0.0
2.8000000000000003,3.633333683013916,-0.7431462956277398,-0.6691289735878786,0.0,1.0,1.0,1.0,-0.07885900139808655,-0.08669187128543854,0.11346301436424255,0.12265756726264954,-0.10096979141235352,-0.9589228630065918,-0.0005290191038511693,-0.0314670093357563,-0.058483801782131195,0.45661798119544983,-0.6544977426528931,0.7070143222808838,2.4735896587371826,0.020917152985930443,-2.735499858856201,2.186528444290161,-1.4898091554641724,-1.4223268032073975,-0.2711212933063507,-0.6524178385734558,2.8782460689544678,2.6286532878875732,-0.23648861050605774,-2.762723207473755,0.21421341598033905,0.012842681258916855,-0.22825390100479126,0.22989878058433533,-0.09109658002853394,0.0,-0.4000000059604645,-0.05000000074505806,0.3100000023841858,0.49000000953674316,-0.20999999344348907,0.0,0.37077781558036804,0.023596154525876045,-0.1070481464266777,-0.906836211681366,7.20156192779541,-3.392214298248291,-1.347497820854187,-0.3905077874660492,-1.3439500331878662,0.6738215088844299,-1.730006456375122,-0.7460886240005493,0.021867521107196808,0.06004350632429123,0.03221257030963898,-0.06319790333509445,0.127493217587471,-0.02541389875113964,46.32722091674805,223.6938018798828,0.5,0.0,0.0,0.0211943406611681,0.0,0.6046902537345886,0.367975652217865,0.0,0.0,0.0,0.0,160.79428100585938,0.0
2.81,3.644444704055786,-0.7880117578641547,-0.6156601899325999,0.0,1.0,1.0,1.0,-0.07735839486122131,-0.08728401362895966,0.11253941059112549,0.11740963160991669,-0.09529876708984375,-0.9522595405578613,-0.013951706700026989,-0.028152864426374435,-0.06817933917045593,0.4899819791316986,-0.5490809082984924,0.51771080493927,2.4760186672210693,0.020259130746126175,-2.735819101333618,2.1856753826141357,-1.4806443452835083,-1.4206750392913818,-0.2853992283344269,-0.654244065284729,2.866905927658081,2.633838415145874,-0.2528720200061798,-2.7694520950317383,0.20299701392650604,0.010599400848150253,-0.2233186960220337,0.21419581770896912,-0.08391807973384857,0.0,-0.4000000059604645,-0.05000000074505806,0.3100000023841858,0.49000000953674316,-0.20999999344348907,0.0,0.21243806183338165,-0.13607600331306458,-0.004698179662227631,-0.04085257649421692,0.6774670481681824,-0.11434456706047058,-1.445243000984192,-0.0617547407746315,-0.9021961688995361,0.4911172091960907,-1.128169298171997,-0.6378796696662903,0.021234706044197083,0.0598408579826355,-0.0274624302983284,-0.0474226176738739,0.0134844109416008,0.007188788149505854,139.4932098388672,166.31361389160156,0.5,0.0,0.0,0.02464311383664608,0.0,0.5886768698692322,0.5850552320480347,0.0,0.0,0.0,0.0,70.91832733154297,0.0
2.82,3.6555559635162354,-0.8290390059273213,-0.5591907784030767,0.0,1.0,1.0,1.0,-0.07612212002277374,-0.08750727772712708,0.11146402359008789,0.11322438716888428,-0.0897073745727539,-0.9474244117736816,-0.02124737575650215,-0.0357477143406868,-0.09915951639413834,0.508806586265564,-0.40388724207878113,0.3656586706638336,2.4770734310150146,0.01952076330780983,-2.737592935562134,2.1833508014678955,-1.4699269533157349,-1.4403759241104126,-0.2979084253311157,-0.6533828377723694,2.8611254692077637,2.6342360973358154,-0.24075596034526825,-2.7861876487731934,0.19274012744426727,0.008548025041818619,-0.21880565583705902,0.19983619451522827,-0.07735367119312286,0.0,-0.4000000059604645,-0.05000000074505806,0.3100000023841858,0.49000000953674316,-0.20999999344348907,0.0,0.12779761850833893,-0.056346043944358826,-0.01637749746441841,0.03658753260970116,-0.4384099841117859,-0.6816725730895996,-1.1214194297790527,0.1836862713098526,-0.4174097180366516,-0.02163233608007431,1.309621810913086,-0.6720420718193054,0.021099165081977844,0.05903104692697525,-0.004795180633664131,0.05437856167554855,0.009314176626503468,-0.07251264154911041,132.43443298339844,52.17562484741211,0.5,0.0,0.0,0.02816022001206875,0.0,0.5792891979217529,0.765357255935669,0.0,0.0,0.0,0.0,33.22175216674805,0.0
2.83,3.6666669845581055,-0.86602640246812,-0.4999982702251336,0.0,1.0,1.0,1.0,-0.07520358264446259,-0.0874485895037651,0.11015745997428894,0.11023489385843277,-0.08415794372558594,-0.9443259239196777,-0.021913859993219376,-0.051953770220279694,-0.125741109251976,0.531592607498169,-0.2586418092250824,0.21331897377967834,2.478799343109131,0.019316785037517548,-2.737730026245117,2.1841952800750732,-1.4688254594802856,-1.4424790143966675,-0.30857032537460327,-0.6515254378318787,2.858888626098633,2.6349501609802246,-0.22477008402347565,-2.7870967388153076,0.18349327147006989,0.0066986531019210815,-0.21473704278469086,0.18689057230949402,-0.07143568992614746,0.0,-0.4000000059604645,-0.05000000074505806,0.3100000023841858,0.49000000953674316,-0.20999999344348907,0.0,0.19556060433387756,0.004796882625669241,0.001554399379529059,0.12066157907247543,0.17784729599952698,-0.18644532561302185,-1.0786080360412598,0.2158275693655014,-0.03271257504820824,0.31845489144325256,0.6421652436256409,0.07246828079223633,0.0206180140376091,0.05800100415945053,-0.005274148657917976,-0.00471071619540453,0.017902061343193054,0.06871595233678818,161.61720275878906,98.3093032836914,0.5,0.0,0.0,0.03155685216188431,0.0,0.576842188835144,0.9130086302757263,0.0,0.0,0.0,0.0,37.035667419433594,0.0
2.84,3.6777780055999756,-0.8987946738042235,-0.4383698602107121,0.0,1.0,0.0,1.0,-0.0744696632027626,-0.08733110129833221,0.10878574848175049,0.10781185328960419,-0.07865047454833984,-0.942542552947998,-0.0157758891582489,-0.06346267461776733,-0.12121401727199554,0.553329348564148,-0.24574987590312958,0.11004631221294403,2.4835622310638428,0.019089654088020325,-2.740994453430176,2.183529853820801,-1.4345366954803467,-1.4587998390197754,-0.31962355971336365,-0.6512230038642883,2.8560502529144287,2.6393253803253174,-0.22105233371257782,-2.7843217849731445,0.1753012090921402,0.005060240626335144,-0.21113252639770508,0.17542168498039246,-0.06619276106357574,0.0,-0.4000000059604645,-0.05000000074505806,0.3100000023841858,0.49000000953674316,-0.20999999344348907,0.0,0.31403958797454834,0.021443979814648628,0.0668385699391365,-0.175714373588562,10.005514144897461,-0.563351571559906,-1.158801555633545,-0.035448603332042694,-0.20808711647987366,0.4372841715812683,0.7035988569259644,-0.8827822208404541,0.020526088774204254,0.05719517171382904,0.03871723636984825,-0.08512214571237564,0.0730750635266304,0.09885437041521072,0.0,154.50146484375,0.5,0.0,0.0,0.034997470676898956,0.0,0.5826873183250427,0.9760705828666687,0.0,0.0,0.0,0.0,115.77872467041016,0.0
2.85,3.688889265060425,-0.9271847399676593,-0.3746044019643976,0.0,1.0,1.0,1.0,-0.07365289330482483,-0.08725250512361526,0.10757771134376526,0.1051938533782959,-0.07289457321166992,-0.9410033226013184,-0.01840008608996868,-0.06311075389385223,-0.0930137187242508,0.5788660645484924,-0.2757420539855957,0.1586448699235916,2.488750457763672,0.01753174513578415,-2.743467092514038,2.1788413524627686,-1.3924921751022339,-1.4721894264221191,-0.3311396539211273,-0.6529573202133179,2.851162910461426,2.6439123153686523,-0.21595023572444916,-2.7760438919067383,0.16820383071899414,0.0036407634615898132,-0.20800969004631042,0.16548538208007812,-0.061650440096855164,0.0,-0.4000000059604645,-0.05000000074505806,0.3100000023841858,0.49000000953674316,-0.20999999344348907,0.0,0.3997231423854828,-0.3198734521865845,0.3922111690044403,-0.4901169538497925,2.513214349746704,-3.6951873302459717,-1.2288107872009277,-0.19884181022644043,-0.3122606873512268,0.4589639902114868,0.60003262758255,-0.9604669809341431,0.02022671326994896,0.05626209080219269,0.001106229959987104,-0.08413348346948624,0.06537877023220062,0.09951246529817581,148.40069580078125,222.32801818847656,0.5,0.0,0.0,0.03899654373526573,0.0,0.5795848369598389,0.9509094953536987,0.0,0.0,0.0,0.0,113.2425537109375,0.0
2.86,3.700000286102295,-0.9510570717929908,-0.30901528472317047,0.0,1.0,1.0,1.0,-0.07264220714569092,-0.08733143657445908,0.10663449764251709,0.10169185698032379,-0.06722402572631836,-0.9384727478027344,-0.024866780266165733,-0.052242327481508255,-0.06137244030833244,0.5197983384132385,-0.3763507604598999,0.3439868092536926,2.4930219650268555,0.015626173466444016,-2.747162103652954,2.177635431289673,-1.3755133152008057,-1.4640461206436157,-0.340940922498703,-0.6554734706878662,2.846120595932007,2.6495232582092285,-0.21416470408439636,-2.7781479358673096,0.16223573684692383,0.00244714692234993,-0.20538371801376343,0.15713003277778625,-0.057830870151519775,0.0,-0.4000000059604645,-0.05000000074505806,0.3100000023841858,0.49000000953674316,-0.20999999344348907,0.0,0.09762322902679443,-0.10174467414617538,-0.18932053446769714,-0.6035411357879639,5.9577317237854,0.23074686527252197,-0.8990546464920044,-0.17694830894470215,-0.4592943489551544,0.5906397104263306,1.3249411582946777,-2.729914426803589,0.020488351583480835,0.05556057393550873,0.13478268682956696,-0.04950571060180664,0.17309004068374634,0.08100684732198715,65.23995208740234,258.01580810546875,0.5,0.0,0.0,0.04398521035909653,0.0,0.5732526183128357,0.7892645001411438,0.0,0.0,0.0,0.0,113.54167175292969,0.0
2.87,3.711111307144165,-0.9702960242533633,-0.24192070047459116,0.0,1.0,1.0,1.0,-0.07149098813533783,-0.08743710815906525,0.10598760843276978,0.09761915355920792,-0.061676025390625,-0.9343619346618652,-0.03479338809847832,-0.03385540470480919,-0.03752868250012398,0.49506503343582153,-0.4764445424079895,0.407796710729599,2.4933536052703857,0.012875588610768318,-2.742711305618286,2.1743571758270264,-1.373288869857788,-1.4823203086853027,-0.34903231263160706,-0.656131386756897,2.839308500289917,2.6554787158966064,-0.2146117389202118,-2.7847859859466553,0.15742598474025726,0.0014851950109004974,-0.2032674252986908,0.15039637684822083,-0.054752618074417114,0.0,-0.4000000059604645,-0.05000000074505806,0.3100000023841858,0.49000000953674316,-0.20999999344348907,0.0,0.04681446775794029,-0.37725138664245605,0.49030715227127075,-0.35899582505226135,-0.6292322874069214,-2.086686134338379,-0.7428652048110962,0.003982529044151306,-0.6765490770339966,0.6190488934516907,-0.18506908416748047,-0.9586951732635498,0.019292764365673065,0.055028147995471954,0.00733197433874011,-0.008325379341840744,0.05295634642243385,0.08813130855560303,154.95777893066406,241.56031799316406,0.5,0.0,0.0,0.04996715858578682,0.0,0.5630987286567688,0.7170596718788147,0.0,0.0,0.0,0.0,91.2364730834961,0.0
2.88,3.7222225666046143,-0.9848081287530218,-0.17364604672140296,0.0,1.0,0.0,1.0,-0.07025837153196335,-0.08769362419843674,0.10542619228363037,0.09259358048439026,-0.05683422088623047,-0.9302420616149902,-0.044169895350933075,-0.02640262059867382,-0.03526858985424042,0.4074828624725342,-0.5086559057235718,0.4306449890136719,2.495241165161133,0.01089238841086626,-2.744603157043457,2.174562692642212,-1.3733549118041992,-1.4745131731033325,-0.3547147214412689,-0.6562196016311646,2.8313682079315186,2.662019968032837,-0.21533073484897614,-2.792916774749756,0.1537979394197464,0.0007595866918563843,-0.20167109370231628,0.14531710743904114,-0.05243067443370819,0.0,-0.4000000059604645,-0.05000000074505806,0.3100000023841858,0.49000000953674316,-0.20999999344348907,0.0,0.2165365070104599,-0.09178927540779114,-1.1394977569580078,-0.6409993171691895,1.7379536628723145,3.078234910964966,-0.533730149269104,0.04708312824368477,-0.5948070883750916,0.6864962577819824,-0.21053852140903473,-1.2280107736587524,0.01926751807332039,0.05458059161901474,0.1870696246623993,0.003279951401054859,0.2275083065032959,0.09544742107391357,0.0,254.18548583984375,0.5,0.0,0.0,0.0572158545255661,0.0,0.5523154139518738,0.6901059150695801,0.0,0.0,0.0,0.0,138.7362060546875,0.0
2.89,3.7333338260650635,-0.9945222189757651,-0.10452538430218751,0.0,1.0,1.0,1.0,-0.06919465959072113,-0.08770789951086044,0.10490298271179199,0.08821769058704376,-0.05229663848876953,-0.9257645606994629,-0.05554933100938797,-0.013650268316268921,-0.04291369020938873,0.39424169063568115,-0.45191025733947754,0.3757074177265167,2.494107246398926,0.009606467559933662,-2.7414374351501465,2.1694211959838867,-1.3580942153930664,-1.4894946813583374,-0.3608960509300232,-0.6554691195487976,2.823894739151001,2.6675877571105957,-0.21498532593250275,-2.7997376918792725,0.15136942267417908,0.0002738833427429199,-0.20060254633426666,0.14191719889640808,-0.050876423716545105,0.0,-0.4000000059604645,-0.05000000074505806,0.3100000023841858,0.49000000953674316,-0.20999999344348907,0.0,0.00539807416498661,-0.22390127182006836,0.5278512835502625,-0.44112929701805115,0.010077297687530518,-2.8698890209198,-0.622668445110321,0.06806629151105881,-0.6321436166763306,0.5787349343299866,-0.01561930775642395,-0.6744138598442078,0.018331710249185562,0.05413908511400223,0.020950689911842346,-0.0052325851283967495,0.06671483814716339,0.1001868024468422,128.69039916992188,185.1273956298828,0.5,0.0,0.0,0.06457405537366867,0.0,0.5392139554023743,0.7540382742881775,0.0,0.0,0.0,0.0,66.40831756591797,0.0
2.9,3.7444448471069336,-0.99939091531173,-0.03489696824056555,0.0,1.0,1.0,1.0,-0.06812936812639236,-0.08776301890611649,0.10427990555763245,0.0834304541349411,-0.048369407653808594,-0.9223837852478027,-0.05521863326430321,-0.006767870858311653,-0.05353480949997902,0.33339834213256836,-0.5220493674278259,0.2753368020057678,2.4962029457092285,0.009019595570862293,-2.7413206100463867,2.1722395420074463,-1.3589129447937012,-1.4728072881698608,-0.36577698588371277,-0.6554355621337891,2.8159492015838623,2.673463821411133,-0.21129044890403748,-2.803983688354492,0.1501522660255432,3.0450522899627686e-05,-0.20006699860095978,0.14021319150924683,-0.050097450613975525,0.0,-0.4000000059604645,-0.05000000074505806,0.3100000023841858,0.49000000953674316,-0.20999999344348907,0.0,0.38039958477020264,-0.011024046689271927,-0.013547033071517944,0.2778286337852478,-0.1394762098789215,2.013145685195923,-0.41689613461494446,-0.013607248663902283,-0.6780484318733215,0.6542086601257324,0.18907567858695984,-0.2669615149497986,0.017622150480747223,0.05358017235994339,-0.048841994255781174,-0.0034081859048455954,-0.01998980902135372,0.09962497651576996,139.24237060546875,192.953369140625,0.5,0.0,0.0,0.0729229748249054,0.0,0.5397619605064392,0.8593141436576843,0.0,0.0,0.0,0.0,51.56410598754883,0.0
2.91,3.755556106567383,-0.9993907061872302,0.034902956702685686,0.0,1.0,1.0,1.0,-0.06718412041664124,-0.08775576204061508,0.10372921824455261,0.07892084866762161,-0.044747352600097656,-0.9184632301330566,-0.0630679726600647,-0.0013940432108938694,-0.03956311196088791,0.3268139958381653,-0.47953352332115173,0.36350691318511963,2.4981982707977295,0.008842562325298786,-2.7442891597747803,2.1652698516845703,-1.343340516090393,-1.4937657117843628,-0.37083056569099426,-0.6555923819541931,2.808058977127075,2.6789939403533936,-0.20851854979991913,-2.8072774410247803,0.15030455589294434,6.0908496379852295e-05,-0.2001340091228485,0.1404263973236084,-0.05019490420818329,0.0,-0.4000000059604645,-0.05000000074505806,0.3100000023841858,0.49000000953674316,-0.20999999344348907,0.0,0.2029501050710678,-0.12783274054527283,0.3828955888748169,-0.4802413284778595,-0.5159985423088074,-2.8422458171844482,-0.49543654918670654,-0.014402767643332481,-0.713285505771637,0.5664647221565247,0.2233191579580307,-0.5797872543334961,0.017481952905654907,0.05306442081928253,0.009664011187851429,0.0024836852680891752,0.06706959009170532,0.08903197944164276,153.30621337890625,206.54566955566406,0.5,0.0,0.0,0.08170165121555328,0.0,0.5304153561592102,0.7677627801895142,0.0,0.0,0.0,0.0,76.80366516113281,0.0
2.92,3.766667127609253,-0.9945215926300541,0.1045313435892817,0.0,1.0,0.0,1.0,-0.06606939435005188,-0.08787091821432114,0.10328605771064758,0.07361850887537003,-0.041408538818359375,-0.9148669242858887,-0.06283538788557053,0.004886971786618233,-0.022835498675704002,0.2861330509185791,-0.5514323115348816,0.37309402227401733,2.5019633769989014,0.008925964124500751,-2.7474260330200195,2.1645376682281494,-1.339252233505249,-1.4895285367965698,-0.37467464804649353,-0.6560330390930176,2.798410654067993,2.684999942779541,-0.20546971261501312,-2.809281349182129,0.15273171663284302,0.0005463436245918274,-0.20120194554328918,0.14382439851760864,-0.05174829065799713,0.0,-0.4000000059604645,-0.05000000074505806,0.3100000023841858,0.49000000953674316,-0.20999999344348907,0.0,0.4511449635028839,0.08062279224395752,-1.2680060863494873,-0.6842231154441833,2.7241451740264893,4.564236640930176,-0.3827438950538635,-0.023947780951857567,-0.7885692119598389,0.5919673442840576,-0.025689855217933655,-0.8885961174964905,0.017194435000419617,0.052559465169906616,0.19423802196979523,0.01086941547691822,0.2684278190135956,0.07798179239034653,0.0,254.88511657714844,0.5,0.0,0.0,0.09254346787929535,0.0,0.5306698679924011,0.7569952607154846,0.0,0.0,0.0,0.0,187.4082489013672,0.0
2.93,3.777778148651123,-0.9848073483630978,0.17365047253043717,0.0,1.0,1.0,1.0,-0.06493493914604187,-0.08792885392904282,0.10305532813072205,0.0683232843875885,-0.03818798065185547,-0.9105730056762695,-0.0692778080701828,0.017748380079865456,-0.0038033141754567623,0.2732519507408142,-0.5631803274154663,0.40433400869369507,2.504030227661133,0.00897503737360239,-2.74654221534729,2.1602284908294678,-1.328184723854065,-1.5002418756484985,-0.3790954351425171,-0.65613853931427,2.7878775596618652,2.6902718544006348,-0.20407837629318237,-2.814612627029419,0.15753866732120514,0.001507733017206192,-0.20331701636314392,0.15055415034294128,-0.05482473969459534,0.0,-0.4000000059604645,-0.05000000074505806,0.3100000023841858,0.49000000953674316,-0.20999999344348907,0.0,0.29570508003234863,-0.06544528156518936,0.27195078134536743,-0.40107181668281555,-0.3077479302883148,-2.0424249172210693,-0.4371987283229828,-0.0050825560465455055,-0.9459576606750488,0.5180191993713379,0.36799246072769165,-2.0126562118530273,0.016216978430747986,0.05217353254556656,0.0009273523464798927,0.0014057185035198927,0.05434078350663185,0.060520511120557785,171.14820861816406,227.5579833984375,0.5,0.0,0.0,0.10469692945480347,0.0,0.5226806998252869,0.7211039662361145,0.0,0.0,0.0,0.0,82.16766357421875,0.0
2.94,3.7888894081115723,-0.9702949370315338,0.24192506106431436,0.0,1.0,1.0,1.0,-0.06372338533401489,-0.08804729580879211,0.10295712947845459,0.06249324977397919,-0.03539609909057617,-0.9064817428588867,-0.07476137578487396,0.02512192912399769,0.009303731843829155,0.22951409220695496,-0.5842878222465515,0.4323897361755371,2.507169723510742,0.009540724568068981,-2.7484683990478516,2.1599316596984863,-1.3270080089569092,-1.4944599866867065,-0.38278353214263916,-0.6561594009399414,2.7768447399139404,2.6951260566711426,-0.2048582285642624,-2.8211722373962402,0.16463208198547363,0.0029264166951179504,-0.2064381241798401,0.1604849100112915,-0.059364527463912964,0.0,-0.4000000059604645,-0.05000000074505806,0.3100000023841858,0.49000000953674316,-0.20999999344348907,0.0,0.23840661346912384,0.13147461414337158,-1.0906561613082886,-0.4790266454219818,1.6898462772369385,5.038188457489014,-0.37212929129600525,0.059123747050762177,-0.9337486028671265,0.5014208555221558,-0.2538551092147827,-1.1447968482971191,0.0158122219145298,0.05190237611532211,0.17378756403923035,0.02315600775182247,0.24301020801067352,0.05953788012266159,16.50538444519043,249.26332092285156,0.5,0.0,0.0,0.11906217783689499,0.0,0.5158374905586243,0.6880307197570801,0.0,0.0,0.0,0.0,172.871826171875,0.0
2.95,3.8000004291534424,-0.9510556830426352,0.30901955885074106,0.0,1.0,1.0,1.0,-0.0625612884759903,-0.08797003328800201,0.10301956534385681,0.057160474359989166,-0.03257942199707031,-0.9018592834472656,-0.07957079261541367,0.03533864766359329,0.01997237093746662,0.25215399265289307,-0.5399963855743408,0.4267957806587219,2.5076606273651123,0.009724333882331848,-2.744931697845459,2.155576705932617,-1.3147962093353271,-1.5101429224014282,-0.387970894575119,-0.6554188132286072,2.7642226219177246,2.6989524364471436,-0.20429395139217377,-2.8243319988250732,0.17387346923351288,0.00477469339966774,-0.21050432324409485,0.17342287302017212,-0.06527900695800781,0.0,-0.4000000059604645,-0.05000000074505806,0.3100000023841858,0.49000000953674316,-0.20999999344348907,0.0,0.18119612336158752,-0.08722317963838577,0.5641008615493774,-0.4521145820617676,-0.5022584199905396,-2.7328665256500244,-0.589869499206543,0.0700715035200119,-1.1596847772598267,0.36756354570388794,0.059729624539613724,-1.2379615306854248,0.014552250504493713,0.05163169652223587,0.005048438906669617,0.0013019614852964878,0.06773336976766586,0.047481004148721695,161.82376098632812,202.8181915283203,0.5,0.0,0.0,0.1342722624540329,0.0,0.5095118880271912,0.6946762800216675,0.0,0.0,0.0,0.0,87.08941650390625,0.0
2.96,3.8111114501953125,-0.9271830564545201,0.3746085688070333,0.0,1.0,1.0,1.0,-0.06135403364896774,-0.08781655877828598,0.10314378142356873,0.051801860332489014,-0.029858112335205078,-0.8977656364440918,-0.0817541852593422,0.042652931064367294,0.02658732794225216,0.2554541230201721,-0.5421289205551147,0.38312026858329773,2.5099191665649414,0.009968843311071396,-2.745191812515259,2.1548449993133545,-1.3082237243652344,-1.5052225589752197,-0.39365994930267334,-0.6554553508758545,2.752267599105835,2.702017307281494,-0.20437254011631012,-2.829495429992676,0.18508316576480865,0.007016632705926895,-0.21543659269809723,0.1891164481639862,-0.07245321571826935,0.0,-0.4000000059604645,-0.05000000074505806,0.3100000023841858,0.49000000953674316,-0.20999999344348907,0.0,0.14006876945495605,-0.06579325348138809,0.3708012104034424,-0.20625102519989014,0.28506940603256226,-1.2508857250213623,-0.5945029854774475,-9.63234924711287e-05,-1.0509041547775269,0.29563573002815247,-0.12239302694797516,-0.8711433410644531,0.014123819768428802,0.05137622356414795,0.00950994435697794,0.020164310932159424,0.05094018206000328,0.04613242298364639,125.24772644042969,200.71786499023438,0.5,0.0,0.0,0.15135669708251953,0.0,0.506356418132782,0.7456027865409851,0.0,0.0,0.0,0.0,65.20905303955078,0.0
2.97,3.8222227096557617,-0.8987927037240239,0.43837389946535216,0.0,1.0,0.0,1.0,-0.06004815548658371,-0.08766969293355942,0.10335144400596619,0.04616761952638626,-0.027190208435058594,-0.894162654876709,-0.080408476293087,0.04647025465965271,0.034670501947402954,0.24074719846248627,-0.5629271268844604,0.3595443367958069,2.513026237487793,0.009674916975200176,-2.7458486557006836,2.154275894165039,-1.306686520576477,-1.500380277633667,-0.39908409118652344,-0.6558508276939392,2.7390506267547607,2.705179214477539,-0.20259331166744232,-2.8335893154144287,0.19804295897483826,0.009608589112758636,-0.22113889455795288,0.2072601616382599,-0.08074748516082764,0.0,-0.4000000059604645,-0.05000000074505806,0.3100000023841858,0.49000000953674316,-0.20999999344348907,0.0,0.4914667308330536,-0.007896318100392818,-1.1043795347213745,-0.6410411596298218,2.9037513732910156,3.639092445373535,-0.5711211562156677,-0.05125031620264053,-1.2556391954421997,0.3164534866809845,0.12328188866376877,-0.31769418716430664,0.013672024011611938,0.05107514560222626,0.15414762496948242,0.015597748570144176,0.2686731219291687,0.039582543075084686,0.0,199.4145965576172,0.5,0.0,0.0,0.1713363081216812,0.0,0.5075972676277161,0.7721748948097229,0.0,0.0,0.0,0.0,163.78085327148438,0.0
2.98,3.833333730697632,-0.866024155424979,0.5000021622157764,0.0,1.0,1.0,1.0,-0.05871070548892021,-0.0873856171965599,0.10371029376983643,0.040802959352731705,-0.024322032928466797,-0.8901429176330566,-0.08208810538053513,0.056393299251794815,0.049974821507930756,0.2691885530948639,-0.5622352361679077,0.3732243776321411,2.5149459838867188,0.008329886943101883,-2.743190288543701,2.1507160663604736,-1.2930175065994263,-1.5069303512573242,-0.40528690814971924,-0.6558644771575928,2.726480484008789,2.707536220550537,-0.20262151956558228,-2.841492176055908,0.21250060200691223,0.012500118464231491,-0.22750025987625122,0.22750085592269897,-0.09000037610530853,0.0,-0.4000000059604645,-0.05000000074505806,0.3100000023841858,0.49000000953674316,-0.20999999344348907,0.0,0.23361165821552277,-0.25703537464141846,0.5111125707626343,-0.28870296478271484,0.08136376738548279,-1.985657811164856,-0.5845203995704651,9.175370360026136e-05,-1.1618653535842896,0.24561551213264465,-0.09548036754131317,-1.104884147644043,0.012699209153652191,0.05087020993232727,-0.0030393796041607857,0.03250986337661743,0.05091604217886925,0.044308293610811234,170.9353485107422,205.96630859375,0.5,0.0,0.0,0.19344528019428253,0.0,0.5045877695083618,0.7568479776382446,0.0,0.0,0.0,0.0,79.81036376953125,0.0
2.99,3.844444751739502,-0.82903649286843,0.5591945041686424,0.0,1.0,1.0,1.0,-0.057246897369623184,-0.08715307712554932,0.104148268699646,0.03499683365225792,-0.021540164947509766,-0.886812686920166,-0.08022242784500122,0.05827505141496658,0.05834212154150009,0.26584795117378235,-0.5707417726516724,0.33593302965164185,2.518606662750244,0.006634382531046867,-2.743877410888672,2.1509592533111572,-1.2927407026290894,-1.4969919919967651,-0.4100502133369446,-0.6559293270111084,2.7140676975250244,2.7100048065185547,-0.20231065154075623,-2.8519415855407715,0.22817473113536835,0.015634946525096893,-0.23439687490463257,0.2494446337223053,-0.10003182291984558,0.0,-0.4000000059604645,-0.05000000074505806,0.3100000023841858,0.49000000953674316,-0.20999999344348907,0.0,0.38121476769447327,-0.1861950308084488,-0.38866305351257324,-0.14187820255756378,2.516232490539551,2.1928458213806152,-0.4295662045478821,0.05171331390738487,-1.0641217231750488,0.26858940720558167,0.06255467981100082,-1.87190580368042,0.012359127402305603,0.05069856345653534,0.03440210595726967,0.04096337780356407,0.1212875247001648,0.05211981013417244,55.6082649230957,185.84490966796875,0.5,0.0,0.0,0.2198609709739685,0.0,0.5065622329711914,0.7979558706283569,0.0,0.0,0.0,0.0,79.75424194335938,0.0
3.0,3.855556011199951,-0.7880089910273819,0.6156637313176794,0.0,1.0,1.0,1.0,-0.05584932491183281,-0.08682400733232498,0.10471644997596741,0.029567135497927666,-0.01873302459716797,-0.8833127021789551,-0.0829826146364212,0.06079746037721634,0.06759954988956451,0.26481401920318604,-0.5430143475532532,0.3246407210826874,2.522329330444336,0.0033648707903921604,-2.7400691509246826,2.1477856636047363,-1.2922884225845337,-1.5116029977798462,-0.41436535120010376,-0.655433714389801,2.7022833824157715,2.7119503021240234,-0.20233777165412903,-2.8640499114990234,0.24476072192192078,0.01895214430987835,-0.24169471859931946,0.27266502380371094,-0.11064685136079788,0.0,-0.4000000059604645,-0.05000000074505806,0.3100000023841858,0.49000000953674316,-0.20999999344348907,0.0,0.4022323489189148,-0.41881099343299866,0.5847334265708923,-0.40921029448509216,-0.24830976128578186,-2.6367082595825195,-0.42036789655685425,0.05542350187897682,-1.0740066766738892,0.20401212573051453,0.0029182955622673035,-1.3660802841186523,0.010934904217720032,0.05060195177793503,-0.02110162377357483,0.047838740050792694,0.05616644024848938,0.047579314559698105,167.66091918945312,190.86566162109375,0.5,0.0,0.0,0.24832475185394287,0.0,0.5030176639556885,0.8099496960639954,0.0,0.0,0.0,0.0,81.50537109375,0.0
3.0100000000000002,3.8666670322418213,-0.7431432884981971,0.6691323133432472,0.0,1.0,1.0,1.0,-0.054413486272096634,-0.08644598722457886,0.10531851649284363,0.024142393842339516,-0.01600503921508789,-0.8802738189697266,-0.07951954752206802,0.0665682926774025,0.06838492304086685,0.256878137588501,-0.5559288263320923,0.25597381591796875,2.5239031314849854,0.0035984369460493326,-2.742079496383667,2.148277997970581,-1.255216360092163,-1.4871447086334229,-0.41864287853240967,-0.6549755334854126,2.6889822483062744,2.7138679027557373,-0.19876860082149506,-2.8713295459747314,0.2619348168373108,0.022386962547898293,-0.2492513209581375,0.29670876264572144,-0.12163827568292618,0.0,-0.4000000059604645,-0.05000000074505806,0.3100000023841858,0.49000000953674316,-0.20999999344348907,0.0,0.3146854341030121,-0.019071528688073158,0.2235994040966034,-0.3770614564418793,3.6771464347839355,-1.0619807243347168,-0.4116252064704895,0.030309129506349564,-1.3346030712127686,0.23165634274482727,0.43029534816741943,-0.359394371509552,0.011522304266691208,0.05040112882852554,0.09115395694971085,0.03874891623854637,0.08998078107833862,0.046374741941690445,174.71533203125,193.74627685546875,0.5,0.0,0.0,0.280167818069458,0.0,0.5063391327857971,0.8771781325340271,0.0,0.0,0.0,0.0,56.950172424316406,0.0
3.02,3.8777780532836914,-0.6946571252414097,0.719341002829215,0.0,1.0,1.0,1.0,-0.05301607772707939,-0.0860927477478981,0.10600361227989197,0.018777579069137573,-0.013438701629638672,-0.8775749206542969,-0.0800536498427391,0.06564502418041229,0.07815490663051605,0.24908462166786194,-0.5297083258628845,0.2701398432254791,2.529914617538452,0.0006905458285473287,-2.73824405670166,2.144144296646118,-1.2546257972717285,-1.5060670375823975,-0.4231772720813751,-0.6551110148429871,2.6757493019104004,2.715312957763672,-0.19564330577850342,-2.878459930419922,0.279363214969635,0.025872644037008286,-0.256919801235199,0.32110852003097534,-0.13279244303703308,0.0,-0.4000000059604645,-0.05000000074505806,0.3100000023841858,0.49000000953674316,-0.20999999344348907,0.0,0.5676289200782776,-0.3773701786994934,0.5061622858047485,-0.4602477550506592,0.02251671627163887,-2.520383834838867,-0.4998263716697693,-0.00841464288532734,-1.2952604293823242,0.1436365246772766,0.2617468535900116,-0.5347548723220825,0.009795024991035461,0.05022361874580383,-0.009536762721836567,0.03423602879047394,0.06055024266242981,0.034429240971803665,178.5863037109375,186.4185791015625,0.5,0.0,0.0,0.3150835335254669,0.0,0.5058358907699585,0.8641999959945679,0.0,0.0,0.0,0.0,83.54869079589844,0.0
3.0300000000000002,3.8888893127441406,-0.6427855695845053,0.7660461549632133,0.0,1.0,1.0,1.0,-0.05163310095667839,-0.08576168119907379,0.10676276683807373,0.013399983756244183,-0.01109170913696289,-0.8745999336242676,-0.07918766885995865,0.06698785722255707,0.08726830780506134,0.2231474667787552,-0.513266921043396,0.3634335398674011,2.5348455905914307,-0.0009564484935253859,-2.739470958709717,2.141908645629883,-1.2472240924835205,-1.4924137592315674,-0.4276584982872009,-0.6550261974334717,2.661743402481079,2.7166669368743896,-0.19266319274902344,-2.885138750076294,0.2967067062854767,0.02934134006500244,-0.26455095410346985,0.34538939595222473,-0.1438922882080078,0.0,-0.4000000059604645,-0.05000000074505806,0.3100000023841858,0.49000000953674316,-0.20999999344348907,0.0,0.3286978304386139,-0.16141362488269806,0.11287105083465576,-0.4263298213481903,0.3043104410171509,-0.7124899625778198,-0.46509480476379395,0.05793877691030502,-1.4014573097229004,0.14274755120277405,0.1668323129415512,-0.49111440777778625,0.00959961861371994,0.050088249146938324,0.04017041251063347,0.04091678932309151,0.1185905784368515,0.02534213848412037,106.85675811767578,196.22573852539062,0.5,0.0,0.0,0.3530919551849365,0.0,0.5066719651222229,0.7678446769714355,0.0,0.0,0.0,0.0,61.0440673828125,0.0
3.04,3.9000003337860107,-0.5877835555888977,0.8090182270995341,0.0,1.0,1.0,1.0,-0.05031867325305939,-0.08544391393661499,0.10762426257133484,0.008168891072273254,-0.009053230285644531,-0.8708133697509766,-0.07700542360544205,0.07305856049060822,0.09215020388364792,0.18689721822738647,-0.5394915342330933,0.37367480993270874,2.5384485721588135,-0.0026388324331492186,-2.735816478729248,2.1380434036254883,-1.2457951307296753,-1.5018761157989502,-0.4324244558811188,-0.6553273797035217,2.6457316875457764,2.71830677986145,-0.18810296058654785,-2.8898448944091797,0.313627690076828,0.032725535333156586,-0.2719962000846863,0.36907875537872314,-0.1547217071056366,0.0,-0.4000000059604645,-0.05000000074505806,0.3100000023841858,0.49000000953674316,-0.20999999344348907,0.0,0.3937852084636688,-0.19669857621192932,0.5585420727729797,0.010978221893310547,1.5722804069519043,4.412431716918945,-0.4889916777610779,-0.05008349567651749,-1.5752520561218262,0.18757495284080505,0.27133214473724365,-0.21139517426490784,0.00834154337644577,0.049941278994083405,-0.025646965950727463,0.0338045135140419,0.11074633151292801,0.02287670597434044,229.83505249023438,227.3956756591797,0.5,0.0,0.0,0.39179354906082153,0.0,0.508370041847229,0.756338894367218,0.0,0.0,0.0,0.0,109.56364440917969,0.0
3.0500000000000003,3.911111354827881,-0.5299179656015851,0.8480489076301421,0.0,1.0,1.0,1.0,-0.049010951071977615,-0.08516780287027359,0.10854113101959229,0.0028398975264281034,-0.007304191589355469,-0.8667445182800293,-0.07729388773441315,0.07493918389081955,0.10047155618667603,0.17841459810733795,-0.5166485905647278,0.4455530345439911,2.542398452758789,-0.0036078838165849447,-2.7363126277923584,2.1342694759368896,-1.2320895195007324,-1.4897490739822388,-0.4368479549884796,-0.6552103757858276,2.631103515625,2.7194175720214844,-0.1879105269908905,-2.9000539779663086,0.32979685068130493,0.03595936670899391,-0.2791106104850769,0.3917155861854553,-0.16506996750831604,0.0,-0.4000000059604645,-0.05000000074505806,0.3100000023841858,0.49000000953674316,-0.20999999344348907,0.0,0.20661941170692444,-0.13542014360427856,0.46718254685401917,-0.4232345223426819,-0.3691595792770386,-1.644404649734497,-0.4666112959384918,0.08022187650203705,-1.476473331451416,0.10647404193878174,-0.009464003145694733,-0.8424090147018433,0.008068863302469254,0.04997722804546356,0.018898189067840576,0.04776797071099281,0.08684243261814117,0.010866611264646053,126.7315673828125,192.0839080810547,0.5,0.0,0.0,0.4274653196334839,0.0,0.5077489018440247,0.672310471534729,0.0,0.0,0.0,0.0,72.44119262695312,0.0
3.06,3.92222261428833,-0.4694693877101682,0.8829487493637667,0.0,1.0,1.0,1.0,-0.04768595099449158,-0.08488033711910248,0.10949444770812988,-0.002490520477294922,-0.005659580230712891,-0.8625717163085938,-0.07268665730953217,0.08092121034860611,0.09433958679437637,0.15055015683174133,-0.5653507113456726,0.36726677417755127,2.5450706481933594,-0.004462353885173798,-2.731177806854248,2.1320741176605225,-1.2292840480804443,-1.4816330671310425,-0.4406370222568512,-0.6546460390090942,2.6160948276519775,2.720665693283081,-0.1873556524515152,-2.908633232116699,0.34489983320236206,0.038979966193437576,-0.2857559323310852,0.4128597676753998,-0.174735888838768,0.0,-0.4000000059604645,-0.05000000074505806,0.3100000023841858,0.49000000953674316,-0.20999999344348907,0.0,0.22578416764736176,0.07870028913021088,0.6869215369224548,0.11285726726055145,3.123380184173584,3.717036008834839,-0.2955053448677063,0.054220106452703476,-1.4308193922042847,0.1588020771741867,-0.014144383370876312,-1.0934921503067017,0.006581421941518784,0.05003578960895538,0.014650367200374603,0.055596258491277695,0.06010202318429947,0.01755276694893837,106.05734252929688,176.15869140625,0.5,0.0,0.0,0.4418378472328186,0.0,0.5122017860412598,0.7635552287101746,0.0,0.0,0.0,0.0,77.1597671508789,0.0
3.0700000000000003,3.9333336353302,-0.40673490962048253,0.9135462294246622,0.0,1.0,1.0,1.0,-0.04646532982587814,-0.08458264172077179,0.11042776703834534,-0.007519245147705078,-0.004252433776855469,-0.858311653137207,-0.07389574497938156,0.07596645504236221,0.09521222859621048,0.1433693766593933,-0.4873354136943817,0.4212084412574768,2.5499210357666016,-0.0049394965171813965,-2.7322449684143066,2.1256792545318604,-1.217203140258789,-1.492239236831665,-0.4444810152053833,-0.6545419692993164,2.6014835834503174,2.7217884063720703,-0.18618862330913544,-2.9174511432647705,0.3586418926715851,0.04172837734222412,-0.29180243611335754,0.4320986568927765,-0.1835308074951172,0.0,-0.4000000059604645,-0.05000000074505806,0.3100000023841858,0.49000000953674316,-0.20999999344348907,0.0,0.35277602076530457,-0.07933266460895538,0.5845162272453308,-0.4923460781574249,-0.7162177562713623,-1.9970269203186035,-0.4070800542831421,0.011804267764091492,-1.374516248703003,0.12449351698160172,0.028006628155708313,-0.9446699023246765,0.006240621209144592,0.05007876455783844,0.008434376679360867,0.04709801822900772,0.07932362705469131,0.01884785294532776,128.97320556640625,172.81947326660156,0.5,0.0,0.0,0.4206659197807312,0.0,0.511578381061554,0.7012904286384583,0.0,0.0,0.0,0.0,73.31356811523438,0.0
3.08,3.9444446563720703,-0.34201889204895364,0.9396930762124441,0.0,1.0,1.0,1.0,-0.04530799761414528,-0.08425232768058777,0.11129304766654968,-0.0123138427734375,-0.0029621124267578125,-0.8548192977905273,-0.07487884908914566,0.07316991686820984,0.08621189743280411,0.13770240545272827,-0.4353357255458832,0.35576939582824707,2.554924488067627,-0.005118911154568195,-2.7333474159240723,2.1216230392456055,-1.2073603868484497,-1.482250452041626,-0.4482453167438507,-0.6546458005905151,2.588686466217041,2.7223446369171143,-0.18561242520809174,-2.9265010356903076,0.37075600028038025,0.044151198118925095,-0.2971326410770416,0.4490583837032318,-0.19128382205963135,0.0,-0.4000000059604645,-0.05000000074505806,0.3100000023841858,0.49000000953674316,-0.20999999344348907,0.0,0.570212721824646,-0.05267365276813507,-0.6317844986915588,-0.7254982590675354,3.4363808631896973,3.2347540855407715,-0.4532873034477234,0.037939757108688354,-1.1567233800888062,0.02521086297929287,-0.05697173625230789,-0.9623743295669556,0.005899682641029358,0.050121940672397614,0.07912803441286087,0.03989221900701523,0.30064257979393005,0.016125213354825974,39.33085250854492,153.17796325683594,0.5,0.0,0.0,0.3881213366985321,0.0,0.5108500719070435,0.7763563394546509,0.0,0.0,0.0,0.0,70.78602600097656,0.0
3.09,3.9555559158325195,-0.27563517982076,0.9612623198925346,0.0,1.0,1.0,1.0,-0.04427805170416832,-0.08367950469255447,0.11213356256484985,-0.016174793243408203,-0.0013318061828613281,-0.8512411117553711,-0.07356974482536316,0.07438220083713531,0.08215820789337158,0.1805206686258316,-0.38640937209129333,0.3065410852432251,2.557715892791748,-0.006200661417096853,-2.7295262813568115,2.11682391166687,-1.198297381401062,-1.491403341293335,-0.4533863663673401,-0.6539223194122314,2.5773911476135254,2.721893787384033,-0.1841716468334198,-2.93467116355896,0.3810063302516937,0.04620126262307167,-0.3016427755355835,0.46340885758399963,-0.1978440284729004,0.0,-0.4000000059604645,-0.05000000074505806,0.3100000023841858,0.49000000953674316,-0.20999999344348907,0.0,0.14828170835971832,-0.012864097952842712,0.5296198129653931,0.25261276960372925,0.32720041275024414,3.1130781173706055,-0.4820254445075989,0.09692446142435074,-1.002865195274353,-0.017787039279937744,0.10880249738693237,-0.9720233678817749,0.004817061126232147,0.05012495070695877,-0.025487706065177917,0.04527271166443825,0.06080559268593788,0.029652610421180725,375.31634521484375,160.62591552734375,0.5,0.0,0.0,0.36141708493232727,0.0,0.5122051239013672,0.8286687135696411,0.0,0.0,0.0,0.0,62.523414611816406,0.0
3.1,3.9666669368743896,-0.20791003015250875,0.9781479537176281,0.0,1.0,1.0,1.0,-0.043344415724277496,-0.08308544009923935,0.11290058493614197,-0.019695758819580078,0.00020180926367174834,-0.8480925559997559,-0.07563456147909164,0.0682862177491188,0.07786868512630463,0.17599855363368988,-0.2884926497936249,0.3682643473148346,2.5622000694274902,-0.006391033064574003,-2.7328574657440186,2.111241102218628,-1.1736458539962769,-1.4680094718933105,-0.45823943614959717,-0.6535779237747192,2.5673422813415527,2.7213375568389893,-0.18202434480190277,-2.9419748783111572,0.3891933858394623,0.04783867672085762,-0.3052451014518738,0.4748707413673401,-0.20308375358581543,0.0,-0.4000000059604645,-0.05000000074505806,0.3100000023841858,0.49000000953674316,-0.20999999344348907,0.0,0.20766453444957733,-0.03290785849094391,0.23438799381256104,-0.6627387404441833,2.649174690246582,-0.5870593786239624,-0.6032775640487671,0.08189591765403748,-0.9013251066207886,-0.08604245632886887,0.14914029836654663,-0.8029316663742065,0.005324851721525192,0.05009020119905472,0.05768153443932533,0.0372326523065567,0.22111919522285461,0.024986188858747482,92.6265869140625,166.47088623046875,0.5,0.0,0.0,0.33720603585243225,0.0,0.5106676816940308,0.7624355554580688,0.0,0.0,0.0,0.0,45.61684799194336,0.0
3.11,3.9777779579162598,-0.13917198013153684,0.9902682262631004,0.0,1.0,1.0,1.0,-0.04248083755373955,-0.08236262202262878,0.11365294456481934,-0.02266407012939453,0.0018990675453096628,-0.8447413444519043,-0.0703791007399559,0.06708966940641403,0.07477284967899323,0.1700955182313919,-0.3125658929347992,0.2957817018032074,2.5642826557159424,-0.0072349789552390575,-2.7256736755371094,2.106940746307373,-1.1696101427078247,-1.490407109260559,-0.4637708365917206,-0.6532040238380432,2.557511568069458,2.720644950866699,-0.1777811348438263,-2.9478917121887207,0.3951578140258789,0.049031563103199005,-0.30786943435668945,0.4832209348678589,-0.20690099895000458,0.0,-0.4000000059604645,-0.05000000074505806,0.3100000023841858,0.49000000953674316,-0.20999999344348907,0.0,0.2956412732601166,-0.12677013874053955,0.8138233423233032,-0.3596738576889038,-0.08731460571289062,-2.829768180847168,-0.4886314868927002,0.00841124914586544,-0.9023997783660889,-0.027399152517318726,0.3076188266277313,-0.6713603734970093,0.0036040842533111572,0.04998278617858887,-0.011365065351128578,0.03956754133105278,0.047962628304958344,0.03118484653532505,165.57574462890625,177.21434020996094,0.5,0.0,0.0,0.31727832555770874,0.0,0.5170236825942993,0.8394791483879089,0.0,0.0,0.0,0.0,72.937255859375,0.0
3.12,3.988889217376709,-0.06975441482181197,0.9975641942315624,1.0,1.0,1.0,1.0,-0.041547250002622604,-0.08176898211240768,0.11434805393218994,-0.026010513305664062,0.00348972762003541,-0.842524528503418,-0.064783476293087,0.06404087692499161,0.07009414583444595,0.15449659526348114,-0.3510228991508484,0.17514187097549438,2.567375659942627,-0.006257529370486736,-2.7236270904541016,2.108564853668213,-1.1624791622161865,-1.4827290773391724,-0.4675934612751007,-0.652604341506958,2.5496160984039307,2.7199082374572754,-0.17591485381126404,-2.957688808441162,0.4000000059604645,0.05000000074505806,-0.3100000023841858,0.49000000953674316,-0.20999999344348907,0.0,-0.4000000059604645,-0.05000000074505806,0.3100000023841858,0.49000000953674316,-0.20999999344348907,0.0,0.4875468313694,-0.01917983591556549,0.3802605867385864,-0.1256372332572937,-0.03854656219482422,-0.8077147603034973,-0.2887837588787079,0.0952087938785553,-0.7455291748046875,-0.059943195432424545,0.0990879237651825,-0.9884113669395447,0.003151416778564453,0.04996267706155777,-0.006445217411965132,0.04465726017951965,0.02436920627951622,0.022437378764152527,144.57693481445312,161.7877197265625,0.5,0.0,0.0,0.2958346903324127,0.0,0.524052619934082,0.9404945969581604,0.0,0.0,0.0,0.0,43.36288833618164,0.0
3.13,4.000000476837158,2.996056227015389e-06,0.9999999999955118,1.0,1.0,1.0,1.0,-0.040633976459503174,-0.08130139112472534,0.11503282189369202,-0.02954244613647461,0.004945528693497181,-0.840904712677002,-0.06172483041882515,0.05692123994231224,0.06610377132892609,0.12888358533382416,-0.3628845810890198,0.14909657835960388,2.5725364685058594,-0.006742183119058609,-2.722860336303711,2.107625961303711,-1.1602559089660645,-1.4817453622817993,-0.46976181864738464,-0.6513897180557251,2.5422885417938232,2.7192530632019043,-0.17483098804950714,-2.9676947593688965,0.4000000059604645,0.05000000074505806,-0.3100000023841858,0.49000000953674316,-0.20999999344348907,0.0,-0.4000000059604645,-0.05000000074505806,0.3100000023841858,0.49000000953674316,-0.20999999344348907,0.0,0.7480517625808716,-0.06780147552490234,-0.6644418835639954,-0.6363379955291748,-0.6768494248390198,-0.1266160011291504,-0.1278487890958786,0.10710029304027557,-0.7424276471138,0.004813910461962223,0.12602341175079346,-0.8425345420837402,0.0024657100439071655,0.050005294382572174,0.05774437636137009,0.04525286704301834,0.173152357339859,0.023027587682008743,438.8638610839844,161.10302734375,0.5,0.0,0.0,0.2746868133544922,0.0,0.5285860300064087,0.956514298915863,0.0,0.0,0.0,0.0,56.27003860473633,0.0
3.14,4.011111736297607,0.06976039233738805,0.9975637762373559,1.0,1.0,1.0,1.0,-0.0398046039044857,-0.08084584772586823,0.11570349335670471,-0.03284645080566406,0.006312306970357895,-0.8390774726867676,-0.06088988855481148,0.05679149553179741,0.06531588733196259,0.1409960389137268,-0.3306609094142914,0.17541255056858063,2.5767059326171875,-0.0071566361002624035,-2.7216382026672363,2.105966567993164,-1.1602263450622559,-1.4844814538955688,-0.47161009907722473,-0.6493582725524902,2.5347559452056885,2.71854567527771,-0.17337411642074585,-2.974886178970337,0.4000000059604645,0.05000000074505806,-0.3100000023841858,0.49000000953674316,-0.20999999344348907,0.0,-0.4000000059604645,-0.05000000074505806,0.3100000023841858,0.49000000953674316,-0.20999999344348907,0.0,0.35616108775138855,0.048698246479034424,0.05021631717681885,0.5323268175125122,0.7092602252960205,3.8675971031188965,-0.16330865025520325,0.2580508291721344,-0.7093726396560669,-0.06836256384849548,0.07874595373868942,-0.758733868598938,0.0018020495772361755,0.05006282031536102,-0.0806361734867096,0.0489283986389637,-0.0025428931694477797,0.013981018215417862,405.4295349121094,167.38197326660156,0.5,0.0,0.0,0.25615522265434265,0.0,0.5295935273170471,0.9403162002563477,0.0,0.0,0.0,0.0,56.40631103515625,0.0
3.15,4.022222518920898,0.13917494703019698,0.9902678092915783,1.0,0.0,1.0,1.0,-0.039053697139024734,-0.08046822994947433,0.1163521409034729,-0.03612375259399414,0.007430895697325468,-0.8371152877807617,-0.06063853204250336,0.05037564039230347,0.06471961736679077,0.11561480164527893,-0.3199097812175751,0.20959798991680145,2.5810348987579346,-0.008066761307418346,-2.721316337585449,2.1033546924591064,-1.152513027191162,-1.480400562286377,-0.4725174009799957,-0.647004246711731,2.52730655670166,2.718017578125,-0.17249943315982819,-2.9821534156799316,0.4000000059604645,0.05000000074505806,-0.3100000023841858,0.49000000953674316,-0.20999999344348907,0.0,-0.43479374051094055,-0.056958746165037155,0.32530924677848816,0.5387111902236938,-0.23226797580718994,0.0,0.26215076446533203,-0.12161476910114288,0.39389467239379883,-0.22316892445087433,0.0673568844795227,-1.2707926034927368,-0.06000667065382004,0.25902336835861206,-0.6655832529067993,-0.042503006756305695,0.21190576255321503,-1.04632568359375,0.0011981278657913208,0.05016747862100601,-9.854141535470262e-05,0.05091547966003418,0.027711981907486916,0.0053987689316272736,154.97991943359375,168.24990844726562,0.5,0.0,0.0,0.23917002975940704,0.0,0.5306214094161987,0.915886640548706,0.0,0.0,0.0,0.0,43.32617950439453,0.0
3.16,4.033333778381348,0.2079144260298085,0.9781470193425401,1.0,0.0,1.0,1.0,-0.03835925832390785,-0.08012285083532333,0.11698132753372192,-0.03930330276489258,0.008417082019150257,-0.8350095748901367,-0.059068795293569565,0.044875722378492355,0.06374486535787582,0.10911168158054352,-0.28045764565467834,0.26050257682800293,2.5836403369903564,-0.008247262798249722,-2.7224271297454834,2.101762294769287,-1.1452431678771973,-1.4674516916275024,-0.47275611758232117,-0.6442204713821411,2.5198190212249756,2.7176167964935303,-0.17161977291107178,-2.9885735511779785,0.4000000059604645,0.05000000074505806,-0.3100000023841858,0.49000000953674316,-0.20999999344348907,0.0,-0.45197874307632446,-0.060395747423172,0.3328706622123718,0.5627702474594116,-0.24326638877391815,0.0,0.2124382108449936,-0.06684184074401855,-0.05125301331281662,-0.3879133462905884,1.3889697790145874,0.48813724517822266,-0.07382246106863022,0.31515201926231384,-0.7294442057609558,-0.06290092319250107,0.036222733557224274,-0.6324868202209473,0.0012701824307441711,0.050294503569602966,0.02384473942220211,0.04723179340362549,0.14089417457580566,9.130108810495585e-05,103.40907287597656,160.18031311035156,0.5,0.0,0.0,0.22384263575077057,0.0,0.533048152923584,0.873084306716919,0.0,0.0,0.0,0.0,32.23189163208008,0.0
3.17,4.044445037841797,0.27564093980772675,0.9612606682382846,1.0,0.0,1.0,1.0,-0.0377487912774086,-0.07979335635900497,0.11761170625686646,-0.04222536087036133,0.009252604097127914,-0.8320827484130859,-0.05359312519431114,0.04393719881772995,0.05990816652774811,0.07879739999771118,-0.310957133769989,0.29615920782089233,2.584725856781006,-0.008351033553481102,-2.7183895111083984,2.0994536876678467,-1.1453763246536255,-1.477156639099121,-0.473374605178833,-0.6409021019935608,2.5111186504364014,2.7174201011657715,-0.16995008289813995,-2.9913320541381836,0.4000000059604645,0.05000000074505806,-0.3100000023841858,0.49000000953674316,-0.20999999344348907,0.0,-0.4689105153083801,-0.06378210335969925,0.3403206169605255,0.5864747166633606,-0.2541027069091797,0.0,0.035052768886089325,0.13300037384033203,0.25485101342201233,0.05142752453684807,-0.4315817356109619,0.7374303340911865,-0.01811729185283184,0.3301413953304291,-0.8745861053466797,0.0026017576456069946,0.05766943097114563,-0.38988661766052246,0.000230446457862854,0.050415754318237305,-0.007952431216835976,0.04955899715423584,0.02299775741994381,-0.0060174958780407906,101.93051147460938,170.07049560546875,0.5,0.0,0.0,0.21068046987056732,0.0,0.5396731495857239,0.8391041159629822,0.0,0.0,0.0,0.0,39.43585968017578,0.0
3.18,4.055556297302246,0.342024522789395,0.9396910267799128,1.0,0.0,1.0,1.0,-0.037111733108758926,-0.0797341838479042,0.11822453141212463,-0.045683860778808594,0.009636899456381798,-0.8291630744934082,-0.04441935196518898,0.03484516218304634,0.06369942426681519,0.04200698807835579,-0.3569430410861969,0.30171072483062744,2.585188150405884,-0.007385727949440479,-2.7168822288513184,2.0996103286743164,-1.1483078002929688,-1.4727822542190552,-0.472994327545166,-0.6383177638053894,2.501269817352295,2.7181649208068848,-0.1689712107181549,-2.9942219257354736,0.4000000059604645,0.05000000074505806,-0.3100000023841858,0.49000000953674316,-0.20999999344348907,0.0,-0.4855060875415802,-0.06710121780633926,0.34762266278266907,0.6097084879875183,-0.26472386717796326,0.0,-0.16871385276317596,-0.2195144146680832,-0.0596882700920105,-0.020588716492056847,-1.2621471881866455,1.5825074911117554,0.047471195459365845,0.22829055786132812,-1.020206332206726,0.08049929887056351,-0.011026561260223389,-0.33522215485572815,-0.00018090754747390747,0.05056953430175781,-0.001235472271218896,0.04337642714381218,0.04205082356929779,-0.01692841947078705,127.59310913085938,170.24490356445312,0.5,0.0,0.0,0.19660133123397827,0.0,0.551444947719574,0.833552360534668,0.0,0.0,0.0,0.0,51.241233825683594,0.0
3.19,4.066667079925537,0.406739015170177,0.9135444015144498,1.0,0.0,1.0,1.0,-0.03647921234369278,-0.07984583079814911,0.1188911497592926,-0.04930877685546875,0.00980011560022831,-0.8264164924621582,-0.035637859255075455,0.031186560168862343,0.0638718381524086,0.015220822766423225,-0.36211299896240234,0.2615766227245331,2.5829992294311523,-0.01054397877305746,-2.7164952754974365,2.0988287925720215,-1.1493830680847168,-1.4705922603607178,-0.47275257110595703,-0.6361458897590637,2.4908595085144043,2.718931198120117,-0.16944155097007751,-2.9963037967681885,0.4000000059604645,0.05000000074505806,-0.3100000023841858,0.49000000953674316,-0.20999999344348907,0.0,-0.5016850829124451,-0.07033701986074448,0.3547414541244507,0.6323591470718384,-0.2750784456729889,0.0,-0.15179958939552307,-0.22807002067565918,0.026027817279100418,-0.045141980051994324,0.01969742774963379,0.18417054414749146,0.010927353985607624,0.19579200446605682,-1.0253695249557495,0.07472462952136993,-0.15871188044548035,-0.21390488743782043,-0.00020043924450874329,0.05076806992292404,-0.00045422749826684594,0.0318196639418602,-0.01046486385166645,-0.02447643131017685,159.33963012695312,173.07066345214844,0.5,0.0,0.0,0.18301686644554138,0.0,0.5622768402099609,0.8721057176589966,0.0,0.0,0.0,0.0,36.16538619995117,0.0
3.2,4.077778339385986,0.4694746784299341,0.8829459362345521,1.0,0.0,1.0,1.0,-0.03585521876811981,-0.0800570696592331,0.11957994103431702,-0.05291318893432617,0.009855042211711407,-0.8237314224243164,-0.028707711026072502,0.025520602241158485,0.06733426451683044,0.019248979166150093,-0.3553779125213623,0.27579212188720703,2.581177234649658,-0.0135735385119915,-2.716416358947754,2.0979435443878174,-1.1509400606155396,-1.4678460359573364,-0.4726093113422394,-0.6339131593704224,2.480396032333374,2.7196366786956787,-0.1711626648902893,-2.9990968704223633,0.4000000059604645,0.05000000074505806,-0.3100000023841858,0.49000000953674316,-0.20999999344348907,0.0,-0.5173686742782593,-0.0734737366437912,0.3616422414779663,0.6543161869049072,-0.28511595726013184,0.0,-0.17112213373184204,-0.25348788499832153,0.016879811882972717,-0.07636486738920212,0.056596577167510986,0.3081344962120056,0.02451753430068493,0.23647603392601013,-0.9764235615730286,0.0667293518781662,-0.11200502514839172,-1.005218505859375,-0.00019771605730056763,0.051012761890888214,0.0005057392409071326,0.027641430497169495,-0.0044181132689118385,-0.031031588092446327,179.28427124023438,168.9584503173828,0.5,0.0,0.0,0.17049114406108856,0.0,0.5709999203681946,0.8588829636573792,0.0,0.0,0.0,0.0,36.692970275878906,0.0
3.21,4.088889122009277,0.5299205064014163,0.8480473199623157,1.0,0.0,1.0,1.0,-0.03525656834244728,-0.08030951023101807,0.12026846408843994,-0.05633735656738281,0.009894132614135742,-0.8212752342224121,-0.023232700303196907,0.02201768010854721,0.06476929038763046,0.014020928181707859,-0.32589012384414673,0.23183003067970276,2.579925775527954,-0.016582831740379333,-2.716562271118164,2.0968196392059326,-1.1524041891098022,-1.4650076627731323,-0.4725469946861267,-0.6319460272789001,2.4702343940734863,2.7202842235565186,-0.17306232452392578,-3.0008280277252197,0.4000000059604645,0.05000000074505806,-0.3100000023841858,0.49000000953674316,-0.20999999344348907,0.0,-0.5324801206588745,-0.07649601995944977,0.3682912588119507,0.6754721403121948,-0.2947872579097748,0.0,-0.07640405744314194,-0.25311753153800964,0.000553082674741745,-0.11047269403934479,-0.01178675889968872,0.1820845603942871,6.687419954687357e-06,0.1685214787721634,-0.885485827922821,0.0487932525575161,-0.24058641493320465,-0.622120201587677,-0.0002001747488975525,0.05125071108341217,-0.0007756624254398048,0.025656728073954582,-0.006028515752404928,-0.030738819390535355,178.9436492919922,164.2115020751953,0.5,0.0,0.0,0.15937477350234985,0.0,0.577807605266571,0.8980852365493774,0.0,0.0,0.0,0.0,28.723051071166992,0.0
3.22,4.100000381469727,0.5877871913791057,0.8090155855424928,1.0,0.0,1.0,1.0,-0.0347125269472599,-0.08052761852741241,0.12092423439025879,-0.059339046478271484,0.010018440894782543,-0.8192834854125977,-0.018834447488188744,0.018278516829013824,0.0607641264796257,0.028756624087691307,-0.27738454937934875,0.17748509347438812,2.579167127609253,-0.019596058875322342,-2.7167088985443115,2.095712423324585,-1.1537654399871826,-1.4623421430587769,-0.4727877080440521,-0.6302748918533325,2.4611310958862305,2.720632314682007,-0.17445766925811768,-3.001546621322632,0.4000000059604645,0.05000000074505806,-0.3100000023841858,0.49000000953674316,-0.20999999344348907,0.0,-0.5469468832015991,-0.07938937842845917,0.374656617641449,0.695725679397583,-0.30404600501060486,0.0,-0.034813448786735535,-0.2552114427089691,0.021259784698486328,-0.09101991355419159,0.023074448108673096,0.19462981820106506,-0.029450027272105217,0.16442354023456573,-0.7458242177963257,0.017953140661120415,-0.06723037362098694,-0.48319223523139954,-0.00020032376050949097,0.051451943814754486,-0.0002150390500901267,0.022306406870484352,-0.006324721500277519,-0.028374945744872093,175.5827178955078,155.3932647705078,0.5,0.0,0.0,0.1501709669828415,0.0,0.5833041071891785,0.9389417171478271,0.0,0.0,0.0,0.0,23.15329360961914,0.0
3.23,4.111111640930176,0.6427901598076683,0.7660423033060462,1.0,0.0,1.0,1.0,-0.0342554934322834,-0.08062852174043655,0.12151414155960083,-0.06162548065185547,0.010397858917713165,-0.8178038597106934,-0.015245378017425537,0.013004124164581299,0.0531955361366272,0.0563548319041729,-0.19333595037460327,0.12535467743873596,2.578317165374756,-0.022454142570495605,-2.716090202331543,2.095101833343506,-1.1550577878952026,-1.459804654121399,-0.47402021288871765,-0.628993809223175,2.4537107944488525,2.7204742431640625,-0.17470955848693848,-3.000528335571289,0.4000000059604645,0.05000000074505806,-0.3100000023841858,0.49000000953674316,-0.20999999344348907,0.0,-0.5606977343559265,-0.08213955163955688,0.3807070255279541,0.7149768471717834,-0.3128465414047241,0.0,-0.07361902296543121,-0.22179821133613586,0.1304413229227066,-0.016560852527618408,0.04281502962112427,0.210556298494339,-0.17582380771636963,0.10198760777711868,-0.5529048442840576,-0.025495678186416626,0.07145389914512634,-0.17638790607452393,-0.0002003796398639679,0.05156758427619934,-9.09667433006689e-05,0.012152798473834991,-0.0070113069377839565,-0.018650485202670097,177.63514709472656,150.71388244628906,0.5,0.0,0.0,0.14338217675685883,0.0,0.5878438949584961,0.9690611362457275,0.0,0.0,0.0,0.0,22.635610580444336,0.0
3.24,4.122222900390625,0.6946614356011178,0.7193368403526919,1.0,0.0,1.0,1.0,-0.033887527883052826,-0.08064260333776474,0.12203401327133179,-0.0632333755493164,0.011023878119885921,-0.8167757987976074,-0.00942120049148798,0.005635691341012716,0.047586310654878616,0.07539570331573486,-0.13748101890087128,0.08419589698314667,2.5773775577545166,-0.02513648197054863,-2.7147679328918457,2.094881772994995,-1.1562285423278809,-1.4574025869369507,-0.4763473570346832,-0.6281535029411316,2.448263168334961,2.7198898792266846,-0.17505264282226562,-2.9997613430023193,0.4000000059604645,0.05000000074505806,-0.3100000023841858,0.49000000953674316,-0.20999999344348907,0.0,-0.5736656785011292,-0.08473312854766846,0.3864128887653351,0.7331319451332092,-0.32114601135253906,0.0,-0.0683026984333992,-0.2061036378145218,0.18328921496868134,0.011657316237688065,0.0897793173789978,0.21618303656578064,-0.2603573203086853,0.0679628998041153,-0.3920380175113678,-0.05926290899515152,-0.045361146330833435,-0.19047945737838745,-0.00020051002502441406,0.05162934213876724,-0.0001079483117791824,0.002530351048335433,-0.008698132820427418,-0.012838643975555897,180.85841369628906,154.31649780273438,0.5,0.0,0.0,0.138624906539917,0.0,0.595065712928772,0.9859221577644348,0.0,0.0,0.0,0.0,22.474353790283203,0.0
3.25,4.133333683013916,0.7431462956277398,0.6691289735878787,1.0,0.0,1.0,1.0,-0.03357135131955147,-0.08064812421798706,0.122507244348526,-0.0644063949584961,0.011805317364633083,-0.8160958290100098,-0.0019643185660243034,-0.0005132835358381271,0.0441729798913002,0.08567102253437042,-0.10080648213624954,0.05610140785574913,2.576742649078369,-0.027785109356045723,-2.7132728099823,2.094680070877075,-1.1572881937026978,-1.4550564289093018,-0.47922641038894653,-0.6277424693107605,2.4436023235321045,2.7193191051483154,-0.17426002025604248,-2.9978103637695312,0.4000000059604645,0.05000000074505806,-0.3100000023841858,0.49000000953674316,-0.20999999344348907,0.0,-0.5857868194580078,-0.08715736120939255,0.3917461931705475,0.7501015663146973,-0.32890355587005615,0.0,-0.033963341265916824,-0.2084784060716629,0.1941705197095871,-0.0013868045061826706,0.11370325088500977,0.1996246576309204,-0.30592915415763855,0.026651740074157715,-0.3317972421646118,-0.04888230562210083,0.182244211435318,-0.5451204180717468,-0.000200565904378891,0.051626741886138916,0.00030449178302660584,-0.009585803374648094,-0.0077039944007992744,-0.008819102309644222,181.95773315429688,159.0826416015625,0.5,0.0,0.0,0.13509608805179596,0.0,0.6041474938392639,0.993725061416626,0.0,0.0,0.0,0.0,22.061477661132812,0.0
3.2600000000000002,4.144444942474365,0.7880126801395447,0.6156590094681402,1.0,0.0,1.0,1.0,-0.03328908234834671,-0.080680251121521,0.12296125292778015,-0.06528377532958984,0.012662309221923351,-0.8154697418212891,0.0049940296448767185,-0.006619744002819061,0.04341524839401245,0.09220336377620697,-0.07675469666719437,0.0682448148727417,2.576051712036133,-0.0303423423320055,-2.711477041244507,2.094414472579956,-1.1581873893737793,-1.4527666568756104,-0.4822496473789215,-0.627632200717926,2.439814567565918,2.718827486038208,-0.1742630898952484,-2.9970686435699463,0.4000000059604645,0.05000000074505806,-0.3100000023841858,0.49000000953674316,-0.20999999344348907,0.0,-0.5970032215118408,-0.08940063416957855,0.39668139815330505,0.7658044695854187,-0.3360820412635803,0.0,-0.06663863360881805,-0.19492360949516296,0.24202799797058105,-0.009691810235381126,0.15374153852462769,0.19357219338417053,-0.2981806993484497,0.008422274142503738,-0.3416857123374939,-0.05195394530892372,-0.06693591922521591,-0.013414263725280762,-0.0002007707953453064,0.051629580557346344,0.000292925164103508,-0.003391764359548688,-0.007001469377428293,-0.012198872864246368,183.87290954589844,157.26242065429688,0.5,0.0,0.0,0.1323721706867218,0.0,0.6125348210334778,0.990728497505188,0.0,0.0,0.0,0.0,24.244361877441406,0.0
3.27,4.155555725097656,0.8290381682428829,0.5591920203261894,1.0,0.0,1.0,1.0,-0.033025939017534256,-0.08075353503227234,0.12341094017028809,-0.06596803665161133,0.013543686829507351,-0.8147082328796387,0.011488808318972588,-0.01091870665550232,0.042905695736408234,0.09223096817731857,-0.060203682631254196,0.08187879621982574,2.5750620365142822,-0.0327545702457428,-2.709303617477417,2.0940780639648438,-1.1589339971542358,-1.450486421585083,-0.48510563373565674,-0.6275196075439453,2.436218500137329,2.718543529510498,-0.1743771880865097,-2.9968717098236084,0.4000000059604645,0.05000000074505806,-0.3100000023841858,0.49000000953674316,-0.20999999344348907,0.0,-0.6072595119476318,-0.09145190566778183,0.40119418501853943,0.7801633477210999,-0.342646062374115,0.0,-0.09083354473114014,-0.18600808084011078,0.2669815719127655,-0.022936221212148666,0.1442442536354065,0.1919649988412857,-0.27827247977256775,0.013043074868619442,-0.3323042094707489,-0.0323818065226078,-0.08604928106069565,-0.042869098484516144,-0.00020052120089530945,0.051643237471580505,7.758503488730639e-05,-0.0017437573987990618,-0.006360095925629139,-0.012994013726711273,180.51853942871094,161.097412109375,0.5,0.0,0.0,0.1301632523536682,0.0,0.6203169226646423,0.9866812229156494,0.0,0.0,0.0,0.0,24.818706512451172,0.0
3.2800000000000002,4.1666669845581055,0.86602640246812,0.49999827022513366,1.0,0.0,1.0,1.0,-0.032760605216026306,-0.08090286701917648,0.12386763095855713,-0.06662940979003906,0.014314960688352585,-0.8136696815490723,0.017579229548573494,-0.01225994061678648,0.044265203177928925,0.07732062041759491,-0.06514961272478104,0.12039777636528015,2.5738418102264404,-0.0349527932703495,-2.7070436477661133,2.0935373306274414,-1.1595159769058228,-1.4481980800628662,-0.4872801601886749,-0.6270626187324524,2.432131052017212,2.7185990810394287,-0.17459173500537872,-2.9967241287231445,0.4000000059604645,0.05000000074505806,-0.3100000023841858,0.49000000953674316,-0.20999999344348907,0.0,-0.6165066361427307,-0.09330132603645325,0.40526291728019714,0.7931092977523804,-0.3485642373561859,0.0,-0.1123308390378952,-0.1812841147184372,0.26825278997421265,-0.07675608992576599,0.21499264240264893,-0.07683515548706055,-0.1791631579399109,0.06994818896055222,-0.3783721923828125,0.011271702125668526,-0.16890445351600647,-0.1967972218990326,-0.00020006299018859863,0.051692113280296326,-0.0007576768985018134,0.00522324675694108,-0.007164150942116976,-0.014758924953639507,180.99000549316406,173.42922973632812,0.5,0.0,0.0,0.1280868947505951,0.0,0.6276577711105347,0.9714249968528748,0.0,0.0,0.0,0.0,26.31754493713379,0.0
3.29,4.177778244018555,0.8987953304935892,0.4383685137905318,1.0,0.0,1.0,1.0,-0.032480329275131226,-0.08112286776304245,0.12434011697769165,-0.06732654571533203,0.014937084168195724,-0.8122639656066895,0.022554710507392883,-0.012234020046889782,0.04530404880642891,0.0650600790977478,-0.06797981262207031,0.1561342179775238,2.5722601413726807,-0.03694029152393341,-2.7046713829040527,2.0927958488464355,-1.1599547863006592,-1.4460338354110718,-0.48860183358192444,-0.6259492039680481,2.427384853363037,2.7189204692840576,-0.1750970333814621,-2.9968132972717285,0.4000000059604645,0.05000000074505806,-0.3100000023841858,0.49000000953674316,-0.20999999344348907,0.0,-0.6246989369392395,-0.09493979066610336,0.4088675379753113,0.8045785427093506,-0.35380733013153076,0.0,-0.14839255809783936,-0.16044773161411285,0.28574061393737793,-0.09684760868549347,0.25813066959381104,-0.13220739364624023,-0.09479834884405136,0.13889580965042114,-0.40677765011787415,0.04005160927772522,0.07350212335586548,-0.9259413480758667,-0.00020016729831695557,0.05179891735315323,-0.0006384626612998545,0.006413185503333807,-0.007621662691235542,-0.019940555095672607,173.92837524414062,169.85350036621094,0.5,0.0,0.0,0.12602418661117554,0.0,0.6336824297904968,0.9524136781692505,0.0,0.0,0.0,0.0,29.295684814453125,0.0
3.3000000000000003,4.188889503479004,0.9271853011345441,0.3746030130151716,1.0,0.0,1.0,1.0,-0.032198235392570496,-0.08136522769927979,0.12480410933494568,-0.06792974472045898,0.015462509356439114,-0.8106040954589844,0.026202259585261345,-0.011134962551295757,0.04269781708717346,0.05976574122905731,-0.04982823505997658,0.17278742790222168,2.570253372192383,-0.03862505778670311,-2.702026605606079,2.092087984085083,-1.1603084802627563,-1.4439544677734375,-0.48937687277793884,-0.624212920665741,2.422301769256592,2.7193305492401123,-0.17572204768657684,-2.996159076690674,0.4000000059604645,0.05000000074505806,-0.3100000023841858,0.49000000953674316,-0.20999999344348907,0.0,-0.6317964792251587,-0.09635929763317108,0.4119904637336731,0.8145150542259216,-0.3583497405052185,0.0,-0.1923203468322754,-0.1290956735610962,0.3134167790412903,-0.08633959293365479,0.26510506868362427,-0.2024698257446289,-0.059457458555698395,0.19739368557929993,-0.4872320294380188,0.03827572986483574,-0.12789952754974365,0.028897598385810852,-0.00020004808902740479,0.05193455517292023,-0.000347860564943403,0.016147980466485023,-0.007771140895783901,-0.022126125171780586,170.37158203125,162.73817443847656,0.5,0.0,0.0,0.12426768988370895,0.0,0.638127863407135,0.9420367479324341,0.0,0.0,0.0,0.0,31.89478302001953,0.0
3.31,4.200000286102295,0.9510570717929908,0.3090152847231705,1.0,0.0,1.0,1.0,-0.031926192343235016,-0.08160462230443954,0.12522980570793152,-0.06834602355957031,0.015948228538036346,-0.8089375495910645,0.02993187867105007,-0.011323360726237297,0.037796929478645325,0.05802146717905998,-0.030236095190048218,0.16284030675888062,2.5681803226470947,-0.04007131978869438,-2.6993165016174316,2.0914406776428223,-1.1606156826019287,-1.4420750141143799,-0.48970693349838257,-0.6218844056129456,2.417543888092041,2.71968150138855,-0.17654958367347717,-2.995157480239868,0.4000000059604645,0.05000000074505806,-0.3100000023841858,0.49000000953674316,-0.20999999344348907,0.0,-0.6377643942832947,-0.09755288064479828,0.41461631655693054,0.822870135307312,-0.36216920614242554,0.0,-0.18316853046417236,-0.10802435129880905,0.3080713450908661,-0.0751866027712822,0.2670997977256775,-0.13981729745864868,-0.011769551783800125,0.25801727175712585,-0.4051106572151184,0.04156680405139923,-0.18861159682273865,-0.06974901258945465,-0.00020013749599456787,0.05209279805421829,4.003605499747209e-05,0.018940815702080727,-0.007417377550154924,-0.01863745041191578,167.31373596191406,161.82568359375,0.5,0.0,0.0,0.12299861013889313,0.0,0.6426310539245605,0.948347806930542,0.0,0.0,0.0,0.0,28.973222732543945,0.0
3.3200000000000003,4.211111545562744,0.9702963866562849,0.24191924694359834,1.0,0.0,1.0,1.0,-0.03167440742254257,-0.08182273805141449,0.12559285759925842,-0.06846761703491211,0.016453005373477936,-0.8075041770935059,0.03464074805378914,-0.011660940945148468,0.030753575265407562,0.060341931879520416,0.0058976346626877785,0.12901169061660767,2.5664150714874268,-0.0413333922624588,-2.696725606918335,2.0908730030059814,-1.1609184741973877,-1.4404237270355225,-0.49014195799827576,-0.6194834113121033,2.4131577014923096,2.7200260162353516,-0.17646101117134094,-2.9919748306274414,0.4000000059604645,0.05000000074505806,-0.3100000023841858,0.49000000953674316,-0.20999999344348907,0.0,-0.6425740718841553,-0.09851482510566711,0.4167326092720032,0.8296037316322327,-0.3652474284172058,0.0,-0.14018119871616364,-0.09267299622297287,0.28930315375328064,-0.0625576376914978,0.26563817262649536,-0.15802621841430664,-0.06140907108783722,0.22529329359531403,-0.3698134124279022,0.04495507478713989,-0.04460614174604416,0.2929811477661133,-0.0002001747488975525,0.05220985412597656,-0.0005452683544717729,0.014333929866552353,-0.007449011784046888,-0.013680601492524147,170.38076782226562,154.54171752929688,0.5,0.0,0.0,0.12242470681667328,0.0,0.6483073234558105,0.9672598838806152,0.0,0.0,0.0,0.0,26.729616165161133,0.0
3.33,4.222222328186035,0.9848078686252572,0.1736475219914703,1.0,0.0,1.0,1.0,-0.03144840523600578,-0.08200249820947647,0.12589088082313538,-0.06820392608642578,0.01702255569398403,-0.8064174652099609,0.03984338045120239,-0.01226884126663208,0.025168821215629578,0.06607934087514877,0.04492639750242233,0.09365056455135345,2.5650575160980225,-0.04245598986744881,-2.6942033767700195,2.0904321670532227,-1.1612398624420166,-1.438984751701355,-0.49095937609672546,-0.6174576878547668,2.409766912460327,2.7202937602996826,-0.17585673928260803,-2.988339424133301,0.4000000059604645,0.05000000074505806,-0.3100000023841858,0.49000000953674316,-0.20999999344348907,0.0,-0.646202027797699,-0.09924040734767914,0.4183288812637329,0.834682822227478,-0.36756929755210876,0.0,-0.10221695899963379,-0.08246417343616486,0.28791773319244385,-0.050350792706012726,0.27365654706954956,-0.20206016302108765,-0.08957468718290329,0.18367856740951538,-0.2679380774497986,0.04435785859823227,0.019899003207683563,0.33516985177993774,-0.00020017102360725403,0.05228204280138016,-0.0004385402426123619,0.011752969585359097,-0.007775401696562767,-0.006973168347030878,172.43515014648438,156.25404357910156,0.5,0.0,0.0,0.1227201446890831,0.0,0.6545618176460266,0.9826120734214783,0.0,0.0,0.0,0.0,24.068862915039062,0.0
3.34,4.233333587646484,0.9945220623926851,0.10452687412431261,1.0,0.0,1.0,1.0,-0.031235631555318832,-0.08215947449207306,0.12613525986671448,-0.06760549545288086,0.017654085531830788,-0.8056559562683105,0.045823145657777786,-0.012824911624193192,0.020183516666293144,0.06883827596902847,0.07559026032686234,0.06153591349720955,2.5642037391662598,-0.043513961136341095,-2.6918389797210693,2.0900306701660156,-1.161596417427063,-1.4377366304397583,-0.4921025037765503,-0.6159777641296387,2.4075655937194824,2.720520496368408,-0.17529165744781494,-2.9858996868133545,0.4000000059604645,0.05000000074505806,-0.3100000023841858,0.49000000953674316,-0.20999999344348907,0.0,-0.6486304998397827,-0.0997261106967926,0.41939741373062134,0.8380827307701111,-0.36912351846694946,0.0,-0.04477852210402489,-0.07202472537755966,0.2635190784931183,-0.047906260937452316,0.29392415285110474,-0.1957111954689026,-0.13028207421302795,0.1205812320113182,-0.07095859944820404,0.00047234632074832916,-0.14154714345932007,-0.21105942130088806,-0.00020029395818710327,0.052328117191791534,-0.0004237866378389299,0.0099854851141572,-0.007568384055048227,-0.007633611559867859,175.99600219726562,162.16783142089844,0.5,0.0,0.0,0.12376228719949722,0.0,0.6617403030395508,0.9924553036689758,0.0,0.0,0.0,0.0,17.389530181884766,0.0
3.35,4.244444847106934,0.99939091531173,0.03489696824056567,1.0,0.0,1.0,1.0,-0.031027130782604218,-0.08232418447732925,0.1263485550880432,-0.06679058074951172,0.018248531967401505,-0.8050012588500977,0.051151249557733536,-0.01197129487991333,0.018534356728196144,0.05796673521399498,0.09095757454633713,0.06487184762954712,2.563602924346924,-0.04441771283745766,-2.6895878314971924,2.0896034240722656,-1.1619292497634888,-1.4366143941879272,-0.4932821989059448,-0.614821195602417,2.405883312225342,2.720799684524536,-0.17466264963150024,-2.9842350482940674,0.4000000059604645,0.05000000074505806,-0.3100000023841858,0.49000000953674316,-0.20999999344348907,0.0,-0.6498477458953857,-0.09996955096721649,0.419933021068573,0.8397868275642395,-0.3699025511741638,0.0,-0.039042454212903976,-0.05235389247536659,0.2781852185726166,-0.06846066564321518,0.3708951473236084,-0.33770596981048584,-0.10704351961612701,0.11383135616779327,-0.06658095121383667,0.04563320800662041,0.18752241134643555,-0.7768813967704773,-0.0002003684639930725,0.052365146577358246,0.0007177951047196984,0.004205744713544846,-0.008603211492300034,-0.0025231624022126198,172.6643524169922,171.9982147216797,0.5,0.0,0.0,0.1253378838300705,0.0,0.6681670546531677,0.9916185736656189,0.0,0.0,0.0,0.0,19.884441375732422,0.0
3.36,4.255556106567383,0.9993907061872302,-0.03490295670268556,1.0,0.0,1.0,1.0,-0.030811013653874397,-0.0825069397687912,0.12654754519462585,-0.06583499908447266,0.01872989907860756,-0.8042798042297363,0.056563884019851685,-0.00887883361428976,0.017238900065422058,0.047417186200618744,0.10397689789533615,0.07470986247062683,2.5630247592926025,-0.0450722761452198,-2.6873903274536133,2.0891666412353516,-1.1622302532196045,-1.4355324506759644,-0.4944027364253998,-0.6136952042579651,2.4039926528930664,2.7211904525756836,-0.173809215426445,-2.981846809387207,0.4000000059604645,0.05000000074505806,-0.3100000023841858,0.49000000953674316,-0.20999999344348907,0.0,-0.6496953964233398,-0.09993908554315567,0.41986599564552307,0.8395736217498779,-0.3698050379753113,0.0,-0.06288529932498932,-0.03704362362623215,0.232113778591156,-0.07426606863737106,0.5361588001251221,-0.5376948118209839,-0.11580498516559601,0.1140797808766365,-0.19654791057109833,0.039940692484378815,0.048844754695892334,0.3121618330478668,-0.0001936778426170349,0.05240064859390259,0.0024296222254633904,0.01151581946760416,-0.008118528872728348,-0.008544554002583027,170.76356506347656,167.39437866210938,0.5,0.0,0.0,0.12733237445354462,0.0,0.6747393608093262,0.9888989329338074,0.0,0.0,0.0,0.0,22.911832809448242,0.0
3.37,4.266667366027832,0.9945214360380469,-0.10453283341046826,1.0,0.0,1.0,1.0,-0.030575189739465714,-0.08268959820270538,0.12674030661582947,-0.06476736068725586,0.01910487376153469,-0.8032631874084473,0.05988788604736328,-0.004631039686501026,0.01640135422348976,0.0403481088578701,0.11383654922246933,0.11469851434230804,2.5619399547576904,-0.04539589583873749,-2.684816360473633,2.0888640880584717,-1.162542462348938,-1.4345834255218506,-0.495102196931839,-0.6120664477348328,2.4019150733947754,2.721644639968872,-0.17335781455039978,-2.9797816276550293,0.4000000059604645,0.05000000074505806,-0.3100000023841858,0.49000000953674316,-0.20999999344348907,0.0,-0.6472682356834412,-0.0994536429643631,0.41879802942276,0.8361755609512329,-0.36825165152549744,0.0,-0.13255009055137634,0.003908604383468628,0.2981480658054352,-0.05600015074014664,0.5008096694946289,-0.5706979036331177,-0.029035696759819984,0.18805243074893951,-0.13683757185935974,0.029010996222496033,-0.09482394903898239,-0.14955750107765198,-0.00019241869449615479,0.05247567594051361,0.0024555842392146587,0.023927947506308556,-0.00844430923461914,-0.01165943406522274,167.61207580566406,168.59713745117188,0.5,0.0,0.0,0.12969429790973663,0.0,0.6787921786308289,0.9740316271781921,0.0,0.0,0.0,0.0,24.384809494018555,0.0
3.38,4.277778625488281,0.9848068280920987,-0.1736534230678436,1.0,0.0,1.0,1.0,-0.030322562903165817,-0.08285649865865707,0.1269071102142334,-0.06356143951416016,0.01942857913672924,-0.8021454811096191,0.06337440758943558,-0.0019103193189948797,0.012411140836775303,0.0362282432615757,0.1314520239830017,0.1041318029165268,2.560687780380249,-0.04551136493682861,-2.682086944580078,2.088669776916504,-1.1629092693328857,-1.4338947534561157,-0.495229572057724,-0.6100208759307861,2.400205135345459,2.722087860107422,-0.17325328290462494,-2.9792253971099854,0.4000000059604645,0.05000000074505806,-0.3100000023841858,0.49000000953674316,-0.20999999344348907,0.0,-0.6424610614776611,-0.09849222004413605,0.4166828691959381,0.829445481300354,-0.3651750683784485,0.0,-0.0931367501616478,0.02265997976064682,0.31516140699386597,-0.03671031445264816,0.32946664094924927,-0.3626219630241394,0.0054640816524624825,0.21187885105609894,-0.049590982496738434,0.04235050082206726,-0.10160011053085327,-0.4572289288043976,-0.00020011141896247864,0.05258402228355408,-6.921100430190563e-05,0.025737112388014793,-0.008422121405601501,-0.004415146540850401,167.87376403808594,165.5482177734375,0.5,0.0,0.0,0.13247282803058624,0.0,0.6829790472984314,0.9785466194152832,0.0,0.0,0.0,0.0,20.482864379882812,0.0
3.39,4.288889408111572,0.9702949370315338,-0.24192506106431422,1.0,0.0,1.0,1.0,-0.03007296845316887,-0.08298926055431366,0.12702152132987976,-0.06209754943847656,0.019721873104572296,-0.8011608123779297,0.06714437901973724,0.0013486489187926054,0.006723975297063589,0.03249611333012581,0.16218118369579315,0.08799400925636292,2.5595755577087402,-0.045354802161455154,-2.6794307231903076,2.0886898040771484,-1.1633168458938599,-1.433221459388733,-0.495424747467041,-0.607781171798706,2.3986237049102783,2.7224810123443604,-0.1721770167350769,-2.9766626358032227,0.4000000059604645,0.05000000074505806,-0.3100000023841858,0.49000000953674316,-0.20999999344348907,0.0,-0.6353679895401001,-0.09707359969615936,0.41356194019317627,0.8195152282714844,-0.36063551902770996,0.0,-0.10780365765094757,0.04379551485180855,0.2900078594684601,-0.01742338389158249,0.46437978744506836,-0.5399655103683472,-0.031109333038330078,0.23622696101665497,-0.12474292516708374,0.036753784865140915,0.06942028552293777,0.3115745186805725,-0.00019430369138717651,0.05265969783067703,0.0021731441374868155,0.023443331941962242,-0.008688441477715969,-0.004508276470005512,161.66392517089844,158.90768432617188,0.5,0.0,0.0,0.13598185777664185,0.0,0.6874737739562988,0.9846333861351013,0.0,0.0,0.0,0.0,23.425518035888672,0.0
3.4,4.300000190734863,0.9510561459615545,-0.30901813414224477,1.0,0.0,1.0,1.0,-0.02982981875538826,-0.0830802470445633,0.1270771324634552,-0.060328006744384766,0.020030440762639046,-0.8004350662231445,0.07161968946456909,0.002939868252724409,0.0008819201029837132,0.0351991206407547,0.19078262150287628,0.05465106666088104,2.558854818344116,-0.04505343362689018,-2.6768851280212402,2.088815450668335,-1.1638188362121582,-1.432939887046814,-0.49579912424087524,-0.6053967475891113,2.398016929626465,2.7226080894470215,-0.17136412858963013,-2.9745423793792725,0.4000000059604645,0.05000000074505806,-0.3100000023841858,0.49000000953674316,-0.20999999344348907,0.0,-0.6261268854141235,-0.09522537887096405,0.40949583053588867,0.8065776824951172,-0.35472121834754944,0.0,-0.0398603193461895,0.05717706307768822,0.2847617268562317,0.0047026462852954865,0.3059312105178833,-0.4092881679534912,-0.0353403203189373,0.24273094534873962,0.055120885372161865,0.02051709219813347,-0.05228298157453537,-0.06632807850837708,-0.00020024925470352173,0.05272766947746277,0.00031426988425664604,0.023677146062254906,-0.009790405631065369,0.002600646810606122,163.54774475097656,165.69529724121094,0.5,0.0,0.0,0.14035993814468384,0.0,0.6927842497825623,0.9940443634986877,0.0,0.0,0.0,0.0,18.700363159179688,0.0
3.41,4.3111114501953125,0.9271830564545203,-0.3746085688070332,1.0,0.0,1.0,1.0,-0.029582582414150238,-0.08316605538129807,0.12708720564842224,-0.05834770202636719,0.020328085869550705,-0.7999005317687988,0.07678760588169098,0.0038320166058838367,-0.0028850282542407513,0.029790252447128296,0.20843198895454407,0.04792223125696182,2.5585601329803467,-0.04465089738368988,-2.6746177673339844,2.0889575481414795,-1.1643623113632202,-1.4327442646026611,-0.49601420760154724,-0.6029672622680664,2.397869348526001,2.722757339477539,-0.1701563447713852,-2.9723355770111084,0.4000000059604645,0.05000000074505806,-0.3100000023841858,0.49000000953674316,-0.20999999344348907,0.0,-0.614916980266571,-0.09298339486122131,0.40456345677375793,0.7908837795257568,-0.34754684567451477,0.0,-0.003255525603890419,0.07943564653396606,0.27140867710113525,0.0021185092628002167,0.28777432441711426,-0.35564887523651123,-0.01637127250432968,0.2469301074743271,-0.009680927731096745,0.02984842285513878,0.11673732846975327,0.33739638328552246,-0.00020038336515426636,0.05278465896844864,-0.00037738188984803855,0.025002455338835716,-0.008733643218874931,-0.00042300866334699094,170.14857482910156,162.0022735595703,0.5,0.0,0.0,0.1454341560602188,0.0,0.6989005208015442,0.9954174160957336,0.0,0.0,0.0,0.0,17.50667953491211,0.0
3.42,4.322222709655762,0.898792703724024,-0.43837389946535205,1.0,0.0,1.0,1.0,-0.02932310290634632,-0.08326347917318344,0.12707048654556274,-0.05621671676635742,0.020571080967783928,-0.7993612289428711,0.08239642530679703,0.005747279617935419,-0.004746357910335064,0.02352204918861389,0.22222435474395752,0.053350165486335754,2.5584030151367188,-0.04408285394310951,-2.6724436283111572,2.0890884399414062,-1.1649162769317627,-1.4326688051223755,-0.4960491955280304,-0.6004794836044312,2.398175001144409,2.7229385375976562,-0.1696804165840149,-2.9711732864379883,0.4000000059604645,0.05000000074505806,-0.3100000023841858,0.49000000953674316,-0.20999999344348907,0.0,-0.601956844329834,-0.0903913676738739,0.39886099100112915,0.7727395296096802,-0.3392523527145386,0.0,-2.3655593395233154e-06,0.09353183954954147,0.27924880385398865,-0.004020120948553085,0.3242657780647278,-0.4215952157974243,-0.0019845522474497557,0.25399208068847656,0.09896328300237656,0.030819447711110115,0.14410072565078735,-0.47082215547561646,-0.00020035728812217712,0.05286514014005661,8.224715566029772e-05,0.025210199877619743,-0.00944842305034399,0.0011007731081917882,169.81753540039062,168.05215454101562,0.5,0.0,0.0,0.15113183856010437,0.0,0.7054978609085083,0.9943236708641052,0.0,0.0,0.0,0.0,20.95180892944336,0.0
3.43,4.333333969116211,0.8660234064067123,-0.5000034595437459,1.0,0.0,1.0,1.0,-0.029030725359916687,-0.08338885009288788,0.12704786658287048,-0.054038047790527344,0.020688330754637718,-0.7986350059509277,0.08812668174505234,0.010293067432940006,-0.005019648931920528,0.008121727034449577,0.21993345022201538,0.07798848301172256,2.558199644088745,-0.04329082742333412,-2.670348644256592,2.0891950130462646,-1.1654986143112183,-1.4325848817825317,-0.495782732963562,-0.597709596157074,2.397732973098755,2.723320484161377,-0.1686181128025055,-2.968658924102783,0.4000000059604645,0.05000000074505806,-0.3100000023841858,0.49000000953674316,-0.20999999344348907,0.0,-0.5874991416931152,-0.08749982714653015,0.3924996256828308,0.7524987459182739,-0.3299994170665741,0.0,-0.006958629935979843,0.10941813141107559,0.22388942539691925,-0.029102787375450134,0.44743478298187256,-0.6626280546188354,0.04848005250096321,0.2856680154800415,-0.09116347134113312,0.07371754199266434,0.1600462645292282,0.3987073302268982,-0.0001930147409439087,0.052946947515010834,0.0015343987615779042,0.034289438277482986,-0.009290737099945545,-0.0002073490177281201,172.0174560546875,173.55398559570312,0.5,0.0,0.0,0.15728645026683807,0.0,0.7121326327323914,0.9879093170166016,0.0,0.0,0.0,0.0,23.469785690307617,0.0
3.44,4.34444522857666,0.8290348174865323,-0.5591969880060802,1.0,0.0,1.0,1.0,-0.028687529265880585,-0.08355758339166641,0.12702757120132446,-0.051900386810302734,0.020640645176172256,-0.7976818084716797,0.09350088983774185,0.0148334801197052,-0.005016283132135868,-0.007919738069176674,0.21623225510120392,0.10253943502902985,2.5580835342407227,-0.042343784123659134,-2.6684930324554443,2.0891475677490234,-1.1661487817764282,-1.4326515197753906,-0.49500876665115356,-0.5946637392044067,2.3970415592193604,2.7238237857818604,-0.1683965027332306,-2.967968702316284,0.4000000059604645,0.05000000074505806,-0.3100000023841858,0.49000000953674316,-0.20999999344348907,0.0,-0.5718245506286621,-0.08436490595340729,0.38560280203819275,0.7305543422698975,-0.31996768712997437,0.0,-0.002304825931787491,0.13110658526420593,0.20692399144172668,-0.043934665620326996,0.44535207748413086,-0.6903525590896606,0.0992201492190361,0.311160683631897,0.01435113325715065,0.04656320810317993,-0.15775281190872192,-0.3684283494949341,-0.00018944218754768372,0.053081199526786804,0.0018636190798133612,0.04321053624153137,-0.009433474391698837,-0.005992846563458443,168.99537658691406,176.44671630859375,0.5,0.0,0.0,0.16372255980968475,0.0,0.7182604074478149,0.9791908264160156,0.0,0.0,0.0,0.0,21.82660675048828,0.0
3.45,4.355556011199951,0.788008991027382,-0.6156637313176793,1.0,0.0,1.0,1.0,-0.028308574110269547,-0.08374807983636856,0.1270047426223755,-0.04973793029785156,0.020425453782081604,-0.7964949607849121,0.09777501225471497,0.0203753300011158,-0.005888569168746471,-0.02323533035814762,0.224010169506073,0.12078272551298141,2.5578250885009766,-0.04112903028726578,-2.66668963432312,2.089113235473633,-1.166853666305542,-1.4326938390731812,-0.49376043677330017,-0.5912877321243286,2.3963704109191895,2.724311351776123,-0.16925394535064697,-2.9696903228759766,0.4000000059604645,0.05000000074505806,-0.3100000023841858,0.49000000953674316,-0.20999999344348907,0.0,-0.5552394390106201,-0.0810478925704956,0.3783053755760193,0.7073352336883545,-0.309353232383728,0.0,-0.029591303318738937,0.1469895839691162,0.20023207366466522,-0.029994096606969833,0.3184241056442261,-0.5469238758087158,0.14289864897727966,0.35167089104652405,-0.0024140551686286926,0.05007770285010338,-0.19211497902870178,-0.44941574335098267,-0.0001806989312171936,0.05327212065458298,0.0018841857090592384,0.04869282990694046,-0.006993921939283609,-0.007267235778272152,164.62078857421875,173.65350341796875,0.5,0.0,0.0,0.17068451642990112,0.0,0.7229608297348022,0.9712446331977844,0.0,0.0,0.0,0.0,21.270030975341797,0.0
3.46,4.366666793823242,0.7431442908763796,-0.6691312000929587,1.0,0.0,1.0,1.0,-0.027921229600906372,-0.08389569073915482,0.12694799900054932,-0.047327518463134766,0.020133979618549347,-0.7952823638916016,0.10140565037727356,0.02595711126923561,-0.010866666212677956,-0.025443632155656815,0.25860732793807983,0.1113092452287674,2.5574471950531006,-0.0395987331867218,-2.6646671295166016,2.0892715454101562,-1.1675688028335571,-1.4332107305526733,-0.492752343416214,-0.5876858234405518,2.3954391479492188,2.7247304916381836,-0.16922542452812195,-2.9690401554107666,0.4000000059604645,0.05000000074505806,-0.3100000023841858,0.49000000953674316,-0.20999999344348907,0.0,-0.5380658507347107,-0.07761316746473312,0.37074896693229675,0.6832921504974365,-0.298362135887146,0.0,-0.03126330301165581,0.18640568852424622,0.23897957801818848,-2.0228326320648193e-05,0.35234349966049194,-0.6536513566970825,0.07400497049093246,0.36855417490005493,-0.10156350582838058,0.06316172331571579,0.09870597720146179,0.27891162037849426,-0.00018864497542381287,0.05343382805585861,0.0021049014758318663,0.0440494529902935,-0.008347510360181332,-0.0016017891466617584,162.44744873046875,166.80186462402344,0.5,0.0,0.0,0.1788376122713089,0.0,0.7268010973930359,0.9755249619483948,0.0,0.0,0.0,0.0,24.73189353942871,0.0
3.47,4.377778053283691,0.6946571252414098,-0.7193410028292149,1.0,0.0,1.0,1.0,-0.027539648115634918,-0.08396269381046295,0.12682893872261047,-0.044510841369628906,0.019880523905158043,-0.7943682670593262,0.10556948184967041,0.02930063009262085,-0.01759565807878971,-0.02166474424302578,0.30067574977874756,0.07460910826921463,2.557331085205078,-0.037876907736063004,-2.662569999694824,2.0897445678710938,-1.168438196182251,-1.4339632987976074,-0.4925321340560913,-0.58417147397995,2.395259380340576,2.724848747253418,-0.168559268116951,-2.966848373413086,0.4000000059604645,0.05000000074505806,-0.3100000023841858,0.49000000953674316,-0.20999999344348907,0.0,-0.5206369161605835,-0.07412739098072052,0.3630802631378174,0.6588916778564453,-0.28720763325691223,0.0,0.022589532658457756,0.2140333652496338,0.27196699380874634,0.049802619963884354,0.2046486735343933,-0.37200474739074707,-0.0009925044141709805,0.34540146589279175,0.07306140661239624,0.02605167031288147,0.0581163614988327,0.10840728878974915,-0.0002003684639930725,0.05354403704404831,-0.0006034481339156628,0.041071128100156784,-0.008135838434100151,0.003841538680717349,167.58335876464844,165.54623413085938,0.5,0.0,0.0,0.18868345022201538,0.0,0.7313464879989624,0.9889286756515503,0.0,0.0,0.0,0.0,20.856212615966797,0.0
3.48,4.388889312744141,0.6427855695845054,-0.7660461549632132,1.0,0.0,1.0,1.0,-0.02716166526079178,-0.08400033414363861,0.12665727734565735,-0.041398048400878906,0.019615452736616135,-0.7936897277832031,0.11138493567705154,0.03092329204082489,-0.021894581615924835,-0.0274569820612669,0.32306045293807983,0.05228425934910774,2.5576012134552,-0.035959456115961075,-2.660663366317749,2.090362071990967,-1.1693801879882812,-1.4347484111785889,-0.4925500154495239,-0.5809022784233093,2.395994186401367,2.7248635292053223,-0.16798102855682373,-2.965430974960327,0.4000000059604645,0.05000000074505806,-0.3100000023841858,0.49000000953674316,-0.20999999344348907,0.0,-0.503292977809906,-0.0706585943698883,0.3554489016532898,0.6346101760864258,-0.2761074900627136,0.0,0.08044879138469696,0.23418599367141724,0.23270229995250702,0.054057490080595016,0.18543386459350586,-0.32738828659057617,0.0002273798454552889,0.31472304463386536,0.1294095367193222,0.00868759211152792,0.03694114089012146,0.05621263384819031,-0.0002002716064453125,0.05363835394382477,-0.0009447181946597993,0.0413028784096241,-0.008227350190281868,0.0021300464868545532,175.39443969726562,161.15330505371094,0.5,0.0,0.0,0.20009218156337738,0.0,0.7378934621810913,0.9945476651191711,0.0,0.0,0.0,0.0,21.192378997802734,0.0
3.49,4.40000057220459,0.5877823436561908,-0.8090191076149165,1.0,0.0,1.0,1.0,-0.0267644040286541,-0.08405327796936035,0.12646424770355225,-0.03813743591308594,0.019286390393972397,-0.793055534362793,0.1178867369890213,0.03318200632929802,-0.022679895162582397,-0.0354350246489048,0.33246031403541565,0.06004618480801582,2.5581769943237305,-0.03393041715025902,-2.658965587615967,2.090918779373169,-1.170358657836914,-1.4356313943862915,-0.492390900850296,-0.5776336193084717,2.396925449371338,2.724931240081787,-0.16749785840511322,-2.9645862579345703,0.4000000059604645,0.05000000074505806,-0.3100000023841858,0.49000000953674316,-0.20999999344348907,0.0,-0.4863720238208771,-0.06727440655231476,0.34800368547439575,0.6109208464622498,-0.26527807116508484,0.0,0.09508416801691055,0.24540649354457855,0.22456389665603638,0.04169757664203644,0.1943640112876892,-0.33809995651245117,0.027535978704690933,0.3339216113090515,0.16730782389640808,0.024800289422273636,-0.055121004581451416,-0.193510502576828,-0.00019986554980278015,0.05373808741569519,-0.00032263327739201486,0.04560175538063049,-0.007664778735488653,0.0050405170768499374,179.12747192382812,175.49679565429688,0.5,0.0,0.0,0.21276170015335083,0.0,0.7451101541519165,0.992814838886261,0.0,0.0,0.0,0.0,23.665298461914062,0.0
3.5,4.411111831665039,0.5299154247969985,-0.848050495290355,1.0,0.0,1.0,1.0,-0.026329226791858673,-0.08413621783256531,0.12627291679382324,-0.034809112548828125,0.018856529146432877,-0.792304515838623,0.12462693452835083,0.037080779671669006,-0.021544456481933594,-0.04610639810562134,0.3379786014556885,0.0750817358493805,2.558872938156128,-0.03177671879529953,-2.6573855876922607,2.0913949012756348,-1.1713826656341553,-1.4365061521530151,-0.4920409619808197,-0.5742729902267456,2.3974967002868652,2.7251288890838623,-0.16699939966201782,-2.963865041732788,0.4000000059604645,0.05000000074505806,-0.3100000023841858,0.49000000953674316,-0.20999999344348907,0.0,-0.4702024459838867,-0.06404048949480057,0.3408890962600708,0.5882834196090698,-0.2549295723438263,0.0,0.07200473546981812,0.23732338845729828,0.19838303327560425,0.026236642152071,0.33608657121658325,-0.6382871866226196,0.03660810738801956,0.3410055637359619,0.045911096036434174,0.02625308185815811,0.029634784907102585,0.05674007534980774,-0.0001972503960132599,0.05385185778141022,0.0005738921463489532,0.04794188216328621,-0.011133711785078049,-0.0013269654009491205,174.61993408203125,172.57603454589844,0.5,0.0,0.0,0.2265763133764267,0.0,0.7523453831672668,0.9887887835502625,0.0,0.0,0.0,0.0,22.804317474365234,0.0
3.5100000000000002,4.42222261428833,0.46946938771016833,-0.8829487493637665,1.0,0.0,1.0,1.0,-0.02584320493042469,-0.08426019549369812,0.12609648704528809,-0.03148078918457031,0.01829349622130394,-0.7913875579833984,0.1310536414384842,0.04130004718899727,-0.020120520144701004,-0.06133430078625679,0.33524763584136963,0.09386774897575378,2.5597076416015625,-0.029540060088038445,-2.6559998989105225,2.0917272567749023,-1.1724990606307983,-1.4373483657836914,-0.4912961721420288,-0.5706537961959839,2.397740602493286,2.7253715991973877,-0.16719794273376465,-2.9644713401794434,0.4000000059604645,0.05000000074505806,-0.3100000023841858,0.49000000953674316,-0.20999999344348907,0.0,-0.45510029792785645,-0.06102006137371063,0.33424413204193115,0.5671404600143433,-0.2452641874551773,0.0,0.11479581147432327,0.25816449522972107,0.17555300891399384,0.003446463495492935,0.198741614818573,-0.47548437118530273,0.10613202303647995,0.3700345456600189,0.10243083536624908,0.03376995027065277,-0.16342923045158386,-0.4504902958869934,-0.00019103288650512695,0.05400567501783371,0.0004134023329243064,0.05733073130249977,-0.007320566102862358,-0.0021893249358981848,170.64447021484375,178.48233032226562,0.5,0.0,0.0,0.24143502116203308,0.0,0.7590753436088562,0.9825320243835449,0.0,0.0,0.0,0.0,24.567428588867188,0.0
3.52,4.433333396911621,0.40673627813795976,-0.9135456201233083,1.0,0.0,1.0,1.0,-0.025319600477814674,-0.08440674096345901,0.12592965364456177,-0.02810955047607422,0.017582383006811142,-0.7902536392211914,0.13592281937599182,0.046639133244752884,-0.019719280302524567,-0.07501194626092911,0.34459996223449707,0.11535391211509705,2.5604183673858643,-0.02707531675696373,-2.6546201705932617,2.0920703411102295,-1.1736661195755005,-1.4380563497543335,-0.489986777305603,-0.5666622519493103,2.397716999053955,2.7256367206573486,-0.16800855100154877,-2.966498851776123,0.4000000059604645,0.05000000074505806,-0.3100000023841858,0.49000000953674316,-0.20999999344348907,0.0,-0.4413585662841797,-0.05827171728014946,0.32819777727127075,0.54790198802948,-0.23646947741508484,0.0,0.06559129059314728,0.27189016342163086,0.16694727540016174,0.021458737552165985,0.1368435025215149,-0.4613114595413208,0.1493138074874878,0.4181349575519562,0.04417778551578522,0.03943786770105362,-0.14997424185276031,-0.39175865054130554,-0.00017509236931800842,0.05420346558094025,0.0007819180027581751,0.06272561848163605,-0.007219276856631041,-0.004384185653179884,166.84713745117188,176.97616577148438,0.5,0.0,0.0,0.2576605975627899,0.0,0.763795793056488,0.9737379550933838,0.0,0.0,0.0,0.0,22.775650024414062,0.0
3.5300000000000002,4.44444465637207,0.34201889204895375,-0.939693076212444,1.0,0.0,1.0,1.0,-0.024786170572042465,-0.08452220261096954,0.12574294209480286,-0.024505615234375,0.016785718500614166,-0.7891020774841309,0.14028942584991455,0.05175062641501427,-0.023194270208477974,-0.08007247000932693,0.37596750259399414,0.10420931875705719,2.5611119270324707,-0.024356205016374588,-2.6530439853668213,2.0924949645996094,-1.1748212575912476,-1.4393573999404907,-0.4886886775493622,-0.5624338388442993,2.3976879119873047,2.7257702350616455,-0.16859237849712372,-2.9677999019622803,0.4000000059604645,0.05000000074505806,-0.3100000023841858,0.49000000953674316,-0.20999999344348907,0.0,-0.42924413084983826,-0.05584882199764252,0.32286742329597473,0.5309417843818665,-0.22871622443199158,0.0,0.08936432003974915,0.3036341071128845,0.20052140951156616,0.0419355183839798,0.10495749115943909,-0.4241411089897156,0.11694483458995819,0.4326840043067932,-0.012346895411610603,0.04804380610585213,0.061434078961610794,0.09407226741313934,-0.00018619373440742493,0.05439722537994385,-0.0003082019102293998,0.060643672943115234,-0.006586633622646332,-0.0003077411383856088,163.47247314453125,170.02627563476562,0.5,0.0,0.0,0.27606821060180664,0.0,0.767866313457489,0.9785149693489075,0.0,0.0,0.0,0.0,22.640872955322266,0.0
3.54,4.4555559158325195,0.27563517982076013,-0.9612623198925345,1.0,0.0,1.0,1.0,-0.024254608899354935,-0.08456522971391678,0.1255100965499878,-0.020521163940429688,0.016014818102121353,-0.7882637977600098,0.14489834010601044,0.055396635085344315,-0.028626849874854088,-0.07586333155632019,0.4167698323726654,0.058660201728343964,2.562122106552124,-0.021534033119678497,-2.6514439582824707,2.093170166015625,-1.1760985851287842,-1.4409106969833374,-0.4878048598766327,-0.5580238699913025,2.3984570503234863,2.7255377769470215,-0.16893675923347473,-2.968214988708496,0.4000000059604645,0.05000000074505806,-0.3100000023841858,0.49000000953674316,-0.20999999344348907,0.0,-0.4189935326576233,-0.05379870533943176,0.3183571398258209,0.51659095287323,-0.2221558392047882,0.0,0.1404329091310501,0.3183380365371704,0.19704385101795197,0.0930553525686264,0.009984731674194336,-0.20787151157855988,0.08196710795164108,0.4460567533969879,0.21422338485717773,-0.014801379293203354,-0.12205135822296143,-0.31262993812561035,-0.00019505620002746582,0.054565317928791046,-0.0012560379691421986,0.059788357466459274,-0.007131789345294237,0.002644479274749756,167.5837860107422,163.94613647460938,0.5,0.0,0.0,0.29709935188293457,0.0,0.7723388075828552,0.9931415915489197,0.0,0.0,0.0,0.0,24.816730499267578,0.0
3.5500000000000003,4.466667175292969,0.20790856485914302,-0.9781482651716005,1.0,0.0,1.0,1.0,-0.023735778406262398,-0.08455456793308258,0.12522277235984802,-0.016153812408447266,0.015247536823153496,-0.7878499031066895,0.15025678277015686,0.05782117322087288,-0.033737361431121826,-0.07837899774312973,0.45570382475852966,0.01555820181965828,2.563788890838623,-0.01852932758629322,-2.650088310241699,2.094050407409668,-1.1775164604187012,-1.4423435926437378,-0.4870383143424988,-0.5536956191062927,2.400411367416382,2.7251102924346924,-0.16907848417758942,-2.9686264991760254,0.4000000059604645,0.05000000074505806,-0.3100000023841858,0.49000000953674316,-0.20999999344348907,0.0,-0.4108065068721771,-0.05216129869222641,0.3147548735141754,0.5051290988922119,-0.21691614389419556,0.0,0.2183619886636734,0.3321687579154968,0.18215548992156982,0.09620816260576248,0.011186361312866211,-0.2608885169029236,0.06329809129238129,0.4308137595653534,0.3021167516708374,0.0080934539437294,-0.001973852515220642,-0.16269756853580475,-0.00019619613885879517,0.05472283810377121,-0.0021256390027701855,0.05673690512776375,-0.007032398134469986,0.014946567825973034,162.46304321289062,171.25608825683594,0.5,0.0,0.0,0.3206614851951599,0.0,0.7777678966522217,0.9995160102844238,0.0,0.0,0.0,0.0,26.614225387573242,0.0
3.56,4.477778434753418,0.13916901323162567,-0.9902686432257336,1.0,0.0,1.0,1.0,-0.023241013288497925,-0.08450939506292343,0.12489044666290283,-0.01141214370727539,0.01445464976131916,-0.7878932952880859,0.1560174971818924,0.05835631117224693,-0.037294525653123856,-0.08348030596971512,0.48805686831474304,-0.031143367290496826,2.566087484359741,-0.015542292036116123,-2.649050712585449,2.094947099685669,-1.1789305210113525,-1.4440891742706299,-0.48684266209602356,-0.5497372150421143,2.403130054473877,2.7245099544525146,-0.1685250699520111,-2.9672837257385254,0.4000000059604645,0.05000000074505806,-0.3100000023841858,0.49000000953674316,-0.20999999344348907,0.0,-0.40484195947647095,-0.05096839368343353,0.31213048100471497,0.4967787563800812,-0.21309885382652283,0.0,0.2529104948043823,0.3150039315223694,0.10704422742128372,0.11292879283428192,-0.051988258957862854,-0.14647157490253448,0.004978352226316929,0.37180957198143005,0.4423177242279053,-0.04779145121574402,-0.08676907420158386,-0.35189124941825867,-0.00018484517931938171,0.05484306067228317,-0.0008963568252511322,0.05052710697054863,-0.005637236405164003,0.010455911047756672,174.21395874023438,166.50355529785156,0.5,0.0,0.0,0.3459528684616089,0.0,0.7839117050170898,0.9980621337890625,0.0,0.0,0.0,0.0,28.103923797607422,0.0
3.5700000000000003,4.488889217376709,0.06975441482181208,-0.9975641942315625,1.0,1.0,1.0,1.0,-0.022772084921598434,-0.084476038813591,0.12453985214233398,-0.006407260894775391,0.013537612743675709,-0.7882285118103027,0.16203202307224274,0.05923749879002571,-0.037467360496520996,-0.09861423820257187,0.5118141174316406,-0.04961413890123367,2.5688376426696777,-0.012514375150203705,-2.6483359336853027,2.0957398414611816,-1.180203914642334,-1.4459702968597412,-0.48666834831237793,-0.5463238954544067,2.4066412448883057,2.7238502502441406,-0.16829845309257507,-2.9669134616851807,0.4000000059604645,0.05000000074505806,-0.3100000023841858,0.49000000953674316,-0.20999999344348907,0.0,-0.4000000059604645,-0.05000000074505806,0.3100000023841858,0.49000000953674316,-0.20999999344348907,0.0,0.2599654793739319,0.31176406145095825,0.09006446599960327,0.10198225826025009,-0.012078940868377686,-0.1467033326625824,0.02168651856482029,0.3291552662849426,0.4513278305530548,-0.04411782696843147,-0.045917805284261703,-0.2535443902015686,-0.00015727803111076355,0.054965779185295105,0.0007902220822870731,0.04875558987259865,-0.004873568657785654,0.009009119123220444,172.131591796875,171.92446899414062,0.5,0.0,0.0,0.37058204412460327,0.0,0.7902050018310547,0.9950889348983765,0.0,0.0,0.0,0.0,27.33087158203125,0.0
3.58,4.500000476837158,-2.996056226892924e-06,-0.9999999999955118,1.0,1.0,1.0,1.0,-0.02231026254594326,-0.08446334302425385,0.12419378757476807,-0.0012078285217285156,0.012501799501478672,-0.7887163162231445,0.16837124526500702,0.06060054898262024,-0.03644877299666405,-0.1073211133480072,0.527380645275116,-0.06273229420185089,2.5714547634124756,-0.009806773625314236,-2.6477832794189453,2.096445083618164,-1.1812477111816406,-1.4480348825454712,-0.4862784743309021,-0.5431252121925354,2.4102554321289062,2.7232015132904053,-0.16796733438968658,-2.966275215148926,0.4000000059604645,0.05000000074505806,-0.3100000023841858,0.49000000953674316,-0.20999999344348907,0.0,-0.4000000059604645,-0.05000000074505806,0.3100000023841858,0.49000000953674316,-0.20999999344348907,0.0,0.2405245006084442,0.2586999833583832,0.05962496995925903,0.09022947400808334,-0.04983452707529068,-0.1374320238828659,0.045693520456552505,0.32236728072166443,0.43427038192749023,-0.04371844232082367,-0.012957796454429626,-0.142622172832489,-7.463246583938599e-05,0.05509226769208908,0.001958968583494425,0.04959464818239212,-0.0032659764401614666,0.006645383313298225,178.69715881347656,171.65594482421875,0.5,0.0,0.0,0.38893598318099976,0.0,0.7966817021369934,0.9921602010726929,0.0,0.0,0.0,0.0,25.122255325317383,0.0
3.59,4.511111736297607,-0.06976039233738794,-0.9975637762373559,1.0,1.0,1.0,1.0,-0.021829621866345406,-0.0844884142279625,0.12385943531990051,0.00407675513997674,0.011339489370584488,-0.7892336845397949,0.1748763918876648,0.06301017105579376,-0.03476531431078911,-0.12265555560588837,0.5297545194625854,-0.05563247203826904,2.5737133026123047,-0.0076201437041163445,-2.64745831489563,2.0970091819763184,-1.18204927444458,-1.4503345489501953,-0.48546934127807617,-0.5397180318832397,2.413689613342285,2.7225606441497803,-0.16790299117565155,-2.96561861038208,0.4000000059604645,0.05000000074505806,-0.3100000023841858,0.49000000953674316,-0.20999999344348907,0.0,-0.4000000059604645,-0.05000000074505806,0.3100000023841858,0.49000000953674316,-0.20999999344348907,0.0,0.19417348504066467,0.20311421155929565,0.03417830169200897,0.07062756270170212,-0.03221765160560608,-0.18870972096920013,0.09279722720384598,0.37036851048469543,0.3489551246166229,-0.054486580193042755,-0.022484781220555305,0.04006953537464142,8.36402177810669e-05,0.05524587631225586,0.0032573167700320482,0.05304921790957451,-0.003575921291485429,-0.003087799996137619,176.26361083984375,176.65745544433594,0.5,0.0,0.0,0.39292287826538086,0.0,0.8030396103858948,0.9938291907310486,0.0,0.0,0.0,0.0,22.823583602905273,0.0
3.6,4.522222995758057,-0.1391779139276061,-0.9902673923111674,0.0,1.0,1.0,1.0,-0.021330958232283592,-0.08453763276338577,0.12353044748306274,0.009484129026532173,0.01003997027873993,-0.7897295951843262,0.1810331791639328,0.06654071807861328,-0.03491235896945,-0.1355881541967392,0.548959493637085,-0.057096175849437714,2.57547926902771,-0.00583685515448451,-2.6472373008728027,2.0975258350372314,-1.1826212406158447,-1.4528754949569702,-0.4845964014530182,-0.5358757376670837,2.4167819023132324,2.7217929363250732,-0.16818219423294067,-2.9640958309173584,0.3652054965496063,0.04304109886288643,-0.29469043016433716,0.44128769636154175,-0.18773150444030762,0.0,-0.4000000059604645,-0.05000000074505806,0.3100000023841858,0.49000000953674316,-0.20999999344348907,0.0,0.15171009302139282,0.17198680341243744,0.027689039707183838,0.07168876379728317,-0.030789293348789215,-0.21684075891971588,0.0803915485739708,0.399993896484375,0.33796000480651855,-0.07255792617797852,-0.050380341708660126,0.11471391469240189,0.0003144592046737671,0.05542386323213577,0.003951246850192547,0.0523824580013752,-0.003234395757317543,-0.007012559566646814,174.01040649414062,169.7433319091797,0.5,0.0,0.0,0.3793255388736725,0.0,0.8086937665939331,0.9935012459754944,0.0,0.0,0.0,0.0,22.666353225708008,0.0
3.61,4.533333778381348,-0.20791442602980836,-0.9781470193425401,0.0,1.0,1.0,1.0,-0.020812220871448517,-0.08460325747728348,0.1231938898563385,0.01503809168934822,0.008619572035968304,-0.7902469635009766,0.18782025575637817,0.06981752067804337,-0.03571260720491409,-0.1461775302886963,0.5611317157745361,-0.05801339074969292,2.576864719390869,-0.004439645446836948,-2.647178888320923,2.0980117321014404,-1.1829994916915894,-1.455668330192566,-0.48348820209503174,-0.5317526459693909,2.419780731201172,2.720984935760498,-0.16861024498939514,-2.9623847007751465,0.34802141785621643,0.03960428386926651,-0.2871294319629669,0.4172300100326538,-0.17673370242118835,0.0,-0.4000000059604645,-0.05000000074505806,0.3100000023841858,0.49000000953674316,-0.20999999344348907,0.0,0.12152503430843353,0.12377841025590897,-0.00063454604241997,0.0702572762966156,-0.05094633251428604,-0.10571126639842987,0.1268339455127716,0.42906057834625244,0.32364362478256226,-0.046505995094776154,-0.0031592566519975662,0.1701980084180832,0.0006143525242805481,0.05561760067939758,0.00407424895092845,0.05778923258185387,-0.0008025829447433352,-0.004630377981811762,172.33834838867188,169.97259521484375,0.5,0.0,0.0,0.3535284101963043,0.0,0.8149232268333435,0.9932914972305298,0.0,0.0,0.0,0.0,19.805805206298828,0.0
3.62,4.544445037841797,-0.27564093980772664,-0.9612606682382846,0.0,1.0,1.0,1.0,-0.020271070301532745,-0.08466679602861404,0.12284499406814575,0.020789500325918198,0.007130668498575687,-0.7908234596252441,0.19473104178905487,0.07340803742408752,-0.0369996540248394,-0.1511480212211609,0.5833418369293213,-0.0693579912185669,2.5778675079345703,-0.003470407100394368,-2.6471970081329346,2.0985255241394043,-1.1832234859466553,-1.458767294883728,-0.48212236166000366,-0.5271886587142944,2.4231584072113037,2.720024347305298,-0.16961577534675598,-2.961684226989746,0.33108967542648315,0.036217931658029556,-0.27967944741249084,0.39352554082870483,-0.16589736938476562,0.0,-0.4000000059604645,-0.05000000074505806,0.3100000023841858,0.49000000953674316,-0.20999999344348907,0.0,0.09509296715259552,0.0802830383181572,-0.006538311019539833,0.05611087381839752,-0.019511008635163307,-0.3117919862270355,0.1436159312725067,0.48453137278556824,0.3495791256427765,-0.06520534306764603,-0.02415921911597252,0.18473945558071136,0.0009822547435760498,0.05583931505680084,0.00748082110658288,0.061151280999183655,-0.0007113732863217592,-0.006436929106712341,168.2941131591797,167.79214477539062,0.5,0.0,0.0,0.3221698999404907,0.0,0.8210627436637878,0.9904251098632812,0.0,0.0,0.0,0.0,22.220569610595703,0.0
3.63,4.555556297302246,-0.3420245227893949,-0.9396910267799128,0.0,1.0,1.0,1.0,-0.019702933728694916,-0.08473485708236694,0.12248638272285461,0.026742924004793167,0.005584314931184053,-0.7914509773254395,0.20299486815929413,0.0759766548871994,-0.037212446331977844,-0.15621410310268402,0.6027464270591736,-0.06741760671138763,2.578587770462036,-0.0028934720903635025,-2.647287368774414,2.0990421772003174,-1.1833043098449707,-1.4620786905288696,-0.4804340600967407,-0.5220916271209717,2.426618814468384,2.7189719676971436,-0.17079949378967285,-2.9610025882720947,0.3144936263561249,0.03289872407913208,-0.2723771929740906,0.3702910840511322,-0.15527591109275818,0.0,-0.4000000059604645,-0.05000000074505806,0.3100000023841858,0.49000000953674316,-0.20999999344348907,0.0,0.051004067063331604,0.050364844501018524,0.006368561647832394,0.06940246373414993,0.033772874623537064,-0.2910819351673126,0.1852073073387146,0.536388635635376,0.32301896810531616,-0.06409719586372375,-0.06303836405277252,0.23258721828460693,0.0014106780290603638,0.05607859790325165,0.00833301991224289,0.06576187163591385,-0.003065273631364107,-0.007146674674004316,163.1400146484375,167.0050048828125,0.5,0.0,0.0,0.2895372211933136,0.0,0.8286404609680176,0.990950882434845,0.0,0.0,0.0,0.0,22.679363250732422,0.0
3.64,4.566667079925537,-0.40673901517017697,-0.9135444015144498,0.0,1.0,0.0,1.0,-0.019090374931693077,-0.08481002599000931,0.12211030721664429,0.03289049118757248,0.003976636566221714,-0.792229175567627,0.21384643018245697,0.08068345487117767,-0.038898974657058716,-0.16252444684505463,0.6075670123100281,-0.11243414878845215,2.5788564682006836,-0.001409198041073978,-2.6484792232513428,2.1021647453308105,-1.1824138164520264,-1.4434345960617065,-0.4784550666809082,-0.5165346264839172,2.4303128719329834,2.71781849861145,-0.17219479382038116,-2.9607245922088623,0.29831504821777344,0.02966301143169403,-0.26525864005088806,0.34764111042022705,-0.14492163062095642,0.0,-0.4000000059604645,-0.05000000074505806,0.3100000023841858,0.49000000953674316,-0.20999999344348907,0.0,0.05421364679932594,0.1756705343723297,0.30541133880615234,0.6082471013069153,0.5079455375671387,7.942612171173096,0.24400700628757477,0.575138509273529,0.3391772508621216,-0.0666843056678772,-0.0927165076136589,0.2129623293876648,0.00234358012676239,0.056331463158130646,0.0017048214795067906,0.07140658795833588,0.049295466393232346,-0.007472626399248838,0.0,168.3582305908203,0.5,0.0,0.0,0.25778624415397644,0.0,0.8379579186439514,0.9750340580940247,0.0,0.0,0.0,0.0,49.15415954589844,0.0
3.65,4.577778339385986,-0.469474678429934,-0.8829459362345521,0.0,1.0,1.0,1.0,-0.018507095053792,-0.08491608500480652,0.12173917889595032,0.03936993330717087,0.0021934930700808764,-0.7929096221923828,0.22035084664821625,0.08157607167959213,-0.03695719316601753,-0.17617085576057434,0.6619886159896851,-0.06489404290914536,2.5807716846466064,-0.0011781436624005437,-2.6506118774414062,2.1006593704223633,-1.1825132369995117,-1.4523327350616455,-0.47620368003845215,-0.5107483267784119,2.434279203414917,2.716566324234009,-0.17440010607242584,-2.9613969326019287,0.2826310396194458,0.026526205241680145,-0.2583576440811157,0.32568344473838806,-0.134883850812912,0.0,-0.4000000059604645,-0.05000000074505806,0.3100000023841858,0.49000000953674316,-0.20999999344348907,0.0,0.12373803555965424,-0.006370527669787407,0.05540570989251137,-0.10121200978755951,-0.06354448199272156,-1.0167973041534424,0.22337214648723602,0.6244160532951355,0.36104509234428406,-0.09341458976268768,-0.09773524105548859,0.20010477304458618,0.003077790141105652,0.05662234127521515,0.010275421664118767,0.07316030561923981,0.014009037986397743,-0.014778293669223785,167.99533081054688,170.5218048095703,0.5,0.0,0.0,0.22728238999843597,0.0,0.8439039587974548,0.9916128516197205,0.0,0.0,0.0,0.0,33.05909729003906,0.0
3.66,4.5888895988464355,-0.5299230471964925,-0.8480457322868761,0.0,1.0,0.0,1.0,-0.017887571826577187,-0.0849943682551384,0.12136420607566833,0.04612062871456146,0.0003418739652261138,-0.7936711311340332,0.22932037711143494,0.08877825736999512,-0.0383748784661293,-0.18673573434352875,0.6752172708511353,-0.09901057183742523,2.581815719604492,-0.0009564567008055747,-2.650095224380493,2.100693702697754,-1.182555079460144,-1.447373867034912,-0.47381192445755005,-0.504277229309082,2.438516855239868,2.7150070667266846,-0.17708417773246765,-2.9624674320220947,0.2675192356109619,0.023503845557570457,-0.251708447933197,0.3045269250869751,-0.12521231174468994,0.0,-0.4000000059604645,-0.05000000074505806,0.3100000023841858,0.49000000953674316,-0.20999999344348907,0.0,0.06748609244823456,0.04440052807331085,0.41880136728286743,0.26354703307151794,-0.22468550503253937,7.644227027893066,0.2655782997608185,0.676474928855896,0.38283541798591614,-0.11514045298099518,-0.17707838118076324,0.1659509390592575,0.0033422932028770447,0.056934937834739685,0.031019698828458786,0.07806968688964844,0.12153773754835129,-0.01572107896208763,0.0,170.30181884765625,0.5,0.0,0.0,0.19883933663368225,0.0,0.8501877188682556,0.9805848002433777,0.0,0.0,0.0,0.0,54.91144561767578,0.0
3.67,4.600000381469727,-0.5877871913791056,-0.8090155855424929,0.0,1.0,1.0,1.0,-0.017422307282686234,-0.08495285362005234,0.1209978461265564,0.05381961911916733,-0.0016360282897949219,-0.7935628890991211,0.23123596608638763,0.09141409397125244,-0.037233613431453705,-0.19041983783245087,0.8242654800415039,0.06186418980360031,2.5833163261413574,-0.0015250631840899587,-2.6562178134918213,2.095627784729004,-1.187880039215088,-1.4363304376602173,-0.4724791646003723,-0.4975182116031647,2.4432592391967773,2.7130043506622314,-0.18050281703472137,-2.9637441635131836,0.25305286049842834,0.020610570907592773,-0.24534326791763306,0.28427401185035706,-0.11595382541418076,0.0,-0.4000000059604645,-0.05000000074505806,0.3100000023841858,0.49000000953674316,-0.20999999344348907,0.0,-0.19605109095573425,-0.04318396747112274,0.36897042393684387,-0.42457592487335205,0.24002677202224731,-2.7141003608703613,0.05167139694094658,0.7349801659584045,0.4469948709011078,-0.18974778056144714,-0.2925724387168884,0.17844073474407196,0.005245380103588104,0.05727040022611618,0.028310786932706833,0.0722440555691719,0.09473016858100891,-0.01587579771876335,133.02023315429688,173.17828369140625,0.5,0.0,0.0,0.1704154759645462,0.0,0.8511377573013306,0.992374837398529,0.0,0.0,0.0,0.0,58.6740837097168,0.0
3.68,4.611111640930176,-0.6427901598076682,-0.7660423033060462,0.0,1.0,1.0,1.0,-0.016918910667300224,-0.08481510728597641,0.12060552835464478,0.06194358319044113,-0.003673076629638672,-0.7937469482421875,0.24167600274085999,0.10205423831939697,-0.04204440116882324,-0.21470914781093597,0.8069866895675659,-0.0636923760175705,2.582420825958252,-0.0012493410613387823,-2.652326822280884,2.093775510787964,-1.1856067180633545,-1.4578684568405151,-0.4708751142024994,-0.49011167883872986,2.4488189220428467,2.7105748653411865,-0.18374504148960114,-2.965681314468384,0.2393023818731308,0.017860475927591324,-0.23929303884506226,0.2650233507156372,-0.10715351998806,0.0,-0.4000000059604645,-0.05000000074505806,0.3100000023841858,0.49000000953674316,-0.20999999344348907,0.0,0.03398561477661133,0.03832511976361275,0.25753456354141235,-0.10737977921962738,-0.10031861066818237,-1.6420024633407593,0.22535070776939392,0.7545989155769348,0.5352545976638794,-0.18350787460803986,-0.21229073405265808,0.05740731209516525,0.00508686900138855,0.057601623237133026,0.009569683112204075,0.08231700211763382,0.023222319781780243,-0.013872671872377396,162.6128692626953,174.39227294921875,0.5,0.0,0.0,0.14465612173080444,0.0,0.857021152973175,0.9919193387031555,0.0,0.0,0.0,0.0,50.24664306640625,0.0
3.69,4.622222900390625,-0.6946614356011177,-0.719336840352692,0.0,1.0,1.0,1.0,-0.01635066606104374,-0.08471085876226425,0.12017342448234558,0.07011843472719193,-0.006013393402099609,-0.7946701049804688,0.25010091066360474,0.11019758135080338,-0.04444146156311035,-0.23900699615478516,0.8269487619400024,-0.10443097352981567,2.5829455852508545,-0.0006960648461245,-2.6505250930786133,2.0930681228637695,-1.1845591068267822,-1.472705602645874,-0.46811190247535706,-0.48246508836746216,2.4547805786132812,2.7080845832824707,-0.1868748515844345,-2.9676804542541504,0.22633446753025055,0.015266891568899155,-0.23358717560768127,0.24686825275421143,-0.09885405004024506,0.0,-0.4000000059604645,-0.05000000074505806,0.3100000023841858,0.49000000953674316,-0.20999999344348907,0.0,0.07762926816940308,0.05923069640994072,0.12953315675258636,-0.014912854880094528,-0.10724051296710968,-1.164434790611267,0.30220502614974976,0.7873328328132629,0.5685822367668152,-0.19576728343963623,-0.21984180808067322,0.0641346201300621,0.0052078962326049805,0.0579339861869812,0.0072706714272499084,0.08805573731660843,0.013505295850336552,-0.015224494971334934,163.17147827148438,175.9821014404297,0.5,0.0,0.0,0.12251843512058258,0.0,0.8614087700843811,0.9784244894981384,0.0,0.0,0.0,0.0,46.232303619384766,0.0
3.7,4.633333683013916,-0.7431462956277397,-0.6691289735878788,0.0,1.0,1.0,1.0,-0.01570184901356697,-0.0846608579158783,0.11969324946403503,0.07833170145750046,-0.008625984191894531,-0.7964701652526855,0.2618299126625061,0.11127480864524841,-0.0447344072163105,-0.2627815902233124,0.8509075045585632,-0.17783771455287933,2.5828826427459717,0.003029027720913291,-2.6538281440734863,2.0969488620758057,-1.1994563341140747,-1.4434200525283813,-0.4641311466693878,-0.4742673337459564,2.4616549015045166,2.705416440963745,-0.19072534143924713,-2.971284866333008,0.2142132967710495,0.012842658907175064,-0.22825384140014648,0.2298986315727234,-0.09109650552272797,0.0,-0.4000000059604645,-0.05000000074505806,0.3100000023841858,0.49000000953674316,-0.20999999344348907,0.0,0.16838432848453522,0.10655740648508072,-0.13584168255329132,-0.2994502782821655,-1.1478132009506226,-0.4343595504760742,0.40498343110084534,0.8352667093276978,0.6954188942909241,-0.20590999722480774,-0.17285823822021484,-0.09503509849309921,0.006961289793252945,0.0582851842045784,0.08776319772005081,0.09229680150747299,0.09556225687265396,-0.02021827921271324,134.521484375,181.7963104248047,0.5,0.0,0.0,0.10356025397777557,0.0,0.8709121942520142,0.9387063980102539,0.0,0.0,0.0,0.0,50.786842346191406,0.0
3.71,4.644444942474365,-0.7880126801395446,-0.6156590094681403,0.0,1.0,1.0,1.0,-0.015191791579127312,-0.08452169597148895,0.11923936009407043,0.08739923685789108,-0.011432170867919922,-0.7982916831970215,0.2663232982158661,0.11806429177522659,-0.04750702902674675,-0.27389296889305115,0.9430365562438965,-0.1794121414422989,2.5833375453948975,0.003569164779037237,-2.65366530418396,2.0927579402923584,-1.210151195526123,-1.4491745233535767,-0.4607670307159424,-0.46572959423065186,2.4696707725524902,2.7019455432891846,-0.19515246152877808,-2.9740347862243652,0.202996626496315,0.010599322617053986,-0.22331851720809937,0.21419528126716614,-0.08391782641410828,0.0,-0.4000000059604645,-0.05000000074505806,0.3100000023841858,0.49000000953674316,-0.20999999344348907,0.0,-0.006090010050684214,0.02655603736639023,0.05711756646633148,-0.4828808605670929,-1.2332407236099243,-0.8823065757751465,0.3027510344982147,0.8717145919799805,0.8127222061157227,-0.3221066892147064,-0.33034613728523254,0.04164830595254898,0.0074500031769275665,0.05865233391523361,0.11711516976356506,0.08757241815328598,0.14770780503749847,-0.026709729805588722,148.44760131835938,169.42958068847656,0.5,0.0,0.0,0.08597465604543686,0.0,0.8718935251235962,0.9376510381698608,0.0,0.0,0.0,0.0,57.328895568847656,0.0
3.72,4.6555562019348145,-0.8290398436098971,-0.5591895364787125,0.0,1.0,1.0,1.0,-0.014788509346544743,-0.08423938602209091,0.11876276135444641,0.09724036604166031,-0.014538764953613281,-0.8007283210754395,0.2683340609073639,0.12707555294036865,-0.05120612680912018,-0.30022162199020386,1.0250887870788574,-0.26084497570991516,2.5831570625305176,0.0032735385466367006,-2.653684377670288,2.0872373580932617,-1.2277697324752808,-1.4537770748138428,-0.4570731818675995,-0.4566316604614258,2.4800727367401123,2.69755220413208,-0.20064866542816162,-2.9787261486053467,0.1927400380373001,0.008548006415367126,-0.21880561113357544,0.19983604550361633,-0.07735361158847809,0.0,-0.4000000059604645,-0.05000000074505806,0.3100000023841858,0.49000000953674316,-0.20999999344348907,0.0,-0.05942166596651077,-0.055490922182798386,0.02081439271569252,-0.5753231644630432,-2.0633544921875,-0.2605138123035431,0.40336284041404724,0.9484182596206665,1.0707955360412598,-0.4216105341911316,-0.5537160038948059,-0.08658266067504883,0.008050963282585144,0.05904035270214081,0.1497247964143753,0.0920899286866188,0.19885945320129395,-0.024927616119384766,147.88534545898438,171.50062561035156,0.5,0.0,0.0,0.07020487636327744,0.0,0.8696759343147278,0.8727726340293884,0.0,0.0,0.0,0.0,67.57317352294922,0.0
3.73,4.6666669845581055,-0.8660264024681199,-0.49999827022513377,0.0,1.0,1.0,1.0,-0.014507141895592213,-0.08373695611953735,0.11825746297836304,0.10802817344665527,-0.01789236068725586,-0.8039078712463379,0.2699476182460785,0.1381997913122177,-0.05788414925336838,-0.30921632051467896,1.1248658895492554,-0.32502326369285583,2.581608772277832,0.0023225699551403522,-2.6533029079437256,2.0817391872406006,-1.251363754272461,-1.4563320875167847,-0.45332762598991394,-0.44633299112319946,2.493192434310913,2.691862106323242,-0.20679503679275513,-2.9841222763061523,0.18349319696426392,0.006698638200759888,-0.21473699808120728,0.18689048290252686,-0.07143564522266388,0.0,-0.4000000059604645,-0.05000000074505806,0.3100000023841858,0.49000000953674316,-0.20999999344348907,0.0,-0.22033683955669403,-0.127951517701149,0.06955092400312424,-0.5347460508346558,-2.445664405822754,-0.08198598027229309,0.3627667725086212,1.09078049659729,1.3236732482910156,-0.5614396929740906,-0.5875478386878967,-0.03908272087574005,0.008815199136734009,0.059435732662677765,0.16810932755470276,0.09435400366783142,0.2198610007762909,-0.025553787127137184,142.5857391357422,166.0799560546875,0.5,0.0,0.0,0.05621013045310974,0.0,0.8658474683761597,0.8095471858978271,0.0,0.0,0.0,0.0,76.70841979980469,0.0
3.74,4.677778244018555,-0.8987953304935891,-0.43836851379053193,0.0,1.0,1.0,1.0,-0.014368783682584763,-0.0830736756324768,0.11769574880599976,0.11970061808824539,-0.021645069122314453,-0.8077025413513184,0.2730066776275635,0.14315950870513916,-0.06584665179252625,-0.3502797484397888,1.234599232673645,-0.33608198165893555,2.5804498195648193,0.0005238603916950524,-2.654827356338501,2.074766159057617,-1.2770694494247437,-1.4532078504562378,-0.4492875039577484,-0.4354090094566345,2.507500410079956,2.6856191158294678,-0.21088778972625732,-2.9851737022399902,0.17530113458633423,0.00506022572517395,-0.2111324965953827,0.1754215955734253,-0.06619271636009216,0.0,-0.4000000059604645,-0.05000000074505806,0.3100000023841858,0.49000000953674316,-0.20999999344348907,0.0,0.1847236603498459,-0.3823014795780182,-0.9321198463439941,-0.6918674111366272,-2.9912753105163574,3.5954575538635254,0.3851394057273865,1.0996270179748535,1.4451731443405151,-0.5881945490837097,-0.368389368057251,0.2992602288722992,0.009953238070011139,0.05977066606283188,0.12239331752061844,0.09579584747552872,0.3733210265636444,-0.022185692563652992,51.045135498046875,161.8035430908203,0.5,0.0,0.0,0.0441657118499279,0.0,0.8658521175384521,0.7977961301803589,0.0,0.0,0.0,0.0,128.15652465820312,0.0
3.75,4.688889503479004,-0.9271853011345439,-0.37460301301517174,0.0,1.0,1.0,1.0,-0.014483535662293434,-0.08224619925022125,0.11711841821670532,0.13259707391262054,-0.02585744857788086,-0.8109207153320312,0.2786288559436798,0.1524915099143982,-0.07288897782564163,-0.4139385223388672,1.312963843345642,-0.30260583758354187,2.5771613121032715,-0.0020324618089944124,-2.6548361778259277,2.067781686782837,-1.2930524349212646,-1.4583923816680908,-0.44537097215652466,-0.4250665605068207,2.5230185985565186,2.6793649196624756,-0.21393679082393646,-2.9874956607818604,0.16820359230041504,0.0036407187581062317,-0.20800957083702087,0.16548502445220947,-0.061650291085243225,0.0,-0.4000000059604645,-0.05000000074505806,0.3100000023841858,0.49000000953674316,-0.20999999344348907,0.0,-0.48155665397644043,-0.16663268208503723,0.22499680519104004,-0.49251171946525574,-0.28820544481277466,-2.6875343322753906,0.46218976378440857,0.9766796827316284,1.4856966733932495,-0.547444760799408,-0.2443414330482483,0.15113510191440582,0.011060468852519989,0.06005079299211502,0.10220739990472794,0.10002201795578003,0.17863434553146362,-0.014246412552893162,137.3274688720703,171.78904724121094,0.5,0.0,0.0,0.03382537513971329,0.0,0.8654395937919617,0.8326510787010193,0.0,0.0,0.0,0.0,95.87838745117188,0.0
3.7600000000000002,4.700000286102295,-0.9510570717929907,-0.30901528472317064,0.0,1.0,1.0,1.0,-0.01454094797372818,-0.08152696490287781,0.11650797724723816,0.14536885917186737,-0.03083038330078125,-0.8149676322937012,0.2911834716796875,0.16274802386760712,-0.06854622066020966,-0.4770222306251526,1.277925968170166,-0.4067217707633972,2.570970296859741,-0.0015070445369929075,-2.655470609664917,2.067542791366577,-1.3121917247772217,-1.4464845657348633,-0.4390849471092224,-0.4141019880771637,2.5388290882110596,2.6732583045959473,-0.217471644282341,-2.9926323890686035,0.16223567724227905,0.0024471357464790344,-0.20538368821144104,0.1571299433708191,-0.057830825448036194,0.0,-0.4000000059604645,-0.05000000074505806,0.3100000023841858,0.49000000953674316,-0.20999999344348907,0.0,-0.5879915952682495,-0.029021739959716797,0.17107371985912323,-0.5437591075897217,-1.5266984701156616,-1.5943666696548462,0.6797035336494446,1.1684678792953491,1.2952184677124023,-0.5002155303955078,0.26009705662727356,1.1433703899383545,0.012836921960115433,0.06031622737646103,0.21727043390274048,0.11609046906232834,0.18725363910198212,-0.027203034609556198,142.14279174804688,209.88125610351562,0.5,0.0,0.0,0.02589208073914051,0.0,0.8691995739936829,0.718316376209259,0.0,0.0,0.0,0.0,98.10387420654297,0.0
3.77,4.711111545562744,-0.9702963866562848,-0.24191924694359845,0.0,1.0,1.0,1.0,-0.014619117602705956,-0.08103139698505402,0.11595103144645691,0.1578676700592041,-0.037011146545410156,-0.8197522163391113,0.2970414161682129,0.17490756511688232,-0.06178661435842514,-0.5990273356437683,1.2749707698822021,-0.41492313146591187,2.5675315856933594,-0.0026829347480088472,-2.6572539806365967,2.061884641647339,-1.3459888696670532,-1.446624517440796,-0.4313657581806183,-0.40132421255111694,2.55153489112854,2.666628122329712,-0.21938590705394745,-2.985675573348999,0.15742583572864532,0.0014851652085781097,-0.20326736569404602,0.1503961682319641,-0.05475252866744995,0.0,-0.4000000059604645,-0.05000000074505806,0.3100000023841858,0.49000000953674316,-0.20999999344348907,0.0,-0.3387843370437622,-0.18298357725143433,-0.08547966182231903,-0.6649921536445618,-3.724959135055542,-0.825187087059021,0.7624479532241821,1.3810725212097168,1.2541199922561646,-0.6171956062316895,-0.0033524036407470703,1.2756327390670776,0.013869866728782654,0.06063315272331238,0.1773446798324585,0.11978834867477417,0.19818304479122162,-0.07154445350170135,118.90975189208984,208.85337829589844,0.5,0.0,0.0,0.019816812127828598,0.0,0.8662604093551636,0.70870041847229,0.0,0.0,0.0,0.0,107.73603820800781,0.0
3.7800000000000002,4.722222805023193,-0.9848083888785764,-0.17364457145094636,0.0,1.0,1.0,1.0,-0.01487310603260994,-0.08063340932130814,0.11544907093048096,0.17067290842533112,-0.04440927505493164,-0.8244452476501465,0.29941219091415405,0.18465493619441986,-0.06262245774269104,-0.7224746346473694,1.3147597312927246,-0.407107949256897,2.563542604446411,-0.00399597967043519,-2.6615114212036133,2.056594133377075,-1.3867517709732056,-1.4348933696746826,-0.4228857159614563,-0.3869563043117523,2.565091609954834,2.658968448638916,-0.22641079127788544,-2.979356527328491,0.153797909617424,0.0007595792412757874,-0.2016710788011551,0.14531707763671875,-0.052430659532547,0.0,-0.4000000059604645,-0.05000000074505806,0.3100000023841858,0.49000000953674316,-0.20999999344348907,0.0,-0.5990296602249146,-0.1304725706577301,0.02898392081260681,-0.9409553408622742,-4.725329875946045,-1.2580139636993408,0.8981842398643494,1.4688913822174072,1.331095814704895,-0.6937898993492126,-0.7365247011184692,1.3755218982696533,0.015376485884189606,0.06110589951276779,0.24804307520389557,0.12996990978717804,0.23823295533657074,-0.09151103347539902,102.6978988647461,195.6599578857422,0.5,0.0,0.0,0.0149814672768116,0.0,0.8618571162223816,0.7178650498390198,0.0,0.0,0.0,0.0,119.66463470458984,0.0
3.79,4.733333587646484,-0.994522062392685,-0.10452687412431273,0.0,1.0,0.0,1.0,-0.015357598662376404,-0.08019543439149857,0.11494022607803345,0.18410375714302063,-0.05297708511352539,-0.8298821449279785,0.29931917786598206,0.19463884830474854,-0.07058680057525635,-0.7999764680862427,1.4106296300888062,-0.4893452525138855,2.557565927505493,-0.004560964182019234,-2.666914463043213,2.052565813064575,-1.4472150802612305,-1.416145920753479,-0.4138924479484558,-0.3703916668891907,2.5819265842437744,2.649653196334839,-0.2381473183631897,-2.974147081375122,0.15136945247650146,0.00027389079332351685,-0.20060256123542786,0.14191722869873047,-0.0508764386177063,0.0,-0.4000000059604645,-0.05000000074505806,0.3100000023841858,0.49000000953674316,-0.20999999344348907,0.0,-0.7562364935874939,-0.09471651166677475,-0.05868980288505554,-0.5939866304397583,-8.200369834899902,2.454814910888672,0.9108565449714661,1.7718005180358887,1.713302731513977,-0.9379777312278748,-1.6449306011199951,1.5997467041015625,0.017279155552387238,0.06167629361152649,0.28479433059692383,0.14920426905155182,0.23529775440692902,-0.11133629828691483,0.0,189.28489685058594,0.5,0.0,0.0,0.011113297194242477,0.0,0.8552904725074768,0.6194535493850708,0.0,0.0,0.0,0.0,128.82980346679688,0.0
3.8000000000000003,4.744444847106934,-0.99939091531173,-0.0348969682405658,0.0,1.0,1.0,1.0,-0.016215607523918152,-0.0795883983373642,0.11440879106521606,0.19875241816043854,-0.06264734268188477,-0.8364458084106445,0.29727596044540405,0.19872453808784485,-0.08552219718694687,-0.8740699291229248,1.5665794610977173,-0.5898517370223999,2.5491750240325928,-0.005153719335794449,-2.6698503494262695,2.046234607696533,-1.5084195137023926,-1.4088548421859741,-0.4050365686416626,-0.35139667987823486,2.604240655899048,2.637605905532837,-0.25114694237709045,-2.9727885723114014,0.1501522809267044,3.0454248189926147e-05,-0.20006701350212097,0.14021319150924683,-0.050097450613975525,0.0,-0.4000000059604645,-0.05000000074505806,0.3100000023841858,0.49000000953674316,-0.20999999344348907,0.0,-0.9414427876472473,-0.03223869204521179,-0.40135428309440613,-0.505780816078186,-5.530635356903076,1.3390058279037476,0.8616431951522827,2.013484477996826,2.2890992164611816,-1.226958155632019,-1.4488701820373535,1.107243299484253,0.018592365086078644,0.062173373997211456,0.29967382550239563,0.15981650352478027,0.21771635115146637,-0.14198707044124603,69.93052673339844,172.30972290039062,0.5,0.0,0.0,0.007998896762728691,0.0,0.8511414527893066,0.49865034222602844,0.0,0.0,0.0,0.0,154.94761657714844,0.0
3.81,4.755556106567383,-0.9993907061872304,0.034902956702685436,0.0,1.0,1.0,1.0,-0.017447635531425476,-0.07881385833024979,0.11390085518360138,0.21476194262504578,-0.07320690155029297,-0.8437113761901855,0.3019474744796753,0.1963987499475479,-0.08992308378219604,-0.9362065196037292,1.7034934759140015,-0.6023856401443481,2.5388216972351074,-0.00593071524053812,-2.6750988960266113,2.041278123855591,-1.5494515895843506,-1.4085376262664795,-0.3967895805835724,-0.3305658996105194,2.6290054321289062,2.624239206314087,-0.2615898549556732,-2.9660794734954834,0.15030458569526672,6.091594696044922e-05,-0.2001340091228485,0.1404264271259308,-0.050194934010505676,0.0,-0.4000000059604645,-0.05000000074505806,0.3100000023841858,0.49000000953674316,-0.20999999344348907,0.0,-1.1026602983474731,-0.12800736725330353,-0.5564380288124084,-0.4277487099170685,-3.6281731128692627,0.5204992294311523,0.784765899181366,2.143019676208496,2.492494821548462,-1.2808438539505005,-0.6060615181922913,1.0653964281082153,0.020786210894584656,0.06253540515899658,0.26308727264404297,0.15861231088638306,0.19566304981708527,-0.1459626704454422,50.79399108886719,171.39532470703125,0.5,0.0,0.0,0.00557933421805501,0.0,0.8559061288833618,0.48396778106689453,0.0,0.0,0.0,0.0,147.58877563476562,0.0
3.8200000000000003,4.766666889190674,-0.9945217492198299,0.10452985376785666,0.0,1.0,1.0,1.0,-0.018971804529428482,-0.07806161046028137,0.1135113388299942,0.23173628747463226,-0.0846562385559082,-0.8508906364440918,0.31153544783592224,0.19292719662189484,-0.08252079784870148,-1.0248037576675415,1.784955382347107,-0.5237441062927246,2.5276575088500977,-0.0068531399592757225,-2.6812992095947266,2.034456968307495,-1.5817543268203735,-1.4110701084136963,-0.3878166973590851,-0.3085080087184906,2.655364513397217,2.6109681129455566,-0.2734339237213135,-2.959139347076416,0.15273165702819824,0.0005463287234306335,-0.201201930642128,0.14382433891296387,-0.051748260855674744,0.0,-0.4000000059604645,-0.05000000074505806,0.3100000023841858,0.49000000953674316,-0.20999999344348907,0.0,-1.1726495027542114,-0.01866442710161209,-0.7627055048942566,-0.8095109462738037,-3.086198091506958,-1.1841506958007812,0.9663411378860474,2.240063190460205,2.556290864944458,-1.2799732685089111,-1.8121074438095093,1.4963723421096802,0.02318596839904785,0.06281159073114395,0.30735042691230774,0.1983158439397812,0.2372439056634903,-0.13700059056282043,243.06056213378906,194.6706085205078,0.5,0.0,0.0,0.0038010377902537584,0.0,0.864607572555542,0.5777490139007568,0.0,0.0,0.0,0.0,172.8596954345703,0.0
3.83,4.777778625488281,-0.9848068280920987,0.17365342306784348,0.0,1.0,1.0,1.0,-0.020706314593553543,-0.07740329951047897,0.11333280801773071,0.24938498437404633,-0.09702873229980469,-0.8574719429016113,0.3173980414867401,0.1970120221376419,-0.06472864747047424,-1.125891923904419,1.8373334407806396,-0.4328109622001648,2.514054775238037,-0.006981502287089825,-2.686004400253296,2.0239570140838623,-1.6256728172302246,-1.409855842590332,-0.3772308826446533,-0.2848259210586548,2.683598279953003,2.5979511737823486,-0.29009199142456055,-2.95794939994812,0.15753887593746185,0.001507773995399475,-0.20331710577011108,0.15055441856384277,-0.05482487380504608,0.0,-0.4000000059604645,-0.05000000074505806,0.3100000023841858,0.49000000953674316,-0.20999999344348907,0.0,-1.4274156093597412,0.013752652332186699,-0.682894766330719,-1.0975100994110107,-3.5710129737854004,-1.0604525804519653,1.1142284870147705,2.432194232940674,2.616701364517212,-1.1828327178955078,-1.2499449253082275,1.3799705505371094,0.025221310555934906,0.06299658864736557,0.37972018122673035,0.2385817915201187,0.2784360349178314,-0.13095107674598694,265.04266357421875,247.4105682373047,0.5,0.0,0.0,0.0025431679096072912,0.0,0.8656155467033386,0.6875293850898743,0.0,0.0,0.0,0.0,189.79782104492188,0.0
3.84,4.788889408111572,-0.9702949370315339,0.2419250610643141,0.0,1.0,1.0,1.0,-0.02267240360379219,-0.07675877958536148,0.11341877281665802,0.2677646279335022,-0.11056375503540039,-0.8639774322509766,0.31492599844932556,0.20604264736175537,-0.05005333572626114,-1.2432550191879272,1.9275280237197876,-0.4351385533809662,2.497251510620117,-0.0063990214839577675,-2.6896300315856934,2.0108489990234375,-1.674655556678772,-1.410971760749817,-0.3685736358165741,-0.25909942388534546,2.7090442180633545,2.5854053497314453,-0.29436495900154114,-2.933821201324463,0.1646321564912796,0.0029264315962791443,-0.20643815398216248,0.16048502922058105,-0.059364572167396545,0.0,-0.4000000059604645,-0.05000000074505806,0.3100000023841858,0.49000000953674316,-0.20999999344348907,0.0,-1.7820833921432495,0.09528716653585434,-0.47204282879829407,-1.356645941734314,-4.472760200500488,-0.5353556871414185,0.6776097416877747,2.6620125770568848,2.530214786529541,-1.1989134550094604,1.0130889415740967,2.84945011138916,0.027010954916477203,0.06344908475875854,0.4973365366458893,0.2172512263059616,0.31566303968429565,-0.15694713592529297,160.6488037109375,237.2830352783203,0.5,0.0,0.0,0.0016672387719154358,0.0,0.8577762842178345,0.6847571134567261,0.0,0.0,0.0,0.0,186.82913208007812,0.0
3.85,4.8000006675720215,-0.9510552201215818,0.3090209835585436,0.0,1.0,1.0,1.0,-0.02494340017437935,-0.07600967586040497,0.1137566864490509,0.28698405623435974,-0.12557649612426758,-0.8713808059692383,0.3058997094631195,0.21720829606056213,-0.04437420517206192,-1.3513392210006714,2.023799180984497,-0.5059270262718201,2.4750452041625977,-0.00497246440500021,-2.6896941661834717,1.9945255517959595,-1.749407172203064,-1.4170819520950317,-0.36351290345191956,-0.2298865169286728,2.739969491958618,2.569112539291382,-0.30427950620651245,-2.9097907543182373,0.17387357354164124,0.004774712026119232,-0.21050438284873962,0.17342302203178406,-0.06527908146381378,0.0,-0.4000000059604645,-0.05000000074505806,0.3100000023841858,0.49000000953674316,-0.20999999344348907,0.0,-2.4526255130767822,0.18607580661773682,-0.15086722373962402,-1.726852297782898,-6.336494445800781,-0.9286466240882874,0.3867635726928711,3.0905215740203857,3.0315754413604736,-1.6585248708724976,-0.975878119468689,4.345283508300781,0.027830205857753754,0.06391021609306335,0.7064202427864075,0.2794385254383087,0.34592485427856445,-0.19413678348064423,148.4501190185547,182.4051971435547,0.5,0.0,0.0,0.0010668424656614661,0.0,0.8439105749130249,0.5993411540985107,0.0,0.0,0.0,0.0,232.66580200195312,0.0
3.86,4.811111927032471,-0.9271819341020247,0.37461134669791923,0.0,1.0,1.0,1.0,-0.027624160051345825,-0.07513867318630219,0.11431895196437836,0.306954026222229,-0.14254045486450195,-0.8808627128601074,0.2940153181552887,0.2161344438791275,-0.047260064631700516,-1.4772167205810547,2.142522096633911,-0.6981422901153564,2.44942569732666,-0.0027519904542714357,-2.693878412246704,1.978030800819397,-1.817492961883545,-1.4174387454986572,-0.363325834274292,-0.19885234534740448,2.775618314743042,2.5534615516662598,-0.31122392416000366,-2.8692245483398438,0.18508359789848328,0.00701671838760376,-0.21543678641319275,0.18911704421043396,-0.07245349884033203,0.0,-0.4000000059604645,-0.05000000074505806,0.3100000023841858,0.49000000953674316,-0.20999999344348907,0.0,-2.584062099456787,0.26569950580596924,-0.8949613571166992,-1.4846516847610474,-5.283998012542725,0.49431541562080383,-0.07868281751871109,3.05720591545105,3.7353129386901855,-1.5945461988449097,-0.6392405033111572,4.432259559631348,0.029260948300361633,0.06508886069059372,0.8318572044372559,0.2658056914806366,0.24787984788417816,-0.12862031161785126,154.80747985839844,227.02291870117188,0.5,0.0,0.0,0.0006651935400441289,0.0,0.8367017507553101,0.3772658109664917,0.0,0.0,0.0,0.0,233.9282684326172,0.0
3.87,4.822222709655762,-0.8987927037240241,0.438373899465352,0.0,1.0,1.0,1.0,-0.030813712626695633,-0.07414455711841583,0.11514455080032349,0.32776039838790894,-0.16162872314453125,-0.8927850723266602,0.28065818548202515,0.2091052234172821,-0.04732551425695419,-1.5970021486282349,2.277428150177002,-0.8618237972259521,2.4216842651367188,0.0006108689121901989,-2.7026891708374023,1.961080551147461,-1.8806980848312378,-1.420393943786621,-0.36700332164764404,-0.1677972972393036,2.8183703422546387,2.535454750061035,-0.3171423673629761,-2.8261606693267822,0.1980430632829666,0.009608611464500427,-0.22113895416259766,0.20726028084754944,-0.0807475596666336,0.0,-0.4000000059604645,-0.05000000074505806,0.3100000023841858,0.49000000953674316,-0.20999999344348907,0.0,-2.7041103839874268,0.2998744547367096,-1.1726840734481812,-2.0562636852264404,-5.22132682800293,1.0445475578308105,-0.47619205713272095,3.075974941253662,4.4207987785339355,-1.8388497829437256,-0.5477132201194763,4.936283588409424,0.031115680932998657,0.06614217162132263,1.06356942653656,0.2763129770755768,0.27182137966156006,-0.12638352811336517,161.9881591796875,226.47628784179688,0.5,0.0,0.0,0.00040311337215825915,0.0,0.8322089910507202,0.22639353573322296,0.0,0.0,0.0,0.0,303.28338623046875,0.0
3.88,4.833333969116211,-0.8660234064067123,0.5000034595437459,0.0,1.0,1.0,1.0,-0.03446061909198761,-0.07299576699733734,0.11634069681167603,0.34950512647628784,-0.18239545822143555,-0.9059462547302246,0.26370394229888916,0.20827893912792206,-0.03541973605751991,-1.6718950271606445,2.397611379623413,-0.8301124572753906,2.3930134773254395,0.003694887040182948,-2.7160167694091797,1.9360965490341187,-1.931319236755371,-1.4192314147949219,-0.3739684820175171,-0.13617995381355286,2.866304636001587,2.516256093978882,-0.31992408633232117,-2.7806055545806885,0.2125011682510376,0.012500233948230743,-0.22750051319599152,0.22750163078308105,-0.09000074118375778,0.0,-0.4000000059604645,-0.05000000074505806,0.3100000023841858,0.49000000953674316,-0.20999999344348907,0.0,-3.096106767654419,0.37650972604751587,-1.4310472011566162,-2.510448932647705,-5.706150054931641,0.7268450260162354,-0.7737482786178589,3.188305377960205,4.840721130371094,-1.9235961437225342,-0.030363179743289948,5.530746936798096,0.03262602537870407,0.06701188534498215,1.288138508796692,0.3123258352279663,0.24940456449985504,-0.09561949968338013,169.6452178955078,243.56825256347656,0.5,0.0,0.0,0.00023804143711458892,0.0,0.8200156688690186,0.25203853845596313,0.0,0.0,0.0,0.0,314.3792724609375,0.0
3.89,4.84444522857666,-0.8290348174865323,0.5591969880060801,0.0,1.0,1.0,1.0,-0.03831756114959717,-0.07179822027683258,0.11800412833690643,0.37165042757987976,-0.20428895950317383,-0.9188504219055176,0.24631839990615845,0.21157413721084595,-0.004528596997261047,-1.7856806516647339,2.3952739238739014,-0.7020823955535889,2.3592283725738525,0.008469060063362122,-2.729451894760132,1.908042073249817,-1.9906251430511475,-1.4223921298980713,-0.3827272057533264,-0.10419762879610062,2.9158873558044434,2.4973044395446777,-0.3192098140716553,-2.735302448272705,0.2281753271818161,0.015635065734386444,-0.23439714312553406,0.24944546818733215,-0.10003220289945602,0.0,-0.4000000059604645,-0.05000000074505806,0.3100000023841858,0.49000000953674316,-0.20999999344348907,0.0,-3.580630302429199,0.5539160370826721,-1.3515963554382324,-2.803734064102173,-6.756515979766846,-0.02309715747833252,-0.8774232864379883,3.1501963138580322,4.939319133758545,-1.908144474029541,0.17732197046279907,4.554721832275391,0.03313674032688141,0.06767942756414413,1.4345365762710571,0.3169868588447571,0.14820021390914917,-0.07896780967712402,144.20086669921875,288.0423583984375,0.5,0.0,0.0,0.00013898096221964806,0.0,0.8039357662200928,0.37312591075897217,0.0,0.0,0.0,0.0,320.8711853027344,0.0
3.9,4.855556011199951,-0.7880089910273821,0.6156637313176792,0.0,1.0,1.0,1.0,-0.042120225727558136,-0.07086331397294998,0.12019790709018707,0.39310941100120544,-0.22713136672973633,-0.9302878379821777,0.22839774191379547,0.2198360711336136,0.04519211873412132,-1.9134182929992676,2.2660105228424072,-0.4916669428348541,2.321240186691284,0.014367971569299698,-2.7432007789611816,1.8787310123443604,-2.0542056560516357,-1.4283539056777954,-0.3891791105270386,-0.07400264590978622,2.961265802383423,2.480628728866577,-0.3158113360404968,-2.688417673110962,0.24476087093353271,0.018952174112200737,-0.24169477820396423,0.27266520261764526,-0.11064694821834564,0.0,-0.4000000059604645,-0.05000000074505806,0.3100000023841858,0.49000000953674316,-0.20999999344348907,0.0,-3.9288346767425537,0.6131726503372192,-1.5017260313034058,-2.8559212684631348,-6.558603763580322,-0.12227988243103027,-0.459258496761322,2.8639886379241943,4.37260103225708,-1.6109168529510498,0.5412935614585876,4.191669940948486,0.032315514981746674,0.06814707070589066,1.4943231344223022,0.3110593557357788,-0.010476872324943542,-0.055796295404434204,178.0328826904297,311.54840087890625,0.5,0.0,0.0,8.181652810890228e-05,0.0,0.7833377122879028,0.6166382431983948,0.0,0.0,0.0,0.0,287.88800048828125,0.0
3.91,0.5,1.2246467991473532e-16,-1.0,1.0,1.0,0.0,1.0,0.0,0.0,0.699999988079071,0.0,0.0,0.0,0.0,0.0,0.0,0.0,0.0,0.0,0.32152512669563293,0.008659731596708298,-0.28627943992614746,0.5423245429992676,-0.1841442883014679,-0.08175066858530045,-0.4068288505077362,0.047047410160303116,0.24363568425178528,0.5785722732543945,-0.2633225917816162,0.0772993341088295,0.4000000059604645,0.05000000074505806,-0.3100000023841858,0.49000000953674316,-0.20999999344348907,0.0,-0.4000000059604645,-0.05000000074505806,0.3100000023841858,0.49000000953674316,-0.20999999344348907,0.0,0.0,0.0,0.0,0.0,0.0,0.0,0.0,0.0,0.0,0.0,0.0,0.0,0.03516938537359238,0.06847722828388214,0.7402961254119873,0.31018567085266113,-0.1644836962223053,-0.05874750018119812,0.0,329.9891357421875,0.22292612493038177,-0.286154180765152,-0.41340288519859314,4.90708916913718e-05,0.0,0.7595582008361816,0.9896290302276611,0.0,0.0,0.0,0.0,439.5302429199219,0.0
3.92,0.5111111402511597,-0.06975665639044526,-0.9975640374879325,1.0,1.0,0.0,0.0,-9.947596117854118e-05,-6.152642890810966e-05,0.6994986534118652,0.00045771466102451086,-0.00019550323486328125,-9.012222290039062e-05,0.0029231607913970947,-0.0016876334557309747,-0.09373525530099869,-0.029393944889307022,0.0754871591925621,-0.012245681136846542,0.32184603810310364,0.008825603872537613,-0.2867673635482788,0.5401501655578613,-0.187834233045578,-0.05201157182455063,-0.40523406863212585,0.04496780410408974,0.2469058334827423,0.5732645988464355,-0.24615126848220825,0.04540497809648514,0.4000000059604645,0.05000000074505806,-0.3100000023841858,0.49000000953674316,-0.20999999344348907,0.0,-0.4000000059604645,-0.05000000074505806,0.3100000023841858,0.49000000953674316,-0.20999999344348907,0.0,0.08902987092733383,-0.0002078762772725895,-0.1182604506611824,-0.3111557960510254,-0.5292341113090515,2.248093843460083,0.1443905532360077,-0.28380391001701355,0.5200889110565186,-0.6252630352973938,1.3109354972839355,-2.531555652618408,0.09462092071771622,0.09715218096971512,0.08827351778745651,0.08392155170440674,0.04220113530755043,-0.05962434038519859,0.0,0.0,0.5,0.0,0.0,0.7590129375457764,0.0,0.6100731492042542,0.999700129032135,0.0,0.0,0.0,0.0,4.101298809051514,0.0
3.93,0.5222222208976746,-0.13917309271867956,-0.9902680698998213,0.0,1.0,0.0,0.0,-0.0003313154447823763,-0.000167543301358819,0.6980247497558594,0.0014778701588511467,-0.0005340576171875,-0.00017595291137695312,0.0037758254911750555,-0.0019495862070471048,-0.19211065769195557,-0.03811455890536308,0.12073886394500732,-0.007228086702525616,0.32370808720588684,0.008852161467075348,-0.2883526086807251,0.53680419921875,-0.19105204939842224,-0.03585090488195419,-0.40440794825553894,0.041884589940309525,0.25220146775245667,0.5669083595275879,-0.23794972896575928,0.02699250727891922,0.3652067184448242,0.04304134473204613,-0.29469096660614014,0.44128942489624023,-0.1877322942018509,0.0,-0.4000000059604645,-0.05000000074505806,0.3100000023841858,0.49000000953674316,-0.20999999344348907,0.0,0.25081881880760193,-0.005090195219963789,-0.14363893866539001,-0.34318336844444275,-0.42703118920326233,1.1898115873336792,0.03682059794664383,-0.3244377374649048,0.512315034866333,-0.6356220841407776,0.5240179300308228,-1.3736344575881958,0.09277387708425522,0.09515223652124405,0.11502595990896225,0.11766999214887619,0.00867459550499916,-0.0140916733071208,0.0,0.0,0.5,0.0,0.0,0.7296769618988037,0.0,0.611106276512146,0.9998955130577087,0.0,0.0,0.0,0.0,2.8591222763061523,0.0
3.94,0.5333333611488342,-0.2079118617685598,-0.9781475643970758,0.0,1.0,0.0,0.0,-0.000641662860289216,-0.0002956921234726906,0.6955679655075073,0.0028171364683657885,-0.0009474754333496094,-0.00020170211791992188,0.004433928057551384,-0.0019699442200362682,-0.29046234488487244,-0.04417087510228157,0.14367777109146118,0.001403992879204452,0.3268270790576935,0.008853979408740997,-0.2897963523864746,0.5333335399627686,-0.19358274340629578,-0.027433790266513824,-0.4043005406856537,0.03850153461098671,0.25688865780830383,0.5605473518371582,-0.23477470874786377,0.017158880829811096,0.3480220139026642,0.03960439935326576,-0.287129670381546,0.4172308146953583,-0.1767340749502182,0.0,-0.4000000059604645,-0.05000000074505806,0.3100000023841858,0.49000000953674316,-0.20999999344348907,0.0,0.3514958918094635,0.00530518451705575,-0.14208172261714935,-0.366077721118927,0.15794804692268372,0.6132432818412781,-0.008456273004412651,-0.35283613204956055,0.4462275803089142,-0.6220836639404297,0.17511068284511566,-0.7139316201210022,0.08990151435136795,0.09216443449258804,0.12449706345796585,0.1275271326303482,-0.01924748718738556,0.024957528337836266,0.0,0.0,0.5,0.0,0.0,0.7296595573425293,0.0,0.6119044423103333,0.9999960660934448,0.0,0.0,0.0,0.0,1.6001629829406738,0.0
3.95,0.5444444417953491,-0.275637339817032,-0.9612617005262356,0.0,1.0,0.0,0.0,-0.0009837662801146507,-0.00044655962847173214,0.6921284198760986,0.004282413981854916,-0.0014376640319824219,-0.00015354156494140625,0.005213211290538311,-0.001895257504656911,-0.38927987217903137,-0.05148082226514816,0.1528826653957367,0.007552252151072025,0.33068612217903137,0.008870616555213928,-0.2909489870071411,0.530099630355835,-0.1977132260799408,-0.023119904100894928,-0.40434321761131287,0.03477466478943825,0.260949045419693,0.5544490814208984,-0.23374170064926147,0.011975268833339214,0.33109062910079956,0.03621812164783478,-0.2796798646450043,0.3935268819332123,-0.16589799523353577,0.0,-0.4000000059604645,-0.05000000074505806,0.3100000023841858,0.49000000953674316,-0.20999999344348907,0.0,0.4268290102481842,0.013111776672303677,-0.12815028429031372,-0.27190226316452026,-0.8169160485267639,0.31724703311920166,-0.029044851660728455,-0.38868218660354614,0.3937928080558777,-0.572959840297699,0.049737319350242615,-0.3705427348613739,0.08604448288679123,0.08821775764226913,0.1385638415813446,0.12297932803630829,-0.040873438119888306,0.05653327703475952,0.0,0.0,0.5,0.0,0.0,0.7287726998329163,0.0,0.61285001039505,0.9998859167098999,0.0,0.0,0.0,0.0,2.523239850997925,0.0
3.96,0.5555555820465088,-0.3420202997352155,-0.9396925638574744,0.0,1.0,0.0,0.0,-0.0034562929067760706,-0.0021957748103886843,0.6866123676300049,0.012314405292272568,-0.0068073272705078125,0.0004834254796151072,-0.04200177267193794,-0.055131182074546814,-0.6333096623420715,-0.8756215572357178,0.9139857888221741,0.04961202293634415,0.3935982584953308,0.021011050790548325,-0.40957555174827576,0.6100937724113464,-0.30799299478530884,-0.15800975263118744,-0.44197747111320496,-0.01687895506620407,0.40874242782592773,0.6311971545219421,-0.3469277024269104,-0.16244226694107056,0.31449490785598755,0.032898981124162674,-0.27237775921821594,0.37029287219047546,-0.15527673065662384,0.0,-0.4000000059604645,-0.05000000074505806,0.3100000023841858,0.49000000953674316,-0.20999999344348907,0.0,6.3278656005859375,0.9250940084457397,-13.422945976257324,7.994932651519775,-10.062902450561523,-10.236881256103516,-2.203307867050171,-7.199840068817139,20.87069320678711,7.99753999710083,-10.122684478759766,-10.542203903198242,0.0863342210650444,0.08986935764551163,-0.45635536313056946,-0.6925914883613586,1.0153193473815918,-1.649509310722351,0.0,0.0,0.5,0.0,0.0,0.5101708173751831,0.0,0.5523293018341064,0.9950893521308899,0.0,0.0,0.0,0.0,4110.1015625,0.0
3.97,0.5666666626930237,-0.40673662026718693,-0.9135454677976493,0.0,1.0,0.0,0.0,-0.006607342511415482,-0.005558826960623264,0.6795119047164917,0.022485392168164253,-0.01654672622680664,-0.00047779083251953125,-0.038572851568460464,-0.0877130851149559,-0.7985488176345825,-1.0536991357803345,1.1087363958358765,-0.1393900066614151,0.46082791686058044,0.02112434059381485,-0.502921998500824,0.691514790058136,-0.4174377918243408,-0.2707538306713104,-0.4509994685649872,-0.09056758880615234,0.6255165338516235,0.7134266495704651,-0.45878416299819946,-0.3241484761238098,0.2983158230781555,0.029663164168596268,-0.2652589678764343,0.3476421535015106,-0.14492210745811462,0.0,-0.4000000059604645,-0.05000000074505806,0.3100000023841858,0.49000000953674316,-0.20999999344348907,0.0,6.818538188934326,-0.28572607040405273,-7.90615177154541,7.99206018447876,-10.059540748596191,-10.087209701538086,0.2667095959186554,-7.293488502502441,22.097000122070312,8.035299301147461,-10.119606971740723,-10.48346996307373,0.08596215397119522,0.09308729320764542,-0.7299619913101196,-0.40391287207603455,0.6176614761352539,-2.735826015472412,0.0,0.0,0.5,0.0,0.0,0.3334278166294098,0.0,0.5512821674346924,0.9618861675262451,0.0,0.0,0.0,0.0,3453.1875,0.0
3.98,0.5777778029441833,-0.4694717024021403,-0.882947518623636,0.0,1.0,0.0,0.0,-0.010311082005500793,-0.00944171566516161,0.6708676218986511,0.03466406464576721,-0.02728128433227539,-0.00247955322265625,-0.022235196083784103,-0.09563655406236649,-0.9601916074752808,-1.0692739486694336,1.2987059354782104,-0.21162670850753784,0.5327581167221069,0.016336122527718544,-0.5699320435523987,0.7733222246170044,-0.5214336514472961,-0.37794074416160583,-0.4418562650680542,-0.15613068640232086,0.8294796347618103,0.796212911605835,-0.5693327188491821,-0.46755868196487427,0.28263208270072937,0.02652641385793686,-0.2583581209182739,0.32568490505218506,-0.1348845213651657,0.0,-0.4000000059604645,-0.05000000074505806,0.3100000023841858,0.49000000953674316,-0.20999999344348907,0.0,7.229879379272461,-0.5826106071472168,-6.024159908294678,8.012744903564453,-9.998719215393066,-10.049514770507812,1.5754281282424927,-5.871762275695801,19.587343215942383,8.04639720916748,-10.108064651489258,-10.373516082763672,0.0851517990231514,0.09740544110536575,-0.923058271408081,-0.1061670184135437,0.43024277687072754,-3.1988937854766846,0.0,0.0,0.5,0.0,0.0,0.2199467420578003,0.0,0.5690699219703674,0.9143226742744446,0.0,0.0,0.0,0.0,2932.854736328125,0.0
3.99,0.5888888835906982,-0.529919236002096,-0.84804811379718,0.0,1.0,0.0,0.0,-0.014383146539330482,-0.013374448753893375,0.6607750654220581,0.04838362708687782,-0.0377349853515625,-0.005035400390625,0.00454756012186408,-0.09144894033670425,-1.1105514764785767,-0.9961763024330139,1.4278285503387451,-0.22918149828910828,0.6081801056861877,0.011161954142153263,-0.6250019073486328,0.8546533584594727,-0.6238853931427002,-0.483085960149765,-0.41887930035591125,-0.20768055319786072,1.0147918462753296,0.8780009150505066,-0.6800643801689148,-0.5946937203407288,0.2675201892852783,0.023504037410020828,-0.25170889496803284,0.30452826619148254,-0.1252129077911377,0.0,-0.4000000059604645,-0.05000000074505806,0.3100000023841858,0.49000000953674316,-0.20999999344348907,0.0,7.581090450286865,-0.4839678108692169,-5.115948677062988,8.011038780212402,-9.97236156463623,-10.036077499389648,2.930666923522949,-4.471421241760254,17.992931365966797,8.029512405395508,-10.113256454467773,-10.249631881713867,0.08396290242671967,0.10305839031934738,-1.0053431987762451,0.18906031548976898,0.2655695378780365,-3.3715498447418213,0.0,0.0,0.5,0.0,0.0,0.14938047528266907,0.0,0.6018950939178467,0.9002810716629028,0.0,0.0,0.0,0.0,2079.28076171875,0.0
4.0,0.6000000238418579,-0.5877853734854867,-0.8090169063230552,0.0,1.0,0.0,0.0,-0.01877518743276596,-0.01731923036277294,0.6492578983306885,0.06365527212619781,-0.04798412322998047,-0.006920337677001953,0.03957587108016014,-0.07976160943508148,-1.2670106887817383,-1.028735876083374,1.6045008897781372,-0.09239723533391953,0.6855852007865906,0.011195243336260319,-0.689238429069519,0.9357994198799133,-0.7199156284332275,-0.5887852311134338,-0.38324758410453796,-0.2461337000131607,1.184371829032898,0.9599835872650146,-0.7894286513328552,-0.720130980014801,0.25305360555648804,0.02061072364449501,-0.24534359574317932,0.2842750549316406,-0.11595430970191956,0.0,-0.4000000059604645,-0.05000000074505806,0.3100000023841858,0.49000000953674316,-0.20999999344348907,0.0,7.786243438720703,0.15985897183418274,-6.732405662536621,8.009300231933594,-8.212662696838379,-10.03706169128418,4.090511322021484,-3.236290216445923,16.339942932128906,8.04389762878418,-10.108613967895508,-10.260705947875977,0.08252862840890884,0.11041518300771713,-1.0263077020645142,0.42416897416114807,0.4305129051208496,-3.2764904499053955,0.0,0.0,0.5,0.0,0.0,0.1021428182721138,0.0,0.6461623311042786,0.983070433139801,0.0,0.0,0.0,0.0,1677.630615234375,0.0
4.01,0.6111111044883728,-0.64278757780998,-0.7660444698665863,0.0,1.0,0.0,0.0,-0.022529875859618187,-0.02132185362279415,0.6363829970359802,0.07684145867824554,-0.058266639709472656,-0.008972644805908203,0.07842287421226501,-0.0638936311006546,-1.394473910331726,-0.9904163479804993,1.1499645709991455,-0.16988912224769592,0.7558404207229614,0.007909013889729977,-0.7486070394515991,1.016162395477295,-0.8238174319267273,-0.6912410855293274,-0.3228229582309723,-0.26944637298583984,1.3448556661605835,1.0405906438827515,-0.8961571455001831,-0.83277428150177,0.2393031120300293,0.017860621213912964,-0.23929336667060852,0.2650243639945984,-0.107153981924057,0.0,-0.4000000059604645,-0.05000000074505806,0.3100000023841858,0.49000000953674316,-0.20999999344348907,0.0,6.584306240081787,-0.6345781087875366,-5.55646276473999,7.995923042297363,-10.020448684692383,-10.009092330932617,7.367344379425049,-1.4798144102096558,15.837845802307129,8.016422271728516,-10.071233749389648,-10.117705345153809,0.08124712109565735,0.1197078749537468,-1.2428017854690552,0.7635198831558228,0.47610947489738464,-3.204317092895508,0.0,0.0,0.5,0.0,0.0,0.07298118621110916,0.0,0.6951557397842407,0.9439098834991455,0.0,0.0,0.0,0.0,1100.3060302734375,0.0
4.0200000000000005,0.6222222447395325,-0.6946584722314966,-0.7193397020580772,0.0,1.0,0.0,0.0,-0.02578231692314148,-0.0247273538261652,0.622270405292511,0.08837799727916718,-0.06688070297241211,-0.013357162475585938,0.11649017035961151,-0.02589167095720768,-1.5138702392578125,-0.6920042634010315,1.2707586288452148,-0.555683434009552,0.8169369697570801,0.003448683535680175,-0.8049127459526062,1.0962098836898804,-0.926737368106842,-0.7466314435005188,-0.24274882674217224,-0.2695481777191162,1.5121078491210938,1.1206294298171997,-0.9978958368301392,-0.8929711580276489,0.22633536159992218,0.01526707038283348,-0.23358756303787231,0.2468695044517517,-0.09885462373495102,0.0,-0.4000000059604645,-0.05000000074505806,0.3100000023841858,0.49000000953674316,-0.20999999344348907,0.0,5.930609703063965,-0.32998257875442505,-5.723093032836914,7.995594024658203,-10.013327598571777,-3.9647254943847656,8.002726554870605,1.2761298418045044,17.03813934326172,7.999504089355469,-10.004353523254395,-4.698483943939209,0.0806998461484909,0.13182491064071655,-1.2956712245941162,1.531506896018982,0.7991690039634705,-3.094250440597534,0.0,0.0,0.5,0.0,0.0,0.05479561910033226,0.0,0.7441592216491699,0.5392541885375977,0.0,0.0,0.0,0.0,859.6010131835938,0.0
4.03,0.6333333253860474,-0.7431447920648445,-0.6691306434672524,0.0,1.0,0.0,0.0,-0.02910560928285122,-0.02703801915049553,0.6069866418838501,0.10004536807537079,-0.07250499725341797,-0.02179718017578125,0.14864642918109894,0.004622469190508127,-1.6239088773727417,-0.3376343548297882,1.2155084609985352,-0.9055958390235901,0.870238184928894,-0.0027794039342552423,-0.8507969975471497,1.1706006526947021,-1.0222241878509521,-0.8452373743057251,-0.162525475025177,-0.23859578371047974,1.6762378215789795,1.2007863521575928,-1.0973535776138306,-0.798646867275238,0.2142137736082077,0.012842752039432526,-0.2282540500164032,0.22989928722381592,-0.09109681099653244,0.0,-0.4000000059604645,-0.05000000074505806,0.3100000023841858,0.49000000953674316,-0.20999999344348907,0.0,5.030531406402588,-0.770203709602356,-3.8207573890686035,7.272751808166504,-8.157916069030762,-8.733965873718262,8.001270294189453,4.416849613189697,15.611823081970215,8.000536918640137,-9.271522521972656,7.918783187866211,0.08002138882875443,0.14730903506278992,-1.4417823553085327,1.6416198015213013,0.5853484869003296,-2.7580626010894775,0.0,0.0,0.5,0.0,0.0,0.04257172346115112,0.0,0.7811864614486694,0.19393976032733917,0.0,0.0,0.0,0.0,424.22265625,0.0
4.04,0.644444465637207,-0.7880108355869995,-0.6156613703956738,0.0,1.0,0.0,0.0,-0.032236095517873764,-0.02857905440032482,0.5904384851455688,0.11080903559923172,-0.07575321197509766,-0.032048702239990234,0.18015006184577942,0.020035022869706154,-1.7462382316589355,-0.13801908493041992,1.1312956809997559,-0.9850683808326721,0.919605016708374,-0.012793121859431267,-0.8789651989936829,1.2416603565216064,-1.0782946348190308,-0.9028574228286743,-0.08237157016992569,-0.18195214867591858,1.8116871118545532,1.2803908586502075,-1.2007746696472168,-0.7308516502380371,0.20299725234508514,0.010599449276924133,-0.22331878542900085,0.21419614553451538,-0.08391822874546051,0.0,-0.4000000059604645,-0.05000000074505806,0.3100000023841858,0.49000000953674316,-0.20999999344348907,0.0,4.918630599975586,-1.1681755781173706,-2.2503280639648438,6.921502113342285,-3.784372091293335,-4.371890544891357,8.00137996673584,6.517122745513916,12.08738899230957,7.94825553894043,-10.018745422363281,5.192511558532715,0.07866957038640976,0.1646949052810669,-1.4657646417617798,1.454365611076355,0.39145952463150024,-2.2365963459014893,0.0,0.0,0.5,0.0,0.0,0.03446124121546745,0.0,0.814312756061554,0.14360059797763824,0.0,0.0,0.0,0.0,239.58566284179688,0.0
4.05,0.6555556058883667,-0.829037749399968,-0.5591926412872722,0.0,1.0,0.0,0.0,-0.03507593274116516,-0.02975364960730076,0.5726309418678284,0.12034273892641068,-0.07765388488769531,-0.04299640655517578,0.2111697643995285,0.0246188435703516,-1.863393783569336,-0.022175941616296768,1.00255286693573,-1.0541764497756958,0.966629683971405,-0.02890723943710327,-0.8911296129226685,1.3055201768875122,-1.1185662746429443,-0.9422398805618286,-0.0020367747638374567,-0.11060703545808792,1.9093908071517944,1.3586264848709106,-1.3069953918457031,-0.665131151676178,0.1927405446767807,0.008548106998205185,-0.21880584955215454,0.19983676075935364,-0.07735393941402435,0.0,-0.4000000059604645,-0.05000000074505806,0.3100000023841858,0.49000000953674316,-0.20999999344348907,0.0,4.6755523681640625,-1.8556135892868042,-0.6577544212341309,6.0990705490112305,-3.2834889888763428,-3.040555000305176,8.003402709960938,7.498139381408691,8.135058403015137,7.660768032073975,-10.040093421936035,5.131662368774414,0.07546498626470566,0.18205049633979797,-1.4209978580474854,1.0698429346084595,0.0692952498793602,-1.6943943500518799,0.0,0.0,0.5,0.0,0.0,0.028845978900790215,0.0,0.8453048467636108,0.10832969844341278,0.0,0.0,0.0,0.0,267.2987976074219,0.0
4.0600000000000005,0.6666666865348816,-0.8660254662022696,-0.49999989188912974,0.0,1.0,0.0,0.0,-0.037720318883657455,-0.030751332640647888,0.5535928606987,0.12899711728096008,-0.07872629165649414,-0.05405473709106445,0.24008946120738983,0.027648551389575005,-1.9795409440994263,0.05322381854057312,0.9400984644889832,-1.0359262228012085,1.010806918144226,-0.047598905861377716,-0.8925475478172302,1.3637111186981201,-1.1210100650787354,-0.969235897064209,0.07833447307348251,-0.034664999693632126,1.970712423324585,1.435157060623169,-1.4148608446121216,-0.5611103177070618,0.18349364399909973,0.006698727607727051,-0.214737206697464,0.186891108751297,-0.07143592834472656,0.0,-0.4000000059604645,-0.05000000074505806,0.3100000023841858,0.49000000953674316,-0.20999999344348907,0.0,4.2877631187438965,-1.8688225746154785,0.13991481065750122,5.64781379699707,0.2998756170272827,-2.174466133117676,8.004700660705566,7.588192462921143,4.677427768707275,7.44833517074585,-10.052629470825195,10.00560474395752,0.07017684727907181,0.1977091133594513,-1.3704577684402466,0.6438230872154236,-0.21488018333911896,-1.2226626873016357,0.0,0.0,0.5,0.0,0.0,0.02467764914035797,0.0,0.8722878694534302,0.11691755056381226,0.0,0.0,0.0,0.0,373.5926513671875,0.0
4.07,0.6777777671813965,-0.8987940171128403,-0.4383712066299096,0.0,1.0,0.0,0.0,-0.040352024137973785,-0.03194361925125122,0.5333349704742432,0.1373758763074875,-0.08036375045776367,-0.06484317779541016,0.2687033414840698,0.031293850392103195,-2.098616361618042,-0.07225124537944794,0.9145979881286621,-1.0185128450393677,1.0563640594482422,-0.06472369283437729,-0.892548680305481,1.4261361360549927,-1.1176507472991943,-0.9646160006523132,0.15860700607299805,0.03491739183664322,2.0003292560577393,1.509009838104248,-1.5230025053024292,-0.46327850222587585,0.1753014773130417,0.0050602927803993225,-0.21113264560699463,0.1754220724105835,-0.06619293987751007,0.0,-0.4000000059604645,-0.05000000074505806,0.3100000023841858,0.49000000953674316,-0.20999999344348907,0.0,4.571993827819824,-1.7051945924758911,-0.01939132995903492,6.229907512664795,0.5575489401817322,-0.6662346124649048,8.00432300567627,6.492356300354004,1.8663614988327026,7.119237899780273,-10.056002616882324,8.468558311462402,0.06441019475460052,0.20963051915168762,-1.3217018842697144,0.35874485969543457,-0.47711849212646484,-0.7004783749580383,0.0,0.0,0.5,0.0,0.0,0.0210614874958992,0.0,0.8967708349227905,0.12558947503566742,0.0,0.0,0.0,0.0,428.38275146484375,0.0
4.08,0.6888889074325562,-0.9271838982134304,-0.3746064853866613,0.0,1.0,0.0,0.0,-0.04300316050648689,-0.03358602151274681,0.5120247602462769,0.14549599587917328,-0.08365106582641602,-0.0755777359008789,0.2965841591358185,0.0408276692032814,-2.1981990337371826,-0.2557255029678345,0.8983072638511658,-1.0167938470840454,1.1022541522979736,-0.08002849668264389,-0.8947843909263611,1.4919847249984741,-1.1043113470077515,-0.9590296149253845,0.23773758113384247,0.09117747843265533,2.0060017108917236,1.5776852369308472,-1.6290925741195679,-0.4207793176174164,0.16820400953292847,0.003640800714492798,-0.2080097645521164,0.16548562049865723,-0.061650559306144714,0.0,-0.4000000059604645,-0.05000000074505806,0.3100000023841858,0.49000000953674316,-0.20999999344348907,0.0,4.477202892303467,-1.4753903150558472,-0.27156227827072144,6.566598415374756,1.3997691869735718,0.08077018707990646,7.698744297027588,4.973982334136963,-0.05222906172275543,6.599307537078857,-10.039573669433594,3.2417562007904053,0.05823969841003418,0.21614143252372742,-1.2763832807540894,0.18451853096485138,-0.7193248271942139,-0.23533201217651367,0.0,0.0,0.5,0.0,0.0,0.01775507628917694,0.0,0.9175118207931519,0.12647134065628052,0.0,0.0,0.0,0.0,381.02056884765625,0.0
4.09,0.7000000476837158,-0.95105660887834,-0.3090167094330537,0.0,1.0,0.0,0.0,-0.045711688697338104,-0.035672593861818314,0.48991256952285767,0.153492271900177,-0.08879852294921875,-0.08643150329589844,0.3241247236728668,0.05877260863780975,-2.2720448970794678,-0.4354812502861023,0.8912534117698669,-0.9969184994697571,1.1425904035568237,-0.09327483177185059,-0.8970593214035034,1.555849313735962,-1.0972425937652588,-0.9559683203697205,0.3108093738555908,0.1322823017835617,1.9999791383743286,1.63858962059021,-1.734053611755371,-0.4026009738445282,0.16223584115505219,0.002447165548801422,-0.2053837776184082,0.1571301817893982,-0.05783092975616455,0.0,-0.4000000059604645,-0.05000000074505806,0.3100000023841858,0.49000000953674316,-0.20999999344348907,0.0,3.6971707344055176,-1.2163536548614502,-0.17659251391887665,6.182758331298828,0.4432283341884613,0.15676553547382355,6.914332866668701,3.3960752487182617,-0.8112075924873352,5.73565673828125,-10.031009674072266,1.4125348329544067,0.05090748518705368,0.216412752866745,-1.1811527013778687,-0.0007492695585824549,-0.9205306172370911,0.08445580303668976,0.0,0.0,0.5,0.0,0.0,0.014732563868165016,0.0,0.9335388541221619,0.13701115548610687,0.0,0.0,0.0,0.0,323.8096618652344,0.0
4.1,0.7111111283302307,-0.9702957524497433,-0.2419217906224798,0.0,1.0,0.0,0.0,-0.04833543300628662,-0.03813788294792175,0.4671495258808136,0.1609504669904709,-0.0955352783203125,-0.0962991714477539,0.35064876079559326,0.08573887497186661,-2.3327698707580566,-0.603759765625,0.8017489910125732,-0.8245083689689636,1.1708407402038574,-0.10291720926761627,-0.8962308168411255,1.614579200744629,-1.098780870437622,-0.9423942565917969,0.37891942262649536,0.15710769593715668,1.9903464317321777,1.6910288333892822,-1.8396449089050293,-0.3295058608055115,0.15742604434490204,0.0014852061867713928,-0.20326745510101318,0.150396466255188,-0.054752662777900696,0.0,-0.4000000059604645,-0.05000000074505806,0.3100000023841858,0.49000000953674316,-0.20999999344348907,0.0,2.292504072189331,-0.7527660727500916,0.14975664019584656,5.609230041503906,0.32859107851982117,0.922544002532959,6.607536315917969,1.6814566850662231,-1.1332916021347046,4.835859775543213,-10.035662651062012,5.751630783081055,0.04190078377723694,0.2095744013786316,-1.0925685167312622,-0.2643324136734009,-1.0563145875930786,0.26892855763435364,0.0,0.0,0.5,0.0,0.0,0.012148519977927208,0.0,0.942410945892334,0.2567562460899353,0.0,0.0,0.0,0.0,286.2179870605469,0.0
4.11,0.7222222685813904,-0.9848078035929707,-0.17364789080892623,0.0,1.0,0.0,0.0,-0.05089056119322777,-0.04094192013144493,0.44382792711257935,0.16809473931789398,-0.10368633270263672,-0.1037135124206543,0.3752160966396332,0.12285443395376205,-2.386575222015381,-0.7806676626205444,0.7570838928222656,-0.5111438035964966,1.184110403060913,-0.10470981150865555,-0.893427312374115,1.667874813079834,-1.100029468536377,-0.912765383720398,0.439736932516098,0.16442076861858368,1.9818098545074463,1.732192873954773,-1.9460557699203491,-0.2250516563653946,0.15379804372787476,0.000759609043598175,-0.20167113840579987,0.14531725645065308,-0.052430734038352966,0.0,-0.4000000059604645,-0.05000000074505806,0.3100000023841858,0.49000000953674316,-0.20999999344348907,0.0,0.699241578578949,0.209244042634964,0.2766798436641693,5.040288925170898,0.34272411465644836,2.182704448699951,5.7605881690979,-0.12667781114578247,-0.7936124205589294,3.678118944168091,-10.041565895080566,10.015544891357422,0.031079545617103577,0.19484934210777283,-0.9911602139472961,-0.5229507088661194,-1.083449125289917,0.3501659333705902,0.0,0.0,0.5,0.0,0.0,0.009926984086632729,0.0,0.9405142664909363,0.5930147767066956,0.0,0.0,0.0,0.0,226.94924926757812,0.0
4.12,0.7333333492279053,-0.9945219058073734,-0.10452836394620216,0.0,1.0,1.0,0.0,-0.05308747664093971,-0.044222403317689896,0.419826477766037,0.17391347885131836,-0.11360979080200195,-0.10924625396728516,0.43428167700767517,0.1390034556388855,-2.4561026096343994,-0.9863306283950806,0.15327340364456177,-0.6143940687179565,1.1897507905960083,-0.09961789101362228,-0.8967612981796265,1.7265974283218384,-1.2094652652740479,-0.7854034304618835,0.4732431471347809,0.16019578278064728,1.9812127351760864,1.7508982419967651,-2.044114828109741,-0.13022425770759583,0.15136952698230743,0.0002739056944847107,-0.20060259103775024,0.14191734790802002,-0.05087648332118988,0.0,-0.4000000059604645,-0.05000000074505806,0.3100000023841858,0.49000000953674316,-0.20999999344348907,0.0,1.4403170347213745,1.0142937898635864,-1.3820552825927734,9.215001106262207,-16.260772705078125,24.566858291625977,1.4032378196716309,-0.43793532252311707,-0.2684788107872009,0.5229290127754211,-8.184185981750488,7.863592147827148,0.021140754222869873,0.17344465851783752,-0.46220317482948303,-0.5721493363380432,-0.7378114461898804,-0.4072723686695099,2327.15283203125,0.0,0.5,0.0,0.0,0.008132865652441978,0.0,0.953818678855896,0.470029354095459,0.0,0.0,0.0,0.0,1217.83544921875,0.0
4.13,0.7444444894790649,-0.9993908368942477,-0.03489921391400607,0.0,1.0,1.0,0.0,-0.05159870907664299,-0.04882289469242096,0.39437779784202576,0.16660058498382568,-0.1262836456298828,-0.11988592147827148,0.5101816058158875,0.14230681955814362,-2.576694965362549,-1.22564697265625,-1.1821218729019165,-1.4757853746414185,1.1934142112731934,-0.09650255739688873,-0.9012781381607056,1.7974737882614136,-1.2643322944641113,-0.4942595660686493,0.48191145062446594,0.15779009461402893,1.9853181838989258,1.7541981935501099,-2.1377739906311035,-0.019747154787182808,0.1501522958278656,3.045797348022461e-05,-0.20006701350212097,0.1402132213115692,-0.05009746551513672,0.0,-0.4000000059604645,-0.05000000074505806,0.3100000023841858,0.49000000953674316,-0.20999999344348907,0.0,-1.4140809774398804,-0.9072588682174683,-0.5165678262710571,6.922219753265381,-5.701887607574463,28.379505157470703,0.7535696029663086,-0.3230864405632019,0.45973309874534607,0.35375893115997314,-8.724266052246094,10.081768989562988,0.01118338480591774,0.1524781882762909,-0.06727606058120728,-0.04589594528079033,-0.3614922761917114,-0.6978755593299866,1496.77392578125,0.0,0.5,0.0,0.0,0.007931617088615894,0.0,0.9601077437400818,0.012831078842282295,0.0,0.0,0.0,0.0,1297.490478515625,0.0
4.14,0.7555556297302246,-0.9993908107539656,0.03489996247178119,0.0,1.0,1.0,0.0,-0.04770083352923393,-0.054853521287441254,0.3675362765789032,0.14975453913211823,-0.1426844596862793,-0.13668394088745117,0.5328270792961121,0.14242152869701385,-2.638705015182495,-1.4824507236480713,-1.8701529502868652,-2.3956611156463623,1.175589919090271,-0.10597870498895645,-0.9089381098747253,1.8589327335357666,-1.352012038230896,-0.2587262690067291,0.48536720871925354,0.15612894296646118,1.996680736541748,1.7561118602752686,-2.227282762527466,0.09928121417760849,0.15030452609062195,6.090477108955383e-05,-0.20013399422168732,0.14042633771896362,-0.050194889307022095,0.0,-0.4000000059604645,-0.05000000074505806,0.3100000023841858,0.49000000953674316,-0.20999999344348907,0.0,-2.2786827087402344,-3.1309926509857178,-3.517296075820923,9.098172187805176,-15.839253425598145,-1.4250237941741943,0.8545553684234619,-0.3118557631969452,1.0761529207229614,0.22392860054969788,-9.884675025939941,10.15129280090332,-0.00024767592549324036,0.1323719024658203,0.1685446798801422,0.11375879496335983,-0.23587661981582642,-0.8760946393013,2377.89599609375,0.0,0.5,0.0,0.0,0.008284221403300762,0.0,0.9581767320632935,1.035144850902725e-05,0.0,0.0,0.0,0.0,1362.3963623046875,0.0
4.15,0.7666666507720947,-0.9945219058073733,0.1045283639462018,0.0,1.0,1.0,0.0,-0.041231535375118256,-0.062009572982788086,0.3408969044685364,0.1233801394701004,-0.16001224517822266,-0.1621417999267578,0.5373435020446777,0.11871114373207092,-2.5715441703796387,-1.350085735321045,-2.455249547958374,-3.237926721572876,1.134118676185608,-0.13680331408977509,-0.9288560748100281,1.9406023025512695,-1.460756540298462,-0.26208752393722534,0.49206894636154175,0.15465624630451202,2.011521339416504,1.7574108839035034,-2.323756694793701,0.2257038652896881,0.15273155272006989,0.0005463100969791412,-0.2012018859386444,0.14382418990135193,-0.051748186349868774,0.0,-0.4000000059604645,-0.05000000074505806,0.3100000023841858,0.49000000953674316,-0.20999999344348907,0.0,-5.5391716957092285,-3.463895797729492,-1.044893741607666,8.356417655944824,-15.162530899047852,3.381326198577881,0.5218701958656311,-0.17724189162254333,1.5264577865600586,0.13703963160514832,-8.942570686340332,10.188665390014648,-0.00019343197345733643,0.1132505014538765,0.8063387274742126,0.2589465081691742,-0.1858624368906021,-1.0028934478759766,1741.0599365234375,0.0,0.5,0.0,0.0,0.009090700186789036,0.0,0.9695010185241699,7.826480574735228e-10,0.0,0.0,0.0,0.0,1462.170654296875,0.0
4.16,0.7777777910232544,-0.9848077385605463,0.1736482596263574,0.0,1.0,1.0,0.0,-0.03359296917915344,-0.0699334368109703,0.3150192201137543,0.09251458197832108,-0.17644929885864258,-0.19227266311645508,0.5047677755355835,0.10345062613487244,-2.5308916568756104,-1.3132615089416504,-2.572315216064453,-3.617553234100342,1.074203610420227,-0.1675218790769577,-0.9372504949569702,2.0167453289031982,-1.5665045976638794,-0.26075658202171326,0.49525588750839233,0.1529702991247177,2.02970552444458,1.7585902214050293,-2.424459457397461,0.35765504837036133,0.15753847360610962,0.001507692039012909,-0.20331692695617676,0.1505538821220398,-0.054824620485305786,0.0,-0.4000000059604645,-0.05000000074505806,0.3100000023841858,0.49000000953674316,-0.20999999344348907,0.0,-6.525557041168213,-3.3550031185150146,-0.3358432650566101,8.037105560302734,-14.69145393371582,4.686989784240723,0.21130815148353577,-0.19407853484153748,1.824039340019226,0.14853180944919586,-9.799914360046387,10.223945617675781,-0.00018991529941558838,0.09536422044038773,1.3557604551315308,0.2496517449617386,-0.12289237976074219,-1.059126615524292,1628.2994384765625,0.0,0.5,0.0,0.0,0.009589506313204765,0.0,0.9787788987159729,4.29579809224645e-12,0.0,0.0,0.0,0.0,1684.356201171875,0.0
4.17,0.7888889312744141,-0.9702956618482644,0.24192215400504102,0.0,1.0,1.0,0.0,-0.02630992978811264,-0.07858456671237946,0.2901730537414551,0.06221318617463112,-0.19207382202148438,-0.22520875930786133,0.45835959911346436,0.06783385574817657,-2.4545040130615234,-1.2938499450683594,-2.193128824234009,-3.866903305053711,1.0127427577972412,-0.19913849234580994,-0.941525399684906,2.088073492050171,-1.6674357652664185,-0.2601889669895172,0.491457462310791,0.15127435326576233,2.051018714904785,1.7592233419418335,-2.5179054737091064,0.48854416608810425,0.16463162004947662,0.002926323562860489,-0.20643791556358337,0.16048428416252136,-0.05936422944068909,0.0,-0.4000000059604645,-0.05000000074505806,0.3100000023841858,0.49000000953674316,-0.20999999344348907,0.0,-6.591527462005615,-3.3718652725219727,-0.3159264624118805,7.525077819824219,-16.204132080078125,-1.7009791135787964,-0.45040181279182434,-0.13958273828029633,1.7928911447525024,0.03689643740653992,-7.563836574554443,10.207894325256348,-0.0002412647008895874,0.07880435138940811,1.6446133852005005,-0.056856147944927216,-0.22791580855846405,-1.2335844039916992,2341.991943359375,0.0,0.5,0.0,0.0,0.009082385338842869,0.0,0.987409234046936,1.0281121928194109e-13,0.0,0.0,0.0,0.0,1799.526611328125,0.0
