t,phase,sin_pos,cos_pos,stance_l,stance_r,contact_l,contact_r,base_x,base_y,base_z,base_pitch,base_roll,base_yaw,base_vx,base_vy,base_vz,base_wx,base_wy,base_wz,dof_lhp,dof_lhr,dof_lhy,dof_lkp,dof_lap,dof_lar,dof_rhp,dof_rhr,dof_rhy,dof_rkp,dof_rap,dof_rar,ref_lhp,ref_lhr,ref_lhy,ref_lkp,ref_lap,ref_lar,ref_rhp,ref_rhr,ref_rhy,ref_rkp,ref_rap,ref_rar,dvel_lhp,dvel_lhr,dvel_lhy,dvel_lkp,dvel_lap,dvel_lar,dvel_rhp,dvel_rhr,dvel_rhy,dvel_rkp,dvel_rap,dvel_rar,foot_z_l,foot_z_r,foot_vx_l,foot_vx_r,foot_vy_l,foot_vy_r,cfz_l,cfz_r,cmd_vx,cmd_vy,cmd_wz,rew_stability,rew_swing_foot_forward,rew_tracking_lin_vel,rew_tracking_ang_vel,rew_ref_joint_pos,rew_feet_contact_number,rew_feet_clearance,rew_foot_slip,rew_efficiency,rew_collision
0.0,0.5222222208976746,-0.13917309271867956,-0.9902680698998213,0.0,1.0,0.0,0.0,5.631730891764164e-05,0.00019589136354625225,0.6979507803916931,-0.00021409988403320312,0.0006053851684555411,-0.00020933151245117188,-2.4094040782074444e-05,0.0024941256269812584,-0.1948777139186859,0.05397335812449455,-0.015900978818535805,-0.028527718037366867,0.4641886055469513,0.045626744627952576,-0.3037490248680115,0.4561969041824341,-0.21227502822875977,-0.015880875289440155,-0.3648432493209839,-0.1167667806148529,0.2833560109138489,0.5152247548103333,-0.18515531718730927,-0.011784207075834274,0.3652067184448242,0.04304134473204613,-0.29469096660614014,0.44128942489624023,-0.1877322942018509,0.0,-0.4000000059604645,-0.05000000074505806,0.3100000023841858,0.49000000953674316,-0.20999999344348907,0.0,-0.11947678029537201,0.12172111868858337,0.011371791362762451,0.190315380692482,0.37382858991622925,0.387387216091156,-0.0030528148636221886,0.1996195763349533,0.08564695715904236,-0.2086101919412613,-0.6140031814575195,0.5789116024971008,0.08715809136629105,0.09057096391916275,-0.07922233641147614,0.06866931915283203,-0.009737858548760414,-0.04504554718732834,0.0,0.0,0.5,0.0,0.0,0.8783671855926514,0.0,0.6064939498901367,0.9983736276626587,0.0,0.0,0.0,0.0,1.0164233446121216,0.0
0.01,0.5333333611488342,-0.2079118617685598,-0.9781475643970758,0.0,1.0,0.0,0.0,0.00010480196215212345,0.0003885200712829828,0.6954598426818848,-0.000408172607421875,0.0012292719911783934,-0.000553131103515625,-0.00023895017511676997,0.0028010366950184107,-0.29264435172080994,0.07040680199861526,-0.024062298238277435,-0.04169594496488571,0.4626908600330353,0.04705047607421875,-0.3041258454322815,0.45845115184783936,-0.2114991545677185,-0.013640426099300385,-0.36508870124816895,-0.11448392271995544,0.28433817625045776,0.513179361820221,-0.18956761062145233,-0.007665752433240414,0.3480220139026642,0.03960439935326576,-0.287129670381546,0.4172308146953583,-0.1767340749502182,0.0,-0.4000000059604645,-0.05000000074505806,0.3100000023841858,0.49000000953674316,-0.20999999344348907,0.0,-0.1981116086244583,0.13973137736320496,0.02223280258476734,0.18526692688465118,0.33557915687561035,0.22908271849155426,-0.038684338331222534,0.2517235279083252,0.10444813966751099,-0.2003062516450882,-0.3179223835468292,0.3016236424446106,0.08481629937887192,0.08779440075159073,-0.09501651674509048,0.07217361032962799,-0.012035170570015907,-0.06679176539182663,0.0,0.0,0.5,0.0,0.0,0.883108377456665,0.0,0.6062312722206116,0.9965289235115051,0.0,0.0,0.0,0.0,0.9673048257827759,0.0
0.02,0.5444444417953491,-0.275637339817032,-0.9612617005262356,0.0,1.0,0.0,0.0,0.00016898848116397858,0.0006207276601344347,0.6919897794723511,-0.0006690025329589844,0.001987818628549576,-0.0010128021240234375,-0.00048499106196686625,0.0027754888869822025,-0.39055100083351135,0.08151523768901825,-0.029755685478448868,-0.05205647647380829,0.4605303108692169,0.048596322536468506,-0.3044055104255676,0.4606407880783081,-0.21099472045898438,-0.012525219470262527,-0.3656895160675049,-0.11174595355987549,0.28543633222579956,0.5112786889076233,-0.19176112115383148,-0.0055398354306817055,0.33109062910079956,0.03621812164783478,-0.2796798646450043,0.3935268819332123,-0.16589799523353577,0.0,-0.4000000059604645,-0.05000000074505806,0.3100000023841858,0.49000000953674316,-0.20999999344348907,0.0,-0.254854291677475,0.14718244969844818,0.03057049587368965,0.17792771756649017,0.31495553255081177,0.14729692041873932,-0.0717996135354042,0.2916118800640106,0.11185218393802643,-0.1846633106470108,-0.15361431241035461,0.15455055236816406,0.08150038123130798,0.08402139693498611,-0.10661249607801437,0.07494372129440308,-0.0105800935998559,-0.08212655037641525,0.0,0.0,0.5,0.0,0.0,0.88753342628479,0.0,0.6059330105781555,0.994594931602478,0.0,0.0,0.0,0.0,0.891553521156311,0.0
0.03,0.5555555820465088,-0.3420202997352155,-0.9396925638574744,0.0,1.0,0.0,0.0,0.00024361326359212399,0.0008787496481090784,0.6875404715538025,-0.0009732246398925781,0.0028325803577899933,-0.0015606880187988281,-0.0007598905940540135,0.002402722602710128,-0.48855146765708923,0.08764120936393738,-0.03327415883541107,-0.059680573642253876,0.4579015076160431,0.050198376178741455,-0.3045801520347595,0.46275532245635986,-0.21064287424087524,-0.009798064827919006,-0.3665885925292969,-0.10867533087730408,0.28658396005630493,0.5095270276069641,-0.19282083213329315,-0.004469585604965687,0.31449490785598755,0.032898981124162674,-0.27237775921821594,0.37029287219047546,-0.15527673065662384,0.0,-0.4000000059604645,-0.05000000074505806,0.3100000023841858,0.49000000953674316,-0.20999999344348907,0.0,-0.29171037673950195,0.14703302085399628,0.014825678430497646,0.17065249383449554,0.30493488907814026,0.025790758430957794,-0.09817997366189957,0.31829360127449036,0.11558790504932404,-0.17114542424678802,-0.0733853355050087,0.07526926696300507,0.07720714062452316,0.07926217466592789,-0.11450708657503128,0.07763012498617172,-0.006539220456033945,-0.09291760623455048,0.0,0.0,0.5,0.0,0.0,0.8918447494506836,0.0,0.6056019067764282,0.9929017424583435,0.0,0.0,0.0,0.0,0.8126910328865051,0.0
0.04,0.5666666626930237,-0.40673662026718693,-0.9135454677976493,0.0,1.0,0.0,0.0,-0.00040320330299437046,0.002097920747473836,0.6820418834686279,0.002045316155999899,0.0064919814467430115,0.0023026352282613516,0.020591726526618004,0.03841368108987808,-0.5916195511817932,0.6181930899620056,0.39746254682540894,0.5878848433494568,0.46035534143447876,0.09585519880056381,-0.44881102442741394,0.48503196239471436,-0.31332629919052124,-0.10289309173822403,-0.35666489601135254,-0.11613000184297562,0.37062951922416687,0.4869731366634369,-0.3137109577655792,0.1013006716966629,0.2983158230781555,0.029663164168596268,-0.2652589678764343,0.3476421535015106,-0.14492210745811462,0.0,-0.4000000059604645,-0.05000000074505806,0.3100000023841858,0.49000000953674316,-0.20999999344348907,0.0,-0.5391905903816223,6.3958353996276855,-16.975318908691406,1.7871872186660767,-10.01564884185791,-7.088374137878418,1.634952187538147,-0.7845928072929382,10.403581619262695,-3.459362030029297,-10.16015911102295,10.021214485168457,0.07363853603601456,0.071464903652668,0.4101896584033966,0.6543467044830322,-0.2568931579589844,-0.10889559984207153,0.0,0.0,0.5,0.0,0.0,0.9083324670791626,0.0,0.6296344995498657,0.50096595287323,0.0,0.0,0.0,0.0,1274.09521484375,0.0
0.05,0.5777778029441833,-0.4694717024021403,-0.882947518623636,0.0,1.0,0.0,0.0,-0.00030771223828196526,0.0036539470311254263,0.675818681716919,0.002493735169991851,0.011622898280620575,0.004930191207677126,0.02003682777285576,0.0081343287602067,-0.6691713929176331,0.37264665961265564,-0.021072229370474815,0.14430810511112213,0.434713214635849,0.12381281703710556,-0.4777704179286957,0.45603233575820923,-0.2552988827228546,0.021282510831952095,-0.3420177698135376,-0.11908723413944244,0.40593767166137695,0.4673212468624115,-0.42288118600845337,0.10543015599250793,0.28263208270072937,0.02652641385793686,-0.2583581209182739,0.32568490505218506,-0.1348845213651657,0.0,-0.4000000059604645,-0.05000000074505806,0.3100000023841858,0.49000000953674316,-0.20999999344348907,0.0,-2.282249927520752,1.618947148323059,0.12407255172729492,-2.7302422523498535,5.917934894561768,10.156243324279785,1.1742321252822876,-0.5464375615119934,1.7996453046798706,-1.2931551933288574,-10.056709289550781,0.9090638160705566,0.06668127328157425,0.06335856765508652,0.16082531213760376,0.32745128870010376,-0.45315009355545044,0.5149907469749451,0.0,0.0,0.5,0.0,0.0,0.7851592302322388,0.0,0.6307399868965149,0.9592057466506958,0.0,0.0,0.0,0.0,356.4925537109375,0.0
0.06,0.5888888835906982,-0.529919236002096,-0.84804811379718,0.0,1.0,0.0,0.0,-0.0011832816526293755,0.004949469119310379,0.668372631072998,0.006590633187443018,0.015747670084238052,0.008729246445000172,0.027341270819306374,0.014059526845812798,-0.7964314818382263,0.42840057611465454,0.6669570207595825,0.5175058841705322,0.43300604820251465,0.14784535765647888,-0.5067811012268066,0.44597312808036804,-0.28903862833976746,0.12865090370178223,-0.3442372679710388,-0.12250125408172607,0.4282560646533966,0.46416595578193665,-0.5407602787017822,0.2438438981771469,0.2675201892852783,0.023504037410020828,-0.25170889496803284,0.30452826619148254,-0.1252129077911377,0.0,-0.4000000059604645,-0.05000000074505806,0.3100000023841858,0.49000000953674316,-0.20999999344348907,0.0,0.7041025161743164,2.392007827758789,-3.2359931468963623,-1.1911945343017578,-3.6995112895965576,10.0366792678833,-0.6096747517585754,-0.24234479665756226,1.80807626247406,-0.3445715010166168,-10.169323921203613,10.281699180603027,0.059697866439819336,0.05521782487630844,0.674032986164093,0.07808665186166763,-0.1957606077194214,0.5782024264335632,0.0,0.0,0.5,0.0,0.0,0.7201043367385864,0.0,0.6394109725952148,0.585303544998169,0.0,0.0,0.0,0.0,629.413330078125,0.0
0.07,0.6000000238418579,-0.5877853734854867,-0.8090169063230552,0.0,1.0,0.0,0.0,-0.002469993196427822,0.005948462523519993,0.660062313079834,0.012612585909664631,0.01914573460817337,0.012456473894417286,0.0407719761133194,-0.002981980564072728,-0.8767975568771362,0.2872132360935211,0.6157115697860718,0.24541452527046204,0.42527228593826294,0.16046388447284698,-0.5483614802360535,0.41291940212249756,-0.3580935299396515,-0.00196982198394835,-0.3507534861564636,-0.1283937394618988,0.4284385144710541,0.4593944847583771,-0.5581079721450806,0.1962362676858902,0.25305360555648804,0.02061072364449501,-0.24534359574317932,0.2842750549316406,-0.11595430970191956,0.0,-0.4000000059604645,-0.05000000074505806,0.3100000023841858,0.49000000953674316,-0.20999999344348907,0.0,-1.2766896486282349,0.8926742672920227,-4.119758129119873,-3.7258059978485107,-6.927156925201416,-10.212563514709473,-0.9271458983421326,-0.8127226233482361,-0.1580256074666977,-0.3033064305782318,-0.038328614085912704,-3.8010075092315674,0.05069282650947571,0.046441711485385895,0.5148614048957825,0.1175120621919632,-0.36491549015045166,0.6201366186141968,0.0,0.0,0.5,0.0,0.0,0.664241373538971,0.0,0.6558661460876465,0.8865156173706055,0.0,0.0,0.0,0.0,289.46514892578125,0.0
0.08,0.6111111044883728,-0.64278757780998,-0.7660444698665863,0.0,1.0,0.0,0.0,-0.004637217149138451,0.006486071739345789,0.650651216506958,0.022140882909297943,0.021390525624155998,0.012782127596437931,0.05376814305782318,-0.025508128106594086,-0.9981133341789246,0.23373541235923767,1.1317859888076782,-0.03860050067305565,0.43270638585090637,0.16941747069358826,-0.5487529635429382,0.4048989713191986,-0.46096473932266235,0.0487021878361702,-0.3588205873966217,-0.15290899574756622,0.5041146874427795,0.44852587580680847,-0.451833039522171,0.037825360894203186,0.2393031120300293,0.017860621213912964,-0.23929336667060852,0.2650243639945984,-0.107153981924057,0.0,-0.4000000059604645,-0.05000000074505806,0.3100000023841858,0.49000000953674316,-0.20999999344348907,0.0,1.232824683189392,0.9169886112213135,0.6400322318077087,-0.24733415246009827,-10.010222434997559,3.8253285884857178,-0.7321141362190247,-2.4988481998443604,9.108169555664062,-1.3808979988098145,10.04661750793457,-10.426959991455078,0.04142039269208908,0.036400921642780304,0.018997320905327797,0.2287329137325287,-0.2754521667957306,0.11061976850032806,0.0,0.0,0.5,0.0,0.0,0.5970345735549927,0.0,0.6706237196922302,0.997024416923523,0.0,0.0,0.0,0.0,620.1033935546875,0.0
0.09,0.6222222447395325,-0.6946584722314966,-0.7193397020580772,0.0,1.0,1.0,1.0,-0.007033309433609247,0.006524999160319567,0.6413040161132812,0.03208724036812782,0.02191929705440998,0.016645316034555435,-0.018020188435912132,-0.03305039554834366,-0.7096230387687683,-0.10799558460712433,1.508344054222107,0.7222216129302979,0.44371497631073,0.1829230636358261,-0.5712189078330994,0.39500564336776733,-0.4290056824684143,0.13516546785831451,-0.3540002703666687,-0.1714806854724884,0.5462235808372498,0.4234263598918915,-0.45851829648017883,-0.027960192412137985,0.22633536159992218,0.01526707038283348,-0.23358756303787231,0.2468695044517517,-0.09885462373495102,0.0,-0.4000000059604645,-0.05000000074505806,0.3100000023841858,0.49000000953674316,-0.20999999344348907,0.0,2.7525031566619873,1.2464182376861572,-0.9484264254570007,-2.7774147987365723,16.205778121948242,11.835762977600098,-1.6401216983795166,-1.7770379781723022,3.448416233062744,-2.960481643676758,19.368261337280273,-5.337055206298828,0.032292455434799194,0.026129677891731262,0.5334139466285706,0.27114996314048767,-0.2711329460144043,0.43541741371154785,1560.9705810546875,1719.86572265625,0.5,0.0,0.0,0.527927577495575,0.0,0.5834044814109802,0.3523225784301758,0.0,0.0,0.0,0.0,1355.772705078125,0.0
0.1,0.6333333253860474,-0.7431447920648445,-0.6691306434672524,0.0,1.0,1.0,1.0,-0.013023022562265396,0.005242194980382919,0.6357568502426147,0.052343834191560745,0.01865234412252903,0.020617235451936722,-0.07333618402481079,-0.03712521493434906,-0.5229076147079468,-0.42610663175582886,2.3313846588134766,0.1040906310081482,0.46457451581954956,0.18289317190647125,-0.5843802094459534,0.3864043951034546,-0.34070417284965515,0.02873215451836586,-0.38158538937568665,-0.18885311484336853,0.5838313102722168,0.40747714042663574,-0.3588092625141144,-0.034105926752090454,0.2142137736082077,0.012842752039432526,-0.2282540500164032,0.22989928722381592,-0.09109681099653244,0.0,-0.4000000059604645,-0.05000000074505806,0.3100000023841858,0.49000000953674316,-0.20999999344348907,0.0,2.375208616256714,-0.11836801469326019,-0.6502508521080017,-0.8309853672981262,7.95275354385376,-10.026567459106445,-4.043611526489258,-1.906402826309204,3.6966755390167236,-0.6996805667877197,8.162771224975586,2.127011775970459,0.02591804414987564,0.0206863172352314,-1.1146608591079712,-0.009458844549953938,-0.3759725093841553,0.0815286859869957,204.43222045898438,404.057373046875,0.5,0.0,0.0,0.4657941460609436,0.0,0.5167555809020996,0.9785633683204651,0.0,0.0,0.0,0.0,629.8453979492188,0.0
0.11,0.644444465637207,-0.7880108355869995,-0.6156613703956738,0.0,1.0,1.0,1.0,-0.01928112655878067,0.0036226059310138226,0.6313804388046265,0.07226260751485825,0.013845906592905521,0.022034456953406334,-0.10081257671117783,-0.027761921286582947,-0.4473137855529785,-0.5536502599716187,1.7502576112747192,0.0890151783823967,0.4906909763813019,0.18517324328422546,-0.5794858932495117,0.3771865665912628,-0.26627081632614136,0.148570716381073,-0.4140844941139221,-0.20658956468105316,0.6101692318916321,0.39722007513046265,-0.29045483469963074,-0.040369924157857895,0.20299725234508514,0.010599449276924133,-0.22331878542900085,0.21419614553451538,-0.08391822874546051,0.0,-0.4000000059604645,-0.05000000074505806,0.3100000023841858,0.49000000953674316,-0.20999999344348907,0.0,2.9250335693359375,0.3192584216594696,-0.06064365804195404,-0.911250650882721,7.931248664855957,10.310501098632812,-2.811422824859619,-1.7251942157745361,2.4189319610595703,-0.9121198654174805,6.909533500671387,1.469008207321167,0.020921781659126282,0.017108768224716187,-0.23063358664512634,0.00238779722712934,-0.197427898645401,0.06298038363456726,316.3984375,362.97882080078125,0.5,0.0,0.0,0.4411219358444214,0.0,0.4850550591945648,0.9842774868011475,0.0,0.0,0.0,0.0,571.2184448242188,0.0
0.12,0.6555556058883667,-0.829037749399968,-0.5591926412872722,0.0,1.0,1.0,1.0,-0.024721726775169373,0.0017786663956940174,0.6278170347213745,0.08838921040296555,0.008104925975203514,0.02147471345961094,-0.10128956288099289,-0.02519744448363781,-0.37461891770362854,-0.5511170625686646,1.4781725406646729,-0.2335093468427658,0.5222293138504028,0.1817770004272461,-0.6002839207649231,0.36412736773490906,-0.19964924454689026,0.09467954188585281,-0.4413345158100128,-0.22375796735286713,0.6279284358024597,0.39052218198776245,-0.24284182488918304,-0.04417691379785538,0.1927405446767807,0.008548106998205185,-0.21880584955215454,0.19983676075935364,-0.07735393941402435,0.0,-0.4000000059604645,-0.05000000074505806,0.3100000023841858,0.49000000953674316,-0.20999999344348907,0.0,3.103731155395508,-0.4318171739578247,-1.9621704816818237,-1.3237402439117432,6.501572132110596,-3.802224636077881,-2.5782630443573,-1.6500694751739502,1.4016410112380981,-0.5293580293655396,4.38181734085083,-0.6329855918884277,0.016859248280525208,0.014724254608154297,0.09794801473617554,0.04111727699637413,0.02075757458806038,0.0263200756162405,207.37234497070312,353.98248291015625,0.5,0.0,0.0,0.45191290974617004,0.0,0.4846307039260864,0.8966826796531677,0.0,0.0,0.0,0.0,380.897705078125,0.0
0.13,0.6666666865348816,-0.8660254662022696,-0.49999989188912974,0.0,1.0,1.0,1.0,-0.02874874137341976,-0.0004767498467117548,0.624988317489624,0.09864645451307297,0.0005156758707016706,0.019645225256681442,-0.12393426895141602,-0.027728259563446045,-0.2826542258262634,-0.8799214363098145,0.7066091895103455,-0.1475875824689865,0.5529710650444031,0.16602207720279694,-0.5993537902832031,0.3551027774810791,-0.14880210161209106,-0.0017009158618748188,-0.46036455035209656,-0.2389737218618393,0.6292086839675903,0.388568639755249,-0.21309958398342133,-0.03966878354549408,0.18349364399909973,0.006698727607727051,-0.214737206697464,0.186891108751297,-0.07143592834472656,0.0,-0.4000000059604645,-0.05000000074505806,0.3100000023841858,0.49000000953674316,-0.20999999344348907,0.0,2.727552890777588,-1.9774374961853027,0.6164295673370361,-0.7570333480834961,4.761717796325684,-10.167527198791504,-1.296657681465149,-1.4402331113815308,-0.541947066783905,-0.25593334436416626,2.803964614868164,1.1107903718948364,0.01327379047870636,0.013460777699947357,-0.0019395867129787803,0.0021865088492631912,0.11068128049373627,-0.04767666384577751,277.0933837890625,397.4713439941406,0.5,0.0,0.0,0.4989154040813446,0.0,0.4583483934402466,0.9573711156845093,0.0,0.0,0.0,0.0,551.5474853515625,0.0
0.14,0.6777777671813965,-0.8987940171128403,-0.4383712066299096,0.0,1.0,1.0,1.0,-0.031362611800432205,-0.0029017843771725893,0.6225237250328064,0.10303173214197159,-0.006926059722900391,0.016499849036335945,-0.13051758706569672,-0.07238450646400452,-0.2639475464820862,-0.5518079400062561,0.24520240724086761,-0.40078985691070557,0.5685176849365234,0.15265533328056335,-0.611017644405365,0.34410589933395386,-0.09389231353998184,-0.06698869168758392,-0.45846858620643616,-0.25729137659072876,0.6810662746429443,0.38192227482795715,-0.16601549088954926,-0.13029074668884277,0.1753014773130417,0.0050602927803993225,-0.21113264560699463,0.1754220724105835,-0.06619293987751007,0.0,-0.4000000059604645,-0.05000000074505806,0.3100000023841858,0.49000000953674316,-0.20999999344348907,0.0,0.8505229949951172,-0.7400241494178772,-0.44129353761672974,-0.8028750419616699,4.48147439956665,2.344844341278076,0.7968994379043579,-1.522757887840271,6.084622383117676,-0.7012709379196167,5.2056097984313965,-8.825861930847168,0.009885162115097046,0.01200256496667862,0.031181083992123604,-0.030536867678165436,-0.07091400027275085,-0.5772090554237366,362.1127014160156,22.431520462036133,0.5,0.0,0.0,0.5382362008094788,0.0,0.4468269348144531,0.7252309918403625,0.0,0.0,0.0,0.0,350.22552490234375,0.0
0.15,0.6888889074325562,-0.9271838982134304,-0.3746064853866613,0.0,1.0,1.0,1.0,-0.033790282905101776,-0.00412000110372901,0.6201015710830688,0.1057676374912262,-0.009006023406982422,0.014287937432527542,-0.15485644340515137,-0.07791198790073395,-0.2643614113330841,0.05023103579878807,0.2684510350227356,-0.0776277706027031,0.5745763778686523,0.16065369546413422,-0.6167448163032532,0.3452068567276001,-0.06796921044588089,0.04900862276554108,-0.4718974232673645,-0.26994091272354126,0.6833888292312622,0.39937540888786316,-0.15470637381076813,-0.1569080501794815,0.16820400953292847,0.003640800714492798,-0.2080097645521164,0.16548562049865723,-0.061650559306144714,0.0,-0.4000000059604645,-0.05000000074505806,0.3100000023841858,0.49000000953674316,-0.20999999344348907,0.0,0.5522878170013428,1.173137903213501,-0.6496726870536804,0.17412735521793365,2.790239095687866,10.602827072143555,-1.8669551610946655,-1.3040839433670044,-0.08529680222272873,2.298555612564087,1.0939350128173828,-3.789045572280884,0.0076994746923446655,0.011054106056690216,0.011963862925767899,-0.10926096886396408,-0.21900209784507751,0.095442034304142,302.3348083496094,193.85519409179688,0.5,0.0,0.0,0.5146470665931702,0.0,0.41902926564216614,0.9880201816558838,0.0,0.0,0.0,0.0,330.661865234375,0.0
0.16,0.7000000476837158,-0.95105660887834,-0.3090167094330537,0.0,1.0,1.0,1.0,-0.0349070280790329,-0.00488304253667593,0.6182670593261719,0.10288948565721512,-0.00855875015258789,0.01143265888094902,-0.17805388569831848,-0.09730102866888046,-0.14151494204998016,0.1495002955198288,-0.6391746401786804,-0.45653221011161804,0.5720228552818298,0.16022427380084991,-0.628456711769104,0.34447306394577026,-0.043211035430431366,-0.05193339288234711,-0.4740750789642334,-0.27657291293144226,0.6876360774040222,0.4064618945121765,-0.1296892911195755,-0.17780816555023193,0.16223584115505219,0.002447165548801422,-0.2053837776184082,0.1571301817893982,-0.05783092975616455,0.0,-0.4000000059604645,-0.05000000074505806,0.3100000023841858,0.49000000953674316,-0.20999999344348907,0.0,-0.545261561870575,-0.053217239677906036,-0.1598639190196991,0.3925601541996002,1.875429391860962,-2.215834379196167,0.17839570343494415,-0.27068892121315,-0.10576081275939941,0.7004931569099426,1.9199395179748535,-0.182683527469635,0.00599275529384613,0.00988469272851944,0.003012818517163396,0.022811586037278175,-0.05758418142795563,0.030413536354899406,298.67364501953125,340.92181396484375,0.5,0.0,0.0,0.48896992206573486,0.0,0.3912341594696045,0.6591241955757141,0.0,0.0,0.0,0.0,281.2879943847656,0.0
0.17,0.7111111283302307,-0.9702957524497433,-0.2419217906224798,0.0,1.0,1.0,1.0,-0.03521464765071869,-0.005303102545440197,0.6167622804641724,0.09622639417648315,-0.007086277008056641,0.008187956176698208,-0.18928764760494232,-0.08525782078504562,-0.14864404499530792,0.17943981289863586,-0.7499242424964905,-0.2444215714931488,0.5751171112060547,0.16867992281913757,-0.6368118524551392,0.3691745698451996,-0.05951511487364769,-0.02916705422103405,-0.4781833291053772,-0.2790061831474304,0.7073231339454651,0.4254847466945648,-0.15827888250350952,-0.04682888090610504,0.15742604434490204,0.0014852061867713928,-0.20326745510101318,0.150396466255188,-0.054752662777900696,0.0,-0.4000000059604645,-0.05000000074505806,0.3100000023841858,0.49000000953674316,-0.20999999344348907,0.0,0.4482312500476837,0.8532341718673706,-1.3230901956558228,2.711594820022583,-1.2963550090789795,-3.964862585067749,-0.4390314519405365,-0.07630098611116409,1.205334186553955,1.8732095956802368,-2.019509792327881,10.837311744689941,0.005687199532985687,0.008972834795713425,-0.006537097506225109,0.04729871079325676,-0.07941284030675888,-0.08104559034109116,189.8042449951172,212.54701232910156,0.5,0.0,0.0,0.473647803068161,0.0,0.3810698091983795,0.8873783349990845,0.0,0.0,0.0,0.0,354.5408935546875,0.0
0.18,0.7222222685813904,-0.9848078035929707,-0.17364789080892623,0.0,1.0,1.0,1.0,-0.03468509018421173,-0.0052887313067913055,0.6154791116714478,0.08630413562059402,-0.004291534423828125,0.0054000383242964745,-0.1916331946849823,-0.07648608833551407,-0.09823104739189148,0.3744214177131653,-1.1331543922424316,-0.24805104732513428,0.5684616565704346,0.1778382956981659,-0.6322877407073975,0.3890165090560913,-0.055190134793519974,0.047804828733205795,-0.4789171516895294,-0.27860942482948303,0.7088186144828796,0.4428636431694031,-0.1435224562883377,-0.00732171256095171,0.15379804372787476,0.000759609043598175,-0.20167113840579987,0.14531725645065308,-0.052430734038352966,0.0,-0.4000000059604645,-0.05000000074505806,0.3100000023841858,0.49000000953674316,-0.20999999344348907,0.0,-0.6990921497344971,0.8782804012298584,0.7345962524414062,2.1627345085144043,0.1750502586364746,3.9454641342163086,0.21051862835884094,0.09199193120002747,-0.05746753513813019,1.8059335947036743,0.8829765319824219,1.8305888175964355,0.005562037229537964,0.008207570761442184,0.004411587491631508,0.05098436027765274,-0.10296521335840225,-0.019236767664551735,177.46673583984375,287.86663818359375,0.5,0.0,0.0,0.4695970416069031,0.0,0.3796849846839905,0.8842117786407471,0.0,0.0,0.0,0.0,147.42044067382812,0.0
0.19,0.7333333492279053,-0.9945219058073734,-0.10452836394620216,0.0,1.0,1.0,1.0,-0.03369748592376709,-0.005442101042717695,0.6146066188812256,0.07473834604024887,-0.00228118896484375,0.004392670467495918,-0.19022606313228607,-0.06662213057279587,-0.05305083096027374,0.06715696305036545,-1.2040140628814697,0.010403168387711048,0.5646465420722961,0.18436062335968018,-0.6284617781639099,0.41329434514045715,-0.054768435657024384,0.08024247735738754,-0.47718897461891174,-0.27933070063591003,0.7075019478797913,0.46363645792007446,-0.14017610251903534,0.027018370106816292,0.15136952698230743,0.0002739056944847107,-0.20060259103775024,0.14191734790802002,-0.05087648332118988,0.0,-0.4000000059604645,-0.05000000074505806,0.3100000023841858,0.49000000953674316,-0.20999999344348907,0.0,-0.32104790210723877,0.34876173734664917,0.28846022486686707,2.551374912261963,-1.57838773727417,1.246452808380127,0.41761934757232666,-0.3351539075374603,-0.610659658908844,2.2513620853424072,-0.9416377544403076,0.7912236452102661,0.006002318114042282,0.008126422762870789,-0.007274883333593607,0.00888023804873228,-0.011811453849077225,-0.00943954661488533,170.46913146972656,330.16192626953125,0.5,0.0,0.0,0.4638746976852417,0.0,0.3822421133518219,0.9997835755348206,0.0,0.0,0.0,0.0,190.05596923828125,0.0
0.2,0.7444444894790649,-0.9993908368942477,-0.03489921391400607,0.0,1.0,1.0,1.0,-0.03187550604343414,-0.00585690513253212,0.6141558885574341,0.06042785570025444,-0.0018672943115234375,0.00525833573192358,-0.18143673241138458,-0.04207770526409149,-0.012677912600338459,0.010943393222987652,-1.587960958480835,0.13808351755142212,0.5514721870422363,0.18748155236244202,-0.6589033603668213,0.42867887020111084,-0.09819777309894562,-0.052716776728630066,-0.4671739339828491,-0.27743324637413025,0.6962473392486572,0.47831133008003235,-0.13468581438064575,0.05717470496892929,0.1501522958278656,3.045797348022461e-05,-0.20006701350212097,0.1402132213115692,-0.05009746551513672,0.0,-0.4000000059604645,-0.05000000074505806,0.3100000023841858,0.49000000953674316,-0.20999999344348907,0.0,-1.476454257965088,0.31117039918899536,-3.0062413215637207,1.6186466217041016,-2.269674062728882,-10.302736282348633,1.294928789138794,0.30878591537475586,-1.3195059299468994,1.4339691400527954,0.09187424182891846,3.1529040336608887,0.0062651559710502625,0.008298840373754501,0.21272912621498108,0.04510710760951042,-0.008288104087114334,-0.043321240693330765,100.96432495117188,314.6129150390625,0.5,0.0,0.0,0.4797411859035492,0.0,0.39366576075553894,0.9625838398933411,0.0,0.0,0.0,0.0,418.6897277832031,0.0
0.21,0.7555556297302246,-0.9993908107539656,0.03489996247178119,0.0,1.0,1.0,1.0,-0.029690278694033623,-0.006093764677643776,0.6136830449104309,0.04540496692061424,-0.0013756752014160156,0.007931802421808243,-0.15943171083927155,-0.028802253305912018,-0.04851829633116722,0.052582837641239166,-1.396279215812683,0.3396894931793213,0.5357675552368164,0.19135156273841858,-0.6877557635307312,0.4328891336917877,-0.06339039653539658,0.06801556050777435,-0.45262083411216736,-0.27085617184638977,0.6679976582527161,0.48937809467315674,-0.18557651340961456,-0.04433197155594826,0.15030452609062195,6.090477108955383e-05,-0.20013399422168732,0.14042633771896362,-0.050194889307022095,0.0,-0.4000000059604645,-0.05000000074505806,0.3100000023841858,0.49000000953674316,-0.20999999344348907,0.0,-1.0611573457717896,0.4897555708885193,-2.946481943130493,0.5416920781135559,6.762267589569092,10.451664924621582,1.2049251794815063,0.6909739971160889,-3.1310477256774902,1.11457097530365,-3.7298879623413086,-8.766470909118652,0.006436176598072052,0.00815035030245781,0.5514793992042542,0.10079224407672882,0.47542479634284973,-0.12087507545948029,85.2304458618164,156.5882110595703,0.5,0.0,0.0,0.5214821100234985,0.0,0.4183824062347412,0.7939158082008362,0.0,0.0,0.0,0.0,558.8732299804688,0.0
0.22,0.7666666507720947,-0.9945219058073733,0.1045283639462018,0.0,1.0,1.0,1.0,-0.027957212179899216,-0.006096320692449808,0.6127027273178101,0.03277710825204849,0.00022548703418578953,0.009916236624121666,-0.14231538772583008,-0.04213808849453926,-0.11332426220178604,0.26543062925338745,-1.182974934577942,0.14711281657218933,0.5274288058280945,0.1943337321281433,-0.7213487029075623,0.43995440006256104,-0.09817124158143997,-0.05124124884605408,-0.44397810101509094,-0.2713557481765747,0.6801691651344299,0.496656209230423,-0.147043377161026,-0.15325210988521576,0.15273155272006989,0.0005463100969791412,-0.2012018859386444,0.14382418990135193,-0.051748186349868774,0.0,-0.4000000059604645,-0.05000000074505806,0.3100000023841858,0.49000000953674316,-0.20999999344348907,0.0,-0.8397287726402283,0.41675418615341187,-2.746237277984619,0.8227992653846741,-1.011762022972107,-10.127464294433594,0.3800185024738312,-0.10449013859033585,1.8140584230422974,0.9463931322097778,5.810170650482178,-10.212563514709473,0.006524465978145599,0.0074623823165893555,0.4025735557079315,0.5265069603919983,0.1385158747434616,-0.40724125504493713,81.19683837890625,81.74604034423828,0.5,0.0,0.0,0.5702487230300903,0.0,0.43662118911743164,0.9576390981674194,0.0,0.0,0.0,0.0,428.68267822265625,0.0
0.23,0.7777777910232544,-0.9848077385605463,0.1736482596263574,0.0,1.0,1.0,1.0,-0.026598775759339333,-0.005910975392907858,0.6115039587020874,0.022346632555127144,0.0022848041262477636,0.011031869798898697,-0.1198454350233078,-0.03435271978378296,-0.1026342362165451,0.11991394311189651,-0.8866773247718811,0.06282371282577515,0.5212330222129822,0.2039535492658615,-0.7272363901138306,0.46111929416656494,-0.10343550890684128,0.007125906180590391,-0.4412376582622528,-0.27336958050727844,0.6834235787391663,0.5172953009605408,-0.15774177014827728,-0.14391396939754486,0.15753847360610962,0.001507692039012909,-0.20331692695617676,0.1505538821220398,-0.054824620485305786,0.0,-0.4000000059604645,-0.05000000074505806,0.3100000023841858,0.49000000953674316,-0.20999999344348907,0.0,-0.3758530914783478,0.917402446269989,-0.0016355905681848526,2.0786492824554443,0.2249746322631836,2.9866487979888916,0.16028177738189697,-0.2609800398349762,-0.46762996912002563,2.0086252689361572,-0.8553299903869629,-0.5502603054046631,0.00671294704079628,0.007179290056228638,0.03165825083851814,-0.0001028366168611683,-0.08069628477096558,-0.0011108247563242912,263.1331481933594,248.14566040039062,0.5,0.0,0.0,0.6025229692459106,0.0,0.4626534581184387,0.9921373724937439,0.0,0.0,0.0,0.0,187.91195678710938,0.0
0.24,0.7888889312744141,-0.9702956618482644,0.24192215400504102,0.0,1.0,1.0,1.0,-0.02545357495546341,-0.0060328533872962,0.6106102466583252,0.01356975082308054,0.002966542961075902,0.01243650820106268,-0.10479959100484848,-0.029009871184825897,-0.07552995532751083,0.01982281170785427,-0.8305923938751221,0.17669767141342163,0.5168314576148987,0.20990502834320068,-0.7237254977226257,0.4795554578304291,-0.10384652018547058,0.034711647778749466,-0.4342586398124695,-0.2688179016113281,0.681708574295044,0.5239219069480896,-0.1760697364807129,-0.07133957743644714,0.16463162004947662,0.002926323562860489,-0.20643791556358337,0.16048428416252136,-0.05936422944068909,0.0,-0.4000000059604645,-0.05000000074505806,0.3100000023841858,0.49000000953674316,-0.20999999344348907,0.0,-0.4159095585346222,0.46317335963249207,0.2977335453033447,1.664567470550537,-0.11469137668609619,2.2578179836273193,0.6955991387367249,0.6496905088424683,-0.5534594655036926,0.34527578949928284,-0.895352303981781,6.9315361976623535,0.0068351998925209045,0.00637064129114151,-0.002968616783618927,0.04400109872221947,-0.037042535841464996,-0.09898748248815536,203.2823944091797,187.31239318847656,0.5,0.0,0.0,0.6597850322723389,0.0,0.4803462028503418,0.9394655227661133,0.0,0.0,0.0,0.0,120.33906555175781,0.0
0.25,0.800000011920929,-0.9510564931493437,0.30901706561041664,0.0,1.0,1.0,1.0,-0.02480839565396309,-0.006358522921800613,0.6097854375839233,0.007590957451611757,0.003240669146180153,0.013391473330557346,-0.07871637493371964,-0.04379195347428322,-0.08498814702033997,0.04488913714885712,-0.3913264870643616,0.06060275062918663,0.5111310482025146,0.2088605910539627,-0.7232411503791809,0.48345857858657837,-0.10610451549291611,0.01653599925339222,-0.43026602268218994,-0.26811692118644714,0.6782634854316711,0.5305361151695251,-0.17856168746948242,-0.053864315152168274,0.1738729029893875,0.0047745779156684875,-0.21050408482551575,0.17342206835746765,-0.06527864933013916,0.0,-0.4000000059604645,-0.05000000074505806,0.3100000023841858,0.49000000953674316,-0.20999999344348907,0.0,-0.37619858980178833,-0.28404706716537476,0.18511036038398743,0.04212387651205063,-0.37705057859420776,-2.566316843032837,0.04014138504862785,-0.13999168574810028,-0.22601726651191711,0.786208987236023,0.08735712617635727,0.11929009854793549,0.006224311888217926,0.0058786869049072266,0.007948145270347595,0.008050673641264439,0.03316459059715271,-0.0030230276752263308,129.98838806152344,194.1177215576172,0.5,0.0,0.0,0.6957744359970093,0.0,0.5098387002944946,0.9926815032958984,0.0,0.0,0.0,0.0,52.3894157409668,0.0
0.26,0.8111111521720886,-0.927183757920604,0.3746068326235209,0.0,1.0,1.0,1.0,-0.02464510314166546,-0.006773561704903841,0.609090268611908,0.0041586244478821754,0.0033132690005004406,0.013354933820664883,-0.06536383181810379,-0.042656827718019485,-0.053793005645275116,0.0021858327090740204,-0.3210347592830658,-0.08084168285131454,0.5111045241355896,0.20409797132015228,-0.7233973741531372,0.48566582798957825,-0.11311416327953339,-0.04673332720994949,-0.42753514647483826,-0.2676263451576233,0.6782089471817017,0.5308791995048523,-0.16698212921619415,-0.026751257479190826,0.1850825548171997,0.007016509771347046,-0.21543632447719574,0.18911558389663696,-0.07245282828807831,0.0,-0.4000000059604645,-0.05000000074505806,0.3100000023841858,0.49000000953674316,-0.20999999344348907,0.0,-0.07467564195394516,-0.2497105747461319,-0.06029293313622475,0.3065817058086395,0.10381386429071426,-3.070448160171509,0.506454586982727,-0.07761146128177643,-0.3396652340888977,0.002698764204978943,-0.038905076682567596,-1.7096298933029175,0.005674093961715698,0.0052329376339912415,0.01860988698899746,-0.003251445246860385,0.047462038695812225,0.022536860778927803,202.111328125,232.910400390625,0.5,0.0,0.0,0.7200770378112793,0.0,0.5257593393325806,0.9870142936706543,0.0,0.0,0.0,0.0,31.748538970947266,0.0
0.27,0.8222222328186035,-0.8987940171128406,0.4383712066299093,0.0,1.0,1.0,1.0,-0.02468736842274666,-0.007098244037479162,0.6085765361785889,0.0023693018592894077,0.0036563666071742773,0.01133759692311287,-0.03974534943699837,-0.038448117673397064,-0.05154644697904587,0.0559186190366745,-0.05120092257857323,-0.28157731890678406,0.5039631128311157,0.19949579238891602,-0.7239273190498352,0.473589152097702,-0.09619718790054321,-0.060820113867521286,-0.42407193779945374,-0.27082759141921997,0.6772294044494629,0.5306360721588135,-0.1585439145565033,-0.08446937054395676,0.1980423778295517,0.009608473628759384,-0.22113865613937378,0.20725932717323303,-0.08074711263179779,0.0,-0.4000000059604645,-0.05000000074505806,0.3100000023841858,0.49000000953674316,-0.20999999344348907,0.0,-0.8276010155677795,-0.4547494649887085,-0.013304751366376877,-1.5074445009231567,1.907466173171997,-0.936816394329071,0.058556511998176575,-0.3563724160194397,0.0506770946085453,0.10278091579675674,1.2183411121368408,-3.8185534477233887,0.004594437777996063,0.004851426929235458,0.04271189123392105,-0.011763130314648151,-0.02794208563864231,0.054482314735651016,57.94269943237305,244.49444580078125,0.5,0.0,0.0,0.7252410650253296,0.0,0.5567680597305298,0.8533618450164795,0.0,0.0,0.0,0.0,109.1617431640625,0.0
0.28,0.8333333730697632,-0.8660252789487355,0.5000002162217179,0.0,1.0,1.0,1.0,-0.02516714110970497,-0.007292148191481829,0.6082154512405396,0.002934214659035206,0.003968298900872469,0.008957874029874802,-0.029392218217253685,-0.02581619843840599,-0.0179534200578928,-0.004510029219090939,0.14461757242679596,-0.24879296123981476,0.5042744874954224,0.20316244661808014,-0.7207127213478088,0.47543463110923767,-0.08627915382385254,-0.00460957083851099,-0.42070865631103516,-0.271039754152298,0.6765791177749634,0.5211455225944519,-0.13138556480407715,-0.11226336658000946,0.21250009536743164,0.012500017881393433,-0.2275000512599945,0.22750014066696167,-0.09000005573034286,0.0,-0.4000000059604645,-0.05000000074505806,0.3100000023841858,0.49000000953674316,-0.20999999344348907,0.0,0.6624549031257629,0.3587377369403839,-0.10826011002063751,0.7089623212814331,0.4488426446914673,1.9987767934799194,0.057951390743255615,0.12414339929819107,0.34389594197273254,-0.8426637649536133,1.0653245449066162,1.513119101524353,0.004386976361274719,0.0040512531995773315,-0.0036130279768258333,0.018834972754120827,-0.035156600177288055,-0.011604678817093372,224.69766235351562,296.9185791015625,0.5,0.0,0.0,0.7319527864456177,0.0,0.5701559782028198,0.8835601806640625,0.0,0.0,0.0,0.0,113.50070190429688,0.0
0.29,0.8444445133209229,-0.8290373305565872,0.5591932622480423,0.0,1.0,1.0,1.0,-0.02576853334903717,-0.0075281523168087006,0.6082590818405151,0.004540237598121166,0.00421303091570735,0.005628407001495361,-0.010832873173058033,-0.030932040885090828,0.015918688848614693,0.05660466477274895,0.21412202715873718,-0.364773154258728,0.5045071840286255,0.19924777746200562,-0.7205495238304138,0.4679381549358368,-0.08596016466617584,-0.04031062498688698,-0.4195348620414734,-0.26832666993141174,0.6809777617454529,0.511752188205719,-0.12996402382850647,-0.08744470775127411,0.22817428410053253,0.01563485711812973,-0.23439669609069824,0.24944400787353516,-0.1000315323472023,0.0,-0.4000000059604645,-0.05000000074505806,0.3100000023841858,0.49000000953674316,-0.20999999344348907,0.0,-0.06329873949289322,-0.4560745358467102,0.3246776759624481,-1.0251137018203735,0.7848114967346191,-1.2988344430923462,0.07503508776426315,0.33002158999443054,0.5298883318901062,-1.0104695558547974,-0.030797071754932404,2.659816026687622,0.004090573638677597,0.00347871333360672,0.009670457802712917,0.006614167708903551,0.014326774515211582,-0.038440022617578506,160.63681030273438,265.0245361328125,0.5,0.0,0.0,0.7384220361709595,0.0,0.5922573804855347,0.7663480043411255,0.0,0.0,0.0,0.0,105.32215881347656,0.0
0.3,0.8555555939674377,-0.7880106050174337,0.6156616655112271,0.0,1.0,1.0,1.0,-0.02657882310450077,-0.007697465363889933,0.6084823608398438,0.0073260348290205,0.004427159670740366,0.002584178000688553,-0.006480084732174873,-0.027879593893885612,0.03006158024072647,-0.028633687645196915,0.2992965281009674,-0.26801660656929016,0.5088537931442261,0.2025839239358902,-0.7173821926116943,0.4690910577774048,-0.0733962431550026,0.01450952235609293,-0.4204860329627991,-0.2648738920688629,0.6862645745277405,0.5012772083282471,-0.12537461519241333,-0.05151122063398361,0.24475990235805511,0.018951980397105217,-0.2416943609714508,0.2726638615131378,-0.1106463298201561,0.0,-0.4000000059604645,-0.05000000074505806,0.3100000023841858,0.49000000953674316,-0.20999999344348907,0.0,0.9300096035003662,0.297735333442688,-0.28688305616378784,0.7849274277687073,-0.7499716281890869,0.9919086694717407,-0.030490854755043983,0.16153830289840698,0.42254960536956787,-1.0469164848327637,0.5695902109146118,1.9549812078475952,0.004484303295612335,0.003034554421901703,-0.011747143231332302,0.010984797962009907,-0.014235847629606724,-0.022979507222771645,238.28135681152344,201.93638610839844,0.5,0.0,0.0,0.7384837865829468,0.0,0.5977404117584229,0.8661772012710571,0.0,0.0,0.0,0.0,91.55624389648438,0.0
0.31,0.8666666746139526,-0.7431447920648447,0.669130643467252,0.0,1.0,1.0,1.0,-0.027327725663781166,-0.008154429495334625,0.6089696288108826,0.010336963459849358,0.0041145519353449345,0.00017418325296603143,0.007667395286262035,-0.03774694353342056,0.06066995859146118,0.0036201621405780315,0.3347657024860382,-0.22106055915355682,0.5135194063186646,0.19886626303195953,-0.7188755869865417,0.46626535058021545,-0.08815809339284897,-0.011693897657096386,-0.41939419507980347,-0.26670458912849426,0.6837257146835327,0.4913482666015625,-0.10429538786411285,-0.10235823690891266,0.26193398237228394,0.022386794909834862,-0.24925094842910767,0.2967075705528259,-0.1216377392411232,0.0,-0.4000000059604645,-0.05000000074505806,0.3100000023841858,0.49000000953674316,-0.20999999344348907,0.0,0.27338361740112305,-0.40766850113868713,-0.1513344645500183,-0.6634286046028137,-0.8668240308761597,-2.154937505722046,-0.18351081013679504,-0.2266254723072052,0.3338482081890106,-0.5074531435966492,0.6578528881072998,-1.989976406097412,0.004782713949680328,0.003237009048461914,-0.005347660277038813,-0.008637228049337864,0.04656492546200752,0.03277206793427467,164.42091369628906,266.6907958984375,0.5,0.0,0.0,0.7265703678131104,0.0,0.6140785217285156,0.9068886637687683,0.0,0.0,0.0,0.0,112.20008850097656,0.0
0.32,0.8777778148651123,-0.6946582028336742,0.7193399622125064,0.0,1.0,1.0,1.0,-0.028069065883755684,-0.008279325440526009,0.6096611618995667,0.013576800003647804,0.0045788525603711605,-0.0010266304016113281,0.011142970062792301,-0.02312193252146244,0.07350283116102219,0.05032148212194443,0.2986781895160675,-0.05930245295166969,0.5194696187973022,0.20133452117443085,-0.7209376096725464,0.4689488708972931,-0.09715860337018967,-0.0032502987887710333,-0.42096424102783203,-0.26119503378868103,0.6881668567657471,0.4811617434024811,-0.1168542429804802,-0.039038464426994324,0.2793624997138977,0.025872496888041496,-0.2569195032119751,0.32110750675201416,-0.13279199600219727,0.0,-0.4000000059604645,-0.05000000074505806,0.3100000023841858,0.49000000953674316,-0.20999999344348907,0.0,0.6481615900993347,0.42060282826423645,-0.2544727623462677,0.5133607983589172,-0.7465115785598755,1.7003872394561768,-0.0184576828032732,0.6649921536445618,0.4394073486328125,-1.2938458919525146,-0.19538268446922302,5.525657653808594,0.005746692419052124,0.0031595826148986816,-0.015996888279914856,0.025354798883199692,-0.02261868305504322,-0.07190890610218048,203.0047607421875,194.0186004638672,0.5,0.0,0.0,0.7278232574462891,0.0,0.6193828582763672,0.9929910898208618,0.0,0.0,0.0,0.0,88.49609375,0.0
0.33,0.888888955116272,-0.642787290920897,0.7660447105949979,0.0,1.0,1.0,1.0,-0.028480660170316696,-0.008610977791249752,0.6104336977005005,0.015766888856887817,0.004693245980888605,-0.0012063980102539062,0.016090605407953262,-0.03962855786085129,0.07849766314029694,0.01097689475864172,0.17317281663417816,0.026265710592269897,0.5232334136962891,0.19919820129871368,-0.7261549830436707,0.46691545844078064,-0.1101258248090744,-0.05666596442461014,-0.42001840472221375,-0.26039889454841614,0.6880675554275513,0.4742821753025055,-0.11553479731082916,-0.049035388976335526,0.2967061996459961,0.029341241344809532,-0.26455074548721313,0.3453887104988098,-0.14389196038246155,0.0,-0.4000000059604645,-0.05000000074505806,0.3100000023841858,0.49000000953674316,-0.20999999344348907,0.0,0.3213595449924469,-0.38224706053733826,-0.38149186968803406,-0.2884977459907532,-0.6287310123443604,-5.3279547691345215,0.1086411103606224,-0.07876703888177872,-0.055165890604257584,-0.4152770936489105,0.025700099766254425,-2.193404197692871,0.006496429443359375,0.0035747960209846497,-0.005433646030724049,-0.018190937116742134,0.06910878419876099,0.030637705698609352,141.17404174804688,222.81394958496094,0.5,0.0,0.0,0.7250423431396484,0.0,0.6240795254707336,0.9986211657524109,0.0,0.0,0.0,0.0,39.0609130859375,0.0
0.34,0.9000000357627869,-0.587785070502928,0.8090171264527518,0.0,1.0,1.0,1.0,-0.028633560985326767,-0.008898137137293816,0.6112571954727173,0.017268409952521324,0.0047876848839223385,0.0005944794975221157,0.024195443838834763,-0.0269231665879488,0.08518990874290466,-0.017796674743294716,0.157319113612175,0.2946823239326477,0.5240604281425476,0.2027987241744995,-0.7223648428916931,0.46806296706199646,-0.10724132508039474,0.019425878301262856,-0.41645941138267517,-0.2603691816329956,0.6835523247718811,0.46722546219825745,-0.10958284884691238,-0.09104529023170471,0.3136272132396698,0.03272544592618942,-0.2719959616661072,0.3690780997276306,-0.15472140908241272,0.0,-0.4000000059604645,-0.05000000074505806,0.3100000023841858,0.49000000953674316,-0.20999999344348907,0.0,0.22296106815338135,0.6047969460487366,-0.26933908462524414,0.3821435570716858,0.9346641898155212,5.370550632476807,0.3730918765068054,0.005813010036945343,-0.5288062691688538,-0.7119845747947693,0.4282534420490265,-4.077588081359863,0.007380258291959763,0.004075102508068085,-0.019207796081900597,-0.024378595873713493,-0.08140445500612259,0.05979638546705246,193.1417236328125,222.2318115234375,0.5,0.0,0.0,0.7266201376914978,0.0,0.6349368691444397,0.8405697345733643,0.0,0.0,0.0,0.0,117.39773559570312,0.0
0.35000000000000003,0.9111111760139465,-0.5299189184020804,0.8480483122555985,0.0,1.0,1.0,1.0,-0.028491230681538582,-0.009354121051728725,0.6120990514755249,0.017809364944696426,0.004235817585140467,0.0033782883547246456,0.026852084323763847,-0.03032427467405796,0.08257938921451569,-0.09405221790075302,-0.01774188131093979,0.29468876123428345,0.5215942859649658,0.20276735723018646,-0.7361409068107605,0.4647364318370819,-0.12534034252166748,-0.054889146238565445,-0.4139697253704071,-0.2603733241558075,0.6791883707046509,0.4646395742893219,-0.11532092094421387,-0.1055641621351242,0.3297964930534363,0.03595929965376854,-0.27911046147346497,0.3917151093482971,-0.16506975889205933,0.0,-0.4000000059604645,-0.05000000074505806,0.3100000023841858,0.49000000953674316,-0.20999999344348907,0.0,-0.3270076811313629,-0.34868645668029785,-1.0881651639938354,-0.5254520177841187,-0.6238253116607666,-5.990072727203369,0.3258148431777954,0.002441688906401396,-0.4424082636833191,-0.19595713913440704,-0.7532512545585632,-0.47000518441200256,0.008002068847417831,0.004832625389099121,-0.006722686346620321,-0.012882585637271404,0.004471778403967619,0.0017683969344943762,109.05621337890625,211.1686553955078,0.5,0.0,0.0,0.7271260023117065,0.0,0.6378979086875916,0.8405634164810181,0.0,0.0,0.0,0.0,48.84642028808594,0.0
0.36,0.9222222566604614,-0.46947137173205616,0.882947694444026,0.0,1.0,1.0,1.0,-0.028232526034116745,-0.009578164666891098,0.6128907203674316,0.018170246854424477,0.004309931769967079,0.006137445569038391,0.03728869557380676,-0.019706690683960915,0.07922141253948212,0.03721824660897255,0.08210558444261551,0.32083529233932495,0.5148012638092041,0.20364198088645935,-0.730027437210083,0.45625677704811096,-0.10903630405664444,0.030776647850871086,-0.41453737020492554,-0.2595633566379547,0.6781877875328064,0.4666426181793213,-0.12803161144256592,-0.09425061196088791,0.3448992371559143,0.038979846984148026,-0.2857556641101837,0.4128589332103729,-0.17473550140857697,0.0,-0.4000000059604645,-0.05000000074505806,0.3100000023841858,0.49000000953674316,-0.20999999344348907,0.0,-0.5649582147598267,0.33165863156318665,0.25570157170295715,-0.73458331823349,2.692798137664795,6.666424751281738,-0.05642927438020706,0.16234567761421204,-0.010586041957139969,0.042431533336639404,-0.0104827880859375,0.6766252517700195,0.008271951228380203,0.005620129406452179,-0.01556482445448637,-0.02219872735440731,-0.10581571608781815,-0.04358576238155365,151.26779174804688,252.74624633789062,0.5,0.0,0.0,0.7247411012649536,0.0,0.6511728167533875,0.8139384388923645,0.0,0.0,0.0,0.0,94.36200714111328,0.0
0.37,0.9333333969116211,-0.40673627813796054,0.913545620123308,0.0,1.0,1.0,1.0,-0.02805347368121147,-0.009965824894607067,0.6136658191680908,0.019169019535183907,0.003845165017992258,0.00952525157481432,0.043991364538669586,-0.021396690979599953,0.08102542161941528,-0.0887628123164177,0.1047293022274971,0.30066630244255066,0.515302300453186,0.2051032930612564,-0.7331957817077637,0.45682308077812195,-0.11234813183546066,0.046316325664520264,-0.4126766324043274,-0.2607245445251465,0.6734055280685425,0.4652148187160492,-0.13108903169631958,-0.12307960540056229,0.35864144563674927,0.04172828793525696,-0.29180222749710083,0.43209803104400635,-0.1835305243730545,0.0,-0.4000000059604645,-0.05000000074505806,0.3100000023841858,0.49000000953674316,-0.20999999344348907,0.0,0.09339255094528198,-0.004529360681772232,-0.2998593747615814,0.039387717843055725,-0.8913342952728271,0.5420774221420288,0.059194087982177734,-0.040987469255924225,-0.2377392053604126,-0.03266023471951485,-1.1645748615264893,0.07665130496025085,0.00901661068201065,0.006407283246517181,-0.012377559207379818,-0.015061073936522007,-0.010323017835617065,-0.006926274858415127,109.61184692382812,249.5427703857422,0.5,0.0,0.0,0.7183036208152771,0.0,0.6591504812240601,0.834601879119873,0.0,0.0,0.0,0.0,43.29975128173828,0.0
0.38,0.9444445371627808,-0.3420195958921803,0.9396928200352228,0.0,1.0,1.0,1.0,-0.027621058747172356,-0.010222167707979679,0.6145067811012268,0.01947840303182602,0.0037268695887178183,0.011474971659481525,0.052367743104696274,-0.02223879285156727,0.08200478553771973,0.03409317508339882,-0.003639673115685582,0.13208726048469543,0.5103663802146912,0.19994449615478516,-0.7301928400993347,0.4471731185913086,-0.11932786554098129,0.02852310985326767,-0.41206833720207214,-0.2577490210533142,0.6741886734962463,0.46467530727386475,-0.149175226688385,-0.0834430605173111,0.370755672454834,0.04415113478899002,-0.2971324920654297,0.449057936668396,-0.19128362834453583,0.0,-0.4000000059604645,-0.05000000074505806,0.3100000023841858,0.49000000953674316,-0.20999999344348907,0.0,-0.714749813079834,-0.606663703918457,0.19540175795555115,-1.1810423135757446,-0.39853399991989136,-2.4327752590179443,0.1347522884607315,0.2851833701133728,-0.12160339951515198,-0.08417067676782608,-1.1816520690917969,1.9023542404174805,0.009206771850585938,0.007018573582172394,-0.010346464812755585,-0.0013730907812714577,0.038872405886650085,-0.04208103567361832,103.43061828613281,196.87945556640625,0.5,0.0,0.0,0.7252401113510132,0.0,0.6691557765007019,0.9657076597213745,0.0,0.0,0.0,0.0,70.83921813964844,0.0
0.39,0.9555556178092957,-0.2756369798177499,0.9612618037542892,0.0,1.0,1.0,1.0,-0.027148626744747162,-0.01039336808025837,0.6152260303497314,0.0198525357991457,0.0038460304494947195,0.012230022810399532,0.05828125774860382,-0.017569132149219513,0.07018868625164032,0.010631078854203224,0.046651288866996765,-0.006369757000356913,0.5093950629234314,0.19847224652767181,-0.7300509214401245,0.4467296004295349,-0.13216301798820496,0.019998526200652122,-0.40957382321357727,-0.25781774520874023,0.6719021201133728,0.46331584453582764,-0.15326282382011414,-0.10105612874031067,0.38100606203079224,0.04620121046900749,-0.30164265632629395,0.463408499956131,-0.19784386456012726,0.0,-0.4000000059604645,-0.05000000074505806,0.3100000023841858,0.49000000953674316,-0.20999999344348907,0.0,0.013982301577925682,-0.020855186507105827,0.010001121088862419,0.17789874970912933,-0.7645729780197144,-0.2069774568080902,0.25912052392959595,-0.07620710879564285,-0.22319245338439941,-0.13425900042057037,-0.1490122377872467,-2.576582908630371,0.009787920862436295,0.007626786828041077,-0.01660916581749916,-0.021518005058169365,0.010591884143650532,0.030062489211559296,117.96094512939453,212.30532836914062,0.5,0.0,0.0,0.7269712686538696,0.0,0.6764827966690063,0.9999188780784607,0.0,0.0,0.0,0.0,28.368671417236328,0.0
0.4,0.9666666984558105,-0.2079114954454082,0.9781476422614606,0.0,1.0,1.0,1.0,-0.02654152177274227,-0.010064525529742241,0.615980863571167,0.020130770280957222,0.005617838818579912,0.010173741728067398,0.07207748293876648,-0.01295951846987009,0.07874614000320435,0.29448631405830383,0.05037807673215866,-0.3231748044490814,0.5003490447998047,0.19758115708827972,-0.7192893028259277,0.4360331892967224,-0.11595730483531952,0.060528844594955444,-0.40764766931533813,-0.2567684054374695,0.673210620880127,0.46274155378341675,-0.1551867574453354,-0.12183114141225815,0.38919323682785034,0.04783864691853523,-0.3052450120449066,0.4748705327510834,-0.20308366417884827,0.0,-0.4000000059604645,-0.05000000074505806,0.3100000023841858,0.49000000953674316,-0.20999999344348907,0.0,-1.0363938808441162,0.001263757236301899,1.24140465259552,-1.2452129125595093,1.8531893491744995,3.9134624004364014,0.06779410690069199,0.22608205676078796,0.2991604208946228,-0.01880478858947754,0.00842103362083435,-1.9565798044204712,0.01001732051372528,0.008080795407295227,-0.026383522897958755,-0.014170543290674686,-0.06945455819368362,0.024538051337003708,127.48326873779297,225.24815368652344,0.5,0.0,0.0,0.7344870567321777,0.0,0.6931067705154419,0.811489462852478,0.0,0.0,0.0,0.0,67.70108795166016,0.0
0.41000000000000003,0.9777778387069702,-0.13917272185631788,0.9902681220210533,0.0,1.0,1.0,1.0,-0.026243122294545174,-0.00990490522235632,0.6166565418243408,0.021807381883263588,0.006675657816231251,0.007593531161546707,0.07516051083803177,-0.009141063317656517,0.06853786110877991,0.005704097915440798,0.20268717408180237,-0.27059924602508545,0.5068559050559998,0.19858384132385254,-0.719012975692749,0.44654273986816406,-0.1541915237903595,0.025292957201600075,-0.40674257278442383,-0.2570273280143738,0.6760367751121521,0.46023935079574585,-0.15422452986240387,-0.1418837606906891,0.39515775442123413,0.04903154820203781,-0.30786940455436707,0.4832208454608917,-0.206900954246521,0.0,-0.4000000059604645,-0.05000000074505806,0.3100000023841858,0.49000000953674316,-0.20999999344348907,0.0,1.0130319595336914,-0.0515582375228405,0.08937138319015503,1.3149268627166748,-4.400269985198975,-4.169812202453613,-0.014393996447324753,0.028663257136940956,0.5576657056808472,-0.23831024765968323,-1.3797224760055542,1.7732996940612793,0.011196859180927277,0.008505694568157196,-0.022686995565891266,0.00022156430350150913,0.07485966384410858,-0.01991269737482071,118.30891418457031,219.71531677246094,0.5,0.0,0.0,0.7324671149253845,0.0,0.6968784332275391,0.8637707829475403,0.0,0.0,0.0,0.0,130.78652954101562,0.0
0.42,0.9888889789581299,-0.06975590920093967,0.9975640897363689,1.0,1.0,1.0,1.0,-0.025487959384918213,-0.009484331123530865,0.6174209117889404,0.02204172872006893,0.008360880427062511,0.0032520312815904617,0.0832015872001648,-0.003089429810643196,0.07536577433347702,0.28779521584510803,-0.07130914181470871,-0.5091100335121155,0.49952709674835205,0.19298526644706726,-0.7120809555053711,0.4348893165588379,-0.1565527319908142,-0.015821540728211403,-0.4071582555770874,-0.251024067401886,0.6856215000152588,0.4589225947856903,-0.17190204560756683,-0.06817557662725449,0.4000000059604645,0.05000000074505806,-0.3100000023841858,0.49000000953674316,-0.20999999344348907,0.0,-0.4000000059604645,-0.05000000074505806,0.3100000023841858,0.49000000953674316,-0.20999999344348907,0.0,-1.245880126953125,-0.5258490443229675,0.8964399099349976,-1.516538143157959,0.2956792414188385,-2.9932467937469482,0.0037123756483197212,0.7688304781913757,0.7586844563484192,-0.1082180067896843,-1.5305598974227905,6.346101760864258,0.011365581303834915,0.008656695485115051,0.00856742449104786,0.03612740337848663,0.00614304281771183,-0.10173512250185013,102.0907974243164,200.38177490234375,0.5,0.0,0.0,0.6979552507400513,0.0,0.7064796090126038,0.5954808592796326,0.0,0.0,0.0,0.0,158.0692901611328,0.0
0.43,1.0,-2.4492935982947064e-16,1.0,1.0,1.0,1.0,1.0,-0.0248170867562294,-0.009173977188766003,0.6180117130279541,0.02292134054005146,0.00946475937962532,-3.6716461181640625e-05,0.09398006647825241,0.0019489293918013573,0.058592528104782104,0.014121574349701405,0.176141619682312,-0.2721719741821289,0.5012983679771423,0.1977454572916031,-0.7010855078697205,0.44400161504745483,-0.1596979945898056,0.06090686097741127,-0.40199482440948486,-0.25006744265556335,0.6827533841133118,0.4519742429256439,-0.16035345196723938,-0.12104485929012299,0.4000000059604645,0.05000000074505806,-0.3100000023841858,0.49000000953674316,-0.20999999344348907,0.0,-0.4000000059604645,-0.05000000074505806,0.3100000023841858,0.49000000953674316,-0.20999999344348907,0.0,0.6348040103912354,0.7631365656852722,0.09145576506853104,1.4602569341659546,-0.18574783205986023,5.194518566131592,0.5761987566947937,-0.2767399549484253,-0.2956259250640869,-0.6696856617927551,1.6536846160888672,-7.35013484954834,0.012343887239694595,0.008775077760219574,-0.04234025999903679,-0.05885704606771469,-0.06995061039924622,0.1101628988981247,147.33290100097656,243.779052734375,0.5,0.0,0.0,0.6920503973960876,0.0,0.7191308736801147,0.8622973561286926,0.0,0.0,0.0,0.0,198.09996032714844,0.0
0.44,1.0111112594604492,0.06975740357991196,0.9975639852389365,1.0,1.0,1.0,1.0,-0.023934315890073776,-0.008771467953920364,0.6186410784721375,0.023373741656541824,0.01076525542885065,-0.0037980079650878906,0.10187270492315292,0.006183150224387646,0.06455686688423157,0.21825778484344482,-0.05262835696339607,-0.41097626090049744,0.49298664927482605,0.19975343346595764,-0.7075468897819519,0.43793049454689026,-0.17604777216911316,-0.006564453709870577,-0.40001341700553894,-0.24905602633953094,0.6857683062553406,0.4513160288333893,-0.16344879567623138,-0.1300063580274582,0.4000000059604645,0.05000000074505806,-0.3100000023841858,0.49000000953674316,-0.20999999344348907,0.0,-0.4000000059604645,-0.05000000074505806,0.3100000023841858,0.49000000953674316,-0.20999999344348907,0.0,-1.4020699262619019,0.11693215370178223,-0.8208885192871094,-0.9394804239273071,-0.3577533960342407,-4.648082256317139,0.23090006411075592,0.3008260130882263,0.4158874750137329,0.011993849650025368,-0.5232949256896973,0.717723548412323,0.012668035924434662,0.009123571217060089,-0.04508570209145546,-0.0009534295531921089,-0.12308396399021149,-0.008999952115118504,106.96971130371094,204.3267822265625,0.5,0.0,0.0,0.6979367733001709,0.0,0.7282673120498657,0.7133358716964722,0.0,0.0,0.0,0.0,69.8258056640625,0.0
0.45,1.0222222805023193,0.13917346358102195,0.9902680177784505,1.0,0.0,1.0,1.0,-0.02311054617166519,-0.008559918031096458,0.6191445589065552,0.024203673005104065,0.010943716391921043,-0.005612373352050781,0.10385071486234665,0.02183648757636547,0.05334117263555527,-0.12194431573152542,0.1538705825805664,-0.08235783129930496,0.49594154953956604,0.20925724506378174,-0.7072247266769409,0.4542807936668396,-0.1894192397594452,0.06569834798574448,-0.3961549699306488,-0.24761803448200226,0.6846832633018494,0.44648978114128113,-0.16436712443828583,-0.14042384922504425,0.4000000059604645,0.05000000074505806,-0.3100000023841858,0.49000000953674316,-0.20999999344348907,0.0,-0.4347933530807495,-0.056958671659231186,0.32530906796455383,0.5387107133865356,-0.23226773738861084,0.0,0.9648347496986389,1.036590337753296,-0.8101744651794434,2.229588747024536,-1.243440866470337,4.37166690826416,0.1668464094400406,0.2086050659418106,-0.22755543887615204,-0.4458174705505371,-1.5471190214157104,2.8180932998657227,0.013859502971172333,0.00928197056055069,-0.025103528052568436,-0.006598650943487883,-0.07616937905550003,-0.01443276647478342,140.2930450439453,235.7773895263672,0.5,0.0,0.0,0.6059877872467041,0.0,0.7299186587333679,0.9865260124206543,0.0,0.0,0.0,0.0,182.12509155273438,0.0
0.46,1.0333333015441895,0.20791149544540774,0.9781476422614607,1.0,0.0,1.0,1.0,-0.021785415709018707,-0.008184922859072685,0.619725227355957,0.02336086332798004,0.011434859596192837,-0.007825851440429688,0.11276989430189133,0.026885030791163445,0.054820843040943146,0.1613866090774536,-0.24803653359413147,-0.2461213916540146,0.4812780022621155,0.21124182641506195,-0.7146633267402649,0.44048047065734863,-0.19134306907653809,-0.006065395660698414,-0.3976522982120514,-0.24070069193840027,0.6873010993003845,0.44915422797203064,-0.18869544565677643,-0.04806479439139366,0.4000000059604645,0.05000000074505806,-0.3100000023841858,0.49000000953674316,-0.20999999344348907,0.0,-0.4519779086112976,-0.060395583510398865,0.3328702747821808,0.5627690553665161,-0.24326585233211517,0.0,-2.4317233562469482,0.2172832190990448,-1.142275094985962,-1.7662955522537231,0.7524453997612,-4.866114139556885,0.041855450719594955,0.8267728090286255,0.4234026372432709,0.46311306953430176,-2.8917436599731445,9.379323959350586,0.01370345801115036,0.009529158473014832,-0.0511016882956028,0.022746926173567772,-0.3131372332572937,-0.1468714326620102,61.8963737487793,187.83509826660156,0.5,0.0,0.0,0.6331145763397217,0.0,0.7398262619972229,0.8858997821807861,0.0,0.0,0.0,0.0,225.1405487060547,0.0
0.47000000000000003,1.0444445610046387,0.2756380598154803,0.9612614940697239,1.0,0.0,1.0,1.0,-0.02029762603342533,-0.008348764851689339,0.6200623512268066,0.02211574837565422,0.009879563003778458,-0.007147789001464844,0.11938677728176117,0.02388901636004448,0.031619567424058914,-0.3575347363948822,-0.05432505160570145,0.24935421347618103,0.47927162051200867,0.21722008287906647,-0.7121782898902893,0.4525933265686035,-0.19433951377868652,0.07966987043619156,-0.3884235620498657,-0.23963455855846405,0.6746800541877747,0.44258809089660645,-0.18172895908355713,-0.09213636815547943,0.4000000059604645,0.05000000074505806,-0.3100000023841858,0.49000000953674316,-0.20999999344348907,0.0,-0.4689095914363861,-0.06378191709518433,0.3403202295303345,0.5864734053611755,-0.25410211086273193,0.0,0.691125750541687,0.531085193157196,-0.4492529630661011,1.7517220973968506,0.43343740701675415,5.404897212982178,1.2207306623458862,-0.3545546233654022,-1.4754403829574585,-0.7812113165855408,0.7994592785835266,-6.7100510597229,0.014252528548240662,0.009677138179540634,0.03831133618950844,-0.06768619269132614,-0.06868434697389603,0.09296359121799469,152.71942138671875,241.49862670898438,0.5,0.0,0.0,0.6368820667266846,0.0,0.7476097345352173,0.8830662965774536,0.0,0.0,0.0,0.0,228.05645751953125,0.0
0.48,1.0555555820465088,0.3420202997352154,0.9396925638574744,1.0,0.0,1.0,1.0,-0.018558863550424576,-0.008533257991075516,0.6203195452690125,0.020205073058605194,0.008141092024743557,-0.006519794464111328,0.12822388112545013,0.03375377878546715,0.019404971972107887,-0.06551001220941544,-0.2984566390514374,0.0025734405498951674,0.46522262692451477,0.21633948385715485,-0.725012481212616,0.43793371319770813,-0.1919221132993698,-0.03719907999038696,-0.3861463665962219,-0.24023617804050446,0.6733102798461914,0.44993314146995544,-0.20422816276550293,-0.056622184813022614,0.4000000059604645,0.05000000074505806,-0.3100000023841858,0.49000000953674316,-0.20999999344348907,0.0,-0.4855051636695862,-0.06710103154182434,0.347622275352478,0.609707236289978,-0.2647233009338379,0.0,-2.2517569065093994,-0.011783918365836143,-1.6619538068771362,-1.8608449697494507,1.235493779182434,-10.099410057067871,0.1312033087015152,0.1700258105993271,0.009822440333664417,1.0429762601852417,-2.847411870956421,5.6455888748168945,0.013531289994716644,0.010325394570827484,-0.008333959616720676,0.0011381631484255195,-0.41747143864631653,-0.09455695748329163,44.25857925415039,199.27809143066406,0.5,0.0,0.0,0.6860764622688293,0.0,0.7567566633224487,0.9999867081642151,0.0,0.0,0.0,0.0,323.5658264160156,0.0
0.49,1.0666667222976685,0.4067369623963564,0.9135453154718625,1.0,0.0,1.0,1.0,-0.016641583293676376,-0.00891126785427332,0.6203057169914246,0.017999645322561264,0.005423940252512693,-0.003989219665527344,0.14040908217430115,0.03377978876233101,-0.006131710484623909,-0.41602060198783875,-0.15859383344650269,0.4315047562122345,0.46271494030952454,0.21811924874782562,-0.7111022472381592,0.4458293318748474,-0.182565376162529,0.08348812907934189,-0.376637727022171,-0.2407820224761963,0.6597810983657837,0.4469763934612274,-0.2021932452917099,-0.08865484595298767,0.4000000059604645,0.05000000074505806,-0.3100000023841858,0.49000000953674316,-0.20999999344348907,0.0,-0.501684308052063,-0.07033686339855194,0.35474109649658203,0.6323580741882324,-0.2750779390335083,0.0,0.5338480472564697,0.14657530188560486,0.9626139998435974,1.168006420135498,3.297820806503296,9.371566772460938,1.2218565940856934,-0.3148939609527588,-1.301163673400879,-0.6052747368812561,0.4807548224925995,-3.8603897094726562,0.013408709317445755,0.010453611612319946,0.07558156549930573,-0.017781684175133705,-0.04224647209048271,0.05610450357198715,173.70773315429688,237.55804443359375,0.5,0.0,0.0,0.7099283337593079,0.0,0.7703630328178406,0.6890835762023926,0.0,0.0,0.0,0.0,385.1357421875,0.0
0.5,1.0777778625488281,0.46947203307215885,0.8829473428031218,1.0,0.0,1.0,1.0,-0.014348207972943783,-0.009189224801957607,0.620193600654602,0.014779629185795784,0.0029608465265482664,-0.0021343231201171875,0.1509690284729004,0.03841795772314072,-0.010535258799791336,-0.17325711250305176,-0.45180630683898926,0.04502177983522415,0.4455184042453766,0.21447448432445526,-0.7244514226913452,0.4287359416484833,-0.17370478808879852,-0.045406389981508255,-0.3735363483428955,-0.2422163039445877,0.6609027981758118,0.4570314884185791,-0.2209763079881668,-0.02407417632639408,0.4000000059604645,0.05000000074505806,-0.3100000023841858,0.49000000953674316,-0.20999999344348907,0.0,-0.5173680782318115,-0.07347360998392105,0.36164194345474243,0.6543152928352356,-0.2851155400276184,0.0,-2.6657605171203613,-0.3961546719074249,-1.8431429862976074,-2.1220428943634033,1.861804723739624,-10.198138236999512,0.2840045690536499,-0.4028898775577545,-0.4362580478191376,1.5926599502563477,-1.5915719270706177,0.8110501766204834,0.012048840522766113,0.01094520092010498,-0.02046896144747734,0.002086988650262356,-0.33949553966522217,-0.024983368813991547,56.71455001831055,216.60440063476562,0.5,0.0,0.0,0.7852047681808472,0.0,0.781455397605896,0.9959542751312256,0.0,0.0,0.0,0.0,428.1079406738281,0.0
0.51,1.0888888835906982,0.5299192360020959,0.84804811379718,1.0,0.0,1.0,1.0,-0.012305812910199165,-0.009681889787316322,0.6198580861091614,0.012987276539206505,-0.0005693435668945312,0.0009508792427368462,0.16529573500156403,0.040975216776132584,-0.03831474855542183,-0.5121926069259644,-0.006771487649530172,0.4850894808769226,0.4465727210044861,0.21826958656311035,-0.7144674062728882,0.44451260566711426,-0.17109033465385437,0.07393208146095276,-0.3665594160556793,-0.24701300263404846,0.645140528678894,0.45991644263267517,-0.22762127220630646,-0.08752737194299698,0.4000000059604645,0.05000000074505806,-0.3100000023841858,0.49000000953674316,-0.20999999344348907,0.0,-0.5324798822402954,-0.07649597525596619,0.36829113960266113,0.675471842288971,-0.29478710889816284,0.0,1.079749584197998,0.35613805055618286,0.2001083791255951,1.999028205871582,2.1874189376831055,7.857220649719238,0.7640716433525085,-0.7710263729095459,-1.0933524370193481,0.0426248274743557,-0.010193824768066406,-4.597088813781738,0.011887587606906891,0.011309314519166946,0.027945199981331825,-0.039854131639003754,-0.026061220094561577,0.0701141431927681,241.78463745117188,239.21092224121094,0.5,0.0,0.0,0.7936885356903076,0.0,0.7965927124023438,0.6246126294136047,0.0,0.0,0.0,0.0,375.626220703125,0.0
0.52,1.100000023841858,0.5877853734854862,0.8090169063230556,1.0,0.0,1.0,1.0,-0.009928777813911438,-0.010051790624856949,0.6195063591003418,0.010576186701655388,-0.0035247802734375,0.0019820798188447952,0.18112888932228088,0.043017901480197906,-0.038268402218818665,-0.14330755174160004,-0.3937966823577881,-0.12985345721244812,0.4290786385536194,0.21288061141967773,-0.7227193117141724,0.42755213379859924,-0.15595507621765137,-0.04201190918684006,-0.3624598979949951,-0.2522866427898407,0.6534445285797119,0.4697304368019104,-0.2504693567752838,-0.04146786779165268,0.4000000059604645,0.05000000074505806,-0.3100000023841858,0.49000000953674316,-0.20999999344348907,0.0,-0.5469464063644409,-0.07938928157091141,0.37465640902519226,0.6957249641418457,-0.3040456771850586,0.0,-2.9451756477355957,-0.5725911855697632,-1.1519811153411865,-2.216508626937866,2.1760404109954834,-10.097306251525879,0.3417677581310272,-0.19442340731620789,0.6908329129219055,1.3932888507843018,-2.671962022781372,5.013388156890869,0.010098561644554138,0.011727172881364822,-0.17872104048728943,0.020734254270792007,-0.3316267728805542,-0.12104089558124542,75.14329528808594,170.4154052734375,0.5,0.0,0.0,0.8713226318359375,0.0,0.8129720091819763,0.9668384790420532,0.0,0.0,0.0,0.0,453.869384765625,0.0
0.53,1.1111111640930176,0.6427878646989729,0.7660442291380669,1.0,0.0,1.0,1.0,-0.007724015507847071,-0.010185113176703453,0.6189948320388794,0.009244432672858238,-0.006092071533203125,0.0033034863881766796,0.1933787763118744,0.05497351661324501,-0.050144799053668976,-0.33650022745132446,0.00687587633728981,0.2644290626049042,0.42784014344215393,0.21798226237297058,-0.7133392691612244,0.44068318605422974,-0.1504874974489212,0.07201830297708511,-0.35735875368118286,-0.25308677554130554,0.6416236162185669,0.4703894257545471,-0.24935822188854218,-0.05809739604592323,0.4000000059604645,0.05000000074505806,-0.3100000023841858,0.49000000953674316,-0.20999999344348907,0.0,-0.5606970191001892,-0.08213940262794495,0.38070666790008545,0.7149758338928223,-0.3128460645675659,0.0,0.7936518788337708,0.7042871117591858,-0.026274651288986206,2.0869088172912598,1.4452959299087524,7.043881416320801,0.615209698677063,-0.16724176704883575,-0.6440390944480896,-0.24680432677268982,-0.036638543009757996,0.17030760645866394,0.009790696203708649,0.011555291712284088,0.005941465031355619,0.005476383492350578,-0.05904687941074371,0.0005590024520643055,214.2418670654297,217.7183074951172,0.5,0.0,0.0,0.8624380826950073,0.0,0.8235942721366882,0.8694926500320435,0.0,0.0,0.0,0.0,310.2484130859375,0.0
0.54,1.1222223043441772,0.6946587416292218,0.7193394419035468,1.0,0.0,1.0,1.0,-0.005196441896259785,-0.010216261260211468,0.6186089515686035,0.00732672493904829,-0.00792551040649414,0.0023887096904218197,0.20913046598434448,0.041287556290626526,-0.02884548157453537,-0.06879120320081711,-0.3025895953178406,-0.321946918964386,0.4140845537185669,0.21411220729351044,-0.7193974256515503,0.4291434586048126,-0.14254359900951385,-0.035198792815208435,-0.35161206126213074,-0.25812259316444397,0.6498159170150757,0.4778851568698883,-0.2577238380908966,-0.058341752737760544,0.4000000059604645,0.05000000074505806,-0.3100000023841858,0.49000000953674316,-0.20999999344348907,0.0,-0.5736647248268127,-0.08473294228315353,0.38641247153282166,0.7331305742263794,-0.3211454153060913,0.0,-2.216559886932373,-0.6438432335853577,-0.805286705493927,-1.706132173538208,1.4786030054092407,-10.086771011352539,0.5989738702774048,-0.5085676312446594,1.5302150249481201,0.6733701229095459,4.427419662475586,3.8221192359924316,0.00838526338338852,0.011735931038856506,-0.08370760083198547,0.0016580859664827585,-0.17605704069137573,-0.01219057384878397,127.22661590576172,376.61407470703125,0.5,0.0,0.0,0.8918641805648804,0.0,0.8414577841758728,0.8127760887145996,0.0,0.0,0.0,0.0,423.09881591796875,0.0
0.55,1.133333444595337,0.7431452932528939,0.6691300868411691,1.0,0.0,1.0,1.0,-0.002864705864340067,-0.010119880549609661,0.6181702017784119,0.00666396738961339,-0.009668350219726562,0.001655325759202242,0.22452090680599213,0.05761117488145828,-0.047987692058086395,-0.2712743878364563,0.10430092364549637,0.04751976206898689,0.41212284564971924,0.21776261925697327,-0.7057806253433228,0.43855518102645874,-0.13528069853782654,0.07353649288415909,-0.34348049759864807,-0.2602093517780304,0.6441518664360046,0.4754614531993866,-0.24968940019607544,-0.09155496209859848,0.4000000059604645,0.05000000074505806,-0.3100000023841858,0.49000000953674316,-0.20999999344348907,0.0,-0.5857863426208496,-0.08715726435184479,0.39174598455429077,0.75010085105896,-0.3289032578468323,0.0,0.6390321850776672,0.5091878175735474,0.6359472274780273,1.4684901237487793,1.2183704376220703,8.122801780700684,0.7174539566040039,-0.24436582624912262,-0.5698816180229187,-0.5297690629959106,0.9433965682983398,-2.803481101989746,0.008083835244178772,0.011416912078857422,0.045954275876283646,-0.00520413788035512,-0.07333534955978394,0.04428088292479515,204.3633575439453,208.92950439453125,0.5,0.0,0.0,0.8910470008850098,0.0,0.8534950613975525,0.9954938888549805,0.0,0.0,0.0,0.0,284.7742919921875,0.0
0.56,1.144444465637207,0.7880108355869994,0.6156613703956739,1.0,0.0,1.0,1.0,-0.00041785789653658867,-0.009859126061201096,0.6178188323974609,0.006107565481215715,-0.010674476623535156,-0.0010480880737304688,0.2365218698978424,0.04462297260761261,-0.02399609424173832,0.00813255738466978,-0.15029940009117126,-0.45274439454078674,0.39979761838912964,0.2143644541501999,-0.7139443755149841,0.4279555082321167,-0.1306968778371811,-0.02629440650343895,-0.3408184051513672,-0.26217931509017944,0.6541832089424133,0.4815472364425659,-0.25939786434173584,-0.040592461824417114,0.4000000059604645,0.05000000074505806,-0.3100000023841858,0.49000000953674316,-0.20999999344348907,0.0,-0.5970027446746826,-0.08940054476261139,0.39668118953704834,0.7658038139343262,-0.33608174324035645,0.0,-1.8336464166641235,-0.6629071235656738,-0.7251211404800415,-1.762503981590271,1.614792823791504,-10.054941177368164,0.2861074209213257,-0.40206578373908997,0.7357249855995178,1.1946669816970825,-1.9104350805282593,-1.3342775106430054,0.006819233298301697,0.011359497904777527,-0.013573482632637024,0.006929738912731409,-0.0950893759727478,-0.03129170835018158,188.48806762695312,182.3351287841797,0.5,0.0,0.0,0.8434172868728638,0.0,0.8669067621231079,0.6636801362037659,0.0,0.0,0.0,0.0,313.8542175292969,0.0
0.5700000000000001,1.1555556058883667,0.8290377493999679,0.5591926412872723,1.0,0.0,1.0,1.0,0.001768522895872593,-0.00952545739710331,0.6174865365028381,0.007060871459543705,-0.011672019958496094,-0.003337860107421875,0.25319704413414,0.06360725313425064,-0.03168565034866333,-0.19485881924629211,0.2586209177970886,-0.10672755539417267,0.4002930223941803,0.21936504542827606,-0.7033341526985168,0.4385516941547394,-0.12729907035827637,0.07568532973527908,-0.33480924367904663,-0.26373952627182007,0.6472700238227844,0.47796884179115295,-0.2515657842159271,-0.09734790027141571,0.4000000059604645,0.05000000074505806,-0.3100000023841858,0.49000000953674316,-0.20999999344348907,0.0,-0.6072594523429871,-0.09145189076662064,0.40119415521621704,0.7801632285118103,-0.3426460325717926,0.0,0.7906941771507263,0.8273311853408813,-0.11898115277290344,1.8735899925231934,0.7800651788711548,5.902350425720215,0.5773023962974548,-0.2864235043525696,-0.32185402512550354,-0.5389700531959534,1.6182701587677002,-3.7518911361694336,0.006820052862167358,0.011034037917852402,-0.022471066564321518,-0.0444527342915535,-0.07248873263597488,0.07097844034433365,178.41262817382812,248.4617919921875,0.5,0.0,0.0,0.8483763337135315,0.0,0.8781699538230896,0.9774760007858276,0.0,0.0,0.0,0.0,274.3751220703125,0.0
0.58,1.1666667461395264,0.8660256534556828,0.49999956755647046,1.0,0.0,1.0,1.0,0.004033527337014675,-0.009008881635963917,0.6173476576805115,0.00819397997111082,-0.011986255645751953,-0.006468296051025391,0.25952669978141785,0.05732244253158569,0.006676736753433943,0.08330725133419037,0.03556906059384346,-0.4324399530887604,0.3939363360404968,0.22023792564868927,-0.714224100112915,0.43546050786972046,-0.12832976877689362,-0.008837058208882809,-0.3348259925842285,-0.26449498534202576,0.6582878828048706,0.4835160970687866,-0.2610073387622833,-0.03951599448919296,0.4000000059604645,0.05000000074505806,-0.3100000023841858,0.49000000953674316,-0.20999999344348907,0.0,-0.6165064573287964,-0.09330129623413086,0.40526285767555237,0.7931090593338013,-0.34856414794921875,0.0,-1.0679863691329956,-0.20323339104652405,0.7637717723846436,-1.0953567028045654,1.9983165264129639,2.037252426147461,-0.21093183755874634,-0.014226466417312622,0.5149049758911133,0.9565556645393372,-0.3553362488746643,2.297896146774292,0.006313025951385498,0.011046990752220154,0.062273405492305756,0.02235383912920952,-0.023035939782857895,-0.03305833041667938,306.3599548339844,253.4100799560547,0.5,0.0,0.0,0.8248479962348938,0.0,0.8849478363990784,0.6879709362983704,0.0,0.0,0.0,0.0,157.1305389404297,0.0
0.59,1.1777777671813965,0.8987940171128403,0.43837120662990975,1.0,0.0,1.0,1.0,0.006106372456997633,-0.008390492759644985,0.6172847747802734,0.010511315427720547,-0.0122222900390625,-0.008664131164550781,0.2744923532009125,0.07035455852746964,-0.004451035056263208,-0.09575433284044266,0.38342440128326416,-0.07902765274047852,0.39713016152381897,0.22610153257846832,-0.7029813528060913,0.44616270065307617,-0.13288001716136932,0.0864492654800415,-0.3332185745239258,-0.262302964925766,0.6461244225502014,0.4787871241569519,-0.25694987177848816,-0.08870968967676163,0.4000000059604645,0.05000000074505806,-0.3100000023841858,0.49000000953674316,-0.20999999344348907,0.0,-0.6246985197067261,-0.0949397087097168,0.40886735916137695,0.8045779466629028,-0.3538070321083069,0.0,1.0320359468460083,0.7430484294891357,0.26384973526000977,1.1913031339645386,4.094805717468262,2.99007248878479,0.1825416088104248,0.07649850845336914,-0.5904961824417114,-0.5647881031036377,-0.029005348682403564,-1.4777073860168457,0.006775125861167908,0.010775383561849594,0.04858650639653206,0.0029238781426101923,-0.10198123753070831,0.0779719352722168,362.1991882324219,159.7070770263672,0.5,0.0,0.0,0.8373635411262512,0.0,0.8943957686424255,0.9875869154930115,0.0,0.0,0.0,0.0,200.41432189941406,0.0
0.6,1.1888890266418457,0.9271841787986937,0.3746057909127832,1.0,0.0,1.0,1.0,0.008463907986879349,-0.007881061173975468,0.6173526048660278,0.012190856039524078,-0.012861251831054688,-0.01049947738647461,0.28272080421447754,0.06317300349473953,0.024062825366854668,-0.061506498605012894,0.028398046270012856,-0.17573699355125427,0.3909670412540436,0.22658105194568634,-0.7164502739906311,0.442618727684021,-0.14043104648590088,0.0042343344539403915,-0.33456334471702576,-0.2616051137447357,0.6518155932426453,0.4840751886367798,-0.2653045952320099,-0.03490213677287102,0.4000000059604645,0.05000000074505806,-0.3100000023841858,0.49000000953674316,-0.20999999344348907,0.0,-0.6317960619926453,-0.09635921567678452,0.41199028491973877,0.8145145177841187,-0.358349472284317,0.0,-1.0392197370529175,-0.31066176295280457,0.34749120473861694,-0.7435363531112671,0.8960855603218079,-0.200675830245018,0.04403785988688469,-0.23715618252754211,0.18874436616897583,1.0564831495285034,-1.6669542789459229,0.6303149461746216,0.0063917189836502075,0.011012308299541473,-0.01735786721110344,-0.012969983741641045,-0.02880154550075531,-0.01861676760017872,237.8424072265625,187.76919555664062,0.5,0.0,0.0,0.8049908876419067,0.0,0.902666449546814,0.9401019215583801,0.0,0.0,0.0,0.0,122.35870361328125,0.0
0.61,1.2000000476837158,0.95105660887834,0.30901670943305387,1.0,0.0,1.0,1.0,0.010738873854279518,-0.007299037184566259,0.6174403429031372,0.014811991713941097,-0.01319265365600586,-0.011185646057128906,0.3045184910297394,0.06714087724685669,0.0064160507172346115,-0.015918273478746414,0.42856714129447937,-0.02719176933169365,0.3903312385082245,0.23090898990631104,-0.7084125280380249,0.44668495655059814,-0.1400976926088333,0.08549194782972336,-0.33197474479675293,-0.260892391204834,0.6435110569000244,0.4812697172164917,-0.2659169137477875,-0.10069525241851807,0.4000000059604645,0.05000000074505806,-0.3100000023841858,0.49000000953674316,-0.20999999344348907,0.0,-0.6377642154693604,-0.0975528359413147,0.4146162271499634,0.8228698968887329,-0.362169086933136,0.0,0.41144803166389465,0.662449300289154,-0.08150099217891693,0.8983162045478821,-0.004609793424606323,3.6122894287109375,0.21689313650131226,-0.035535022616386414,-0.32430920004844666,-0.40717601776123047,1.2441774606704712,-4.808187484741211,0.006658345460891724,0.011011432856321335,-0.01836620457470417,-0.025789719074964523,-0.046227920800447464,0.05458706244826317,206.98257446289062,148.42819213867188,0.5,0.0,0.0,0.7986645698547363,0.0,0.9181064963340759,0.9985222816467285,0.0,0.0,0.0,0.0,125.81089782714844,0.0
0.62,1.2111111879348755,0.970295843051086,0.24192142723988433,1.0,0.0,1.0,1.0,0.013082370162010193,-0.006782347336411476,0.6176258325576782,0.017686717212200165,-0.013720989227294922,-0.01063680648803711,0.3091323971748352,0.0633351057767868,0.03711436688899994,-0.13029882311820984,0.18584659695625305,0.17618966102600098,0.3862614333629608,0.233307346701622,-0.730378270149231,0.44646409153938293,-0.1507665514945984,-0.008115164935588837,-0.33349817991256714,-0.25959163904190063,0.6462390422821045,0.4853747487068176,-0.2786579728126526,-0.03862054646015167,0.4000000059604645,0.05000000074505806,-0.3100000023841858,0.49000000953674316,-0.20999999344348907,0.0,-0.6425739526748657,-0.09851479530334473,0.4167325496673584,0.8296035528182983,-0.36524733901023865,0.0,-0.5505899786949158,-0.05651156231760979,-1.7225890159606934,-0.22332002222537994,-0.5032497644424438,-8.46202564239502,-0.12189923226833344,-0.24581827223300934,-0.11157321184873581,0.9749962687492371,-2.275679349899292,1.295371413230896,0.0065583884716033936,0.01131315529346466,-0.010019639506936073,-0.009201087057590485,-0.04745788499712944,0.007319765165448189,216.83547973632812,170.8882293701172,0.5,0.0,0.0,0.76894211769104,0.0,0.9223011136054993,0.9398024678230286,0.0,0.0,0.0,0.0,141.81060791015625,0.0
0.63,1.2222223281860352,0.9848078686252574,0.17364752199146954,1.0,0.0,1.0,1.0,0.015452144667506218,-0.006416343152523041,0.6178326606750488,0.02102244459092617,-0.014739513397216797,-0.009032249450683594,0.3285411596298218,0.0679696574807167,0.011568054556846619,-0.09938380122184753,0.4820614457130432,0.15712226927280426,0.3861651122570038,0.2320065051317215,-0.7110602259635925,0.4433661997318268,-0.14609107375144958,0.09634454548358917,-0.33122456073760986,-0.2589723467826843,0.6413856148719788,0.48430097103118896,-0.29229816794395447,-0.062313564121723175,0.4000000059604645,0.05000000074505806,-0.3100000023841858,0.49000000953674316,-0.20999999344348907,0.0,-0.6462019681930542,-0.09924039244651794,0.4183288812637329,0.8346827626228333,-0.3675692677497864,0.0,0.43337053060531616,-0.09335789829492569,2.0502638816833496,-0.08741741627454758,0.03815077245235443,10.035733222961426,0.015635088086128235,0.15774188935756683,-0.1390494853258133,-0.3650573492050171,-0.1755181849002838,0.45056283473968506,0.006487555801868439,0.011549439281225204,0.07331748306751251,0.0052366056479513645,0.018863555043935776,-0.010548950172960758,99.81304168701172,156.24058532714844,0.5,0.0,0.0,0.7362926006317139,0.0,0.9342268109321594,0.9518243074417114,0.0,0.0,0.0,0.0,79.60420227050781,0.0
0.64,1.2333333492279053,0.9945219058073734,0.10452836394620228,1.0,0.0,1.0,1.0,0.018153976649045944,-0.006192818749696016,0.6181201338768005,0.023350054398179054,-0.01630401611328125,-0.0061435699462890625,0.3268812298774719,0.06666287779808044,0.04994158446788788,-0.20695015788078308,0.024958746507763863,0.41408103704452515,0.38357409834861755,0.2282218188047409,-0.7187720537185669,0.439749538898468,-0.14682695269584656,0.028099948540329933,-0.3301955759525299,-0.2581685483455658,0.6376074552536011,0.48606452345848083,-0.2939578592777252,-0.02868741564452648,0.4000000059604645,0.05000000074505806,-0.3100000023841858,0.49000000953674316,-0.20999999344348907,0.0,-0.6486304998397827,-0.09972609579563141,0.41939741373062134,0.8380826711654663,-0.36912351846694946,0.0,-0.6455469131469727,-0.6163399815559387,-0.34258928894996643,-0.5434281826019287,0.07802371680736542,-5.385014057159424,0.42081135511398315,0.06418337672948837,-0.552760899066925,0.41340699791908264,-1.0513670444488525,2.5646002292633057,0.0061394572257995605,0.012051410973072052,0.037643641233444214,-0.002928100759163499,0.04354924336075783,-0.04510650038719177,205.68260192871094,239.88722229003906,0.5,0.0,0.0,0.693065881729126,0.0,0.9334871172904968,0.7096905708312988,0.0,0.0,0.0,0.0,113.23251342773438,0.0
0.65,1.2444446086883545,0.9993908630339692,0.034898465356211134,1.0,0.0,1.0,1.0,0.020957008004188538,-0.005884903483092785,0.6184313893318176,0.025831952691078186,-0.01751995086669922,-0.0027914047241210938,0.35014835000038147,0.06448666006326675,0.03207342326641083,-0.061564646661281586,0.4397623836994171,0.30778253078460693,0.3808731734752655,0.2234894186258316,-0.7008170485496521,0.43366870284080505,-0.13528282940387726,0.09467396140098572,-0.3279899060726166,-0.2582961618900299,0.6291540861129761,0.49066925048828125,-0.3230305016040802,-0.060214050114154816,0.4000000059604645,0.05000000074505806,-0.3100000023841858,0.49000000953674316,-0.20999999344348907,0.0,-0.6498477458953857,-0.0999695435166359,0.4199329912662506,0.8397867679595947,-0.36990252137184143,0.0,0.1086886078119278,-0.22398996353149414,0.48176631331443787,-0.9599133729934692,4.564027786254883,-2.9638137817382812,0.012111863121390343,-0.058106523007154465,-0.25777408480644226,0.3283471465110779,-2.2481613159179688,-2.6925508975982666,0.005883261561393738,0.012805089354515076,0.07757674902677536,-0.029217077419161797,-0.06855054199695587,-0.0028094376903027296,325.1017150878906,137.016845703125,0.5,0.0,0.0,0.655394971370697,0.0,0.9481637477874756,0.8274056911468506,0.0,0.0,0.0,0.0,137.983154296875,0.0
0.66,1.2555556297302246,0.9993908107539655,-0.034899962471781065,1.0,0.0,1.0,1.0,0.024033695459365845,-0.005494485609233379,0.6188444495201111,0.027631551027297974,-0.018621444702148438,0.0008698163437657058,0.3493325114250183,0.07427752763032913,0.065716952085495,-0.14866872131824493,-0.018191935494542122,0.44310522079467773,0.3748384416103363,0.21942204236984253,-0.709105372428894,0.42736363410949707,-0.1410478949546814,0.02001362293958664,-0.32620522379875183,-0.25582653284072876,0.6218636631965637,0.49305984377861023,-0.330533504486084,-0.038272369652986526,0.4000000059604645,0.05000000074505806,-0.3100000023841858,0.49000000953674316,-0.20999999344348907,0.0,-0.6496955156326294,-0.09993909299373627,0.41986602544784546,0.8395736813545227,-0.36980509757995605,0.0,-1.0062273740768433,-0.35053354501724243,0.16272124648094177,-0.6059349179267883,0.5888124704360962,-0.3203102648258209,0.37488579750061035,0.35198870301246643,-1.1186151504516602,0.3988122344017029,-0.7620540261268616,4.557522773742676,0.005568653345108032,0.013431325554847717,0.017180796712636948,-0.008090170100331306,0.003386416472494602,-0.014280715957283974,245.1480255126953,233.0920867919922,0.5,0.0,0.0,0.6171470880508423,0.0,0.9451273083686829,0.6752418279647827,0.0,0.0,0.0,0.0,167.24453735351562,0.0
0.67,1.2666667699813843,0.9945218275138806,-0.1045291088570598,1.0,0.0,1.0,1.0,0.027027912437915802,-0.004881429020315409,0.6191095113754272,0.030099665746092796,-0.01879596710205078,0.0032566243316978216,0.3673621714115143,0.06559516489505768,0.014377030543982983,0.07910538464784622,0.42350536584854126,0.11095653474330902,0.3688381016254425,0.21566249430179596,-0.6938167810440063,0.41813716292381287,-0.13788163661956787,0.0582098551094532,-0.3268453776836395,-0.25507447123527527,0.6392451524734497,0.49574774503707886,-0.33018627762794495,-0.1191735565662384,0.4000000059604645,0.05000000074505806,-0.3100000023841858,0.49000000953674316,-0.20999999344348907,0.0,-0.6472684144973755,-0.09945368021726608,0.4187980890274048,0.836175799369812,-0.3682517409324646,0.0,-0.32891449332237244,-0.23471669852733612,1.0714882612228394,-0.8575752973556519,0.45422226190567017,1.9060142040252686,-0.590926468372345,0.21304018795490265,2.3709983825683594,0.26242944598197937,1.7637016773223877,-7.1404876708984375,0.00526617094874382,0.013629831373691559,0.029779773205518723,0.3525511622428894,0.04457257688045502,-0.5172595381736755,129.3782196044922,60.24543380737305,0.5,0.0,0.0,0.5863864421844482,0.0,0.9571539759635925,0.9756779670715332,0.0,0.0,0.0,0.0,112.38850402832031,0.0
0.68,1.277777910232544,0.9848076084952826,-0.1736489972611482,1.0,0.0,1.0,1.0,0.03036629594862461,-0.004015699494630098,0.6191833019256592,0.0314730629324913,-0.017713546752929688,0.004867838695645332,0.36870118975639343,0.05031183734536171,0.019171394407749176,0.13734987378120422,-0.04209090396761894,0.17149652540683746,0.3604702949523926,0.2138317972421646,-0.6930178999900818,0.4107648432254791,-0.13023129105567932,0.019119560718536377,-0.32347145676612854,-0.24885660409927368,0.6316354870796204,0.4904347062110901,-0.31922492384910583,-0.15727616846561432,0.4000000059604645,0.05000000074505806,-0.3100000023841858,0.49000000953674316,-0.20999999344348907,0.0,-0.6424614787101746,-0.09849229454994202,0.41668304800987244,0.8294460773468018,-0.36517533659935,0.0,-1.1409175395965576,-0.0362609401345253,0.6167492866516113,-0.5171806216239929,0.48223334550857544,-0.29887714982032776,0.8910703063011169,0.5275269746780396,-1.2580028772354126,-0.45608747005462646,-0.12042629718780518,-4.12553071975708,0.0049398429691791534,0.013174988329410553,0.017656391486525536,0.08803464472293854,0.005929767154157162,0.04727662354707718,288.64154052734375,56.051177978515625,0.5,0.0,0.0,0.5699595808982849,0.0,0.9612302780151367,0.942874550819397,0.0,0.0,0.0,0.0,95.75968170166016,0.0
0.6900000000000001,1.288888931274414,0.9702956618482642,-0.24192215400504177,1.0,0.0,1.0,1.0,0.03376922756433487,-0.003131578676402569,0.6192690134048462,0.032809123396873474,-0.01634693145751953,0.0045326221734285355,0.3836852014064789,0.04957383871078491,0.026807785034179688,0.12990568578243256,0.20513580739498138,-0.1696980595588684,0.3572942614555359,0.21601267158985138,-0.6900441646575928,0.41450223326683044,-0.13230878114700317,0.0023603246081620455,-0.3204739987850189,-0.24540546536445618,0.6515114903450012,0.49380484223365784,-0.3482018709182739,-0.04160192236304283,0.4000000059604645,0.05000000074505806,-0.3100000023841858,0.49000000953674316,-0.20999999344348907,0.0,-0.6353683471679688,-0.09707367420196533,0.4135620892047882,0.8195157051086426,-0.36063575744628906,0.0,-0.10308842360973358,0.2170979082584381,0.23212280869483948,0.4682599604129791,0.04213333874940872,-2.1861660480499268,0.26504001021385193,0.3715188503265381,1.7419342994689941,0.35425135493278503,-3.355081081390381,10.382305145263672,0.00526813417673111,0.013008013367652893,0.03306448459625244,0.012435057200491428,0.031499233096838,-0.04574887454509735,252.1317138671875,128.80386352539062,0.5,0.0,0.0,0.5753819942474365,0.0,0.9685323238372803,0.9440323710441589,0.0,0.0,0.0,0.0,175.08547973632812,0.0
0.7000000000000001,1.3000000715255737,0.9510563774202142,-0.3090174217877356,1.0,0.0,1.0,1.0,0.03771206736564636,-0.0023375307209789753,0.6194788813591003,0.0325457826256752,-0.01572275161743164,0.002490768674761057,0.3890024423599243,0.06118692830204964,0.043114323168992996,0.030327623710036278,-0.13532407581806183,-0.18429476022720337,0.3456796109676361,0.21918030083179474,-0.6789260506629944,0.4186883270740509,-0.16017022728919983,0.06284493207931519,-0.314593106508255,-0.24048669636249542,0.6466308832168579,0.49368056654930115,-0.3419037461280823,-0.019246341660618782,0.4000000059604645,0.05000000074505806,-0.3100000023841858,0.49000000953674316,-0.20999999344348907,0.0,-0.6261270642280579,-0.09522540867328644,0.40949589014053345,0.8065778613090515,-0.3547213077545166,0.0,-1.4219155311584473,0.1434348225593567,1.1985514163970947,-0.6563107967376709,7.167623519897461,3.1746435165405273,0.7309746146202087,0.5153965950012207,-0.6728776097297668,0.1427324265241623,-0.16216515004634857,3.3912034034729004,0.0057096928358078,0.01308269053697586,-0.0521826446056366,0.012696969322860241,-0.12106809765100479,-0.02755473181605339,415.8165283203125,189.7030487060547,0.5,0.0,0.0,0.5857046246528625,0.0,0.9683820605278015,0.934326708316803,0.0,0.0,0.0,0.0,186.43414306640625,0.0
0.71,1.3111112117767334,0.9271836176276476,-0.3746071798603281,1.0,0.0,1.0,1.0,0.04166590794920921,-0.0016492828726768494,0.6196286678314209,0.03258516266942024,-0.0156707763671875,-0.0008115768432617188,0.4054813086986542,0.06819821149110794,0.023809906095266342,0.02249637059867382,0.11531937122344971,-0.43494126200675964,0.33520323038101196,0.2170373797416687,-0.6687319874763489,0.41422170400619507,-0.16042788326740265,0.04118705913424492,-0.3104022145271301,-0.23725302517414093,0.6532555818557739,0.49765366315841675,-0.33732399344444275,0.031009746715426445,0.4000000059604645,0.05000000074505806,-0.3100000023841858,0.49000000953674316,-0.20999999344348907,0.0,-0.6149173378944397,-0.09298346936702728,0.4045636057853699,0.790884256362915,-0.3475470542907715,0.0,-0.8722797632217407,-0.3204878270626068,0.9996147751808167,-0.510430097579956,0.4471608102321625,-0.7667191624641418,0.11416884511709213,0.36831802129745483,0.7158679962158203,0.40523457527160645,0.8463036417961121,4.9664740562438965,0.005565017461776733,0.013345256447792053,0.0193491093814373,0.03539913147687912,0.01185632310807705,-0.15972203016281128,92.35289001464844,246.11441040039062,0.5,0.0,0.0,0.5756893157958984,0.0,0.9731962084770203,0.684992253780365,0.0,0.0,0.0,0.0,108.31817626953125,0.0
0.72,1.322222352027893,0.898793688766393,-0.43837187983913856,1.0,0.0,1.0,1.0,0.04623383283615112,-0.0011272970587015152,0.6199292540550232,0.0305799450725317,-0.01692056655883789,-0.003815174102783203,0.40491312742233276,0.08538173884153366,0.06709976494312286,-0.23658201098442078,-0.3908783197402954,-0.16989058256149292,0.31909286975860596,0.21372468769550323,-0.6553905010223389,0.4108555316925049,-0.1689598709344864,0.07318543642759323,-0.3036288619041443,-0.23293916881084442,0.6483291983604431,0.49988889694213867,-0.3305923640727997,0.08800143003463745,0.4000000059604645,0.05000000074505806,-0.3100000023841858,0.49000000953674316,-0.20999999344348907,0.0,-0.6019575595855713,-0.09039151668548584,0.3988613188266754,0.7727406024932861,-0.3392528295516968,0.0,-1.7784767150878906,-0.6151990294456482,1.5682969093322754,-0.9924575686454773,6.79888391494751,0.4872312545776367,1.065019130706787,0.19227087497711182,-1.120822548866272,0.46711376309394836,-0.2345273792743683,3.99318528175354,0.005477719008922577,0.013897586613893509,0.0002425760612823069,0.020654747262597084,-0.07839575409889221,-0.03920788690447807,349.4639587402344,332.74542236328125,0.5,0.0,0.0,0.5689512491226196,0.0,0.9678645730018616,0.9439089298248291,0.0,0.0,0.0,0.0,229.1446075439453,0.0
0.73,1.3333334922790527,0.8660249044413022,-0.5000008648866852,1.0,0.0,1.0,1.0,0.05072799324989319,-0.0010326215997338295,0.6202468872070312,0.0293355081230402,-0.02030658721923828,-0.005747318267822266,0.4271654784679413,0.1032525822520256,0.03585061430931091,-0.3994646668434143,0.043024130165576935,-0.2483878880739212,0.30841004848480225,0.21234647929668427,-0.6776978373527527,0.4087132513523102,-0.12594299018383026,0.16620630025863647,-0.29624712467193604,-0.2368880808353424,0.6538512706756592,0.5100882053375244,-0.3530352711677551,0.11126412451267242,0.4000000059604645,0.05000000074505806,-0.3100000023841858,0.49000000953674316,-0.20999999344348907,0.0,-0.587499737739563,-0.0874999463558197,0.3924998939037323,0.7524996399879456,-0.32999980449676514,0.0,-0.5970304012298584,-0.218176007270813,-2.8453595638275146,-0.13843882083892822,5.822273254394531,8.078433990478516,0.615803062915802,-0.5294818878173828,0.8181014657020569,0.9492232203483582,-2.558471202850342,2.1456732749938965,0.0051068514585494995,0.015380412340164185,0.3339217007160187,-0.015334274619817734,0.39709702134132385,-0.14546675980091095,59.06552505493164,250.65939331054688,0.5,0.0,0.0,0.5440417528152466,0.0,0.9685724973678589,0.8839161396026611,0.0,0.0,0.0,0.0,262.4645690917969,0.0
0.74,1.3444445133209229,0.8290373305565868,-0.559193262248043,1.0,0.0,1.0,0.0,0.0548161156475544,-0.0005504228174686432,0.6201595067977905,0.030154408887028694,-0.022460460662841797,-0.008588314056396484,0.4358285963535309,0.10587659478187561,-0.025422662496566772,-0.03771637752652168,0.17297275364398956,-0.3086182773113251,0.29967355728149414,0.20692235231399536,-0.694440484046936,0.40044736862182617,-0.15468843281269073,0.052736781537532806,-0.2973144054412842,-0.23110242187976837,0.6309254765510559,0.5144222378730774,-0.352924108505249,0.04860825091600418,0.4000000059604645,0.05000000074505806,-0.3100000023841858,0.49000000953674316,-0.20999999344348907,0.0,-0.5718256235122681,-0.0843651294708252,0.38560327887535095,0.7305558919906616,-0.31996840238571167,0.0,-0.8209861516952515,-0.42928385734558105,-0.6217851638793945,-0.7535296678543091,0.36563625931739807,-10.04098129272461,-0.7757112979888916,1.1701546907424927,-2.8318140506744385,0.44742637872695923,0.49226757884025574,-4.8251872062683105,0.004086047410964966,0.01592927798628807,0.054957762360572815,0.19096317887306213,0.0012628291733562946,-0.3026410639286041,108.78944396972656,0.0,0.5,0.0,0.0,0.5081590414047241,0.0,0.9698094725608826,0.8265536427497864,0.0,0.0,0.0,0.0,128.92056274414062,0.0
0.75,1.3555556535720825,0.7880103744477579,-0.6156619606266936,1.0,0.0,1.0,0.0,0.05833961069583893,0.0005685389041900635,0.6197991967201233,0.03321442753076553,-0.021481990814208984,-0.013822555541992188,0.43648871779441833,0.07640182971954346,-0.01963197998702526,0.28590619564056396,0.35291165113449097,-0.6757072806358337,0.3029923141002655,0.20776495337486267,-0.6903205513954163,0.4039909541606903,-0.12310875952243805,-0.003849148051813245,-0.3026586174964905,-0.22855764627456665,0.6559171676635742,0.5051719546318054,-0.25850406289100647,-0.0943758487701416,0.4000000059604645,0.05000000074505806,-0.3100000023841858,0.49000000953674316,-0.20999999344348907,0.0,-0.5552401542663574,-0.08104802668094635,0.37830567359924316,0.7073361873626709,-0.30935367941856384,0.0,0.3980945646762848,0.577388346195221,0.5479283332824707,0.9527640342712402,1.0545508861541748,-3.3539440631866455,-0.6986314654350281,0.1621006578207016,4.221254348754883,-1.220718264579773,9.156744956970215,-10.309104919433594,0.0039906613528728485,0.01449507474899292,0.05327582359313965,0.876837968826294,0.03835552558302879,-0.5042980313301086,384.30328369140625,0.0,0.5,0.0,0.0,0.5064353346824646,0.0,0.980451762676239,0.40125399827957153,0.0,0.0,0.0,0.0,605.1792602539062,0.0
0.76,1.3666667938232422,0.743144290876379,-0.6691312000929592,1.0,0.0,1.0,1.0,0.06244176626205444,0.0021711159497499466,0.6194878816604614,0.03445572778582573,-0.01824045181274414,-0.01768350601196289,0.4448365867137909,0.06878881901502609,-0.014108260162174702,0.310223788022995,0.06885527819395065,-0.2365167886018753,0.30073004961013794,0.21893173456192017,-0.6884369254112244,0.4210275411605835,-0.15376624464988708,0.002486361423507333,-0.29647526144981384,-0.2156296670436859,0.6610813736915588,0.4776368737220764,-0.32934194803237915,-0.12965363264083862,0.4000000059604645,0.05000000074505806,-0.3100000023841858,0.49000000953674316,-0.20999999344348907,0.0,-0.5380658507347107,-0.07761316746473312,0.37074896693229675,0.6832921504974365,-0.298362135887146,0.0,-0.13910704851150513,0.8976767659187317,0.41059166193008423,1.571076512336731,-1.6766444444656372,-1.0348069667816162,0.935286283493042,1.2286633253097534,-0.1753578633069992,-2.784325361251831,3.909282684326172,3.7397384643554688,0.005110509693622589,0.011810794472694397,-0.004474378190934658,0.5075278282165527,0.020672818645834923,0.1748446375131607,274.0238952636719,221.9964599609375,0.5,0.0,0.0,0.5520681738853455,0.0,0.9845705032348633,0.8941512703895569,0.0,0.0,0.0,0.0,150.75047302246094,0.0
0.77,1.3777779340744019,0.6946576640377365,-0.7193404825210626,1.0,0.0,1.0,1.0,0.06655962020158768,0.0035277316346764565,0.6191248297691345,0.035881105810403824,-0.015264034271240234,-0.02087879180908203,0.4555854797363281,0.06178930774331093,-0.014514101669192314,0.29547908902168274,0.17317798733711243,-0.3583245575428009,0.30161044001579285,0.22736003994941711,-0.6846289038658142,0.4364428222179413,-0.16568626463413239,-0.014998357743024826,-0.2941502332687378,-0.20699842274188995,0.6714039444923401,0.4703868329524994,-0.3288397192955017,-0.018795065581798553,0.4000000059604645,0.05000000074505806,-0.3100000023841858,0.49000000953674316,-0.20999999344348907,0.0,-0.5206372141838074,-0.0741274431347847,0.36308038234710693,0.6588920950889587,-0.28720778226852417,0.0,0.1154979020357132,0.8208261132240295,0.3945419192314148,1.4990469217300415,-0.932939350605011,-1.6250675916671753,0.1497078239917755,0.864388644695282,0.606015145778656,-0.2738974988460541,2.9979045391082764,7.017728328704834,0.006058938801288605,0.010473772883415222,0.02211134321987629,0.08311448991298676,0.027907779440283775,-0.05192060396075249,269.9173583984375,142.89453125,0.5,0.0,0.0,0.5972638130187988,0.0,0.9884856343269348,0.7735283374786377,0.0,0.0,0.0,0.0,238.94873046875,0.0
0.78,1.3888890743255615,0.6427867171424603,-0.7660451920514996,1.0,0.0,1.0,1.0,0.07123827189207077,0.004761586897075176,0.6189478635787964,0.035585977137088776,-0.012849807739257812,-0.022585391998291016,0.46164098381996155,0.07230760157108307,0.013823026791214943,0.19422413408756256,-0.16100746393203735,-0.01573372259736061,0.2969937324523926,0.23513253033161163,-0.6792145371437073,0.4515574872493744,-0.19446542859077454,-0.013518883846700191,-0.28936126828193665,-0.19522398710250854,0.6650151610374451,0.46672120690345764,-0.30032584071159363,0.05731215700507164,0.4000000059604645,0.05000000074505806,-0.3100000023841858,0.49000000953674316,-0.20999999344348907,0.0,-0.5032937526702881,-0.07065874338150024,0.35544922947883606,0.634611189365387,-0.2761079668998718,0.0,-0.7641940116882324,0.6624892950057983,0.5424965620040894,1.4290968179702759,-3.257061719894409,0.16469444334506989,0.7303774952888489,1.1600589752197266,-0.8208813667297363,-0.2753305733203888,2.7534968852996826,8.041828155517578,0.007201686501502991,0.009710729122161865,-0.016188478097319603,0.0531977042555809,0.014807491563260555,-0.07334539294242859,177.0913543701172,242.62362670898438,0.5,0.0,0.0,0.6545425653457642,0.0,0.9866897463798523,0.9995050430297852,0.0,0.0,0.0,0.0,306.70391845703125,0.0
0.79,1.4000000953674316,0.5877847675202865,-0.8090173465823355,1.0,0.0,1.0,1.0,0.07588794827461243,0.005335649009793997,0.6188570261001587,0.03579346090555191,-0.013391494750976562,-0.02193927764892578,0.47213444113731384,0.09153170138597488,0.0011941666016355157,-0.2535651922225952,0.12434151023626328,0.14861537516117096,0.29217758774757385,0.23874221742153168,-0.6989254355430603,0.4466246962547302,-0.09559035301208496,0.1636582762002945,-0.2894608676433563,-0.1950191855430603,0.6610551476478577,0.4794728755950928,-0.3021083176136017,0.09653633087873459,0.4000000059604645,0.05000000074505806,-0.3100000023841858,0.49000000953674316,-0.20999999344348907,0.0,-0.486372709274292,-0.0672745406627655,0.34800398349761963,0.6109218001365662,-0.26527851819992065,0.0,0.24800369143486023,0.06526710093021393,-3.5243940353393555,-0.1885688602924347,5.1218976974487305,5.0008392333984375,-0.14402154088020325,-0.2467760592699051,-0.5379822254180908,1.4275054931640625,-1.3920838832855225,4.549705505371094,0.006804127246141434,0.010569114238023758,0.7362415790557861,0.006088495720177889,0.39105120301246643,-0.026992082595825195,86.61359405517578,305.16363525390625,0.5,0.0,0.0,0.6400762796401978,0.0,0.9818575382232666,0.9567883610725403,0.0,0.0,0.0,0.0,552.2059326171875,0.0
0.8,1.4111112356185913,0.5299186008019895,-0.8480485107138988,1.0,0.0,1.0,1.0,0.08049051463603973,0.005336853675544262,0.6190744042396545,0.036714427173137665,-0.016963958740234375,-0.018314361572265625,0.48778241872787476,0.11485890299081802,0.08130256831645966,-0.4391544461250305,0.056747883558273315,0.6114897131919861,0.288110613822937,0.23687629401683807,-0.7307016253471375,0.44433465600013733,-0.15350739657878876,0.2088976800441742,-0.295734703540802,-0.19839546084403992,0.657666027545929,0.5004931092262268,-0.31317728757858276,0.17224818468093872,0.4000000059604645,0.05000000074505806,-0.3100000023841858,0.49000000953674316,-0.20999999344348907,0.0,-0.47020334005355835,-0.0640406683087349,0.34088945388793945,0.5882846713066101,-0.2549301087856293,0.0,-0.8293417692184448,-0.2664231061935425,-1.7702069282531738,0.2220795452594757,-4.1827473640441895,0.9642613530158997,-0.7184299826622009,-0.24537155032157898,-1.1332793235778809,2.1987252235412598,-0.8563286066055298,8.807578086853027,0.006188280880451202,0.012689486145973206,0.19463957846164703,0.04792279377579689,0.08442510664463043,-0.10369659960269928,230.88436889648438,442.64306640625,0.5,0.0,0.0,0.5973853468894958,0.0,0.9736691117286682,0.4733882546424866,0.0,0.0,0.0,0.0,621.332763671875,0.0
0.81,1.422222375869751,0.4694707103916907,-0.8829480460844348,1.0,0.0,0.0,1.0,0.08547579497098923,0.005322371609508991,0.6197123527526855,0.036968305706977844,-0.02100992202758789,-0.01122903823852539,0.5016279816627502,0.12374917417764664,0.07592659443616867,-0.4432145059108734,-0.0001116888815886341,0.8016880750656128,0.2754257619380951,0.22870482504367828,-0.7531499266624451,0.42284172773361206,-0.17236328125,0.053150903433561325,-0.29995062947273254,-0.19915629923343658,0.6448274850845337,0.5193769335746765,-0.3238809406757355,0.25544893741607666,0.4000000059604645,0.05000000074505806,-0.3100000023841858,0.49000000953674316,-0.20999999344348907,0.0,-0.4551007151603699,-0.0610201433300972,0.3342443108558655,0.5671409964561462,-0.2452644407749176,0.0,-1.204847812652588,-0.7892630696296692,-1.9294058084487915,-2.5482265949249268,-1.9163482189178467,-10.413311004638672,-0.30459508299827576,-0.1292547881603241,-1.3843793869018555,1.9752929210662842,-1.6523191928863525,6.813907623291016,0.005011655390262604,0.015291150659322739,0.5805321931838989,0.04463782534003258,-0.3520490229129791,-0.11458022892475128,0.0,300.64056396484375,0.5,0.0,0.0,0.5261608362197876,0.0,0.9698314070701599,0.27653783559799194,0.0,0.0,0.0,0.0,646.32373046875,0.0
0.8200000000000001,1.433333396911621,0.4067362781379607,-0.913545620123308,1.0,0.0,1.0,0.0,0.08995090425014496,0.005738989450037479,0.619986891746521,0.039499230682849884,-0.02312326431274414,-0.006710529327392578,0.510045051574707,0.09445397555828094,0.026621872559189796,0.0037706647999584675,0.36639147996902466,0.25769153237342834,0.2723233997821808,0.23052972555160522,-0.7645626068115234,0.4283769428730011,-0.17658473551273346,0.017926093190908432,-0.3067045509815216,-0.21256567537784576,0.6924842000007629,0.5318968296051025,-0.21458105742931366,0.07247386127710342,0.4000000059604645,0.05000000074505806,-0.3100000023841858,0.49000000953674316,-0.20999999344348907,0.0,-0.4413585960865021,-0.05827171728014946,0.32819777727127075,0.5479020476341248,-0.23646947741508484,0.0,-0.300272673368454,0.5412811040878296,-0.7847318053245544,0.765285074710846,-0.7961116433143616,-1.3014742136001587,-1.1371040344238281,-1.2614010572433472,6.878208637237549,0.9592851996421814,10.077574729919434,-10.624480247497559,0.005326107144355774,0.016503773629665375,-0.04450511559844017,0.9568607211112976,0.0058035957626998425,-0.7602694630622864,249.20220947265625,0.0,0.5,0.0,0.0,0.5139840245246887,0.0,0.9821169376373291,0.8756316304206848,0.0,0.0,0.0,0.0,941.3280029296875,0.0
0.8300000000000001,1.4444446563720703,0.3420188920489531,-0.9396930762124444,1.0,0.0,1.0,0.0,0.09390339255332947,0.006811812520027161,0.620097279548645,0.044623881578445435,-0.021823406219482422,-0.004098415374755859,0.5306698679924011,0.06828580051660538,0.025347864255309105,0.23991073668003082,0.6289694905281067,0.25744715332984924,0.27446991205215454,0.23539195954799652,-0.7685462832450867,0.4338734447956085,-0.17202723026275635,-0.00863577239215374,-0.30796387791633606,-0.2227064073085785,0.7764502763748169,0.5217655301094055,-0.19362948834896088,-0.06308455020189285,0.4000000059604645,0.05000000074505806,-0.3100000023841858,0.49000000953674316,-0.20999999344348907,0.0,-0.42924413084983826,-0.055848825722932816,0.32286742329597473,0.5309417843818665,-0.22871622443199158,0.0,0.46018967032432556,0.6735185980796814,-0.5129998326301575,0.5899255871772766,0.7091405391693115,-3.331859827041626,-0.018666641786694527,-0.8387030959129333,9.241629600524902,-1.5736013650894165,-0.17217476665973663,-10.251852035522461,0.005983345210552216,0.015343543142080307,0.04698183014988899,1.490077018737793,0.03850088268518448,-0.4765099883079529,298.4726867675781,0.0,0.5,0.0,0.0,0.5165920853614807,0.0,0.9888553619384766,0.875852108001709,0.0,0.0,0.0,0.0,473.1396789550781,0.0
0.84,1.4555556774139404,0.2756366198184286,-0.9612619069822081,1.0,0.0,1.0,0.0,0.09814930707216263,0.008362156338989735,0.6203376054763794,0.048863135278224945,-0.01803302764892578,-0.0017213821411132812,0.5300633311271667,0.05218079313635826,0.06022781506180763,0.4772969186306,0.2816724181175232,0.15754325687885284,0.2730367183685303,0.24249717593193054,-0.7713087201118469,0.43863388895988464,-0.18217431008815765,-0.040443915873765945,-0.30804458260536194,-0.21835419535636902,0.8304632306098938,0.49464547634124756,-0.21320824325084686,-0.16487610340118408,0.4000000059604645,0.05000000074505806,-0.3100000023841858,0.49000000953674316,-0.20999999344348907,0.0,-0.41899392008781433,-0.05379877984523773,0.31835731863975525,0.516591489315033,-0.2221560925245285,0.0,-0.7331299781799316,0.9995482563972473,-0.23926955461502075,1.3998100757598877,-9.925250053405762,-0.2444305419921875,-0.15964990854263306,0.8642065525054932,4.43582010269165,-2.830087423324585,-2.416983127593994,-9.761733055114746,0.007101342082023621,0.013026997447013855,-0.07720465213060379,1.5955814123153687,0.07768921554088593,-0.14672650396823883,379.2196044921875,0.0,0.5,0.0,0.0,0.5382820963859558,0.0,0.9927729368209839,0.9515721201896667,0.0,0.0,0.0,0.0,349.785888671875,0.0
0.85,1.4666666984558105,0.20791149544540746,-0.9781476422614608,1.0,0.0,1.0,0.0,0.10359286516904831,0.010321015492081642,0.6208295226097107,0.047817155718803406,-0.01212167739868164,-0.0023021697998046875,0.5078814625740051,0.02937454730272293,0.08887195587158203,0.6351659297943115,-0.40392979979515076,-0.2751278281211853,0.26153329014778137,0.25068557262420654,-0.7548115849494934,0.44421157240867615,-0.1982092261314392,-0.05344955623149872,-0.31326672434806824,-0.20373277366161346,0.8326172232627869,0.47482967376708984,-0.297735333442688,-0.026160236448049545,0.4000000059604645,0.05000000074505806,-0.3100000023841858,0.49000000953674316,-0.20999999344348907,0.0,-0.410806804895401,-0.052161358296871185,0.31475499272346497,0.5051295161247253,-0.21691633760929108,0.0,-1.4488039016723633,0.7178907990455627,1.6407727003097534,0.6227298378944397,-1.086511254310608,-3.9630990028381348,-0.19935783743858337,1.3456529378890991,-1.710161566734314,-1.745643973350525,-7.375706195831299,10.280851364135742,0.009049743413925171,0.011378735303878784,0.018116101622581482,1.0493433475494385,0.021429045125842094,0.7132198214530945,412.3060302734375,0.0,0.5,0.0,0.0,0.6049809455871582,0.0,0.9981517791748047,0.8595118522644043,0.0,0.0,0.0,0.0,688.6138305664062,0.0
0.86,1.4777779579162598,0.13917198013153623,-0.9902682262631004,1.0,0.0,1.0,1.0,0.1100197359919548,0.012099997140467167,0.621139645576477,0.042635951191186905,-0.006279945373535156,-0.005815982818603516,0.5097194314002991,0.022244369611144066,0.05267438292503357,0.5932655930519104,-0.6237148642539978,-0.4112131893634796,0.24942852556705475,0.2581874430179596,-0.7405085563659668,0.456239253282547,-0.20563974976539612,-0.11015497893095016,-0.30782967805862427,-0.19357925653457642,0.839785635471344,0.4544205665588379,-0.284048855304718,0.07906561344861984,0.4000000059604645,0.05000000074505806,-0.3100000023841858,0.49000000953674316,-0.20999999344348907,0.0,-0.40484216809272766,-0.050968434661626816,0.31213054060935974,0.49677905440330505,-0.21309897303581238,0.0,-1.3719100952148438,0.7005164623260498,1.8797342777252197,1.228093147277832,-0.8031431436538696,-6.05250358581543,0.8412599563598633,0.956779420375824,1.1590614318847656,-1.5075184106826782,5.477141380310059,9.929814338684082,0.011077716946601868,0.009646158665418625,0.023321520537137985,0.7742882370948792,0.03997146338224411,0.30565276741981506,147.75234985351562,55.5599365234375,0.5,0.0,0.0,0.7081458568572998,0.0,0.9988222122192383,0.7130579352378845,0.0,0.0,0.0,0.0,277.5444641113281,0.0
0.87,1.4888889789581299,0.06975590920093978,-0.9975640897363689,1.0,1.0,0.0,1.0,0.11583516746759415,0.013293578289449215,0.6210131645202637,0.04035003110766411,-0.0028023719787597656,-0.008554935455322266,0.5317553281784058,0.03560637682676315,-0.005347046069800854,0.12890128791332245,0.027242759242653847,-0.1815912127494812,0.24337494373321533,0.26727375388145447,-0.7763738036155701,0.45907121896743774,-0.10102427005767822,0.0842914953827858,-0.3093284070491791,-0.19920234382152557,0.862016499042511,0.480341374874115,-0.2816869616508484,0.14655707776546478,0.4000000059604645,0.05000000074505806,-0.3100000023841858,0.49000000953674316,-0.20999999344348907,0.0,-0.4000000059604645,-0.05000000074505806,0.3100000023841858,0.49000000953674316,-0.20999999344348907,0.0,0.31156688928604126,0.3891145586967468,-5.744883060455322,0.04595743119716644,10.002445220947266,10.744721412658691,-0.1814052015542984,-0.9411472082138062,1.88865327835083,2.6910417079925537,-1.3062386512756348,4.512313365936279,0.011347949504852295,0.010628707706928253,1.1440865993499756,0.09014727920293808,0.9640045166015625,-0.025647440925240517,0.0,234.98072814941406,0.5,0.0,0.0,0.7214750647544861,0.0,0.9954578876495361,0.9361770153045654,0.0,0.0,0.0,0.0,1111.352294921875,0.0
0.88,1.5000001192092896,-7.490140557442546e-07,-0.9999999999997194,1.0,1.0,0.0,1.0,0.12159262597560883,0.013492271304130554,0.6208370923995972,0.038743019104003906,-0.003971099853515625,-0.009963512420654297,0.5368903875350952,0.06291063874959946,0.014633283019065857,-0.3579573929309845,-0.26225486397743225,-0.04697297886013985,0.23896823823451996,0.26221832633018494,-0.8116726279258728,0.4481670558452606,-0.1697523295879364,0.26749372482299805,-0.3095274269580841,-0.2050764560699463,0.8609253168106079,0.5021725296974182,-0.28138458728790283,0.2159450352191925,0.4000000059604645,0.05000000074505806,-0.3100000023841858,0.49000000953674316,-0.20999999344348907,0.0,-0.4000000059604645,-0.05000000074505806,0.3100000023841858,0.49000000953674316,-0.20999999344348907,0.0,-0.5437595248222351,-0.9295445084571838,-3.6308794021606445,-1.480094313621521,-7.86535120010376,10.603996276855469,0.3317764401435852,-1.1928696632385254,-0.5131383538246155,2.7132136821746826,-1.6661103963851929,2.868802070617676,0.009883720427751541,0.012034997344017029,1.4819167852401733,0.021697793155908585,0.39078494906425476,-0.016432572156190872,0.0,655.9007568359375,0.5,0.0,0.0,0.7234182357788086,0.0,0.9894191026687622,0.9955968260765076,0.0,0.0,0.0,0.0,943.5958251953125,0.0
0.89,1.5111112594604492,-0.06975740357991274,-0.9975639852389365,1.0,1.0,0.0,1.0,0.12790460884571075,0.013022301718592644,0.6210321187973022,0.034973639994859695,-0.009048938751220703,-0.00914764404296875,0.5313844680786133,0.11583657562732697,0.06279169023036957,-0.6232573986053467,-0.5027385354042053,0.1287916749715805,0.2333621382713318,0.25576916337013245,-0.8795055150985718,0.43647369742393494,-0.20951932668685913,0.1416885107755661,-0.3068717420101166,-0.21674157679080963,0.8526898622512817,0.5332701802253723,-0.32278552651405334,0.2747337818145752,0.4000000059604645,0.05000000074505806,-0.3100000023841858,0.49000000953674316,-0.20999999344348907,0.0,-0.4000000059604645,-0.05000000074505806,0.3100000023841858,0.49000000953674316,-0.20999999344348907,0.0,-0.7157688140869141,-0.5963485240936279,-6.826463222503662,-1.1986027956008911,-2.5246341228485107,-10.173175811767578,0.3679434061050415,-0.8760287761688232,-1.2153668403625488,2.682187080383301,-2.88082218170166,8.928825378417969,0.008110292255878448,0.01510622352361679,1.4046564102172852,0.06993921101093292,0.04378517344594002,-0.11613444983959198,0.0,416.1780090332031,0.5,0.0,0.0,0.7148144841194153,0.0,0.9716047048568726,0.9673696160316467,0.0,0.0,0.0,0.0,986.7662353515625,0.0
0.9,1.5222223997116089,-0.1391742053056483,-0.9902679135352922,0.0,1.0,1.0,0.0,0.1337076723575592,0.01348884217441082,0.6209779977798462,0.03335212171077728,-0.011980533599853516,-0.009303569793701172,0.5418989658355713,0.13685829937458038,-0.026923734694719315,0.012227095663547516,0.08138533681631088,-0.13430194556713104,0.23587438464164734,0.2604524493217468,-0.9315016269683838,0.4377891719341278,-0.20349109172821045,-0.007690067403018475,-0.30871376395225525,-0.21624690294265747,0.8609716892242432,0.5356822609901428,-0.21759970486164093,0.12645652890205383,0.36520645022392273,0.04304128885269165,-0.2946908473968506,0.4412890374660492,-0.18773211538791656,0.0,-0.4000000059604645,-0.05000000074505806,0.3100000023841858,0.49000000953674316,-0.20999999344348907,0.0,0.5412124395370483,1.1204004287719727,-3.36763334274292,0.988763689994812,4.086490154266357,-11.617794036865234,-0.9866463541984558,0.7074459791183472,1.9677969217300415,-0.24905569851398468,10.04349136352539,-10.347807884216309,0.0075619518756866455,0.015611816197633743,0.6161621809005737,0.9514965415000916,-0.02924749068915844,-0.797579824924469,48.85331344604492,0.0,0.5,0.0,0.0,0.5607391595840454,0.0,0.9598565697669983,0.9645689725875854,0.0,0.0,0.0,0.0,960.7020263671875,0.0
0.91,1.533333420753479,-0.20791222809168317,-0.9781474865325537,0.0,1.0,1.0,0.0,0.13829299807548523,0.015147959813475609,0.6203905344009399,0.03693327307701111,-0.010237693786621094,-0.013051509857177734,0.5599676370620728,0.11312838643789291,-0.05065964162349701,0.3594982326030731,0.5982781052589417,-0.5124880075454712,0.2437857836484909,0.27149733901023865,-0.9352064728736877,0.45420995354652405,-0.17205730080604553,-0.08524326235055923,-0.3180782198905945,-0.21534769237041473,0.9024444222450256,0.5261325836181641,-0.11354085803031921,-0.03562108427286148,0.34802189469337463,0.03960438072681427,-0.28712964057922363,0.41723066568374634,-0.17673400044441223,0.0,-0.4000000059604645,-0.05000000074505806,0.3100000023841858,0.49000000953674316,-0.20999999344348907,0.0,0.890762448310852,1.2865387201309204,-0.16352571547031403,1.5155502557754517,2.021986961364746,-5.828376770019531,-1.3411186933517456,-0.03590280935168266,5.2885332107543945,-1.1806068420410156,10.008783340454102,-10.454258918762207,0.008210927248001099,0.014083363115787506,0.10440405458211899,1.2865568399429321,0.046371690928936005,-0.39038434624671936,295.7080993652344,0.0,0.5,0.0,0.0,0.5779738426208496,0.0,0.9677433967590332,0.5913850665092468,0.0,0.0,0.0,0.0,905.950439453125,0.0
0.92,1.5444445610046387,-0.2756380598154801,-0.961261494069724,0.0,1.0,1.0,1.0,0.14267697930335999,0.017486460506916046,0.6200082302093506,0.04195433482527733,-0.005230426788330078,-0.018706798553466797,0.5710352063179016,0.09349579364061356,0.0031009463127702475,0.6272221207618713,0.5169163942337036,-0.587671160697937,0.246064230799675,0.28471839427948,-0.9321383833885193,0.4657619893550873,-0.17378036677837372,-0.11523178219795227,-0.3234021067619324,-0.20855079591274261,0.94577556848526,0.5057637691497803,-0.15637017786502838,-0.1483604609966278,0.33109036087989807,0.0362180694937706,-0.2796797454357147,0.39352649450302124,-0.16589781641960144,0.0,-0.4000000059604645,-0.05000000074505806,0.3100000023841858,0.49000000953674316,-0.20999999344348907,0.0,0.24781008064746857,1.1134405136108398,0.20795272290706635,0.4787188172340393,2.9781150817871094,-6.068002700805664,-0.22382552921772003,0.8164547085762024,3.8797996044158936,-2.2794649600982666,-5.794966220855713,-10.567414283752441,0.009367000311613083,0.011722180992364883,0.0945620983839035,1.2583719491958618,0.0725167915225029,0.10246964544057846,384.1487121582031,35.1486930847168,0.5,0.0,0.0,0.6359511613845825,0.0,0.9728017449378967,0.5012176632881165,0.0,0.0,0.0,0.0,626.951416015625,0.0
0.93,1.5555557012557983,-0.3420210035780581,-0.9396923076791988,0.0,1.0,1.0,0.0,0.14808617532253265,0.02038068138062954,0.620117723941803,0.04288781061768532,0.0026431868318468332,-0.02491617202758789,0.551322340965271,0.07388538867235184,0.05031796172261238,0.9019726514816284,-0.1627950668334961,-0.6459851861000061,0.23932144045829773,0.2991794943809509,-0.9181205630302429,0.4758267402648926,-0.19665740430355072,-0.13613036274909973,-0.323689728975296,-0.1880209594964981,0.938231885433197,0.4728965759277344,-0.16402290761470795,-0.03992103785276413,0.3144947588443756,0.032898951321840286,-0.27237769961357117,0.37029266357421875,-0.15527664124965668,0.0,-0.4000000059604645,-0.05000000074505806,0.3100000023841858,0.49000000953674316,-0.20999999344348907,0.0,-0.7230605483055115,1.2791200876235962,1.8769913911819458,0.8442239761352539,-0.0920448899269104,-6.081393718719482,0.2643536925315857,2.159327745437622,-2.5825002193450928,-3.085981607437134,0.007979667745530605,10.066568374633789,0.011458639055490494,0.008715920150279999,0.06515148282051086,0.5821406245231628,0.0483103021979332,0.8264817595481873,457.3285217285156,0.0,0.5,0.0,0.0,0.6463693976402283,0.0,0.9839442372322083,0.4340507984161377,0.0,0.0,0.0,0.0,540.933837890625,0.0
0.9400000000000001,1.5666667222976685,-0.40673696239635626,-0.9135453154718625,0.0,1.0,1.0,0.0,0.15443915128707886,0.023120762780308723,0.6203881502151489,0.03976164758205414,0.011062423698604107,-0.03231477737426758,0.5458148121833801,0.057750407606363297,0.06646271795034409,0.8570650815963745,-0.4574071168899536,-0.8305330276489258,0.23390041291713715,0.31298378109931946,-0.8968209624290466,0.49344056844711304,-0.2149973064661026,-0.19799144566059113,-0.3210846781730652,-0.16926969587802887,0.9017070531845093,0.45037028193473816,-0.16851970553398132,0.11411264538764954,0.29831573367118835,0.029663143679499626,-0.26525890827178955,0.3476420044898987,-0.14492204785346985,0.0,-0.4000000059604645,-0.05000000074505806,0.3100000023841858,0.49000000953674316,-0.20999999344348907,0.0,-0.659264326095581,1.2534120082855225,1.8817538022994995,1.4004015922546387,0.8809051513671875,-9.301136016845703,0.5405883193016052,1.6285858154296875,-4.276337146759033,-1.9413267374038696,0.1339421421289444,10.401725769042969,0.014209914952516556,0.006463274359703064,0.13704746961593628,0.4040329158306122,0.08934646099805832,0.9934033751487732,396.052734375,0.0,0.5,0.0,0.0,0.5567649006843567,0.0,0.9891905784606934,0.251686692237854,0.0,0.0,0.0,0.0,849.664794921875,0.0
0.9500000000000001,1.5777779817581177,-0.46947269441199835,-0.8829469911617222,0.0,1.0,0.0,1.0,0.15988993644714355,0.024963123723864555,0.6203421354293823,0.040498241782188416,0.016675399616360664,-0.03857755661010742,0.5598424077033997,0.05562290921807289,-0.010306501761078835,0.34074658155441284,0.40745940804481506,-0.3903588056564331,0.23790843784809113,0.3206997215747833,-0.9157400727272034,0.49398693442344666,-0.10685773193836212,-0.003825891064479947,-0.3255016505718231,-0.17379572987556458,0.90732342004776,0.4709702730178833,-0.19832420349121094,0.16770216822624207,0.28263166546821594,0.026526331901550293,-0.2583579421043396,0.3256843388080597,-0.13488426804542542,0.0,-0.4000000059604645,-0.05000000074505806,0.3100000023841858,0.49000000953674316,-0.20999999344348907,0.0,1.4843254089355469,0.14113132655620575,-3.882418155670166,-0.16311408579349518,10.054949760437012,10.74635124206543,-0.8119606971740723,-0.674648106098175,1.5452407598495483,2.612771511077881,-1.5911812782287598,1.348259449005127,0.014740850776433945,0.00685516744852066,1.3868491649627686,0.026582395657896996,0.9771212339401245,0.00604762090370059,0.0,199.4429931640625,0.5,0.0,0.0,0.5611056089401245,0.0,0.9867386817932129,0.7373002767562866,0.0,0.0,0.0,0.0,1088.7852783203125,0.0
0.96,1.5888890027999878,-0.5299198712019053,-0.8480477168799855,0.0,1.0,0.0,1.0,0.16458076238632202,0.02548791654407978,0.6201702356338501,0.04400256648659706,0.017038268968462944,-0.04091215133666992,0.5521335005760193,0.06378087401390076,0.0013374047121033072,-0.1841980665922165,0.3545730412006378,-0.0534982904791832,0.24561350047588348,0.30880221724510193,-0.9347256422042847,0.4752620458602905,-0.18793070316314697,0.194816455245018,-0.332277774810791,-0.18164364993572235,0.9123538732528687,0.49702775478363037,-0.2282940149307251,0.19636882841587067,0.26752007007598877,0.02350400947034359,-0.25170883536338806,0.3045280873775482,-0.12521281838417053,0.0,-0.4000000059604645,-0.05000000074505806,0.3100000023841858,0.49000000953674316,-0.20999999344348907,0.0,0.7214328646659851,-1.6000757217407227,-2.388925790786743,-2.3764684200286865,-9.42230224609375,10.74668025970459,-0.5718685984611511,-0.8471059203147888,0.6260531544685364,2.504135847091675,-5.665438652038574,9.279570579528809,0.012968756258487701,0.00825955718755722,1.5829612016677856,-0.04188588261604309,0.3967099189758301,0.010629341937601566,0.0,189.045654296875,0.5,0.0,0.0,0.6077020764350891,0.0,0.9865198731422424,0.9942921996116638,0.0,0.0,0.0,0.0,1382.82958984375,0.0
0.97,1.6000001430511475,-0.5877859794503564,-0.8090164660633214,0.0,1.0,0.0,1.0,0.17006038129329681,0.02499782294034958,0.6202037334442139,0.0437239371240139,0.013099528849124908,-0.03862905502319336,0.5347985625267029,0.08994259685277939,0.03801531717181206,-0.5657126903533936,-0.3285098373889923,0.41834649443626404,0.24107900261878967,0.2943636476993561,-0.9887224435806274,0.4452575743198395,-0.19549089670181274,0.0837416872382164,-0.3313697874546051,-0.19388766586780548,0.9066758155822754,0.5235428810119629,-0.24544133245944977,0.24171634018421173,0.2530534267425537,0.020610688254237175,-0.24534350633621216,0.2842748165130615,-0.1159541979432106,0.0,-0.4000000059604645,-0.05000000074505806,0.3100000023841858,0.49000000953674316,-0.20999999344348907,0.0,-1.0935550928115845,-1.3077995777130127,-5.453932762145996,-2.95112943649292,0.4855262339115143,-10.06911563873291,0.5107755661010742,-1.4723970890045166,-1.3049242496490479,3.747894287109375,-8.643362045288086,1.748537540435791,0.010357387363910675,0.010577686131000519,1.2161006927490234,-0.04232105240225792,-0.15299691259860992,-0.049950871616601944,0.0,686.04296875,0.5,0.0,0.0,0.682398796081543,0.0,0.9815707206726074,0.7046687006950378,0.0,0.0,0.0,0.0,399.52484130859375,0.0
0.98,1.6111112833023071,-0.6427884384766878,-0.7660437476807063,0.0,1.0,1.0,0.0,0.17614246904850006,0.024611035361886024,0.6198568940162659,0.04125348851084709,0.008860332891345024,-0.035504817962646484,0.5526779890060425,0.1015331968665123,-0.05359422042965889,-0.3130125105381012,-0.17405223846435547,0.18937428295612335,0.22913993895053864,0.29025113582611084,-1.0524855852127075,0.4227244257926941,-0.1599484235048294,-0.08834749460220337,-0.3251006007194519,-0.2018134742975235,0.9040300846099854,0.5354160666465759,-0.31078240275382996,0.11198050528764725,0.23930275440216064,0.017860550433397293,-0.23929321765899658,0.2650238573551178,-0.1071537584066391,0.0,-0.4000000059604645,-0.05000000074505806,0.3100000023841858,0.49000000953674316,-0.20999999344348907,0.0,-1.3031398057937622,0.16346751153469086,-5.366321563720703,-1.7987161874771118,7.529387950897217,-6.892487525939941,0.1286308914422989,-0.48371925950050354,0.6676612496376038,0.5274115800857544,-5.662639617919922,-10.204574584960938,0.008259080350399017,0.01163790374994278,0.8018457293510437,0.9381592273712158,-0.2845669090747833,-0.24379998445510864,88.44589233398438,0.0,0.5,0.0,0.0,0.6335017681121826,0.0,0.9741714596748352,0.9307865500450134,0.0,0.0,0.0,0.0,622.179931640625,0.0
0.99,1.6222224235534668,-0.69465928042438,-0.7193389215941834,0.0,1.0,1.0,0.0,0.18126727640628815,0.024832621216773987,0.6187452673912048,0.043118495494127274,0.006719090975821018,-0.03433656692504883,0.5752525925636292,0.09226788580417633,-0.11439575254917145,-0.09319110214710236,0.41970840096473694,0.07875213027000427,0.23186928033828735,0.3005903363227844,-1.0708314180374146,0.4405234456062317,-0.13890334963798523,-0.11721241474151611,-0.3204854130744934,-0.20906603336334229,0.9509580731391907,0.5239376425743103,-0.24129483103752136,-0.05223364382982254,0.22633516788482666,0.015267033129930496,-0.23358747363090515,0.24686923623085022,-0.09885449707508087,0.0,-0.4000000059604645,-0.05000000074505806,0.3100000023841858,0.49000000953674316,-0.20999999344348907,0.0,0.3834833800792694,1.420074462890625,-0.8963001370429993,2.7073473930358887,-2.9298391342163086,1.2709648609161377,0.26909369230270386,-0.608340322971344,6.200977802276611,-1.3232744932174683,6.84648323059082,-10.463809967041016,0.007888365536928177,0.010007493197917938,0.12157406657934189,1.2055444717407227,0.01453725527971983,-0.47142764925956726,240.34341430664062,0.0,0.5,0.0,0.0,0.6496623158454895,0.0,0.9720454812049866,0.987672746181488,0.0,0.0,0.0,0.0,691.4905395507812,0.0
1.0,1.633333444595337,-0.7431452932528932,-0.6691300868411698,0.0,1.0,1.0,1.0,0.18593624234199524,0.02559545636177063,0.6176271438598633,0.047275692224502563,0.007548635825514793,-0.03323650360107422,0.5770894289016724,0.05652318522334099,-0.06608777493238449,0.1572553962469101,0.39644402265548706,0.15421131253242493,0.2313610166311264,0.31430384516716003,-1.0776277780532837,0.46390676498413086,-0.1794806867837906,-0.11102166026830673,-0.32182562351226807,-0.21556419134140015,1.0091428756713867,0.5234832167625427,-0.18596725165843964,-0.10270528495311737,0.21421362459659576,0.012842722237110138,-0.22825399041175842,0.2298990786075592,-0.09109671413898468,0.0,-0.4000000059604645,-0.05000000074505806,0.3100000023841858,0.49000000953674316,-0.20999999344348907,0.0,-0.23572853207588196,1.16854989528656,-0.432830810546875,2.3716883659362793,-10.050146102905273,0.9634438753128052,-0.1583385467529297,-0.5624322295188904,4.553714275360107,0.9167635440826416,-0.25905150175094604,1.8799492120742798,0.008226107805967331,0.008831247687339783,-0.013060145080089569,0.6626367568969727,0.04950449988245964,-0.2281693071126938,420.3902893066406,154.109375,0.5,0.0,0.0,0.6352763175964355,0.0,0.9818906188011169,0.9535511136054993,0.0,0.0,0.0,0.0,381.88330078125,0.0
1.01,1.6444445848464966,-0.7880112967257991,-0.6156607801643084,0.0,1.0,1.0,0.0,0.19124050438404083,0.02686901018023491,0.6171637773513794,0.048681579530239105,0.011287860572338104,-0.03311491012573242,0.5561050772666931,0.03242824599146843,-0.008659720420837402,0.5005980134010315,-0.023568028584122658,-0.20417174696922302,0.22464799880981445,0.32304221391677856,-1.0705372095108032,0.4687195122241974,-0.16123589873313904,-0.11896588653326035,-0.3283628523349762,-0.20210738480091095,0.9909903407096863,0.5054314732551575,-0.16568222641944885,0.00892674457281828,0.20299707353115082,0.010599412024021149,-0.22331871092319489,0.21419590711593628,-0.08391812443733215,0.0,-0.4000000059604645,-0.05000000074505806,0.3100000023841858,0.49000000953674316,-0.20999999344348907,0.0,-0.9048755168914795,0.7519634366035461,0.681043803691864,0.2507750988006592,1.0336579084396362,-3.0792810916900635,-0.9112517833709717,1.6210083961486816,-3.8008499145507812,-1.975144863128662,0.8743487000465393,10.07663345336914,0.008711576461791992,0.006666760891675949,0.07262306660413742,0.5543175339698792,0.02221434935927391,0.6195582151412964,429.62939453125,0.0,0.5,0.0,0.0,0.6598771214485168,0.0,0.9916363954544067,0.9200085997581482,0.0,0.0,0.0,0.0,454.49810791015625,0.0
1.02,1.6555557250976562,-0.8290381682428842,-0.5591920203261874,0.0,1.0,1.0,1.0,0.19748124480247498,0.028377382084727287,0.6171309947967529,0.04612332209944725,0.016840824857354164,-0.03704214096069336,0.5453428626060486,0.012746633030474186,0.05297431722283363,0.596274197101593,-0.4016142785549164,-0.5156779885292053,0.2153625786304474,0.334895521402359,-1.0552341938018799,0.4828084707260132,-0.17651192843914032,-0.1460607349872589,-0.3260815441608429,-0.18125037848949432,0.9634995460510254,0.4766402244567871,-0.18561631441116333,0.09232759475708008,0.19274045526981354,0.008548088371753693,-0.21880578994750977,0.1998366415500641,-0.07735387980937958,0.0,-0.4000000059604645,-0.05000000074505806,0.3100000023841858,0.49000000953674316,-0.20999999344348907,0.0,-0.6318582892417908,1.0785847902297974,1.755513310432434,1.456713080406189,2.0184404850006104,-7.835511207580566,0.7776150107383728,2.2648370265960693,-2.3271772861480713,-2.864539861679077,-3.962921619415283,7.290452003479004,0.010434594005346298,0.0040570273995399475,0.0758666843175888,0.6607672572135925,0.08222891390323639,0.41029664874076843,438.5200500488281,85.78489685058594,0.5,0.0,0.0,0.5550366640090942,0.0,0.9955728650093079,0.5875184535980225,0.0,0.0,0.0,0.0,654.3553466796875,0.0
1.03,1.6666667461395264,-0.8660256534556827,-0.4999995675564705,0.0,1.0,0.0,1.0,0.2034689038991928,0.028614692389965057,0.617270290851593,0.0443158857524395,0.018448295071721077,-0.04204130172729492,0.5504835247993469,0.003155483165755868,0.04297088831663132,-0.1513713002204895,-0.04086174815893173,-0.39434847235679626,0.21721550822257996,0.3274194300174713,-1.0253312587738037,0.481668621301651,-0.13125021755695343,-0.027739841490983963,-0.32185596227645874,-0.18145182728767395,0.959941565990448,0.49059173464775085,-0.22911986708641052,0.1289898306131363,0.18349355459213257,0.0066987089812755585,-0.2147371619939804,0.18689098954200745,-0.07143586874008179,0.0,-0.4000000059604645,-0.05000000074505806,0.3100000023841858,0.49000000953674316,-0.20999999344348907,0.0,0.9730159044265747,-1.7808759212493896,2.5329911708831787,-0.2649029493331909,3.7358129024505615,10.124128341674805,0.4817991852760315,-0.712189793586731,0.03283044323325157,1.5831907987594604,-1.2713431119918823,3.1125967502593994,0.01061219722032547,0.004842735826969147,0.8156344890594482,0.03247948735952377,0.7122930884361267,-0.030044957995414734,0.0,331.04766845703125,0.5,0.0,0.0,0.583749532699585,0.0,0.9948959946632385,0.7326982021331787,0.0,0.0,0.0,0.0,406.74224853515625,0.0
1.04,1.677777886390686,-0.8987943454587837,-0.4383705334204345,0.0,1.0,1.0,1.0,0.20861323177814484,0.0275057815015316,0.617618203163147,0.04578310623764992,0.014245248399674892,-0.0431981086730957,0.5576246976852417,0.03204742819070816,0.07500195503234863,-0.5977743268013,0.2689701020717621,0.08254983276128769,0.22794228792190552,0.31160402297973633,-1.01780366897583,0.47081315517425537,-0.07990282773971558,0.1558418869972229,-0.319713830947876,-0.19337351620197296,0.9559361338615417,0.5111094117164612,-0.26382097601890564,0.14218197762966156,0.17530134320259094,0.005060266703367233,-0.21113258600234985,0.17542189359664917,-0.06619285047054291,0.0,-0.4000000059604645,-0.05000000074505806,0.3100000023841858,0.49000000953674316,-0.20999999344348907,0.0,1.0904619693756104,-1.1908771991729736,0.21313950419425964,-0.3809111714363098,-4.685625076293945,11.656560897827148,0.17091472446918488,-1.229597568511963,-0.49367138743400574,1.6989208459854126,-3.5661025047302246,2.5171875953674316,0.009465377777814865,0.0070630572736263275,1.0341846942901611,0.005211108364164829,0.10080166161060333,-0.04311884194612503,169.55914306640625,445.69635009765625,0.5,0.0,0.0,0.6647199392318726,0.0,0.9913424253463745,0.9864634871482849,0.0,0.0,0.0,0.0,1173.0894775390625,0.0
1.05,1.6888890266418457,-0.9271841787986933,-0.3746057909127841,0.0,1.0,1.0,1.0,0.21391519904136658,0.025640659034252167,0.6183875799179077,0.04695776104927063,0.006393345072865486,-0.04479169845581055,0.5689478516578674,0.04717913642525673,0.11520946770906448,-0.8772456645965576,-0.018864454701542854,-0.29030469059944153,0.22405864298343658,0.29135918617248535,-1.0302292108535767,0.45161670446395874,-0.14371739327907562,0.20461833477020264,-0.3160145878791809,-0.21138638257980347,0.9621424078941345,0.5333690643310547,-0.29615452885627747,0.2024100422859192,0.1682039499282837,0.0036407895386219025,-0.208009734749794,0.16548553109169006,-0.06165051460266113,0.0,-0.4000000059604645,-0.05000000074505806,0.3100000023841858,0.49000000953674316,-0.20999999344348907,0.0,-1.0350961685180664,-2.363757610321045,-0.8991653323173523,-1.7269706726074219,-3.2649669647216797,-1.5619206428527832,0.7866801023483276,-2.0215868949890137,2.0965371131896973,2.2164621353149414,-1.8237333297729492,9.894463539123535,0.007837198674678802,0.010411716997623444,0.4727761447429657,0.058555539697408676,0.05586559325456619,-0.1938108205795288,177.61305236816406,278.84661865234375,0.5,0.0,0.0,0.6022395491600037,0.0,0.9861376285552979,0.8448860049247742,0.0,0.0,0.0,0.0,685.9796142578125,0.0
1.06,1.7000000476837158,-0.9510566088783396,-0.3090167094330548,0.0,1.0,0.0,1.0,0.22046467661857605,0.023602448403835297,0.6196706891059875,0.04327588528394699,-0.0033321380615234375,-0.04218292236328125,0.5561473369598389,0.10215868800878525,0.1887390911579132,-1.104256272315979,-0.6704457998275757,0.7014663815498352,0.20797276496887207,0.2718171179294586,-1.0643653869628906,0.4292519688606262,-0.17417114973068237,0.06295633316040039,-0.30613988637924194,-0.22358044981956482,0.9419605135917664,0.551936686038971,-0.33926355838775635,0.26651325821876526,0.16223584115505219,0.002447165548801422,-0.2053837776184082,0.1571301817893982,-0.05783092975616455,0.0,-0.4000000059604645,-0.05000000074505806,0.3100000023841858,0.49000000953674316,-0.20999999344348907,0.0,-1.9053910970687866,-1.6805408000946045,-3.475255012512207,-2.4172327518463135,-2.6402995586395264,-10.297356605529785,1.4746454954147339,-1.0976186990737915,-2.7929999828338623,1.982866644859314,-5.757210731506348,7.192888259887695,0.006402637809514999,0.014403082430362701,0.8090896010398865,0.03207506611943245,-0.5697183012962341,-0.1067957952618599,0.0,610.536865234375,0.5,0.0,0.0,0.5214253664016724,0.0,0.9731881618499756,0.37377169728279114,0.0,0.0,0.0,0.0,1275.44677734375,0.0
1.07,1.7111111879348755,-0.9702958430510862,-0.24192142723988358,0.0,1.0,1.0,0.0,0.22648313641548157,0.02203459106385708,0.620794951915741,0.0418967567384243,-0.01215982437133789,-0.03832435607910156,0.5697981119155884,0.09358043223619461,0.09659004211425781,-0.6977315545082092,0.21612589061260223,0.15297403931617737,0.20673151314258575,0.2702523469924927,-1.0892410278320312,0.43683308362960815,-0.16545137763023376,-0.07294674962759018,-0.302176833152771,-0.23496221005916595,0.9612727761268616,0.5549361109733582,-0.2267659604549408,0.07318394631147385,0.15742601454257965,0.0014852024614810944,-0.20326745510101318,0.1503964364528656,-0.0547526478767395,0.0,-0.4000000059604645,-0.05000000074505806,0.3100000023841858,0.49000000953674316,-0.20999999344348907,0.0,0.47776979207992554,0.3521732687950134,-1.6394532918930054,1.5027388334274292,4.078622341156006,-10.746521949768066,-0.6196169257164001,-0.6257121562957764,3.644587993621826,-0.09090767800807953,10.09733772277832,-10.737316131591797,0.006769787520170212,0.016933418810367584,0.20327936112880707,1.1195995807647705,-0.22365888953208923,-1.025097131729126,166.0281219482422,0.0,0.5,0.0,0.0,0.4796435236930847,0.0,0.9731099605560303,0.9542762041091919,0.0,0.0,0.0,0.0,1511.539306640625,0.0
1.08,1.7222223281860352,-0.9848078686252573,-0.17364752199146966,0.0,1.0,1.0,0.0,0.23124581575393677,0.02145422250032425,0.6214653253555298,0.045911844819784164,-0.016920089721679688,-0.039737701416015625,0.5850074887275696,0.07006651908159256,0.07262564450502396,-0.2649456560611725,0.5607783198356628,-0.3503853380680084,0.2150745987892151,0.27352920174598694,-1.0795944929122925,0.4571588635444641,-0.1747935712337494,-0.10233423113822937,-0.3064200282096863,-0.2378418892621994,1.0170466899871826,0.5406463742256165,-0.12407037615776062,-0.0647202804684639,0.15379804372787476,0.000759609043598175,-0.20167113840579987,0.14531725645065308,-0.052430734038352966,0.0,-0.4000000059604645,-0.05000000074505806,0.3100000023841858,0.49000000953674316,-0.20999999344348907,0.0,0.8449854254722595,0.4442004859447479,0.8020126819610596,1.8545901775360107,-1.4088268280029297,-2.538121223449707,-0.7206050157546997,-0.06053398922085762,6.569972515106201,-1.7325912714004517,9.999200820922852,-10.269692420959473,0.00798257440328598,0.017290398478507996,0.045609794557094574,1.4912716150283813,-0.028136974200606346,-0.9114531874656677,246.80091857910156,0.0,0.5,0.0,0.0,0.4672451615333557,0.0,0.9760209918022156,0.7822821736335754,0.0,0.0,0.0,0.0,554.9995727539062,0.0
1.09,1.7333335876464844,-0.9945220623926851,-0.104526874124312,0.0,1.0,1.0,1.0,0.23601111769676208,0.021886684000492096,0.6221483945846558,0.05010448396205902,-0.017350196838378906,-0.0433802604675293,0.5763577818870544,0.055628322064876556,0.09772064536809921,0.12548817694187164,0.36652064323425293,-0.4090409576892853,0.2171410322189331,0.2833254039287567,-1.0830873250961304,0.47825878858566284,-0.19410136342048645,-0.13598603010177612,-0.317253440618515,-0.22514770925045013,1.0509545803070068,0.5124510526657104,-0.12850867211818695,-0.1690433919429779,0.15136946737766266,0.00027389079332351685,-0.20060256123542786,0.14191725850105286,-0.05087645351886749,0.0,-0.4000000059604645,-0.05000000074505806,0.3100000023841858,0.49000000953674316,-0.20999999344348907,0.0,0.1278253048658371,1.0526494979858398,-0.8948727250099182,1.9519270658493042,-0.21395912766456604,-6.987512588500977,-1.461880087852478,1.6627460718154907,2.6021971702575684,-3.063283681869507,-2.487527370452881,-9.378589630126953,0.009915031492710114,0.01636265590786934,0.052229125052690506,1.7042871713638306,0.09517809748649597,-0.4767010509967804,328.16925048828125,9.395968437194824,0.5,0.0,0.0,0.5012953877449036,0.0,0.9823083281517029,0.7156035900115967,0.0,0.0,0.0,0.0,539.4171142578125,0.0
1.1,1.7444446086883545,-0.9993908630339691,-0.03489846535621215,0.0,1.0,1.0,0.0,0.24211420118808746,0.022809572517871857,0.6230478286743164,0.04833308234810829,-0.014771461486816406,-0.047719478607177734,0.5487269759178162,0.028688212856650352,0.14239679276943207,0.3876183032989502,-0.5596669316291809,-0.4839634299278259,0.2132529765367508,0.29519104957580566,-1.072426676750183,0.5016546845436096,-0.21809454262256622,-0.19050881266593933,-0.3260575830936432,-0.20145881175994873,1.0358651876449585,0.48005062341690063,-0.1528623104095459,-0.033016789704561234,0.1501522958278656,3.045797348022461e-05,-0.20006701350212097,0.1402132213115692,-0.05009746551513672,0.0,-0.4000000059604645,-0.05000000074505806,0.3100000023841858,0.49000000953674316,-0.20999999344348907,0.0,-0.7268674969673157,1.1276546716690063,1.8379313945770264,2.43578839302063,-2.4108712673187256,-7.97338342666626,-0.016284843906760216,2.335355520248413,-3.535853385925293,-2.947356700897217,-1.8952096700668335,10.257401466369629,0.012734591960906982,0.015074782073497772,0.07546491920948029,0.8085054755210876,0.06783336400985718,0.3503134250640869,414.8262634277344,0.0,0.5,0.0,0.0,0.5903114080429077,0.0,0.9936257004737854,0.6259772777557373,0.0,0.0,0.0,0.0,1098.4776611328125,0.0
1.11,1.7555557489395142,-0.9993907846131228,0.03490071102953684,0.0,1.0,1.0,0.0,0.24940285086631775,0.02376978099346161,0.6241297721862793,0.041733268648386,-0.010712623596191406,-0.05548810958862305,0.5562857985496521,0.009873474016785622,0.14898663759231567,0.5002937912940979,-0.730498194694519,-1.0013344287872314,0.20254328846931458,0.30304890871047974,-1.0491551160812378,0.5201497077941895,-0.24382413923740387,-0.25465941429138184,-0.3233845829963684,-0.1825556755065918,1.0249621868133545,0.452995240688324,-0.157683327794075,0.10284209996461868,0.15030452609062195,6.090477108955383e-05,-0.20013399422168732,0.14042633771896362,-0.050194889307022095,0.0,-0.4000000059604645,-0.05000000074505806,0.3100000023841858,0.49000000953674316,-0.20999999344348907,0.0,-1.411107063293457,0.8822250366210938,2.183495283126831,2.0958011150360107,-5.341817855834961,-5.854945659637451,0.3673863112926483,1.7954093217849731,-0.7273250818252563,-2.6681110858917236,-0.2000967115163803,10.267539978027344,0.0157439224421978,0.014154646545648575,0.08369947224855423,1.0338084697723389,0.12220249325037003,0.2866911292076111,438.56219482421875,0.0,0.5,0.0,0.0,0.7100318670272827,0.0,0.9934900999069214,0.13461434841156006,0.0,0.0,0.0,0.0,584.7913208007812,0.0
1.12,1.7666668891906738,-0.9945217492198296,0.10452985376785916,0.0,1.0,0.0,0.0,0.25585049390792847,0.02421683259308338,0.6247736811637878,0.038832902908325195,-0.0077915191650390625,-0.06383943557739258,0.5731580853462219,-0.009299090132117271,0.04617206007242203,0.14937299489974976,0.03950154781341553,-0.6547605991363525,0.19536742568016052,0.30292463302612305,-1.0588570833206177,0.5103315711021423,-0.13107658922672272,-0.05993900075554848,-0.33118703961372375,-0.1817300021648407,1.0316786766052246,0.4605829417705536,-0.2596355080604553,0.2277803272008896,0.15273165702819824,0.0005463287234306335,-0.201201930642128,0.14382433891296387,-0.051748260855674744,0.0,-0.4000000059604645,-0.05000000074505806,0.3100000023841858,0.49000000953674316,-0.20999999344348907,0.0,0.4130987226963043,-0.519808292388916,-2.8976283073425293,-1.2921983003616333,10.108716011047363,10.751468658447266,-1.0255554914474487,-0.4369489252567291,0.5642365217208862,1.0105122327804565,-10.025946617126465,10.164331436157227,0.016064666211605072,0.015056874603033066,1.4584710597991943,0.7020218968391418,0.5945732593536377,0.30082955956459045,0.0,0.0,0.5,0.0,0.0,0.7125263810157776,0.0,0.9891817569732666,0.42425402998924255,0.0,0.0,0.0,0.0,1156.3447265625,0.0
1.1300000000000001,1.777777910232544,-0.9848076084952826,0.1736489972611481,0.0,1.0,0.0,1.0,0.2616210877895355,0.023781176656484604,0.624530553817749,0.038282718509435654,-0.007361888885498047,-0.06707906723022461,0.5636334419250488,-0.028914084658026695,-0.03695356473326683,-0.04027724266052246,-0.07981295883655548,-0.022582534700632095,0.203077033162117,0.29147863388061523,-1.05489981174469,0.4902631938457489,-0.14676536619663239,0.13960304856300354,-0.33622869849205017,-0.18525506556034088,1.0068174600601196,0.4718475937843323,-0.1665167659521103,0.37217599153518677,0.15753856301307678,0.0015077106654644012,-0.20331697165966034,0.15055400133132935,-0.05482468008995056,0.0,-0.4000000059604645,-0.05000000074505806,0.3100000023841858,0.49000000953674316,-0.20999999344348907,0.0,1.058664321899414,-1.2745026350021362,0.19369231164455414,-2.2610621452331543,-2.5987467765808105,10.73530387878418,-0.05553489178419113,-0.731796383857727,-3.5266051292419434,2.265843391418457,0.49347782135009766,-8.493329048156738,0.014369755983352661,0.015243332833051682,1.6270829439163208,0.023425642400979996,0.0033379853703081608,0.04583776369690895,0.0,285.192626953125,0.5,0.0,0.0,0.6949223279953003,0.0,0.9902770519256592,0.9989805817604065,0.0,0.0,0.0,0.0,1242.5157470703125,0.0
1.1400000000000001,1.7888890504837036,-0.9702954806448982,0.2419228807700631,0.0,1.0,0.0,1.0,0.2679828703403473,0.02288222312927246,0.6237971782684326,0.03485419228672981,-0.008483409881591797,-0.06657600402832031,0.5436426997184753,-0.004753728862851858,-0.056483179330825806,-0.17834420502185822,-0.5641959309577942,0.07973121851682663,0.2014530897140503,0.2840993106365204,-1.101890206336975,0.4669899344444275,-0.19330604374408722,0.13501901924610138,-0.33160701394081116,-0.19854667782783508,1.0061089992523193,0.5063462257385254,-0.19621223211288452,0.41330865025520325,0.1646316945552826,0.0029263384640216827,-0.20643794536590576,0.16048437356948853,-0.05936427414417267,0.0,-0.4000000059604645,-0.05000000074505806,0.3100000023841858,0.49000000953674316,-0.20999999344348907,0.0,-0.6811190247535706,-0.6149558424949646,-5.704657077789307,-2.5566110610961914,-4.339108943939209,0.37174636125564575,0.6891012787818909,-1.2806189060211182,-1.0041064023971558,3.4204132556915283,-2.1690306663513184,2.465418815612793,0.01182498037815094,0.01669592410326004,1.9021551609039307,0.048800356686115265,-0.30171293020248413,-0.0544767752289772,0.0,428.6385803222656,0.5,0.0,0.0,0.6182193756103516,0.0,0.9961528778076172,0.9873663783073425,0.0,0.0,0.0,0.0,272.413330078125,0.0
1.1500000000000001,1.8000001907348633,-0.951056145961555,0.30901813414224366,0.0,1.0,0.0,0.0,0.27415430545806885,0.022690996527671814,0.6224943995475769,0.03212018683552742,-0.007959365844726562,-0.0666666030883789,0.5556922554969788,0.018740050494670868,-0.15757602453231812,0.244438037276268,-0.06578229367733002,-0.14044542610645294,0.2009904980659485,0.28689780831336975,-1.1608515977859497,0.4487099349498749,-0.17824837565422058,-0.03537120670080185,-0.3315563201904297,-0.20112374424934387,1.0015240907669067,0.5198279023170471,-0.28495439887046814,0.26252755522727966,0.17387312650680542,0.004774622619152069,-0.2105041742324829,0.17342239618301392,-0.0652787983417511,0.0,-0.4000000059604645,-0.05000000074505806,0.3100000023841858,0.49000000953674316,-0.20999999344348907,0.0,0.05424579232931137,0.8025599718093872,-4.912860870361328,-1.555395483970642,2.0671799182891846,-10.509485244750977,-0.8437451720237732,0.23727819323539734,0.5507133603096008,0.588924765586853,-9.13406753540039,-10.367189407348633,0.009660355746746063,0.016209937632083893,1.2643133401870728,1.1102246046066284,-0.4676022231578827,-0.2112300992012024,0.0,0.0,0.5,0.0,0.0,0.6028147339820862,0.0,0.9931181073188782,0.9613181948661804,0.0,0.0,0.0,0.0,937.0450439453125,0.0
1.16,1.8111112117767334,-0.9271836176276476,0.37460717986032804,0.0,1.0,1.0,0.0,0.2787700593471527,0.02342916652560234,0.6203243732452393,0.03598681837320328,-0.004786968231201172,-0.06953716278076172,0.5746694803237915,0.02221439778804779,-0.22141532599925995,0.4669248163700104,0.7031593918800354,-0.39205777645111084,0.21731795370578766,0.30239737033843994,-1.1678574085235596,0.46319347620010376,-0.17452944815158844,-0.12983964383602142,-0.3409985303878784,-0.19941365718841553,1.0355786085128784,0.5049772262573242,-0.2806577980518341,0.10752769559621811,0.18508277833461761,0.0070165544748306274,-0.2154364287853241,0.18911588191986084,-0.07245297729969025,0.0,-0.4000000059604645,-0.05000000074505806,0.3100000023841858,0.49000000953674316,-0.20999999344348907,0.0,1.6099309921264648,2.2094531059265137,-0.01963445544242859,2.4999747276306152,4.301268577575684,-6.78047513961792,-1.4280956983566284,0.2197180837392807,4.63156270980835,-1.8710347414016724,0.6370432376861572,-10.397053718566895,0.008943550288677216,0.012891754508018494,0.21550843119621277,1.481727957725525,-0.03769359365105629,-0.12868188321590424,250.90872192382812,0.0,0.5,0.0,0.0,0.6287252306938171,0.0,0.9879353642463684,0.7353427410125732,0.0,0.0,0.0,0.0,786.25439453125,0.0
1.17,1.822222352027893,-0.898793688766393,0.43837187983913845,0.0,1.0,1.0,0.0,0.2832906246185303,0.024838874116539955,0.6180940866470337,0.04084380716085434,0.0016276579117402434,-0.07196283340454102,0.576708197593689,-0.00976870208978653,-0.1851058006286621,0.8175349235534668,0.3539573848247528,-0.09051527827978134,0.2205372303724289,0.32615935802459717,-1.1694402694702148,0.48819461464881897,-0.17210784554481506,-0.14758090674877167,-0.35399937629699707,-0.19418998062610626,1.0652501583099365,0.4921093285083771,-0.20894615352153778,0.07064621895551682,0.19804251194000244,0.009608499705791473,-0.22113871574401855,0.20725953578948975,-0.08074720203876495,0.0,-0.4000000059604645,-0.05000000074505806,0.3100000023841858,0.49000000953674316,-0.20999999344348907,0.0,-0.47369664907455444,2.362443685531616,-0.5419476628303528,1.739904522895813,0.975028395652771,-5.633237838745117,-1.0137656927108765,0.6701638698577881,2.0038747787475586,-0.6974661350250244,6.308845043182373,-2.104524612426758,0.0091751329600811,0.009309545159339905,-0.08728759735822678,0.8275884389877319,-0.08860974758863449,0.03686866909265518,312.7369384765625,0.0,0.5,0.0,0.0,0.663587212562561,0.0,0.9881120920181274,0.9837474822998047,0.0,0.0,0.0,0.0,393.8016052246094,0.0
1.18,1.8333334922790527,-0.8660249044413022,0.500000864886685,0.0,1.0,1.0,0.0,0.28855371475219727,0.02672761119902134,0.6163796186447144,0.04271137714385986,0.011306957341730595,-0.0750126838684082,0.5599054098129272,-0.04252151772379875,-0.12103960663080215,1.1293251514434814,0.08167769759893417,-0.5111075639724731,0.21535828709602356,0.3465726971626282,-1.1592247486114502,0.5022199153900146,-0.17915919423103333,-0.15092891454696655,-0.3663766086101532,-0.17957447469234467,1.0577019453048706,0.4732544422149658,-0.1743043065071106,0.11069199442863464,0.21250031888484955,0.012500062584877014,-0.22750014066696167,0.22750043869018555,-0.0900001972913742,0.0,-0.4000000059604645,-0.05000000074505806,0.3100000023841858,0.49000000953674316,-0.20999999344348907,0.0,-0.540645956993103,2.0765504837036133,0.8303704857826233,1.1295462846755981,0.9270080327987671,-3.509610414505005,-1.2832499742507935,1.5081228017807007,-1.5829461812973022,-1.9473531246185303,1.7820935249328613,3.611914873123169,0.009774692356586456,0.00528455525636673,0.08407413959503174,0.877617359161377,0.015812581405043602,0.6468884348869324,460.84442138671875,0.0,0.5,0.0,0.0,0.6548367738723755,0.0,0.9892646074295044,0.593058705329895,0.0,0.0,0.0,0.0,403.9055480957031,0.0
1.19,1.8444445133209229,-0.8290373305565869,0.5591932622480429,0.0,1.0,1.0,1.0,0.2948830723762512,0.02864975854754448,0.6156494617462158,0.03996945545077324,0.022133810445666313,-0.08203792572021484,0.5390581488609314,-0.05139201879501343,0.02792537398636341,1.0298460721969604,-0.5467532277107239,-0.8047387003898621,0.20696163177490234,0.36510053277015686,-1.1382118463516235,0.516122043132782,-0.18456022441387177,-0.19152167439460754,-0.3705391585826874,-0.15656936168670654,1.0080795288085938,0.4558134377002716,-0.1808689832687378,0.11332482099533081,0.22817443311214447,0.015634886920452118,-0.23439675569534302,0.24944421648979187,-0.10003162920475006,0.0,-0.4000000059604645,-0.05000000074505806,0.3100000023841858,0.49000000953674316,-0.20999999344348907,0.0,-0.7404228448867798,1.4752293825149536,2.202012538909912,1.0256552696228027,3.2719504833221436,-9.698543548583984,1.0135654211044312,2.351757049560547,-3.886941432952881,-0.6807665228843689,-2.0984373092651367,-3.8086609840393066,0.011549588292837143,0.00186949223279953,0.15555959939956665,0.08001533150672913,0.04921713098883629,0.13569413125514984,522.6056518554688,263.65509033203125,0.5,0.0,0.0,0.5431959629058838,0.0,0.9917013049125671,0.27384069561958313,0.0,0.0,0.0,0.0,1128.8797607421875,0.0
1.2,1.8555556535720825,-0.788010374447758,0.6156619606266935,0.0,1.0,0.0,1.0,0.300860196352005,0.029181763529777527,0.6155742406845093,0.03828653320670128,0.027898717671632767,-0.08868980407714844,0.5448055863380432,-0.0437069870531559,-0.0011795328464359045,0.2942036986351013,0.06653058528900146,-0.4825972020626068,0.20722128450870514,0.3686467111110687,-1.1402778625488281,0.50954270362854,-0.07813084125518799,-0.006113287527114153,-0.3667157292366028,-0.1574089378118515,1.0124434232711792,0.47793588042259216,-0.2012001872062683,0.11626411974430084,0.2447599172592163,0.018951982259750366,-0.2416943609714508,0.2726638913154602,-0.1106463372707367,0.0,-0.4000000059604645,-0.05000000074505806,0.3100000023841858,0.49000000953674316,-0.20999999344348907,0.0,1.0188127756118774,-0.2949238717556,-2.0423290729522705,-0.8449232578277588,10.040942192077637,10.644367218017578,-0.11639904975891113,-0.552805483341217,0.6229788661003113,2.201634645462036,-1.109723687171936,2.5781311988830566,0.011846918612718582,0.0021597109735012054,1.5011284351348877,0.0318421795964241,0.5228307843208313,-0.0236358605325222,0.0,266.88970947265625,0.5,0.0,0.0,0.5493158102035522,0.0,0.9921949505805969,0.627632737159729,0.0,0.0,0.0,0.0,958.10498046875,0.0
1.21,1.8666669130325317,-0.7431437896874964,0.6691317567182911,0.0,1.0,1.0,1.0,0.3058454692363739,0.028121527284383774,0.6157016754150391,0.039889492094516754,0.02702418901026249,-0.09230947494506836,0.5495873093605042,-0.0334782749414444,0.06870847195386887,-0.32437703013420105,0.21539007127285004,-0.24748212099075317,0.215608149766922,0.35048720240592957,-1.1348190307617188,0.48166128993034363,-0.07535584270954132,0.1616324484348297,-0.36882004141807556,-0.1694311499595642,1.0149834156036377,0.5039317607879639,-0.22463960945606232,0.13636605441570282,0.2619344890117645,0.02238689735531807,-0.24925117194652557,0.29670828580856323,-0.12163806706666946,0.0,-0.4000000059604645,-0.05000000074505806,0.3100000023841858,0.49000000953674316,-0.20999999344348907,0.0,0.41079121828079224,-1.8473398685455322,0.9417151808738708,-1.9719593524932861,-8.19144344329834,11.194785118103027,-0.04773740842938423,-1.3520550727844238,-0.10445921868085861,2.405897855758667,-3.980135440826416,1.9053940773010254,0.010011397302150726,0.0038734078407287598,0.9816544651985168,-0.004378861282020807,-0.06536272913217545,-0.044046614319086075,250.37742614746094,433.33935546875,0.5,0.0,0.0,0.6072951555252075,0.0,0.9928661584854126,0.8847104907035828,0.0,0.0,0.0,0.0,1250.4775390625,0.0
1.22,1.8777779340744019,-0.6946576640377367,0.7193404825210625,0.0,1.0,1.0,1.0,0.3108636438846588,0.02603655308485031,0.6165492534637451,0.04115179181098938,0.02139282412827015,-0.09475421905517578,0.5476742386817932,-0.003801510436460376,0.14451678097248077,-0.714550256729126,0.013474282808601856,-0.2539927363395691,0.21415075659751892,0.3287113904953003,-1.1427935361862183,0.4615515470504761,-0.13472452759742737,0.19672232866287231,-0.36893534660339355,-0.18545569479465485,1.0131319761276245,0.5290917754173279,-0.26128631830215454,0.18067380785942078,0.27936267852783203,0.02587253227829933,-0.2569195628166199,0.32110774517059326,-0.13279208540916443,0.0,-0.4000000059604645,-0.05000000074505806,0.3100000023841858,0.49000000953674316,-0.20999999344348907,0.0,-0.6355612277984619,-2.3381388187408447,-0.28427940607070923,-1.8146677017211914,-2.0912845134735107,2.3804702758789062,0.16534918546676636,-1.8365743160247803,-0.6199817657470703,2.6135425567626953,-3.2032394409179688,3.904221534729004,0.008639104664325714,0.006978396326303482,0.5527611374855042,0.012345630675554276,0.059573717415332794,-0.05669372156262398,120.37997436523438,634.9921264648438,0.5,0.0,0.0,0.6768231391906738,0.0,0.9954358339309692,0.8789523839950562,0.0,0.0,0.0,0.0,501.4574279785156,0.0
1.23,1.8888890743255615,-0.6427867171424604,0.7660451920514995,0.0,1.0,0.0,1.0,0.31688278913497925,0.023507101461291313,0.618039608001709,0.03815026581287384,0.013271544128656387,-0.09304618835449219,0.5346783995628357,0.03742506727576256,0.1991342008113861,-0.934891402721405,-0.5499271750450134,0.5072340369224548,0.20085746049880981,0.3051357865333557,-1.164924144744873,0.4307509660720825,-0.19716842472553253,0.045399151742458344,-0.3631543517112732,-0.19907917082309723,0.9978438019752502,0.5515968203544617,-0.28891652822494507,0.25637054443359375,0.2967063784599304,0.029341276735067368,-0.2645508050918579,0.3453889489173889,-0.1438920795917511,0.0,-0.4000000059604645,-0.05000000074505806,0.3100000023841858,0.49000000953674316,-0.20999999344348907,0.0,-1.693491816520691,-2.147012233734131,-2.0353188514709473,-3.4502313137054443,-6.216904640197754,-10.367119789123535,1.1229215860366821,-1.4382089376449585,-1.866378664970398,2.406130790710449,-3.6400136947631836,8.042533874511719,0.007224813103675842,0.010959796607494354,0.6931639909744263,0.048107460141181946,-0.8123801946640015,-0.0699320062994957,0.0,541.4491577148438,0.5,0.0,0.0,0.5963366031646729,0.0,0.9948070645332336,0.5977559685707092,0.0,0.0,0.0,0.0,1255.762451171875,0.0
1.24,1.9000002145767212,-0.5877841615547575,0.8090177868411613,0.0,1.0,1.0,0.0,0.32224491238594055,0.021330617368221283,0.6192997097969055,0.037942852824926376,0.005599419120699167,-0.0901327133178711,0.5478851795196533,0.030229192227125168,0.10227654874324799,-0.6285380125045776,0.3469996452331543,0.12475387006998062,0.20227386057376862,0.2987440526485443,-1.1748992204666138,0.42161503434181213,-0.14771118760108948,-0.09030243754386902,-0.3596366345882416,-0.21263869106769562,1.0143704414367676,0.5549163222312927,-0.1882825344800949,0.0648232027888298,0.31362760066986084,0.03272552043199539,-0.2719961404800415,0.3690786361694336,-0.15472166240215302,0.0,-0.4000000059604645,-0.05000000074505806,0.3100000023841858,0.49000000953674316,-0.20999999344348907,0.0,0.8291051387786865,0.006844475865364075,-0.6744477152824402,-0.010845094919204712,6.740283966064453,-11.505049705505371,-0.6117077469825745,-1.0437124967575073,3.591660976409912,-0.0703476220369339,10.039851188659668,-10.70082950592041,0.007173873484134674,0.013525903224945068,0.28650975227355957,1.006238341331482,-0.4694770574569702,-0.8766928315162659,94.11863708496094,0.0,0.5,0.0,0.0,0.5598925948143005,0.0,0.9936069250106812,0.9693524241447449,0.0,0.0,0.0,0.0,1180.9599609375,0.0
1.25,1.9111112356185913,-0.5299186008019895,0.8480485107138986,0.0,1.0,1.0,1.0,0.32688969373703003,0.01979605108499527,0.6199724674224854,0.04111918807029724,0.0006272131577134132,-0.0903778076171875,0.5602397918701172,0.002123057609423995,0.07854809612035751,-0.40548190474510193,0.2945532500743866,-0.12554866075515747,0.20850102603435516,0.3052532970905304,-1.1780738830566406,0.4478437900543213,-0.15028104186058044,-0.13945893943309784,-0.3545456826686859,-0.22323814034461975,1.0668232440948486,0.5469235777854919,-0.11815611273050308,-0.06498323380947113,0.32979655265808105,0.035959307104349136,-0.27911049127578735,0.3917151689529419,-0.16506977379322052,0.0,-0.4000000059604645,-0.05000000074505806,0.3100000023841858,0.49000000953674316,-0.20999999344348907,0.0,0.4048443138599396,0.5473378300666809,-0.2950007915496826,2.511500597000122,-1.2856690883636475,-4.860796928405762,1.0234891176223755,-1.3137798309326172,5.653818130493164,-0.2176591455936432,-2.857287645339966,-10.088647842407227,0.008508805185556412,0.014570057392120361,0.06795043498277664,1.049780249595642,0.011339060962200165,-0.45780494809150696,229.11326599121094,133.01382446289062,0.5,0.0,0.0,0.5354388952255249,0.0,0.992759644985199,0.9689668416976929,0.0,0.0,0.0,0.0,687.57763671875,0.0
1.26,1.922222375869751,-0.46947071039169075,0.8829480460844347,0.0,1.0,1.0,0.0,0.3316543400287628,0.01877925731241703,0.6206322908401489,0.044260174036026,-0.0016040802001953125,-0.09190607070922852,0.5647483468055725,-0.008375583216547966,0.09871609508991241,-0.005470887757837772,0.3424340784549713,-0.22794899344444275,0.2073022723197937,0.30936089158058167,-1.1790010929107666,0.4646051526069641,-0.172561913728714,-0.15258625149726868,-0.3517710268497467,-0.2234400510787964,1.1000640392303467,0.5279862284660339,-0.1663687825202942,-0.13158302009105682,0.34489935636520386,0.038979873061180115,-0.2857557237148285,0.41285911202430725,-0.17473559081554413,0.0,-0.4000000059604645,-0.05000000074505806,0.3100000023841858,0.49000000953674316,-0.20999999344348907,0.0,-0.8962419629096985,0.6027344465255737,0.3699526786804199,-0.19734632968902588,9.674016952514648,8.359210968017578,-0.37250247597694397,0.5981758236885071,2.633915662765503,-2.350135326385498,-4.965592384338379,-4.516993522644043,0.009714417159557343,0.014465663582086563,0.013795699924230576,1.272490382194519,-0.12969699501991272,-0.15250661969184875,756.7007446289062,0.0,0.5,0.0,0.0,0.5470451712608337,0.0,0.9915111660957336,0.901296079158783,0.0,0.0,0.0,0.0,493.470703125,0.0
1.27,1.9333335161209106,-0.40673559387933633,0.9135459247742411,0.0,1.0,1.0,0.0,0.3370469808578491,0.0180642232298851,0.6214238405227661,0.044228799641132355,-0.0016226768493652344,-0.09328365325927734,0.5292087197303772,-0.03971877321600914,0.11509160697460175,0.04562751203775406,-0.327091246843338,-0.16254079341888428,0.20589114725589752,0.3176978528499603,-1.1728867292404175,0.48648256063461304,-0.1845746487379074,-0.2016104757785797,-0.35527417063713074,-0.21308811008930206,1.084100365638733,0.5012768507003784,-0.17390549182891846,-0.0072695910930633545,0.358641654253006,0.04172833263874054,-0.291802316904068,0.4320983290672302,-0.18353065848350525,0.0,-0.4000000059604645,-0.05000000074505806,0.3100000023841858,0.49000000953674316,-0.20999999344348907,0.0,-0.42954838275909424,0.8493705987930298,0.9795536994934082,2.4027247428894043,-1.2390955686569214,-6.455994606018066,0.24759280681610107,1.0034196376800537,-3.539064884185791,-2.428813934326172,-0.21398775279521942,10.173216819763184,0.011748813092708588,0.013559408485889435,0.08271974325180054,0.5558918714523315,0.03036487102508545,0.557340681552887,445.9173278808594,0.0,0.5,0.0,0.0,0.6102343797683716,0.0,0.9951503276824951,0.9485327005386353,0.0,0.0,0.0,0.0,740.1921997070312,0.0
1.28,1.9444445371627808,-0.3420195958921814,0.9396928200352225,0.0,1.0,1.0,0.0,0.3434792757034302,0.01736050844192505,0.622523307800293,0.03970253840088844,-0.00019502639770507812,-0.09890604019165039,0.5246081948280334,-0.06412980705499649,0.14729629456996918,0.23752902448177338,-0.5264534950256348,-0.8693222999572754,0.19957919418811798,0.3238019645214081,-1.1496386528015137,0.5077888369560242,-0.20980747044086456,-0.2495366930961609,-0.350740522146225,-0.19917942583560944,1.0592550039291382,0.4693927466869354,-0.21755816042423248,0.11523684859275818,0.37075579166412354,0.04415115714073181,-0.29713255167007446,0.4490581154823303,-0.1912836879491806,0.0,-0.4000000059604645,-0.05000000074505806,0.3100000023841858,0.49000000953674316,-0.20999999344348907,0.0,-0.6262854337692261,0.5060962438583374,2.667828321456909,2.3208231925964355,-6.228766918182373,-6.992141246795654,0.3963765799999237,1.4563674926757812,-2.2163734436035156,-3.3619251251220703,-4.699371814727783,10.094561576843262,0.014331832528114319,0.01249665766954422,0.048325203359127045,0.9794636964797974,0.058408867567777634,0.5323181748390198,443.50775146484375,0.0,0.5,0.0,0.0,0.7247196435928345,0.0,0.9906080365180969,0.22059153020381927,0.0,0.0,0.0,0.0,691.5367431640625,0.0
1.29,1.9555556774139404,-0.2756366198184287,0.9612619069822081,0.0,1.0,0.0,1.0,0.34952250123023987,0.016175223514437675,0.6232223510742188,0.036811016499996185,0.00022470889962278306,-0.1061544418334961,0.5430058240890503,-0.07778391242027283,0.06020575761795044,-0.12257786840200424,-0.11827631294727325,-0.5631266236305237,0.1924106776714325,0.323500394821167,-1.16082763671875,0.5052210092544556,-0.1039968952536583,-0.05868060886859894,-0.3504893183708191,-0.20170585811138153,1.0604726076126099,0.4716971814632416,-0.2919859290122986,0.22619855403900146,0.3810061514377594,0.046201229095458984,-0.3016427159309387,0.46340861916542053,-0.19784392416477203,0.0,-0.4000000059604645,-0.05000000074505806,0.3100000023841858,0.49000000953674316,-0.20999999344348907,0.0,-0.03315900266170502,-0.3890301287174225,-3.122440814971924,-0.5208792090415955,10.066540718078613,10.688027381896973,-0.018190715461969376,-1.0817490816116333,0.5299920439720154,2.2396092414855957,-0.03447490930557251,7.403448104858398,0.014888714998960495,0.013337399810552597,1.3174172639846802,0.11532620340585709,0.3357807397842407,-0.12407775223255157,0.0,264.47406005859375,0.5,0.0,0.0,0.7337779998779297,0.0,0.9843245148658752,0.5303473472595215,0.0,0.0,0.0,0.0,982.8306884765625,0.0
1.3,1.9666668176651,-0.20791076279901627,0.9781477979898188,0.0,1.0,0.0,1.0,0.3546740412712097,0.01389119029045105,0.6237548589706421,0.036975353956222534,-0.0035076141357421875,-0.11067485809326172,0.5377201437950134,-0.0758434608578682,0.07074158638715744,-0.5357742309570312,0.1678658425807953,-0.30160269141197205,0.20065459609031677,0.3039441704750061,-1.1485939025878906,0.47428667545318604,-0.11823134124279022,0.1318395435810089,-0.3523271381855011,-0.21454346179962158,1.057550311088562,0.4919761121273041,-0.2950567305088043,0.30103781819343567,0.3891933560371399,0.04783866927027702,-0.3052450716495514,0.4748706817626953,-0.20308372378349304,0.0,-0.4000000059604645,-0.05000000074505806,0.3100000023841858,0.49000000953674316,-0.20999999344348907,0.0,1.4413766860961914,-2.2233879566192627,1.2053126096725464,-3.5786921977996826,-3.1344449520111084,10.65007209777832,-0.3738042712211609,-1.4329748153686523,-0.48740237951278687,1.8627949953079224,-0.360000342130661,7.759099006652832,0.013010933995246887,0.01548171415925026,1.5089906454086304,0.0771213248372078,-0.5234120488166809,-0.07852794229984283,0.0,332.4278564453125,0.5,0.0,0.0,0.6586252450942993,0.0,0.9857524037361145,0.8336610794067383,0.0,0.0,0.0,0.0,1107.1864013671875,0.0
1.31,1.9777778387069702,-0.13917272185631813,0.9902681220210533,0.0,1.0,0.0,1.0,0.3597260117530823,0.010919168591499329,0.6244099140167236,0.036535512655973434,-0.01068735122680664,-0.11118602752685547,0.5121044516563416,-0.04538359493017197,0.09398504346609116,-0.8924701809883118,-0.25310763716697693,0.13719746470451355,0.20987090468406677,0.28775298595428467,-1.1590622663497925,0.44861698150634766,-0.12145838886499405,0.025575291365385056,-0.3569396436214447,-0.2287406325340271,1.0474728345870972,0.5124322175979614,-0.29641854763031006,0.4180053472518921,0.3951577842235565,0.04903155937790871,-0.30786943435668945,0.4832209050655365,-0.20690098404884338,0.0,-0.4000000059604645,-0.05000000074505806,0.3100000023841858,0.49000000953674316,-0.20999999344348907,0.0,0.2860441505908966,-1.2534031867980957,-0.8585352301597595,-1.993817687034607,-0.14574511349201202,-10.024496078491211,-0.07814738154411316,-1.3374652862548828,-1.6798299551010132,1.8075692653656006,-0.06640556454658508,12.183906555175781,0.011334951967000961,0.018338728696107864,0.8670483231544495,0.15318724513053894,-0.8616229891777039,-0.15822833776474,0.0,475.99627685546875,0.5,0.0,0.0,0.571121871471405,0.0,0.9955973029136658,0.9630535840988159,0.0,0.0,0.0,0.0,838.8185424804688,0.0
1.32,1.9888890981674194,-0.06975516201139526,0.9975641419842455,1.0,1.0,1.0,0.0,0.36511656641960144,0.008446848019957542,0.624642014503479,0.03482619300484657,-0.016338348388671875,-0.1120762825012207,0.5208683609962463,-0.03535635024309158,0.0006543809431605041,-0.23342575132846832,-0.10382816195487976,-0.2518600523471832,0.2097969949245453,0.289205402135849,-1.1655523777008057,0.44544610381126404,-0.18914397060871124,-0.13069085776805878,-0.3589690327644348,-0.23634152114391327,1.0607759952545166,0.5209435224533081,-0.19502940773963928,0.2678055465221405,0.4000000059604645,0.05000000074505806,-0.3100000023841858,0.49000000953674316,-0.20999999344348907,0.0,-0.4000000059604645,-0.05000000074505806,0.3100000023841858,0.49000000953674316,-0.20999999344348907,0.0,-0.274514764547348,1.2755542993545532,-0.9778913259506226,1.2288278341293335,5.774033069610596,-10.662647247314453,-0.7831150889396667,-0.14517252147197723,2.801110029220581,0.7205380201339722,10.070688247680664,-10.37489128112793,0.01095176488161087,0.020130909979343414,0.16517753899097443,0.9303128719329834,-0.5406546592712402,-1.1511363983154297,231.69847106933594,0.0,0.5,0.0,0.0,0.6887009143829346,0.0,0.9966346025466919,0.8808508515357971,0.0,0.0,0.0,0.0,1141.520751953125,0.0
1.33,2.000000238418579,1.4980281135093752e-06,0.999999999998878,1.0,1.0,1.0,0.0,0.37050458788871765,0.007386043667793274,0.6246576309204102,0.03368283435702324,-0.016661643981933594,-0.11498594284057617,0.5196447968482971,-0.04903358966112137,0.026865186169743538,0.19078920781612396,-0.0632915198802948,-0.4054016172885895,0.2102781981229782,0.2964996099472046,-1.1571238040924072,0.46385377645492554,-0.16307631134986877,-0.21173900365829468,-0.3670352101325989,-0.21877260506153107,1.0424985885620117,0.49243447184562683,-0.09301894903182983,0.11002558469772339,0.4000000059604645,0.05000000074505806,-0.3100000023841858,0.49000000953674316,-0.20999999344348907,0.0,-0.4000000059604645,-0.05000000074505806,0.3100000023841858,0.49000000953674316,-0.20999999344348907,0.0,0.043704014271497726,0.6671780943870544,0.9843612909317017,1.4264053106307983,2.342949390411377,-8.370217323303223,-1.1388241052627563,2.171626567840576,-2.319354772567749,-3.2918624877929688,9.541208267211914,-10.413819313049316,0.011931635439395905,0.01871560886502266,0.11890646070241928,1.1075618267059326,0.005239197518676519,-0.5395697355270386,384.49755859375,0.0,0.5,0.0,0.0,0.7036449313163757,0.0,0.9944350719451904,0.7198582887649536,0.0,0.0,0.0,0.0,961.3711547851562,0.0
1.34,2.011111259460449,0.06975740357991261,0.9975639852389365,1.0,1.0,1.0,0.0,0.3757341504096985,0.00704893609508872,0.6248329877853394,0.03365100547671318,-0.01344156265258789,-0.1193079948425293,0.5241012573242188,-0.07547739148139954,0.0390966534614563,0.39517027139663696,0.08448398113250732,-0.4028606712818146,0.21118460595607758,0.31263673305511475,-1.1505872011184692,0.4935504198074341,-0.18372225761413574,-0.267198383808136,-0.3742371201515198,-0.20212309062480927,1.0401160717010498,0.46308737993240356,-0.08333079516887665,-0.004136185627430677,0.4000000059604645,0.05000000074505806,-0.3100000023841858,0.49000000953674316,-0.20999999344348907,0.0,-0.4000000059604645,-0.05000000074505806,0.3100000023841858,0.49000000953674316,-0.20999999344348907,0.0,0.6597939729690552,1.5442688465118408,0.5457941889762878,2.8297808170318604,-0.30771738290786743,-9.575372695922852,-0.6218879222869873,1.3641459941864014,0.4534110426902771,-3.0674173831939697,-0.43459272384643555,-10.09225845336914,0.014266058802604675,0.01715705916285515,0.14292381703853607,1.3571454286575317,0.04844897612929344,-0.18020817637443542,356.7234191894531,0.0,0.5,0.0,0.0,0.7002175450325012,0.0,0.9875231385231018,0.7228211760520935,0.0,0.0,0.0,0.0,734.080078125,0.0
1.35,2.0222225189208984,0.13917494703019567,0.9902678092915784,1.0,0.0,1.0,0.0,0.38184431195259094,0.006874922197312117,0.6253185272216797,0.029905691742897034,-0.007961273193359375,-0.1250467300415039,0.5060115456581116,-0.10792753845453262,0.08773677796125412,0.6441643834114075,-0.654808759689331,-0.6842246055603027,0.2049940526485443,0.32549628615379333,-1.1334933042526245,0.5156519412994385,-0.21255531907081604,-0.3140961825847626,-0.3795697093009949,-0.18399880826473236,1.0093690156936646,0.4417600631713867,-0.16098631918430328,0.11270221322774887,0.4000000059604645,0.05000000074505806,-0.3100000023841858,0.49000000953674316,-0.20999999344348907,0.0,-0.4347938895225525,-0.05695877596735954,0.32530930638313293,0.538711428642273,-0.2322680652141571,0.0,-0.8509438633918762,1.0157582759857178,2.28110933303833,1.8236294984817505,-1.5077977180480957,-6.854521751403809,-0.013308210298418999,1.7932757139205933,-4.760649681091309,-1.9177024364471436,-7.178800106048584,10.130448341369629,0.01685561239719391,0.015890993177890778,0.1395866870880127,0.7836160659790039,0.06254394352436066,0.6022487282752991,553.63818359375,0.0,0.5,0.0,0.0,0.6980453133583069,0.0,0.9769020080566406,0.3920654058456421,0.0,0.0,0.0,0.0,719.4160766601562,0.0
1.36,2.0333335399627686,0.20791296073784107,0.9781473308030979,1.0,0.0,0.0,0.0,0.38861000537872314,0.005991172045469284,0.6254903078079224,0.023129887878894806,-0.0035839080810546875,-0.13117361068725586,0.5119324922561646,-0.12509970366954803,-0.003924512770026922,0.31098058819770813,-0.6956366896629333,-0.5111953020095825,0.19959528744220734,0.3268411457538605,-1.1101614236831665,0.5256528258323669,-0.21335232257843018,-0.3189306855201721,-0.3705853223800659,-0.17586557567119598,0.9912164807319641,0.42701026797294617,-0.16842767596244812,0.23362042009830475,0.4000000059604645,0.05000000074505806,-0.3100000023841858,0.49000000953674316,-0.20999999344348907,0.0,-0.4519784152507782,-0.06039568409323692,0.3328705132007599,0.5627697706222534,-0.24326618015766144,0.0,-0.21000619232654572,-0.3539828956127167,2.023672580718994,0.8379306197166443,0.06545944511890411,-0.705331563949585,1.4528688192367554,0.37438514828681946,-1.288638710975647,-1.2478396892547607,0.017918705940246582,10.135735511779785,0.018153175711631775,0.01461188867688179,0.654670774936676,0.5291662216186523,0.2723791003227234,0.5000188946723938,0.0,0.0,0.5,0.0,0.0,0.6962119340896606,0.0,0.968908965587616,0.592952311038971,0.0,0.0,0.0,0.0,198.1009063720703,0.0
1.37,2.0444445610046387,0.27563805981548,0.961261494069724,1.0,0.0,0.0,0.0,0.3936064839363098,0.00413485337048769,0.6247025728225708,0.02284492366015911,-0.0024728775024414062,-0.13504695892333984,0.51749187707901,-0.1616535484790802,-0.11828678846359253,-0.06567517668008804,0.4420187175273895,-0.2131747007369995,0.2108699232339859,0.3142436742782593,-1.1039015054702759,0.5059220194816589,-0.0994553342461586,-0.12363032251596451,-0.37882000207901,-0.1889907717704773,0.989967405796051,0.4486101269721985,-0.14291788637638092,0.3655976355075836,0.4000000059604645,0.05000000074505806,-0.3100000023841858,0.49000000953674316,-0.20999999344348907,0.0,-0.46890950202941895,-0.06378190219402313,0.3403201699256897,0.5864733457565308,-0.25410208106040955,0.0,2.34619402885437,-1.5748487710952759,-0.8046430945396423,-2.2836506366729736,10.132617950439453,10.752412796020508,-1.6286098957061768,-1.7375251054763794,-0.2771250009536743,2.5928971767425537,3.30547833442688,10.214202880859375,0.016102656722068787,0.01481008529663086,1.6285624504089355,0.11589246988296509,0.22636231780052185,0.19290414452552795,0.0,0.0,0.5,0.0,0.0,0.7504655122756958,0.0,0.9484979510307312,0.9131209850311279,0.0,0.0,0.0,0.0,1335.476318359375,0.0
1.3800000000000001,2.055555820465088,0.3420217074207089,0.939692051500396,1.0,0.0,0.0,1.0,0.3974129259586334,0.0011747039388865232,0.6232689023017883,0.02613750845193863,-0.0051479339599609375,-0.13400506973266602,0.4895225465297699,-0.17474442720413208,-0.13817568123340607,-0.4467671811580658,0.3045458197593689,0.3675805628299713,0.23050324618816376,0.29758167266845703,-1.1011542081832886,0.4893830120563507,-0.191701278090477,0.07538355886936188,-0.38750720024108887,-0.21154263615608215,0.9859488606452942,0.48215168714523315,-0.11661828309297562,0.38263142108917236,0.4000000059604645,0.05000000074505806,-0.3100000023841858,0.49000000953674316,-0.20999999344348907,0.0,-0.4855055510997772,-0.06710111349821091,0.34762245416641235,0.609707772731781,-0.264723539352417,0.0,1.8951785564422607,-1.7236404418945312,-0.27188241481781006,-1.8506745100021362,-10.028932571411133,10.749970436096191,-0.6834936141967773,-2.366180419921875,0.0370488204061985,3.3566043376922607,-1.0902855396270752,1.4806886911392212,0.013156130909919739,0.015364125370979309,1.5159567594528198,0.05408830568194389,-0.32970482110977173,-0.0336218997836113,0.0,301.1043395996094,0.5,0.0,0.0,0.7878937125205994,0.0,0.9405497312545776,0.7632032036781311,0.0,0.0,0.0,0.0,1206.201416015625,0.0
1.3900000000000001,2.066666841506958,0.4067376466545243,0.9135450108199044,1.0,0.0,0.0,1.0,0.4018380641937256,-0.0021163274068385363,0.6218203902244568,0.025743011385202408,-0.009057998657226562,-0.12940359115600586,0.4591577351093292,-0.14856044948101044,-0.1404624581336975,-0.3706342279911041,-0.3072826564311981,0.4962562322616577,0.23661687970161438,0.28365933895111084,-1.1279727220535278,0.4540022015571594,-0.18056687712669373,-0.009742135182023048,-0.3889443278312683,-0.23207208514213562,0.9789711833000183,0.5163007974624634,-0.13332723081111908,0.3952982723712921,0.4000000059604645,0.05000000074505806,-0.3100000023841858,0.49000000953674316,-0.20999999344348907,0.0,-0.5016845464706421,-0.07033691555261612,0.3547412157058716,0.6323584318161011,-0.2750781178474426,0.0,-0.012728739529848099,-0.9105274081230164,-2.8575305938720703,-3.6054019927978516,1.5037916898727417,-6.4985785484313965,0.2096129059791565,-1.926098108291626,-0.9708037376403809,3.5093538761138916,-1.5301157236099243,1.2485824823379517,0.009429886937141418,0.016206346452236176,1.3040204048156738,0.03384258970618248,-0.958632230758667,-0.03091926872730255,0.0,344.43524169921875,0.5,0.0,0.0,0.6833977699279785,0.0,0.9536327719688416,0.6110720038414001,0.0,0.0,0.0,0.0,299.7598876953125,0.0
1.4000000000000001,2.077777862548828,0.4694720330721578,0.8829473428031224,1.0,0.0,1.0,0.0,0.40633007884025574,-0.004631441086530685,0.6199332475662231,0.02531585656106472,-0.01105642318725586,-0.125640869140625,0.4745606482028961,-0.13540306687355042,-0.20746177434921265,-0.051261112093925476,0.16387079656124115,0.23094461858272552,0.24310368299484253,0.2843531668186188,-1.1474952697753906,0.44261425733566284,-0.12201111763715744,-0.15022744238376617,-0.38610246777534485,-0.23861411213874817,0.9812586903572083,0.5171118974685669,-0.23938430845737457,0.23156027495861053,0.4000000059604645,0.05000000074505806,-0.3100000023841858,0.49000000953674316,-0.20999999344348907,0.0,-0.5173680186271667,-0.07347360253334045,0.36164191365242004,0.654315173625946,-0.285115510225296,0.0,0.6825454831123352,0.46414369344711304,-1.2605618238449097,0.4659368097782135,9.512543678283691,-10.819295883178711,-0.3231624960899353,-0.1007087379693985,1.5235885381698608,-0.9933931231498718,-9.9995756149292,-10.460736274719238,0.007093299180269241,0.014619417488574982,0.30842918157577515,1.2203755378723145,-0.1616782546043396,-0.2882121801376343,155.85995483398438,0.0,0.5,0.0,0.0,0.6641640067100525,0.0,0.9627492427825928,0.8988215327262878,0.0,0.0,0.0,0.0,1177.017578125,0.0
1.41,2.0888891220092773,0.5299205064014169,0.8480473199623154,1.0,0.0,1.0,0.0,0.41020292043685913,-0.006603566464036703,0.6177417039871216,0.02829999290406704,-0.01055288314819336,-0.12439441680908203,0.49582159519195557,-0.17329680919647217,-0.21969793736934662,0.09328842163085938,0.4513497054576874,0.1692206710577011,0.24336360394954681,0.29225459694862366,-1.150597333908081,0.46004170179367065,-0.12246550619602203,-0.1321735829114914,-0.3824685215950012,-0.24892739951610565,1.0421301126480103,0.5125012397766113,-0.2867598831653595,0.09748843312263489,0.4000000059604645,0.05000000074505806,-0.3100000023841858,0.49000000953674316,-0.20999999344348907,0.0,-0.5324802398681641,-0.07649604976177216,0.36829131841659546,0.6754723191261292,-0.29478734731674194,0.0,0.26745209097862244,0.5774697661399841,-0.7182881236076355,0.9555566906929016,3.4720864295959473,-1.7507495880126953,0.4292120337486267,-1.2891563177108765,7.460732460021973,-0.3814633786678314,-2.828362464904785,-10.242361068725586,0.005761101841926575,0.0125354565680027,0.0750027447938919,1.2124909162521362,-0.02861817553639412,-0.44647833704948425,253.0472412109375,0.0,0.5,0.0,0.0,0.6834789514541626,0.0,0.9416718482971191,0.9443378448486328,0.0,0.0,0.0,0.0,385.4622802734375,0.0
1.42,2.1000001430511475,0.5877859794503563,0.8090164660633214,1.0,0.0,1.0,0.0,0.41424715518951416,-0.007901889272034168,0.6156066656112671,0.031217308714985847,-0.0065021514892578125,-0.12264156341552734,0.4947652816772461,-0.1917223036289215,-0.2043362855911255,0.556954562664032,0.2310631275177002,0.22918324172496796,0.2360389530658722,0.3026431202888489,-1.1488951444625854,0.47366929054260254,-0.1515953093767166,-0.07295045256614685,-0.3805052936077118,-0.25248366594314575,1.0776375532150269,0.5137119889259338,-0.25016292929649353,0.0017507249722257257,0.4000000059604645,0.05000000074505806,-0.3100000023841858,0.49000000953674316,-0.20999999344348907,0.0,-0.54694664478302,-0.07938932627439499,0.3746565282344818,0.6957253217697144,-0.3040458559989929,0.0,-0.7226946353912354,1.1634143590927124,-0.12438619136810303,1.0931637287139893,-0.4039391279220581,1.4256972074508667,0.21835440397262573,-0.1809789538383484,3.6746768951416016,0.44093626737594604,4.413576126098633,-8.911561965942383,0.004749827086925507,0.010099738836288452,-0.06583521515130997,0.6214264631271362,-0.014356555417180061,-0.4192157983779907,277.92669677734375,0.0,0.5,0.0,0.0,0.7232141494750977,0.0,0.9290713667869568,0.9002795815467834,0.0,0.0,0.0,0.0,111.61509704589844,0.0
1.43,2.1111111640930176,0.6427878646989728,0.766044229138067,1.0,0.0,1.0,0.0,0.41885948181152344,-0.008295759558677673,0.6137139797210693,0.03162773326039314,0.0019131923327222466,-0.12230730056762695,0.47085344791412354,-0.21508058905601501,-0.1502116620540619,1.066632628440857,-0.11219589412212372,-0.1844339221715927,0.22825554013252258,0.3154124915599823,-1.1412285566329956,0.48333364725112915,-0.16806882619857788,-0.06765125691890717,-0.38425570726394653,-0.23473143577575684,1.0798355340957642,0.49101924896240234,-0.16008830070495605,0.08134528249502182,0.4000000059604645,0.05000000074505806,-0.3100000023841858,0.49000000953674316,-0.20999999344348907,0.0,-0.5606971383094788,-0.08213943243026733,0.3807067275047302,0.7149760127067566,-0.3128461539745331,0.0,-1.1554813385009766,1.3255304098129272,1.5180461406707764,1.5579607486724854,-10.03180980682373,1.0973830223083496,-0.7000231146812439,2.3662867546081543,-1.051734209060669,-2.4397599697113037,7.249255657196045,6.888876438140869,0.004464946687221527,0.005945660173892975,-0.07499641180038452,0.6420881152153015,0.07851262390613556,0.02094736322760582,401.9555969238281,0.0,0.5,0.0,0.0,0.7291650176048279,0.0,0.9100840091705322,0.9342308044433594,0.0,0.0,0.0,0.0,549.1712646484375,0.0
1.44,2.122222423553467,0.6946592804243799,0.7193389215941836,1.0,0.0,1.0,1.0,0.4240513741970062,-0.00850833859294653,0.6123300194740295,0.02923739328980446,0.012206793762743473,-0.12636995315551758,0.4591929316520691,-0.2412390261888504,-0.07845750451087952,0.9037075638771057,-0.4041283428668976,-0.5732197165489197,0.2200230062007904,0.3314526379108429,-1.1217693090438843,0.49681687355041504,-0.16123312711715698,-0.07881432771682739,-0.3900966942310333,-0.21599014103412628,1.0547828674316406,0.48041024804115295,-0.14540866017341614,0.1373184472322464,0.4000000059604645,0.05000000074505806,-0.3100000023841858,0.49000000953674316,-0.20999999344348907,0.0,-0.5736649036407471,-0.08473297953605652,0.3864125609397888,0.7331308722496033,-0.32114553451538086,0.0,-0.8660693168640137,1.366532564163208,1.9416321516036987,1.581536889076233,-0.03160352259874344,-3.171696901321411,0.44013237953186035,0.724917471408844,-1.5488111972808838,1.2958786487579346,-1.1136575937271118,-5.737194538116455,0.005276791751384735,0.0025498569011688232,0.008373001590371132,0.09345874935388565,0.0006228922866284847,-0.08321338146924973,430.3316650390625,441.40740966796875,0.5,0.0,0.0,0.6377383470535278,0.0,0.8871661424636841,0.5183203816413879,0.0,0.0,0.0,0.0,475.1313171386719,0.0
1.45,2.133333683013916,0.7431462956277414,0.669128973587877,1.0,0.0,1.0,1.0,0.42930012941360474,-0.009963754564523697,0.6114727854728699,0.026336371898651123,0.018030570819973946,-0.13193321228027344,0.4675891101360321,-0.22131280601024628,-0.06408405303955078,0.4048645794391632,-0.20210528373718262,-0.5419232845306396,0.21146652102470398,0.3351407051086426,-1.1169533729553223,0.4945625364780426,-0.09269127994775772,0.05273855850100517,-0.3810689151287079,-0.21921323239803314,1.053251028060913,0.49913591146469116,-0.16354422271251678,0.10898083448410034,0.4000000059604645,0.05000000074505806,-0.3100000023841858,0.49000000953674316,-0.20999999344348907,0.0,-0.5857865810394287,-0.08715732395648956,0.3917461037635803,0.7501012086868286,-0.3289034068584442,0.0,-0.42382556200027466,-0.0979902371764183,-0.04815952852368355,-0.12012088298797607,0.47651880979537964,10.224333763122559,0.7578786015510559,-0.4944504499435425,-0.05458661913871765,1.5292621850967407,-0.2399538904428482,-1.0632370710372925,0.0050358399748802185,0.0015840008854866028,0.7732831239700317,0.011414874345064163,0.17915470898151398,0.016349390149116516,19.276369094848633,321.07098388671875,0.5,0.0,0.0,0.6142477989196777,0.0,0.9047834873199463,0.5557916760444641,0.0,0.0,0.0,0.0,333.6512451171875,0.0
1.46,2.144444704055786,0.788011757864156,0.6156601899325982,1.0,0.0,1.0,1.0,0.4340178072452545,-0.011901654303073883,0.6112450957298279,0.025455165654420853,0.021056145429611206,-0.1375422477722168,0.4762890338897705,-0.19557037949562073,0.04494744911789894,0.2752295732498169,-0.011171654798090458,-0.5484166145324707,0.20959524810314178,0.3253442645072937,-1.0839135646820068,0.48596665263175964,-0.14436699450016022,0.11843208223581314,-0.37538930773735046,-0.2274719923734665,1.0529791116714478,0.5200548768043518,-0.18872742354869843,0.0884876698255539,0.4000000059604645,0.05000000074505806,-0.3100000023841858,0.49000000953674316,-0.20999999344348907,0.0,-0.5970029830932617,-0.08940060436725616,0.3966813087463379,0.7658041715621948,-0.33608192205429077,0.0,-0.4867915213108063,-1.0560046434402466,2.1704444885253906,-1.4439789056777954,3.873605489730835,3.1316919326782227,0.6821599006652832,-0.7616305351257324,0.6413850784301758,1.1034326553344727,1.8055226802825928,0.4330306053161621,0.004539269953966141,0.0019063092768192291,0.2780320644378662,0.04726122319698334,0.09858579188585281,0.0649319440126419,429.36297607421875,464.9202575683594,0.5,0.0,0.0,0.6179536581039429,0.0,0.9253160357475281,0.5479772090911865,0.0,0.0,0.0,0.0,471.47882080078125,0.0
1.47,2.1555557250976562,0.8290381682428841,0.5591920203261875,1.0,0.0,1.0,1.0,0.4386427104473114,-0.014031889848411083,0.6117997169494629,0.025478724390268326,0.022103646770119667,-0.14454174041748047,0.49254417419433594,-0.16206035017967224,0.09979409724473953,-0.0012336199870333076,-0.014474949799478054,-0.81904536485672,0.19928491115570068,0.31448930501937866,-1.077781081199646,0.47647958993911743,-0.16949421167373657,0.12387969344854355,-0.3678342401981354,-0.23758985102176666,1.0728121995925903,0.5362836718559265,-0.2060391902923584,0.10937880724668503,0.4000000059604645,0.05000000074505806,-0.3100000023841858,0.49000000953674316,-0.20999999344348907,0.0,-0.6072596311569214,-0.09145192801952362,0.4011942148208618,0.7801634669303894,-0.34264612197875977,0.0,-1.5139251947402954,-1.346138596534729,0.6869204044342041,-1.1466630697250366,-3.504462718963623,0.651755690574646,1.037678599357605,-1.229392170906067,3.174412965774536,1.4954841136932373,-0.17305682599544525,6.272759437561035,0.004461243748664856,0.0032361596822738647,0.0702580139040947,0.071457639336586,0.08799435198307037,-0.16259793937206268,177.74049377441406,318.8846435546875,0.5,0.0,0.0,0.6378799676895142,0.0,0.9487230777740479,0.26140859723091125,0.0,0.0,0.0,0.0,516.7643432617188,0.0
1.48,2.1666669845581055,0.8660264024681193,0.4999982702251348,1.0,0.0,1.0,1.0,0.4433836042881012,-0.016471106559038162,0.6129303574562073,0.02457941137254238,0.020728783681988716,-0.14773893356323242,0.4701208770275116,-0.1186193898320198,0.16343018412590027,-0.28919029235839844,-0.23271189630031586,0.15624278783798218,0.18478892743587494,0.2970908582210541,-1.0963656902313232,0.4494401514530182,-0.1862325668334961,0.004155579023063183,-0.36616650223731995,-0.2464415580034256,1.0673151016235352,0.5554891228675842,-0.22599942982196808,0.15393655002117157,0.4000000059604645,0.05000000074505806,-0.3100000023841858,0.49000000953674316,-0.20999999344348907,0.0,-0.6165066361427307,-0.09330132603645325,0.40526291728019714,0.7931092977523804,-0.3485642075538635,0.0,-1.125016450881958,-1.766030192375183,-1.9133965969085693,-2.6184191703796387,5.705530643463135,-10.15855598449707,0.7897108197212219,-1.1171886920928955,-0.9361962080001831,2.367663860321045,-6.363614559173584,2.1023647785186768,0.0036523714661598206,0.005649719387292862,0.4676840901374817,-0.017838219180703163,-0.0922275111079216,-0.05502604320645332,127.77056884765625,541.8648681640625,0.5,0.0,0.0,0.7280457019805908,0.0,0.9705166816711426,0.952349066734314,0.0,0.0,0.0,0.0,759.7550048828125,0.0
1.49,2.1777780055999756,0.898794673804223,0.43836986021071334,1.0,0.0,1.0,1.0,0.4474893808364868,-0.01829637587070465,0.6141582727432251,0.02638145722448826,0.02065831981599331,-0.14811277389526367,0.4812496602535248,-0.12162888795137405,0.12986458837985992,0.2287229746580124,0.4690176844596863,-0.19882294535636902,0.18698081374168396,0.29827556014060974,-1.0998632907867432,0.4575304388999939,-0.16237442195415497,-0.07203352451324463,-0.3659084737300873,-0.24947378039360046,1.0761903524398804,0.5530984401702881,-0.14931829273700714,-0.026007214561104774,0.4000000059604645,0.05000000074505806,-0.3100000023841858,0.49000000953674316,-0.20999999344348907,0.0,-0.6246986985206604,-0.09493973851203918,0.40886741876602173,0.8045781850814819,-0.35380715131759644,0.0,0.5570151805877686,0.7161248922348022,-0.06384465098381042,1.5917922258377075,-1.7162820100784302,-4.2619757652282715,-0.8675395250320435,-0.17753979563713074,1.3737468719482422,0.6488401889801025,-3.4375081062316895,-10.862335205078125,0.005261365324258804,0.006768450140953064,0.04291537031531334,0.6293003559112549,0.02969880774617195,-0.41149595379829407,303.79766845703125,250.0164337158203,0.5,0.0,0.0,0.7036340236663818,0.0,0.9701638221740723,0.9239834547042847,0.0,0.0,0.0,0.0,1115.094482421875,0.0
1.5,2.1888890266418457,0.9271841787986933,0.37460579091278423,1.0,0.0,1.0,1.0,0.45103174448013306,-0.019375916570425034,0.615502119064331,0.031378719955682755,0.02349008433520794,-0.15057706832885742,0.4884098768234253,-0.12842784821987152,0.15807530283927917,0.30400708317756653,0.6530934572219849,-0.3872286379337311,0.1890462338924408,0.302278608083725,-1.1002302169799805,0.4652048349380493,-0.18570807576179504,-0.10942337661981583,-0.3664845824241638,-0.2458774596452713,1.0791970491409302,0.5451978445053101,-0.183707594871521,-0.09358973056077957,0.4000000059604645,0.05000000074505806,-0.3100000023841858,0.49000000953674316,-0.20999999344348907,0.0,-0.63179612159729,-0.09635922312736511,0.41199028491973877,0.8145145177841187,-0.3583495020866394,0.0,0.6484517455101013,0.25055867433547974,-0.203060120344162,0.44427490234375,-0.20465266704559326,-6.085086345672607,-0.6490435004234314,0.10000915825366974,2.140759229660034,-0.6428923010826111,9.908910751342773,13.375657081604004,0.007391691207885742,0.007105715572834015,0.08213234692811966,0.08877700567245483,0.03162332624197006,-0.03428184986114502,134.4815216064453,807.7518920898438,0.5,0.0,0.0,0.6422683000564575,0.0,0.9672908186912537,0.7408981919288635,0.0,0.0,0.0,0.0,619.6671142578125,0.0
1.51,2.200000286102295,0.9510570717929909,0.3090152847231701,1.0,0.0,1.0,0.0,0.45433536171913147,-0.02004886046051979,0.6170815229415894,0.037253156304359436,0.027648869901895523,-0.15358257293701172,0.4760613441467285,-0.13310106098651886,0.1710497885942459,0.47929343581199646,0.5699745416641235,-0.31480544805526733,0.19641603529453278,0.3131142556667328,-1.1024905443191528,0.483377069234848,-0.21596123278141022,-0.15968680381774902,-0.3738023042678833,-0.2298583686351776,1.049869179725647,0.518858015537262,-0.18122640252113342,0.024461334571242332,0.4000000059604645,0.05000000074505806,-0.3100000023841858,0.49000000953674316,-0.20999999344348907,0.0,-0.6377642750740051,-0.09755285084247589,0.41461628675460815,0.8228700160980225,-0.3621691167354584,0.0,1.1912274360656738,1.0880829095840454,0.2356853187084198,1.9489103555679321,-1.7510149478912354,-8.329972267150879,-0.8280263543128967,1.810814380645752,-4.263603687286377,-3.0105557441711426,-0.9882179498672485,10.124162673950195,0.010599158704280853,0.006284967064857483,0.07605740427970886,0.1491813063621521,0.046289995312690735,0.6560282111167908,308.8835144042969,0.0,0.5,0.0,0.0,0.5495060682296753,0.0,0.9640830159187317,0.8202017545700073,0.0,0.0,0.0,0.0,648.9633178710938,0.0
1.52,2.211111307144165,0.9702960242533635,0.24192070047459083,1.0,0.0,1.0,1.0,0.4588080644607544,-0.02113107219338417,0.6188353300094604,0.037700239568948746,0.03199484571814537,-0.1576704978942871,0.4509658217430115,-0.1599011868238449,0.224648118019104,0.4190926253795624,-0.35611048340797424,-0.5375767946243286,0.2024473398923874,0.32290971279144287,-1.0919278860092163,0.5072160363197327,-0.239339679479599,-0.25285735726356506,-0.3710891604423523,-0.2128153145313263,0.9860214591026306,0.49773645401000977,-0.18973951041698456,0.13218972086906433,0.4000000059604645,0.05000000074505806,-0.3100000023841858,0.49000000953674316,-0.20999999344348907,0.0,-0.6425740122795105,-0.09851481020450592,0.4167325794696808,0.8296036720275879,-0.36524736881256104,0.0,0.03552088513970375,0.7953688502311707,1.213337779045105,2.252302885055542,-1.6523607969284058,-11.024396896362305,0.9895711541175842,1.3896665573120117,-6.018224716186523,-1.392472267150879,5.560914993286133,8.918791770935059,0.014398984611034393,0.005765631794929504,0.13593704998493195,-0.29309454560279846,0.05784142017364502,0.6250145435333252,407.25909423828125,133.46018981933594,0.5,0.0,0.0,0.47272348403930664,0.0,0.9455906748771667,0.5610318183898926,0.0,0.0,0.0,0.0,1180.403564453125,0.0
1.53,2.222222328186035,0.9848078686252573,0.1736475219914698,1.0,0.0,0.0,1.0,0.4634021520614624,-0.023027535527944565,0.6205520629882812,0.03701747581362724,0.034067992120981216,-0.16272306442260742,0.4555394947528839,-0.16478639841079712,0.17588768899440765,0.03493945673108101,0.11434853821992874,-0.4059835970401764,0.20918497443199158,0.32231757044792175,-1.0828289985656738,0.5119738578796387,-0.12705573439598083,-0.09332997351884842,-0.3643452525138855,-0.21375496685504913,0.9812828302383423,0.5017340779304504,-0.1640710085630417,0.17450416088104248,0.4000000059604645,0.05000000074505806,-0.3100000023841858,0.49000000953674316,-0.20999999344348907,0.0,-0.6462019681930542,-0.09924039244651794,0.4183288812637329,0.8346827626228333,-0.3675692677497864,0.0,1.4979902505874634,-0.5571335554122925,-0.03111659735441208,0.42316919565200806,10.104676246643066,10.439924240112305,0.37646743655204773,-0.34743374586105347,0.05791790038347244,0.6127951145172119,-0.6818581819534302,3.349443197250366,0.016624324023723602,0.007308252155780792,1.0547492504119873,0.01991530880331993,0.46840783953666687,-0.03944390267133713,0.0,230.03257751464844,0.5,0.0,0.0,0.45533549785614014,0.0,0.9434022307395935,0.7191787958145142,0.0,0.0,0.0,0.0,726.8314208984375,0.0
1.54,2.2333335876464844,0.9945220623926851,0.10452687412431212,1.0,0.0,0.0,1.0,0.4661720395088196,-0.02610396221280098,0.6220723986625671,0.04210551828145981,0.03135243058204651,-0.16441965103149414,0.43946391344070435,-0.19504038989543915,0.16127382218837738,-0.518416166305542,0.8099707961082458,0.08389926701784134,0.2310350388288498,0.3010503053665161,-1.0696606636047363,0.48702067136764526,-0.12233444303274155,0.10513883829116821,-0.372862845659256,-0.22842012345790863,0.9879417419433594,0.5201531648635864,-0.17143818736076355,0.2414354383945465,0.4000000059604645,0.05000000074505806,-0.3100000023841858,0.49000000953674316,-0.20999999344348907,0.0,-0.6486304998397827,-0.099726103246212,0.41939741373062134,0.8380827307701111,-0.36912351846694946,0.0,2.87172532081604,-2.5069563388824463,0.5173946619033813,-3.0674924850463867,-1.2695186138153076,10.748839378356934,-1.2803287506103516,-1.9696111679077148,0.9069918394088745,1.8024327754974365,-0.2046182006597519,7.900049686431885,0.016029566526412964,0.010362159460783005,1.4411062002182007,0.05614003166556358,-0.21838445961475372,-0.042249348014593124,0.0,292.1469421386719,0.5,0.0,0.0,0.5116851329803467,0.0,0.9199731945991516,0.9860204458236694,0.0,0.0,0.0,0.0,1437.24560546875,0.0
1.55,2.2444446086883545,0.9993908630339691,0.034898465356212265,1.0,0.0,0.0,1.0,0.4692763686180115,-0.030385097488760948,0.6236245632171631,0.04388151690363884,0.024556735530495644,-0.1605548858642578,0.3954053521156311,-0.17635206878185272,0.18095658719539642,-0.8088382482528687,-0.27095866203308105,0.6348470449447632,0.24087196588516235,0.2741974890232086,-1.06803297996521,0.4449561536312103,-0.11209176480770111,0.2208050787448883,-0.3763315677642822,-0.2489578127861023,0.9828648567199707,0.5397188067436218,-0.14764362573623657,0.2970083951950073,0.4000000059604645,0.05000000074505806,-0.3100000023841858,0.49000000953674316,-0.20999999344348907,0.0,-0.6498477458953857,-0.0999695435166359,0.4199329912662506,0.8397867679595947,-0.36990252137184143,0.0,0.04049941524863243,-2.58200740814209,-0.059022001922130585,-4.206326484680176,0.39091038703918457,10.098353385925293,0.14248664677143097,-1.9098403453826904,-1.2005679607391357,2.333571195602417,0.44389909505844116,8.588974952697754,0.014181509613990784,0.01411920040845871,1.2995027303695679,0.09114649891853333,-0.6175383925437927,-0.08722745627164841,0.0,318.934326171875,0.5,0.0,0.0,0.65589839220047,0.0,0.9193574786186218,0.4466135799884796,0.0,0.0,0.0,0.0,860.6940307617188,0.0
1.56,2.2555558681488037,0.9993907584717193,-0.03490145958727216,1.0,0.0,0.0,1.0,0.4740164279937744,-0.034835439175367355,0.6248347759246826,0.03837857395410538,0.017754917964339256,-0.15404987335205078,0.38895276188850403,-0.1772562861442566,0.12011519074440002,-0.5859428644180298,-0.7298332452774048,0.6015074849128723,0.23519036173820496,0.2591661810874939,-1.0885227918624878,0.4154900908470154,-0.11284857988357544,0.0934470072388649,-0.3641342222690582,-0.2698776125907898,0.9638069868087769,0.5566427707672119,-0.07687456160783768,0.23503082990646362,0.4000000059604645,0.05000000074505806,-0.3100000023841858,0.49000000953674316,-0.20999999344348907,0.0,-0.6496954560279846,-0.09993909299373627,0.41986599564552307,0.8395736217498779,-0.36980509757995605,0.0,-1.1769343614578247,-0.8407582640647888,-1.6596252918243408,-2.6408565044403076,0.04873131960630417,-10.188520431518555,1.492706060409546,-2.059250831604004,-2.346367120742798,1.8427613973617554,7.482233047485352,-7.01936674118042,0.013024084270000458,0.017393559217453003,0.7267358899116516,0.08043795824050903,-1.084756851196289,0.07515551894903183,0.0,168.3784942626953,0.5,0.0,0.0,0.6318734288215637,0.0,0.9162164926528931,0.4849921762943268,0.0,0.0,0.0,0.0,609.736328125,0.0
1.57,2.266666889190674,0.9945217492198297,-0.10452985376785903,1.0,0.0,0.0,0.0,0.4784441590309143,-0.037880804389715195,0.6254125833511353,0.035326872020959854,0.014974125660955906,-0.14915704727172852,0.41014739871025085,-0.14407601952552795,0.0360276885330677,-0.06460123509168625,0.048993561416864395,0.3690316081047058,0.23889471590518951,0.2619411051273346,-1.0867356061935425,0.4054252505302429,-0.06998514384031296,-0.05897476524114609,-0.3509417772293091,-0.27068525552749634,0.9753702282905579,0.5353258848190308,-0.18711113929748535,0.055584944784641266,0.4000000059604645,0.05000000074505806,-0.3100000023841858,0.49000000953674316,-0.20999999344348907,0.0,-0.6472684144973755,-0.09945367276668549,0.4187980890274048,0.8361757397651672,-0.3682517409324646,0.0,0.9824085235595703,0.8310734033584595,0.9498845934867859,-0.5861098766326904,4.706016540527344,-10.375960350036621,0.3551470637321472,0.8313510417938232,3.3513472080230713,-3.462695837020874,-10.078736305236816,-10.577862739562988,0.01304587721824646,0.0170283243060112,0.3996998071670532,1.6641262769699097,-0.9648720622062683,-0.5163954496383667,0.0,0.0,0.5,0.0,0.0,0.6267886161804199,0.0,0.9439682364463806,0.7615734338760376,0.0,0.0,0.0,0.0,1291.071533203125,0.0
1.58,2.277778148651123,0.984807348363098,-0.17365047253043578,1.0,0.0,0.0,0.0,0.48221641778945923,-0.040309153497219086,0.6248722076416016,0.03562212362885475,0.014177420176565647,-0.1461496353149414,0.423099547624588,-0.16741637885570526,-0.08244603127241135,-0.0940232127904892,-0.032955266535282135,0.28983598947525024,0.24309828877449036,0.2723464071750641,-1.1142516136169434,0.41218626499176025,-0.17782804369926453,-0.2017221748828888,-0.34239837527275085,-0.28045254945755005,1.0566757917404175,0.5326235294342041,-0.24662697315216064,-0.05490054562687874,0.4000000059604645,0.05000000074505806,-0.3100000023841858,0.49000000953674316,-0.20999999344348907,0.0,-0.642461359500885,-0.09849226474761963,0.41668298840522766,0.8294458389282227,-0.3651752471923828,0.0,-0.0008964613080024719,0.890075147151947,-3.134291648864746,0.39459750056266785,-10.083657264709473,-10.310260772705078,1.3600817918777466,-1.2565574645996094,9.174637794494629,0.2551780045032501,-3.0883848667144775,-10.065216064453125,0.012994743883609772,0.016642197966575623,0.5645889639854431,1.2698866128921509,-0.8009408116340637,-0.9141464829444885,0.0,0.0,0.5,0.0,0.0,0.6467125415802002,0.0,0.9343690276145935,0.8453455567359924,0.0,0.0,0.0,0.0,499.4758605957031,0.0
1.59,2.288889169692993,0.970295299440988,-0.2419236075349487,1.0,0.0,1.0,0.0,0.486883282661438,-0.04209211841225624,0.6238240003585815,0.032264344394207,0.016541704535484314,-0.1445932388305664,0.3940800726413727,-0.17968282103538513,-0.08710058778524399,0.49215906858444214,-0.5385412573814392,0.05350245162844658,0.2366972118616104,0.28049442172050476,-1.1104943752288818,0.42619916796684265,-0.17290450632572174,-0.239371657371521,-0.3429613709449768,-0.2731333374977112,1.0822288990020752,0.524953305721283,-0.14930711686611176,-0.04084170609712601,0.4000000059604645,0.05000000074505806,-0.3100000023841858,0.49000000953674316,-0.20999999344348907,0.0,-0.6353681683540344,-0.09707362949848175,0.41356199979782104,0.8195154666900635,-0.3606356084346771,0.0,-1.1787344217300415,0.7670611143112183,1.0896562337875366,1.1625645160675049,0.45313122868537903,-2.4117729663848877,-0.6810321807861328,1.5675963163375854,0.2997502386569977,-0.44815000891685486,10.007278442382812,2.2476351261138916,0.012904107570648193,0.015005111694335938,0.04211694374680519,0.7325335741043091,0.0015750810271129012,-0.7823721766471863,329.0521240234375,0.0,0.5,0.0,0.0,0.6982282400131226,0.0,0.9166679978370667,0.9942913055419922,0.0,0.0,0.0,0.0,246.8778533935547,0.0
1.6,2.3000001907348633,0.951056145961555,-0.30901813414224355,1.0,0.0,1.0,0.0,0.4921981394290924,-0.04280594363808632,0.6229523420333862,0.02637781761586666,0.023727506399154663,-0.14648056030273438,0.38509511947631836,-0.1920437514781952,-0.04018104448914528,0.9624679684638977,-0.6690640449523926,-0.44012972712516785,0.22914570569992065,0.29645827412605286,-1.0965646505355835,0.4508037865161896,-0.18356412649154663,-0.2791620194911957,-0.3491150438785553,-0.24363432824611664,1.0831637382507324,0.4949180483818054,-0.11523715406656265,0.050348035991191864,0.4000000059604645,0.05000000074505806,-0.3100000023841858,0.49000000953674316,-0.20999999344348907,0.0,-0.6261268258094788,-0.09522536396980286,0.4094958007335663,0.8065775632858276,-0.35472115874290466,0.0,-1.380368709564209,1.9914767742156982,1.3212413787841797,1.27459716796875,6.688562393188477,-1.138340950012207,-0.722985565662384,3.5195605754852295,0.0034142066724598408,-3.6676807403564453,0.20905514061450958,7.283891201019287,0.014230553060770035,0.011687379330396652,0.06917419284582138,1.3013930320739746,-0.13175655901432037,-0.43089109659194946,752.0933227539062,0.0,0.5,0.0,0.0,0.6859742999076843,0.0,0.9046855568885803,0.6788002252578735,0.0,0.0,0.0,0.0,360.2083740234375,0.0
1.61,2.3111114501953125,0.9271830564545201,-0.37460856880703364,1.0,0.0,1.0,1.0,0.49762025475502014,-0.04333377629518509,0.6223169565200806,0.01994759403169155,0.03267486020922661,-0.15386438369750977,0.3762790560722351,-0.2216702252626419,-0.031080923974514008,0.8684578537940979,-0.6926810145378113,-0.9749607443809509,0.22182230651378632,0.31017300486564636,-1.0704516172409058,0.4733932912349701,-0.21404650807380676,-0.3158261477947235,-0.3637942969799042,-0.2151782065629959,1.0652803182601929,0.4729785919189453,-0.19718636572360992,0.18240101635456085,0.4000000059604645,0.05000000074505806,-0.3100000023841858,0.49000000953674316,-0.20999999344348907,0.0,-0.6149170398712158,-0.09298340231180191,0.4045634865760803,0.7908837795257568,-0.34754687547683716,0.0,-0.6577315926551819,1.1251459121704102,2.7541401386260986,2.9736125469207764,-9.228083610534668,-2.787400245666504,-1.3813778162002563,2.0020053386688232,-2.484013319015503,-1.4616656303405762,7.648629188537598,5.911240577697754,0.015985537320375443,0.00912277027964592,0.0903681218624115,0.8800526857376099,0.19944506883621216,-0.199300616979599,429.0172119140625,372.1293640136719,0.5,0.0,0.0,0.5790207982063293,0.0,0.8790714144706726,0.1494046300649643,0.0,0.0,0.0,0.0,524.1608276367188,0.0
1.62,2.3222224712371826,0.8987933604194404,-0.4383725530481234,1.0,0.0,0.0,1.0,0.502769410610199,-0.04493885114789009,0.6218189001083374,0.01476123183965683,0.03818551450967789,-0.16179466247558594,0.4031544625759125,-0.21800783276557922,-0.04100256785750389,0.333798885345459,-0.3812881112098694,-0.6342631578445435,0.2134568691253662,0.31569787859916687,-1.0866925716400146,0.4751285910606384,-0.10876523703336716,-0.12135525792837143,-0.36265212297439575,-0.22080285847187042,1.070495843887329,0.4970383644104004,-0.1796165108680725,0.23410724103450775,0.4000000059604645,0.05000000074505806,-0.3100000023841858,0.49000000953674316,-0.20999999344348907,0.0,-0.6019572615623474,-0.09039145708084106,0.39886119961738586,0.7727401256561279,-0.33925265073776245,0.0,-0.015553314238786697,0.26157402992248535,-3.5575790405273438,-0.020325038582086563,10.09610366821289,10.741165161132812,0.6013951301574707,-1.108184576034546,0.1374521404504776,2.8752939701080322,-3.790959119796753,0.7177861928939819,0.01630573719739914,0.009279541671276093,1.381098747253418,-0.017606431618332863,0.36753031611442566,0.013063673861324787,0.0,282.43939208984375,0.5,0.0,0.0,0.5397727489471436,0.0,0.8924248814582825,0.44727596640586853,0.0,0.0,0.0,0.0,1067.1578369140625,0.0
1.6300000000000001,2.3333334922790527,0.8660249044413024,-0.5000008648866849,1.0,0.0,0.0,1.0,0.5073915719985962,-0.04781852290034294,0.6216050386428833,0.010963022708892822,0.03808446228504181,-0.1683650016784668,0.39823800325393677,-0.19778066873550415,0.00579499825835228,-0.23312953114509583,-0.36741915345191956,-0.594396710395813,0.21612733602523804,0.3025023937225342,-1.0820810794830322,0.45667433738708496,-0.1057649478316307,0.07085833698511124,-0.3535439968109131,-0.2333248257637024,1.0678441524505615,0.5189527869224548,-0.20308256149291992,0.23726703226566315,0.4000000059604645,0.05000000074505806,-0.3100000023841858,0.49000000953674316,-0.20999999344348907,0.0,-0.5874996185302734,-0.08749992400407791,0.3924998342990875,0.7524994611740112,-0.32999974489212036,0.0,0.5859466791152954,-1.685627818107605,0.3128187954425812,-2.1382205486297607,-0.9349611401557922,10.66823959350586,0.7319405674934387,-1.2437952756881714,-0.41271382570266724,1.6632144451141357,-0.354871928691864,5.1698503494262695,0.01503177359700203,0.010151870548725128,1.4629507064819336,0.009500830434262753,-0.21015486121177673,-0.02081596851348877,0.0,387.24261474609375,0.5,0.0,0.0,0.581314206123352,0.0,0.9057921767234802,0.4933112859725952,0.0,0.0,0.0,0.0,1006.21435546875,0.0
1.6400000000000001,2.344444751739502,0.8290364928684297,-0.5591945041686426,1.0,0.0,0.0,1.0,0.5114160776138306,-0.05129942297935486,0.6216554045677185,0.008652136661112309,0.03420206904411316,-0.17319583892822266,0.3873997628688812,-0.154740571975708,0.025482408702373505,-0.45542410016059875,-0.17172658443450928,-0.43467578291893005,0.2269548624753952,0.2886783182621002,-1.1131551265716553,0.4418987035751343,-0.13145489990711212,0.058253247290849686,-0.34900641441345215,-0.25158247351646423,1.0642895698547363,0.5433539748191833,-0.22638395428657532,0.26504963636398315,0.4000000059604645,0.05000000074505806,-0.3100000023841858,0.49000000953674316,-0.20999999344348907,0.0,-0.5718252658843994,-0.08436505496501923,0.385603129863739,0.7305554151535034,-0.31996816396713257,0.0,1.558254599571228,-1.3656483888626099,-3.6875369548797607,-1.4769036769866943,-2.2311136722564697,-0.49295738339424133,-0.022583559155464172,-1.6739946603775024,-0.28934893012046814,2.1729722023010254,-0.7341146469116211,7.477790832519531,0.013989344239234924,0.012137182056903839,1.7959028482437134,0.05053335055708885,-0.27722105383872986,-0.06475009769201279,0.0,356.6187744140625,0.5,0.0,0.0,0.6428676843643188,0.0,0.9293713569641113,0.6853085160255432,0.0,0.0,0.0,0.0,517.872802734375,0.0
1.6500000000000001,2.355555772781372,0.7880099133080747,-0.6156625508573675,1.0,0.0,0.0,1.0,0.5154682993888855,-0.05477739870548248,0.6219810247421265,0.005929855164140463,0.029132036492228508,-0.17426300048828125,0.3889630436897278,-0.12791332602500916,0.05537741631269455,-0.5712321400642395,-0.314919650554657,0.15212370455265045,0.23997581005096436,0.2689257860183716,-1.146108627319336,0.4092433452606201,-0.1589471697807312,-0.06124824658036232,-0.34155991673469543,-0.26145249605178833,1.0486915111541748,0.5554298758506775,-0.2522227466106415,0.2807014584541321,0.4000000059604645,0.05000000074505806,-0.3100000023841858,0.49000000953674316,-0.20999999344348907,0.0,-0.555239737033844,-0.08104795217514038,0.37830549478530884,0.7073356509208679,-0.30935341119766235,0.0,1.2662416696548462,-1.9907697439193726,-2.8544583320617676,-3.5421159267425537,-3.0785319805145264,-10.133648872375488,1.2530848979949951,-0.9672158360481262,-1.7447857856750488,0.9404708743095398,-3.4376652240753174,-1.170090675354004,0.01266646757721901,0.013701938092708588,1.6441566944122314,-0.015635764226317406,-0.7758093476295471,-0.05004112794995308,0.0,427.6842956542969,0.5,0.0,0.0,0.742795467376709,0.0,0.9442332983016968,0.9547715187072754,0.0,0.0,0.0,0.0,340.3965759277344,0.0
1.6600000000000001,2.366666793823242,0.7431442908763792,-0.669131200092959,1.0,0.0,0.0,0.0,0.5187873840332031,-0.05750151351094246,0.6219102144241333,0.006651230622082949,0.025416214019060135,-0.17311716079711914,0.3953556716442108,-0.10872822254896164,-0.05088512971997261,-0.2021583914756775,0.36351656913757324,0.06056242063641548,0.26038312911987305,0.2638547718524933,-1.1695804595947266,0.3922843337059021,-0.15390297770500183,-0.17915067076683044,-0.3368515968322754,-0.2621770203113556,1.0428433418273926,0.5406326651573181,-0.15777923166751862,0.11010894924402237,0.4000000059604645,0.05000000074505806,-0.3100000023841858,0.49000000953674316,-0.20999999344348907,0.0,-0.5380656719207764,-0.07761313021183014,0.3707488775253296,0.6832919120788574,-0.29836201667785645,0.0,2.2042858600616455,0.2015579491853714,-1.897544264793396,-1.25777006149292,1.0487033128738403,-10.116071701049805,-0.4707711338996887,0.32132887840270996,0.6861366629600525,-1.718372106552124,9.382783889770508,-10.518808364868164,0.012333080172538757,0.013153262436389923,1.0525758266448975,0.6372767090797424,-0.822067379951477,-0.595734715461731,0.0,0.0,0.5,0.0,0.0,0.7749621272087097,0.0,0.9554771184921265,0.9926912188529968,0.0,0.0,0.0,0.0,665.6596069335938,0.0
1.67,2.3777780532836914,0.6946571252414081,-0.7193410028292164,1.0,0.0,1.0,0.0,0.5215389728546143,-0.05952410027384758,0.6209456920623779,0.010185000486671925,0.023735404014587402,-0.17284107208251953,0.4015905559062958,-0.11829680949449539,-0.11132926493883133,-0.12609411776065826,0.3532197177410126,-0.04359256848692894,0.2785879671573639,0.27065983414649963,-1.177032709121704,0.401154100894928,-0.15507274866104126,-0.26119616627693176,-0.34012356400489807,-0.258937269449234,1.042245864868164,0.5242698788642883,-0.1783808320760727,-0.02095017582178116,0.4000000059604645,0.05000000074505806,-0.3100000023841858,0.49000000953674316,-0.20999999344348907,0.0,-0.520637035369873,-0.07412740588188171,0.36308029294013977,0.6588918566703796,-0.287207692861557,0.0,1.2356631755828857,0.7675551176071167,-0.5687947273254395,1.911944031715393,4.251185894012451,-7.501583576202393,-0.23386786878108978,0.2877222001552582,0.0007148198783397675,-1.885135293006897,-3.29852557182312,-10.212992668151855,0.012150540947914124,0.011470943689346313,0.1725703626871109,0.7922548651695251,-0.05818690359592438,-0.1854420006275177,191.19415283203125,0.0,0.5,0.0,0.0,0.7415472269058228,0.0,0.9537467360496521,0.9962065815925598,0.0,0.0,0.0,0.0,457.18572998046875,0.0
1.68,2.3888893127441406,0.6427855695845064,-0.7660461549632124,1.0,0.0,1.0,1.0,0.5245375633239746,-0.06146512180566788,0.6198004484176636,0.012944486923515797,0.023056237027049065,-0.17284297943115234,0.4010891020298004,-0.14082477986812592,-0.10478376597166061,-0.08114390820264816,0.26035276055336,0.03637845069169998,0.28292447328567505,0.2810908555984497,-1.1792329549789429,0.42744776606559753,-0.16571259498596191,-0.26213908195495605,-0.34467872977256775,-0.2500150501728058,1.0198291540145874,0.5009570121765137,-0.234859436750412,0.07738938182592392,0.4000000059604645,0.05000000074505806,-0.3100000023841858,0.49000000953674316,-0.20999999344348907,0.0,-0.5032933354377747,-0.07065866142511368,0.35544905066490173,0.634610652923584,-0.2761077284812927,0.0,0.2056797742843628,0.8403177857398987,-0.21534760296344757,2.285525321960449,-1.2343648672103882,1.2308604717254639,-0.29987961053848267,0.5885637402534485,-2.894496440887451,-2.13608455657959,5.345479488372803,2.8049237728118896,0.011966507881879807,0.009059589356184006,-0.005328841973096132,0.30663853883743286,-0.007871651090681553,0.20214371383190155,319.2413330078125,222.64178466796875,0.5,0.0,0.0,0.6972911357879639,0.0,0.9424900412559509,0.9973567128181458,0.0,0.0,0.0,0.0,158.9453582763672,0.0
1.69,2.4000000953674316,0.5877847675202869,-0.8090173465823353,1.0,0.0,1.0,1.0,0.528138279914856,-0.0638514831662178,0.618974506855011,0.012565997429192066,0.022135252133011818,-0.1725325584411621,0.37770968675613403,-0.15795163810253143,-0.04134843498468399,-0.11634044349193573,-0.2848907709121704,0.03896373137831688,0.2837941348552704,0.2895379960536957,-1.1785327196121216,0.4536780118942261,-0.1725284457206726,-0.28075480461120605,-0.34085971117019653,-0.24631987512111664,1.0044833421707153,0.4902936816215515,-0.17329829931259155,0.1535281091928482,0.4000000059604645,0.05000000074505806,-0.3100000023841858,0.49000000953674316,-0.20999999344348907,0.0,-0.48637256026268005,-0.06727451086044312,0.34800392389297485,0.6109215617179871,-0.2652784287929535,0.0,-0.2085151970386505,0.7898967862129211,0.23376260697841644,2.773963451385498,-0.6691693663597107,-2.7015857696533203,1.0309643745422363,0.30257514119148254,-1.1995807886123657,-0.8736972808837891,5.414705276489258,5.893247127532959,0.012146338820457458,0.007654648274183273,0.03919565677642822,0.06384425610303879,0.003699737833812833,-0.04557597637176514,378.418701171875,224.12408447265625,0.5,0.0,0.0,0.6646451950073242,0.0,0.9232943058013916,0.9969682693481445,0.0,0.0,0.0,0.0,415.57489013671875,0.0
1.7,2.411111354827881,0.5299179656015863,-0.8480489076301414,1.0,0.0,1.0,1.0,0.5320744514465332,-0.06667375564575195,0.6188337206840515,0.010402222163975239,0.02050214633345604,-0.17406892776489258,0.38489997386932373,-0.1712382286787033,0.03569501265883446,-0.15903551876544952,-0.1741718202829361,-0.3001260757446289,0.2827133238315582,0.28719398379325867,-1.1599180698394775,0.46687817573547363,-0.16803184151649475,-0.30489155650138855,-0.3284973204135895,-0.24842260777950287,0.9945527911186218,0.4876647889614105,-0.16290943324565887,0.1551220566034317,0.4000000059604645,0.05000000074505806,-0.3100000023841858,0.49000000953674316,-0.20999999344348907,0.0,-0.4702031910419464,-0.0640406385064125,0.3408893942832947,0.588284432888031,-0.2549300193786621,0.0,-0.39951807260513306,-0.41828906536102295,1.308332085609436,1.5725047588348389,-5.6601176261901855,0.01890885829925537,1.510787844657898,-0.32987529039382935,-0.9027969837188721,-0.04234020784497261,-2.627742052078247,-2.9788029193878174,0.01215672492980957,0.007384166121482849,0.012188541702926159,-0.034699875861406326,0.0822434350848198,0.004890454467386007,282.47674560546875,309.7125549316406,0.5,0.0,0.0,0.6743546724319458,0.0,0.9183827042579651,0.8351438045501709,0.0,0.0,0.0,0.0,208.8551483154297,0.0
1.71,2.42222261428833,0.4694693877101679,-0.8829487493637668,1.0,0.0,0.0,1.0,0.5353497266769409,-0.0698942095041275,0.6191539764404297,0.010670112445950508,0.016734221950173378,-0.17596149444580078,0.3830033838748932,-0.1541888415813446,0.035192735493183136,-0.5647251605987549,0.16054411232471466,-0.04882282763719559,0.2819403111934662,0.27830174565315247,-1.1502151489257812,0.46084126830101013,-0.1676100790500641,-0.12728476524353027,-0.3234090507030487,-0.2595164477825165,0.9881759881973267,0.4982125163078308,-0.18379227817058563,0.1607518196105957,0.4000000059604645,0.05000000074505806,-0.3100000023841858,0.49000000953674316,-0.20999999344348907,0.0,-0.4551003873348236,-0.061020076274871826,0.33424416184425354,0.567140519618988,-0.2452642321586609,0.0,0.5140342116355896,-0.9401931166648865,0.03604261577129364,-1.021862268447876,0.7445225715637207,10.569473266601562,0.04741232842206955,-1.4297786951065063,-0.7106007933616638,1.2551112174987793,-1.1108273267745972,2.669343948364258,0.011479496955871582,0.008722737431526184,0.7034129500389099,-0.006818847730755806,-0.3619202673435211,-0.036602169275283813,0.0,366.4942321777344,0.5,0.0,0.0,0.7324544787406921,0.0,0.9278132319450378,0.9952439665794373,0.0,0.0,0.0,0.0,806.0400390625,0.0
1.72,2.433333396911621,0.4067362781379609,-0.9135456201233079,1.0,0.0,0.0,1.0,0.5382240414619446,-0.07381276786327362,0.6195113062858582,0.01176154799759388,0.009519859217107296,-0.17630243301391602,0.37720316648483276,-0.14274482429027557,0.04064102843403816,-0.8679781556129456,0.07884520292282104,0.020041080191731453,0.28805476427078247,0.25988632440567017,-1.1300910711288452,0.4303176999092102,-0.10083911567926407,0.009267382323741913,-0.3213675320148468,-0.2750857174396515,0.9803168177604675,0.5094807744026184,-0.19948279857635498,0.19382798671722412,0.4000000059604645,0.05000000074505806,-0.3100000023841858,0.49000000953674316,-0.20999999344348907,0.0,-0.4413584768772125,-0.05827169492840767,0.328197717666626,0.5479018688201904,-0.23646941781044006,0.0,0.8318455815315247,-2.02797794342041,2.0570271015167236,-3.1166627407073975,5.616591453552246,10.255532264709473,0.4394043982028961,-1.910950779914856,-0.9158526062965393,1.6552767753601074,-5.649166584014893,0.4590610861778259,0.009469032287597656,0.01071726530790329,0.8275709748268127,-0.03668171912431717,-0.6483359336853027,-0.04329794645309448,0.0,383.8378601074219,0.5,0.0,0.0,0.8673331141471863,0.0,0.9315454363822937,0.9991970062255859,0.0,0.0,0.0,0.0,526.7227783203125,0.0
1.73,2.4444446563720703,0.34201889204895325,-0.9396930762124442,1.0,0.0,1.0,1.0,0.5414512157440186,-0.07821349799633026,0.6200360655784607,0.010748311877250671,-6.771087646484375e-05,-0.17381715774536133,0.36187511682510376,-0.11618290841579437,0.07033414393663406,-1.004752516746521,-0.25297194719314575,0.4287470877170563,0.29475662112236023,0.23707878589630127,-1.111257553100586,0.3992648124694824,-0.16345752775669098,-0.10508294403553009,-0.3166755735874176,-0.29009103775024414,0.9648306965827942,0.5178483128547668,-0.2076014280319214,0.23907151818275452,0.4000000059604645,0.05000000074505806,-0.3100000023841858,0.49000000953674316,-0.20999999344348907,0.0,-0.42924419045448303,-0.05584883689880371,0.3228674530982971,0.5309418439865112,-0.22871626913547516,0.0,0.2301989495754242,-2.055211067199707,2.2374303340911865,-3.0382776260375977,6.773353099822998,-0.909231424331665,0.4841299057006836,-1.579326868057251,-2.261234998703003,1.2649857997894287,-0.6646814346313477,2.7016446590423584,0.007550973445177078,0.013042256236076355,0.5427707433700562,0.024446705356240273,-0.7948989868164062,-0.09562155604362488,267.55059814453125,648.1801147460938,0.5,0.0,0.0,0.7932654619216919,0.0,0.9369232654571533,0.6923607587814331,0.0,0.0,0.0,0.0,276.0920104980469,0.0
1.74,2.4555559158325195,0.27563517982075963,-0.9612623198925347,1.0,0.0,1.0,0.0,0.5446795225143433,-0.08178454637527466,0.620414137840271,0.010434706695377827,-0.006885528564453125,-0.17212724685668945,0.372380793094635,-0.12799590826034546,0.015303557738661766,-0.41502392292022705,0.11440259218215942,-0.0470404289662838,0.2966654300689697,0.23262682557106018,-1.1161301136016846,0.4081372022628784,-0.14525330066680908,-0.15507198870182037,-0.31524568796157837,-0.3009141683578491,0.9817711710929871,0.5162972807884216,-0.11919386684894562,0.06580158323049545,0.4000000059604645,0.05000000074505806,-0.3100000023841858,0.49000000953674316,-0.20999999344348907,0.0,-0.41899368166923523,-0.05379873886704445,0.3183572292327881,0.5165911912918091,-0.22215595841407776,0.0,0.025983305647969246,-0.22041089832782745,-0.20490120351314545,1.3412655591964722,-0.8525738716125488,-0.9652677774429321,-0.6030316948890686,-0.49900588393211365,3.627228021621704,-0.3608870804309845,8.08332633972168,-10.541629791259766,0.007365841418504715,0.014403171837329865,0.004096429329365492,0.9249345064163208,-0.03475804254412651,-1.078843355178833,182.6638641357422,0.0,0.5,0.0,0.0,0.7580137252807617,0.0,0.9367496371269226,0.9955841302871704,0.0,0.0,0.0,0.0,694.0250244140625,0.0
1.75,2.4666666984558105,0.2079114954454077,-0.9781476422614607,1.0,0.0,1.0,0.0,0.5476815700531006,-0.08423277735710144,0.620620846748352,0.011851603165268898,-0.009142875671386719,-0.17217636108398438,0.3735966086387634,-0.13966549932956696,0.01932145468890667,-0.0689588263630867,0.2150181233882904,-0.028557932004332542,0.2960795760154724,0.23074962198734283,-1.1169931888580322,0.41763514280319214,-0.1501477211713791,-0.16333141922950745,-0.3203902542591095,-0.2907235026359558,0.9888960719108582,0.49240896105766296,-0.15195795893669128,-0.0758635625243187,0.4000000059604645,0.05000000074505806,-0.3100000023841858,0.49000000953674316,-0.20999999344348907,0.0,-0.4108067452907562,-0.05216134712100029,0.3147549629211426,0.5051293969154358,-0.2169162929058075,0.0,-0.011199196800589561,-0.029969843104481697,-0.04476448521018028,0.8136545419692993,-0.5368970632553101,-0.9011675715446472,-0.7310354113578796,1.4865070581436157,0.49095141887664795,-2.894850254058838,-5.006946563720703,-10.289078712463379,0.007443033158779144,0.013621505349874496,0.017948608845472336,1.2025612592697144,0.0031221245881170034,-0.6816415190696716,300.6833801269531,0.0,0.5,0.0,0.0,0.7345290780067444,0.0,0.9314911961555481,0.9983702301979065,0.0,0.0,0.0,0.0,366.80023193359375,0.0
1.76,2.4777779579162598,0.13917198013153648,-0.9902682262631003,1.0,0.0,1.0,0.0,0.5503851771354675,-0.08609277009963989,0.6205518245697021,0.01443345844745636,-0.008814334869384766,-0.17194509506225586,0.36125126481056213,-0.15696334838867188,-0.021118223667144775,0.08889306336641312,0.24460607767105103,0.041570864617824554,0.3026267886161804,0.24037359654903412,-1.121460199356079,0.44271060824394226,-0.1681424379348755,-0.1858414113521576,-0.3310393691062927,-0.27596086263656616,0.9971300959587097,0.464946448802948,-0.24103333055973053,0.02577943168580532,0.4000000059604645,0.05000000074505806,-0.3100000023841858,0.49000000953674316,-0.20999999344348907,0.0,-0.40484219789505005,-0.050968438386917114,0.31213057041168213,0.49677908420562744,-0.21309898793697357,0.0,0.784924328327179,1.2055281400680542,-0.5555538535118103,2.8669772148132324,-1.7458304166793823,-3.051915168762207,-1.063328742980957,1.3461198806762695,0.3798438310623169,-2.8547019958496094,-7.947750091552734,9.76313304901123,0.008569616824388504,0.012271247804164886,0.041510023176670074,1.092233657836914,0.0200224407017231,-0.07249483466148376,254.72293090820312,0.0,0.5,0.0,0.0,0.7666124701499939,0.0,0.9159647822380066,0.996549665927887,0.0,0.0,0.0,0.0,315.2803649902344,0.0
1.77,2.488889217376709,0.06975441482180983,-0.9975641942315626,1.0,1.0,1.0,1.0,0.5538536906242371,-0.08802404254674911,0.6205213069915771,0.013608844019472599,-0.0073795318603515625,-0.1735377311706543,0.3495849072933197,-0.17341594398021698,0.026729082688689232,0.17349806427955627,-0.3028016984462738,-0.26236629486083984,0.299939900636673,0.24648138880729675,-1.1153206825256348,0.4620130956172943,-0.19436199963092804,-0.18659274280071259,-0.3337653875350952,-0.2712255120277405,0.9936560392379761,0.46195483207702637,-0.22287742793560028,0.12530019879341125,0.4000000059604645,0.05000000074505806,-0.3100000023841858,0.49000000953674316,-0.20999999344348907,0.0,-0.4000000059604645,-0.05000000074505806,0.3100000023841858,0.49000000953674316,-0.20999999344348907,0.0,-0.6995174884796143,0.4419752359390259,1.133725643157959,1.7886470556259155,-3.032447099685669,0.07928302884101868,0.37244364619255066,0.26133838295936584,-0.17974881827831268,0.1258385181427002,2.524311065673828,7.920102119445801,0.009461969137191772,0.011941798031330109,-0.01723681576550007,0.15007328987121582,0.008665414527058601,-0.10571268200874329,267.7629699707031,252.5685577392578,0.5,0.0,0.0,0.8579197525978088,0.0,0.8999684453010559,0.8713843822479248,0.0,0.0,0.0,0.0,311.71209716796875,0.0
1.78,2.500000238418579,-1.4980281133869106e-06,-0.999999999998878,1.0,1.0,1.0,1.0,0.5580161809921265,-0.09013286232948303,0.620936393737793,0.009752737358212471,-0.005872249603271484,-0.17769956588745117,0.3485680818557739,-0.17544586956501007,0.06224243342876434,0.13857418298721313,-0.4204861521720886,-0.5302937626838684,0.29287487268447876,0.24215461313724518,-1.0874087810516357,0.466361939907074,-0.18170034885406494,-0.22405993938446045,-0.3247886598110199,-0.2674093544483185,0.9940593838691711,0.45760712027549744,-0.18744586408138275,0.19477754831314087,0.4000000059604645,0.05000000074505806,-0.3100000023841858,0.49000000953674316,-0.20999999344348907,0.0,-0.4000000059604645,-0.05000000074505806,0.3100000023841858,0.49000000953674316,-0.20999999344348907,0.0,-0.6635968685150146,-0.661061704158783,3.1004035472869873,0.2528844475746155,1.386441946029663,-4.2232866287231445,1.174900770187378,0.26437339186668396,-0.06802767515182495,-0.43771252036094666,2.9868314266204834,4.409142017364502,0.00993414968252182,0.011830523610115051,-0.05276972055435181,0.10062729567289352,-0.0085618169978261,-0.06799127906560898,173.54507446289062,278.05755615234375,0.5,0.0,0.0,0.8954942226409912,0.0,0.8981431722640991,0.5698267221450806,0.0,0.0,0.0,0.0,245.07882690429688,0.0
1.79,2.5111114978790283,-0.06975889795872785,-0.9975638807392656,1.0,1.0,0.0,1.0,0.5616737008094788,-0.09279929101467133,0.6214454770088196,0.00746386032551527,-0.007114410400390625,-0.18127059936523438,0.34878551959991455,-0.15829555690288544,0.04499980807304382,-0.3387415409088135,-0.10409331321716309,-0.19527506828308105,0.29027828574180603,0.23394639790058136,-1.0747613906860352,0.45853838324546814,-0.11780573427677155,-0.059294961392879486,-0.3213452100753784,-0.2765679955482483,0.9939719438552856,0.4731082022190094,-0.19615083932876587,0.23287342488765717,0.4000000059604645,0.05000000074505806,-0.3100000023841858,0.49000000953674316,-0.20999999344348907,0.0,-0.4000000059604645,-0.05000000074505806,0.3100000023841858,0.49000000953674316,-0.20999999344348907,0.0,0.4186475872993469,-0.9701454043388367,-0.06120436638593674,-0.9343221783638,5.670045852661133,10.475448608398438,0.09028491377830505,-1.2480182647705078,-0.0008278654422610998,1.6847331523895264,-0.9604439735412598,4.70407772064209,0.009774543344974518,0.013280004262924194,0.8406469225883484,0.04859984666109085,-0.03466299921274185,-0.10786087065935135,0.0,319.46649169921875,0.5,0.0,0.0,0.9027495980262756,0.0,0.9086034297943115,0.9265709519386292,0.0,0.0,0.0,0.0,706.904296875,0.0
1.8,2.5222225189208984,-0.13917494703019556,-0.9902678092915784,0.0,1.0,0.0,1.0,0.5647035241127014,-0.09596867114305496,0.6219372749328613,0.007011879701167345,-0.011479377746582031,-0.18237733840942383,0.3400747776031494,-0.13245293498039246,0.04799046367406845,-0.5140983462333679,0.004198698792606592,-0.02197534590959549,0.29900866746902466,0.22157146036624908,-1.0676387548446655,0.44047051668167114,-0.10154072195291519,0.06645368039608002,-0.3240513801574707,-0.28991636633872986,0.9888576865196228,0.49118688702583313,-0.20449572801589966,0.2959591746330261,0.3652060627937317,0.04304121062159538,-0.29469066858291626,0.44128847122192383,-0.18773186206817627,0.0,-0.4000000059604645,-0.05000000074505806,0.3100000023841858,0.49000000953674316,-0.20999999344348907,0.0,1.3040072917938232,-1.2158488035202026,0.5375950932502747,-2.010270118713379,0.2622533440589905,10.174222946166992,-0.44289344549179077,-1.3884572982788086,-0.626526951789856,1.8336013555526733,-0.9724711179733276,6.59273099899292,0.009034071117639542,0.015404917299747467,1.1928294897079468,0.06984993070363998,-0.4873494803905487,-0.1023150235414505,0.0,383.1520690917969,0.5,0.0,0.0,0.735550045967102,0.0,0.917374312877655,0.9990346431732178,0.0,0.0,0.0,0.0,591.568603515625,0.0
1.81,2.5333335399627686,-0.20791296073784096,-0.9781473308030979,0.0,1.0,1.0,1.0,0.568089485168457,-0.09913770854473114,0.6223710775375366,0.005173522979021072,-0.016291141510009766,-0.18083763122558594,0.342437207698822,-0.1190943717956543,0.03954450041055679,-0.45442062616348267,-0.30272969603538513,0.27551451325416565,0.30504974722862244,0.20749539136886597,-1.0711864233016968,0.4143165946006775,-0.18981577455997467,-0.0519731342792511,-0.3200836777687073,-0.2991023063659668,0.9775470495223999,0.5017776489257812,-0.21732912957668304,0.33574286103248596,0.3480217456817627,0.039604347199201584,-0.28712958097457886,0.41723042726516724,-0.17673391103744507,0.0,-0.4000000059604645,-0.05000000074505806,0.3100000023841858,0.49000000953674316,-0.20999999344348907,0.0,0.1469046175479889,-1.2125287055969238,-0.07476262748241425,-2.7843666076660156,-0.09582948684692383,-9.973220825195312,0.9072925448417664,-0.9082818627357483,-1.2908225059509277,1.0938829183578491,-2.623985767364502,1.0100364685058594,0.008047055453062057,0.017005745321512222,0.7563869953155518,-0.006317076738923788,-0.8453635573387146,-0.04185454174876213,153.11000061035156,282.9911193847656,0.5,0.0,0.0,0.669779896736145,0.0,0.9249468445777893,0.8591459393501282,0.0,0.0,0.0,0.0,214.95632934570312,0.0
1.82,2.5444447994232178,-0.27563949981191366,-0.9612610811550826,0.0,1.0,1.0,0.0,0.571559488773346,-0.10117839276790619,0.6225003004074097,0.0038944645784795284,-0.0172576904296875,-0.1806478500366211,0.34405162930488586,-0.1187332272529602,-0.0041779763996601105,0.2035517692565918,-0.005665699485689402,-0.2083914875984192,0.30934464931488037,0.21140679717063904,-1.0727678537368774,0.4272163510322571,-0.18493711948394775,-0.1509886085987091,-0.3172054588794708,-0.29915887117385864,0.9831951856613159,0.49385133385658264,-0.11649143695831299,0.17063868045806885,0.33108997344970703,0.03621799126267433,-0.2796795964241028,0.39352595806121826,-0.16589757800102234,0.0,-0.4000000059604645,-0.05000000074505806,0.3100000023841858,0.49000000953674316,-0.20999999344348907,0.0,0.32980382442474365,0.6509857773780823,-0.05088390037417412,1.7485568523406982,-0.1545567512512207,-6.547284126281738,-0.5866521000862122,0.567686915397644,1.9038350582122803,-0.9812114238739014,10.054853439331055,-10.484611511230469,0.008765853941440582,0.01692107692360878,0.09013769775629044,0.8114913105964661,0.02740030363202095,-0.7699583768844604,223.34506225585938,0.0,0.5,0.0,0.0,0.6723508834838867,0.0,0.9260427355766296,0.916810929775238,0.0,0.0,0.0,0.0,799.6436767578125,0.0
1.83,2.555555820465088,-0.3420217074207105,-0.9396920515003955,0.0,1.0,1.0,0.0,0.5750628113746643,-0.10212048888206482,0.6224986910820007,0.0033265575766563416,-0.013780593872070312,-0.1812281608581543,0.34840649366378784,-0.1254313439130783,0.0011393248569220304,0.46635910868644714,-0.03123825043439865,0.009203397668898106,0.31001144647598267,0.21956413984298706,-1.0746272802352905,0.44158247113227844,-0.17371678352355957,-0.21415480971336365,-0.3176942467689514,-0.28148773312568665,0.9751718044281006,0.46703922748565674,-0.18355624377727509,0.019024817273020744,0.31449437141418457,0.03289887309074402,-0.27237752079963684,0.37029212713241577,-0.15527638792991638,0.0,-0.4000000059604645,-0.05000000074505806,0.3100000023841858,0.49000000953674316,-0.20999999344348907,0.0,0.04002663120627403,0.9917793273925781,0.43920400738716125,1.528832197189331,0.20566949248313904,-4.538686752319336,0.031742408871650696,2.063990592956543,-0.8774658441543579,-3.2397422790527344,-8.497336387634277,-10.364086151123047,0.00990188866853714,0.015032298862934113,0.046234603971242905,1.1181501150131226,0.015170397236943245,-0.20772704482078552,312.31585693359375,0.0,0.5,0.0,0.0,0.7646588087081909,0.0,0.925494372844696,0.9998306632041931,0.0,0.0,0.0,0.0,571.1430053710938,0.0
1.84,2.566666841506958,-0.4067376466545258,-0.9135450108199037,0.0,1.0,1.0,1.0,0.5782705545425415,-0.10272044688463211,0.622273325920105,0.004061528947204351,-0.008540153503417969,-0.18085622787475586,0.34470874071121216,-0.1485520452260971,-0.02532271482050419,0.5234957933425903,0.11733458936214447,0.0885925367474556,0.3129945993423462,0.23538929224014282,-1.0723991394042969,0.4674052596092224,-0.20205838978290558,-0.2331191748380661,-0.3234305679798126,-0.26639068126678467,0.9778469800949097,0.4458317160606384,-0.22800643742084503,0.11756769567728043,0.2983153462409973,0.029663071036338806,-0.2652587592601776,0.3476415276527405,-0.14492182433605194,0.0,-0.4000000059604645,-0.05000000074505806,0.3100000023841858,0.49000000953674316,-0.20999999344348907,0.0,0.3915224075317383,1.5921729803085327,0.2014397382736206,2.641296863555908,-3.1212666034698486,-1.7409321069717407,-0.7289759516716003,0.9876843094825745,-0.009253676049411297,-1.0745972394943237,5.284760475158691,8.734150886535645,0.011615388095378876,0.013232756406068802,0.004443919751793146,0.44494134187698364,0.02732243575155735,-0.012368004769086838,255.01712036132812,88.02407836914062,0.5,0.0,0.0,0.8680954575538635,0.0,0.911771297454834,0.9844252467155457,0.0,0.0,0.0,0.0,341.26837158203125,0.0
1.85,2.5777781009674072,-0.4694733557515736,-0.8829466395198275,0.0,1.0,1.0,1.0,0.5821627378463745,-0.10356700420379639,0.6224054098129272,0.0015660322969779372,-0.0028657913208007812,-0.1812605857849121,0.32686832547187805,-0.16710883378982544,0.057014159858226776,0.5772198438644409,-0.5252429246902466,-0.1306995302438736,0.3100595474243164,0.2453712671995163,-1.0642169713974,0.48387280106544495,-0.20997054874897003,-0.27886009216308594,-0.32444384694099426,-0.25505444407463074,0.9697337746620178,0.44261255860328674,-0.18019574880599976,0.20042316615581512,0.2826317250728607,0.026526344940066338,-0.258357971906662,0.32568442821502686,-0.1348842978477478,0.0,-0.4000000059604645,-0.05000000074505806,0.3100000023841858,0.49000000953674316,-0.20999999344348907,0.0,-0.7638354301452637,0.7993398308753967,1.125107765197754,1.4946492910385132,-0.7213484644889832,-5.294666767120361,0.645563542842865,0.9688357710838318,-0.6836994886398315,-0.1028086468577385,5.017691135406494,7.113357067108154,0.013266075402498245,0.012400239706039429,0.059709396213293076,0.13189639151096344,0.024224990978837013,-0.05703983083367348,356.580078125,289.49591064453125,0.5,0.0,0.0,0.9681316018104553,0.0,0.8906534314155579,0.9664123058319092,0.0,0.0,0.0,0.0,507.88580322265625,0.0
1.86,2.5888891220092773,-0.5299205064014166,-0.8480473199623155,0.0,1.0,0.0,1.0,0.5863296985626221,-0.10486561805009842,0.6228675246238708,-0.0020503997802734375,0.0016810564557090402,-0.18178033828735352,0.3462095558643341,-0.16386492550373077,0.03208514302968979,0.37424927949905396,-0.17269092798233032,0.022346913814544678,0.30706489086151123,0.24406784772872925,-1.0337563753128052,0.4769541025161743,-0.19516386091709137,-0.14508554339408875,-0.3123997449874878,-0.2521734833717346,0.9632643461227417,0.4491633474826813,-0.19602125883102417,0.1756362020969391,0.26751989126205444,0.023503979668021202,-0.2517087459564209,0.3045278787612915,-0.12521272897720337,0.0,-0.4000000059604645,-0.05000000074505806,0.3100000023841858,0.49000000953674316,-0.20999999344348907,0.0,0.43720054626464844,-0.3141130805015564,2.6850039958953857,-1.0418438911437988,0.7465613484382629,10.238720893859863,1.2136032581329346,0.18636931478977203,-0.5739212036132812,0.4285901188850403,-2.273035764694214,-4.21876335144043,0.013831228017807007,0.012235455214977264,0.7352495193481445,-0.04636949673295021,-0.14018948376178741,0.028827693313360214,0.0,213.8001708984375,0.5,0.0,0.0,0.9435523748397827,0.0,0.903927206993103,0.9990017414093018,0.0,0.0,0.0,0.0,335.0458984375,0.0
1.87,2.6000001430511475,-0.5877859794503562,-0.8090164660633216,0.0,1.0,0.0,1.0,0.5891898274421692,-0.10653582960367203,0.6229816675186157,-0.0007367134094238281,0.0034862752072513103,-0.18173456192016602,0.34423038363456726,-0.15407738089561462,-0.004584335256367922,0.004484552424401045,0.31388676166534424,0.03415043279528618,0.3119066059589386,0.23801861703395844,-1.0345243215560913,0.4511641263961792,-0.11691789329051971,0.03623655438423157,-0.3163961172103882,-0.2609224021434784,0.9640481472015381,0.47116783261299133,-0.2167692929506302,0.1830354928970337,0.2530534863471985,0.02061069943010807,-0.24534353613853455,0.2842749059200287,-0.11595423519611359,0.0,-0.4000000059604645,-0.05000000074505806,0.3100000023841858,0.49000000953674316,-0.20999999344348907,0.0,0.8684792518615723,-0.8052701950073242,-1.3845841884613037,-2.6738569736480713,6.866415500640869,10.595766067504883,-0.9086610674858093,-1.2555108070373535,0.1426796168088913,2.5108754634857178,-2.17720890045166,1.8174874782562256,0.013174943625926971,0.013211112469434738,1.1361602544784546,0.006009205710142851,-0.10703852772712708,-0.036376386880874634,0.0,278.78900146484375,0.5,0.0,0.0,0.9542638659477234,0.0,0.9084567427635193,0.9976701736450195,0.0,0.0,0.0,0.0,834.070068359375,0.0
1.8800000000000001,2.6111114025115967,-0.6427890122540417,-0.7660432662229161,0.0,1.0,1.0,1.0,0.5913576483726501,-0.10868140310049057,0.6229721307754517,0.0026572502683848143,0.002196334069594741,-0.1818857192993164,0.33666014671325684,-0.12443572282791138,0.006156546529382467,-0.2083176225423813,0.3638974130153656,-0.024038901552557945,0.32702556252479553,0.22696954011917114,-1.0277198553085327,0.43109095096588135,-0.16609549522399902,0.1274486780166626,-0.32635632157325745,-0.2732338011264801,0.965224027633667,0.4923180043697357,-0.22531384229660034,0.2233181595802307,0.2393026351928711,0.017860524356365204,-0.2392931580543518,0.26502370834350586,-0.10715367645025253,0.0,-0.4000000059604645,-0.05000000074505806,0.3100000023841858,0.49000000953674316,-0.20999999344348907,0.0,1.926074743270874,-1.0837279558181763,1.1390730142593384,-1.618492603302002,1.310575008392334,3.2958788871765137,-1.0858428478240967,-1.2550431489944458,-0.03320202976465225,2.0904722213745117,-0.9664578437805176,4.5591511726379395,0.012447863817214966,0.014631576836109161,0.9084300398826599,0.03418771177530289,-0.22391554713249207,-0.05995391309261322,104.87796020507812,380.2331848144531,0.5,0.0,0.0,0.89023357629776,0.0,0.9191294312477112,0.9988449811935425,0.0,0.0,0.0,0.0,392.7880859375,0.0
1.8900000000000001,2.622222423553467,-0.6946592804243797,-0.7193389215941837,0.0,1.0,0.0,1.0,0.5945125818252563,-0.11097767949104309,0.623302161693573,0.0017587722977623343,-0.0003643035888671875,-0.1786041259765625,0.3202681541442871,-0.08626251667737961,0.04747999459505081,-0.31121760606765747,-0.4238376319408417,0.6078973412513733,0.3307238817214966,0.21343187987804413,-1.0300673246383667,0.4034498631954193,-0.19813692569732666,-0.008212867192924023,-0.3297910690307617,-0.275950163602829,0.953635573387146,0.4994754195213318,-0.20140670239925385,0.31702572107315063,0.2263350486755371,0.015267007052898407,-0.23358741402626038,0.2468690723180771,-0.0988544225692749,0.0,-0.4000000059604645,-0.05000000074505806,0.3100000023841858,0.49000000953674316,-0.20999999344348907,0.0,-0.5796627402305603,-1.270969033241272,-0.02374241128563881,-2.9578776359558105,-3.5721371173858643,-10.25168514251709,0.20522227883338928,-0.09377541393041611,-1.527106523513794,0.604782223701477,2.8361523151397705,10.346851348876953,0.011650234460830688,0.015705067664384842,0.6587130427360535,0.1400478631258011,-0.7390875220298767,-0.12340685725212097,0.0,418.5807189941406,0.5,0.0,0.0,0.8755574822425842,0.0,0.9235876798629761,0.4775538742542267,0.0,0.0,0.0,0.0,846.5714111328125,0.0
1.9000000000000001,2.633333444595337,-0.743145293252893,-0.66913008684117,0.0,1.0,1.0,0.0,0.5975704193115234,-0.11275462061166763,0.6232873201370239,0.0015634297160431743,-0.0014514923095703125,-0.17550373077392578,0.32863757014274597,-0.0981946811079979,-0.035663995891809464,0.09115495532751083,0.24531961977481842,0.05444725230336189,0.335938036441803,0.21391303837299347,-1.0356897115707397,0.40992194414138794,-0.2183704525232315,-0.12042606621980667,-0.3343955874443054,-0.27985700964927673,0.9738276600837708,0.49687737226486206,-0.09453747421503067,0.12393782287836075,0.2142135202884674,0.012842703610658646,-0.22825394570827484,0.22989892959594727,-0.09109664708375931,0.0,-0.4000000059604645,-0.05000000074505806,0.3100000023841858,0.49000000953674316,-0.20999999344348907,0.0,0.7218623757362366,0.2289324402809143,-0.5780055522918701,1.0458933115005493,-1.7955727577209473,-9.941082954406738,-1.2639338970184326,-0.20948834717273712,3.9473960399627686,-0.45933887362480164,10.072860717773438,-10.720747947692871,0.011958789080381393,0.01601983979344368,0.0783425122499466,1.0373550653457642,-0.022453224286437035,-0.8632000088691711,130.98019409179688,0.0,0.5,0.0,0.0,0.8595651388168335,0.0,0.9249509572982788,0.9940885305404663,0.0,0.0,0.0,0.0,1021.22021484375,0.0
1.9100000000000001,2.644444704055786,-0.7880117578641548,-0.6156601899325996,0.0,1.0,1.0,0.0,0.6002719402313232,-0.11346733570098877,0.62293541431427,0.0035474568139761686,0.0015732456231489778,-0.17478609085083008,0.32641515135765076,-0.11087946593761444,-0.038451097905635834,0.453605055809021,0.23164130747318268,0.062303319573402405,0.339177668094635,0.2199084758758545,-1.0463874340057373,0.417971670627594,-0.20020665228366852,-0.20425823330879211,-0.34183600544929504,-0.2714112401008606,0.9872635006904602,0.4788063168525696,-0.13152745366096497,-0.017170261591672897,0.2029971182346344,0.010599423199892044,-0.22331872582435608,0.21419596672058105,-0.08391815423965454,0.0,-0.4000000059604645,-0.05000000074505806,0.3100000023841858,0.49000000953674316,-0.20999999344348907,0.0,0.5505827069282532,0.7315024137496948,-0.5064373016357422,0.890764594078064,1.1047513484954834,-7.882949352264404,-0.7299433350563049,1.1212078332901,1.3074074983596802,-2.3194124698638916,-5.520236492156982,-10.280926704406738,0.012443546205759048,0.014621764421463013,0.11636105179786682,1.2220476865768433,0.04749338701367378,-0.24876107275485992,298.73028564453125,0.0,0.5,0.0,0.0,0.8850704431533813,0.0,0.918648362159729,0.9922665953636169,0.0,0.0,0.0,0.0,659.1041259765625,0.0
1.92,2.6555559635162354,-0.8290390059273214,-0.5591907784030766,0.0,1.0,1.0,1.0,0.6029627919197083,-0.11377372592687607,0.6224032640457153,0.005309433210641146,0.006682037841528654,-0.1736583709716797,0.3116798996925354,-0.12921658158302307,-0.051585081964731216,0.511811375617981,0.11198863387107849,0.10403358936309814,0.348379909992218,0.2363428920507431,-1.0473644733428955,0.44443339109420776,-0.20957446098327637,-0.2546117901802063,-0.3523966372013092,-0.2567235827445984,0.9814521074295044,0.4522842764854431,-0.22645854949951172,0.07666470110416412,0.19274021685123444,0.008548043668270111,-0.2188057005405426,0.19983631372451782,-0.07735373079776764,0.0,-0.4000000059604645,-0.05000000074505806,0.3100000023841858,0.49000000953674316,-0.20999999344348907,0.0,0.7717247605323792,1.8627511262893677,0.08098948001861572,3.1961467266082764,-2.821455240249634,-2.4343819618225098,-0.9844208359718323,1.089228630065918,-1.6611782312393188,-2.408078193664551,2.220182418823242,2.3124282360076904,0.013948578387498856,0.012505054473876953,0.017793618142604828,0.8898276090621948,0.030204318463802338,0.2745015323162079,316.07830810546875,219.89718627929688,0.5,0.0,0.0,0.9164770841598511,0.0,0.9009344577789307,0.9785866737365723,0.0,0.0,0.0,0.0,334.7444763183594,0.0
1.93,2.6666669845581055,-0.86602640246812,-0.4999982702251334,0.0,1.0,1.0,1.0,0.6067661046981812,-0.11456429958343506,0.6222879886627197,0.0019948009867221117,0.011598479002714157,-0.17395877838134766,0.2963014841079712,-0.1412222981452942,0.034711990505456924,0.45544669032096863,-0.6581328511238098,-0.0735173225402832,0.3450668454170227,0.24770019948482513,-1.0391325950622559,0.46631383895874023,-0.2308262437582016,-0.2774299681186676,-0.3531664311885834,-0.24961364269256592,0.9751487374305725,0.4553503096103668,-0.19429144263267517,0.15480203926563263,0.18349336087703705,0.006698671728372574,-0.21473708748817444,0.18689072132110596,-0.07143574953079224,0.0,-0.4000000059604645,-0.05000000074505806,0.3100000023841858,0.49000000953674316,-0.20999999344348907,0.0,-0.9649882316589355,0.8175817728042603,1.179761290550232,1.9277288913726807,-2.0907745361328125,-2.351707935333252,0.908753514289856,0.7964071035385132,-0.4054962396621704,0.38661015033721924,2.5087356567382812,7.610080242156982,0.015376612544059753,0.011863142251968384,0.031231120228767395,0.06488725543022156,0.028102604672312737,-0.09563553333282471,319.39141845703125,307.5461730957031,0.5,0.0,0.0,0.8743411302566528,0.0,0.8843753933906555,0.9892486333847046,0.0,0.0,0.0,0.0,431.7041320800781,0.0
1.94,2.6777780055999756,-0.8987946738042236,-0.43836986021071184,0.0,1.0,0.0,1.0,0.6109243631362915,-0.11580260097980499,0.6224946975708008,-0.002608776092529297,0.015335263684391975,-0.1754469871520996,0.32005277276039124,-0.14128005504608154,0.003708783769980073,0.3268686532974243,-0.24785985052585602,-0.17274640500545502,0.33826830983161926,0.24566872417926788,-1.008586049079895,0.4618512988090515,-0.2257237583398819,-0.15121202170848846,-0.3382608890533447,-0.24709807336330414,0.9828824996948242,0.4601691961288452,-0.2055777758359909,0.1285354048013687,0.17530126869678497,0.005060251802206039,-0.21113255620002747,0.17542177438735962,-0.06619280576705933,0.0,-0.4000000059604645,-0.05000000074505806,0.3100000023841858,0.49000000953674316,-0.20999999344348907,0.0,-0.03596486896276474,-0.4043304920196533,2.807328939437866,-0.8575143814086914,0.6804815530776978,10.18114185333252,1.3761210441589355,0.2180054783821106,1.014638066291809,0.18499179184436798,-0.9677894115447998,-2.4884896278381348,0.01557093858718872,0.011452220380306244,0.5823264718055725,0.03186732530593872,-0.06190803647041321,-0.12165217846632004,0.0,186.77072143554688,0.5,0.0,0.0,0.8168215155601501,0.0,0.9006108045578003,0.9420634508132935,0.0,0.0,0.0,0.0,235.97625732421875,0.0
1.95,2.688889265060425,-0.9271847399676594,-0.3746044019643973,0.0,1.0,0.0,1.0,0.613935112953186,-0.11751065403223038,0.6223734021186829,-0.003063678741455078,0.01597081683576107,-0.17669105529785156,0.3118438422679901,-0.12612900137901306,-0.020351581275463104,-0.1783474087715149,0.033596109598875046,-0.03811135143041611,0.3381344974040985,0.23937930166721344,-1.0113883018493652,0.44017550349235535,-0.1284322440624237,0.030721180140972137,-0.34098392724990845,-0.2562039792537689,0.9862795472145081,0.4812186062335968,-0.21303285658359528,0.16593524813652039,0.1682037115097046,0.0036407411098480225,-0.20800963044166565,0.1654852032661438,-0.061650365591049194,0.0,-0.4000000059604645,-0.05000000074505806,0.3100000023841858,0.49000000953674316,-0.20999999344348907,0.0,0.32088902592658997,-0.8846712708473206,-1.5974177122116089,-2.227403402328491,9.418586730957031,10.601703643798828,-0.4915930926799774,-1.4207643270492554,0.1060587614774704,2.527683973312378,-1.5537225008010864,2.9898247718811035,0.014768950641155243,0.012344516813755035,1.0191795825958252,0.021672803908586502,0.012530005536973476,-0.07090439647436142,0.0,309.3666076660156,0.5,0.0,0.0,0.8597416877746582,0.0,0.9024675488471985,0.9970992207527161,0.0,0.0,0.0,0.0,873.705322265625,0.0
1.96,2.700000286102295,-0.9510570717929909,-0.3090152847231702,0.0,1.0,1.0,1.0,0.6166353821754456,-0.12000259757041931,0.6223598718643188,-0.003231048583984375,0.012484594248235226,-0.17769193649291992,0.3006914258003235,-0.09196501225233078,0.02027728408575058,-0.4547227919101715,-0.045978955924510956,-0.12003115564584732,0.3453163206577301,0.2245158702135086,-1.01018226146698,0.42320486903190613,-0.2008383870124817,0.07713422179222107,-0.34615346789360046,-0.268718421459198,0.9853628873825073,0.4997325539588928,-0.20755073428153992,0.23447825014591217,0.16223563253879547,0.002447124570608139,-0.20538368821144104,0.15712988376617432,-0.057830795645713806,0.0,-0.4000000059604645,-0.05000000074505806,0.3100000023841858,0.49000000953674316,-0.20999999344348907,0.0,0.8998845815658569,-1.4950618743896484,0.6852948069572449,-1.2232654094696045,-0.716127872467041,-2.177482843399048,-0.4848935306072235,-1.114686131477356,-0.6308987736701965,1.4532815217971802,1.152782917022705,7.683182239532471,0.013866692781448364,0.013931989669799805,0.6911592483520508,0.08108643442392349,-0.180314302444458,-0.08122029900550842,85.1552734375,479.0928955078125,0.5,0.0,0.0,0.8135931491851807,0.0,0.908134400844574,0.9715961813926697,0.0,0.0,0.0,0.0,556.0667724609375,0.0
1.97,2.711111307144165,-0.9702960242533635,-0.24192070047459094,0.0,1.0,1.0,1.0,0.6199826598167419,-0.12266402691602707,0.6226155757904053,-0.006041049957275391,0.007832570001482964,-0.17615652084350586,0.3046838641166687,-0.07659699022769928,0.024562954902648926,-0.4771772027015686,-0.415389746427536,0.33751246333122253,0.34535229206085205,0.20858265459537506,-1.0119577646255493,0.40086838603019714,-0.21470853686332703,-0.04863356426358223,-0.34061840176582336,-0.2720554769039154,0.9695914387702942,0.5017856359481812,-0.19710800051689148,0.2832816243171692,0.15742602944374084,0.0014852061867713928,-0.20326745510101318,0.1503964364528656,-0.0547526478767395,0.0,-0.4000000059604645,-0.05000000074505806,0.3100000023841858,0.49000000953674316,-0.20999999344348907,0.0,-0.4269556701183319,-1.332863450050354,-0.17995180189609528,-2.2066919803619385,1.3833858966827393,-10.100062370300293,0.9673879146575928,-0.19218328595161438,-1.7373673915863037,-0.12677273154258728,1.562361478805542,4.232809066772461,0.012890167534351349,0.014776051044464111,0.5283763408660889,0.08190412819385529,-0.5274863839149475,-0.07575414329767227,55.155967712402344,272.2047119140625,0.5,0.0,0.0,0.8131041526794434,0.0,0.9157325029373169,0.7962601184844971,0.0,0.0,0.0,0.0,295.7693176269531,0.0
1.98,2.7222225666046143,-0.9848081287530219,-0.17364604672140274,0.0,1.0,1.0,0.0,0.6229307055473328,-0.12475907057523727,0.622384786605835,-0.006743907928466797,0.005089585203677416,-0.1760268211364746,0.3098016381263733,-0.0909348651766777,-0.05789938569068909,-0.08355198055505753,0.14369335770606995,-0.24054525792598724,0.35173681378364563,0.20863841474056244,-1.0199159383773804,0.4166909456253052,-0.2344060242176056,-0.15871398150920868,-0.33805689215660095,-0.2785951793193817,0.9949380159378052,0.49482738971710205,-0.09242450445890427,0.10519538819789886,0.1537979692220688,0.0007595941424369812,-0.20167110860347748,0.1453171670436859,-0.052430689334869385,0.0,-0.4000000059604645,-0.05000000074505806,0.3100000023841858,0.49000000953674316,-0.20999999344348907,0.0,0.8175385594367981,0.21904256939888,-0.6249727010726929,1.7622064352035522,-2.536876916885376,-10.061030387878418,-0.5878276824951172,-0.49853095412254333,4.430078029632568,-0.8498308062553406,10.050745964050293,-10.579641342163086,0.01312321424484253,0.014883294701576233,0.0608970932662487,0.9987035393714905,-0.02252129651606083,-0.7939074039459229,142.864501953125,0.0,0.5,0.0,0.0,0.8117232322692871,0.0,0.914946973323822,0.8907210230827332,0.0,0.0,0.0,0.0,884.1171264648438,0.0
1.99,2.7333335876464844,-0.9945220623926853,-0.10452687412431225,0.0,1.0,1.0,0.0,0.6257377862930298,-0.12580788135528564,0.6218984127044678,-0.0062770843505859375,0.006561750080436468,-0.17742443084716797,0.3027259409427643,-0.10188990086317062,-0.05744674801826477,0.2827586233615875,0.05229058116674423,-0.08936988562345505,0.3538547158241272,0.21138529479503632,-1.0262709856033325,0.4231506288051605,-0.2028382569551468,-0.2389604151248932,-0.3453088402748108,-0.2663237750530243,0.9903315901756287,0.4738495945930481,-0.16586963832378387,-0.025756560266017914,0.15136948227882385,0.0002738945186138153,-0.20060257613658905,0.14191728830337524,-0.050876468420028687,0.0,-0.4000000059604645,-0.05000000074505806,0.3100000023841858,0.49000000953674316,-0.20999999344348907,0.0,0.4070415794849396,0.19811931252479553,0.24323704838752747,0.5629367232322693,2.5425822734832764,-8.075119018554688,-0.904166579246521,1.7197144031524658,-1.2574084997177124,-2.565659523010254,-9.03280258178711,-10.205248832702637,0.013194352388381958,0.013374976813793182,0.11811334639787674,1.1767133474349976,0.03983929380774498,-0.3117310106754303,277.5272216796875,0.0,0.5,0.0,0.0,0.8483257293701172,0.0,0.9061076045036316,0.9841529726982117,0.0,0.0,0.0,0.0,572.5055541992188,0.0
2.0,2.7444448471069336,-0.9993909153117299,-0.034896968240565304,0.0,1.0,1.0,1.0,0.6283804178237915,-0.1266418695449829,0.6211153268814087,-0.005398273468017578,0.009273277595639229,-0.17732906341552734,0.29633182287216187,-0.11595731973648071,-0.08303265273571014,0.21709980070590973,0.0645519569516182,0.10043612867593765,0.3624022603034973,0.22691917419433594,-1.027993083000183,0.455261766910553,-0.2257610708475113,-0.26167306303977966,-0.35423240065574646,-0.2562185227870941,0.990071713924408,0.45635053515434265,-0.22072698175907135,0.08367173373699188,0.1501522660255432,3.0450522899627686e-05,-0.20006699860095978,0.14021319150924683,-0.050097450613975525,0.0,-0.4000000059604645,-0.05000000074505806,0.3100000023841858,0.49000000953674316,-0.20999999344348907,0.0,0.793187141418457,1.6820220947265625,-0.0946660041809082,3.686096429824829,-4.17539119720459,0.03234384208917618,-0.5414897799491882,0.39447203278541565,-0.3892074525356293,-0.7972725629806519,-0.5252771377563477,10.00837230682373,0.014323726296424866,0.011774145066738129,-0.01871907152235508,0.44574353098869324,0.023558298125863075,0.18177933990955353,263.1292419433594,91.26395416259766,0.5,0.0,0.0,0.871554970741272,0.0,0.8959652781486511,0.9800273180007935,0.0,0.0,0.0,0.0,336.50091552734375,0.0
2.0100000000000002,2.7555558681488037,-0.9993907584717194,0.034901459587270256,0.0,1.0,1.0,1.0,0.6318686604499817,-0.12807844579219818,0.6207747459411621,-0.008324146270751953,0.011034070514142513,-0.17743778228759766,0.28886836767196655,-0.12660770118236542,-0.0026769903488457203,0.15914678573608398,-0.5210967063903809,-0.06297636032104492,0.3563609719276428,0.2300156056880951,-1.0190528631210327,0.4663968086242676,-0.23052653670310974,-0.2684720754623413,-0.35109376907348633,-0.2533164620399475,0.9842987060546875,0.45812246203422546,-0.18448013067245483,0.14852739870548248,0.15030455589294434,6.0908496379852295e-05,-0.2001340091228485,0.1404263973236084,-0.05019490420818329,0.0,-0.4000000059604645,-0.05000000074505806,0.3100000023841858,0.49000000953674316,-0.20999999344348907,0.0,-1.2878600358963013,-0.03829139843583107,0.8597731590270996,0.5707306265830994,-0.23514747619628906,-0.28896185755729675,0.92485511302948,0.3879498243331909,-0.5050227642059326,0.19141311943531036,2.9518866539001465,6.99030876159668,0.014446031302213669,0.011193573474884033,0.020626263692975044,0.029598845168948174,-0.0006509382510557771,-0.08039697259664536,255.6805419921875,295.3304443359375,0.5,0.0,0.0,0.8587355613708496,0.0,0.8858460187911987,0.9920993447303772,0.0,0.0,0.0,0.0,245.6628875732422,0.0
2.02,2.766666889190674,-0.9945217492198298,0.10452985376785714,0.0,1.0,0.0,1.0,0.6352068185806274,-0.12973594665527344,0.6205978989601135,-0.01055145263671875,0.0119479950517416,-0.1784992218017578,0.3063100576400757,-0.12287486344575882,-0.03811464458703995,0.04667222872376442,0.03941524028778076,-0.11317620426416397,0.35179784893989563,0.22416698932647705,-0.9920547008514404,0.4563193619251251,-0.22844867408275604,-0.1260071098804474,-0.34327057003974915,-0.25567543506622314,0.9833033084869385,0.46482932567596436,-0.18645502626895905,0.14999578893184662,0.15273168683052063,0.0005463361740112305,-0.20120194554328918,0.14382436871528625,-0.05174827575683594,0.0,-0.4000000059604645,-0.05000000074505806,0.3100000023841858,0.49000000953674316,-0.20999999344348907,0.0,0.4020109176635742,-0.6187302470207214,2.4070076942443848,-1.3384974002838135,0.3098647892475128,10.302505493164062,0.440141499042511,-0.37364083528518677,-0.1361091434955597,0.5682733058929443,-0.46217861771583557,-1.4310448169708252,0.01359575241804123,0.010986462235450745,0.6036636829376221,0.01503009907901287,-0.21841329336166382,-0.012634425424039364,0.0,220.38291931152344,0.5,0.0,0.0,0.8444594144821167,0.0,0.9001192450523376,0.9747076034545898,0.0,0.0,0.0,0.0,349.5660400390625,0.0
2.0300000000000002,2.777778148651123,-0.9848073483630978,0.17365047253043742,0.0,1.0,0.0,1.0,0.6377249956130981,-0.1317017376422882,0.6201279163360596,-0.00979471206665039,0.010561947710812092,-0.17806577682495117,0.29867932200431824,-0.10535567253828049,-0.057372432202100754,-0.3022477626800537,0.06658944487571716,0.20087268948554993,0.35250383615493774,0.2166786640882492,-0.989659309387207,0.43154317140579224,-0.19782909750938416,0.018292607739567757,-0.34612831473350525,-0.267107754945755,0.9827791452407837,0.484040230512619,-0.19557920098304749,0.16566601395606995,0.15753862261772156,0.0015077218413352966,-0.20331698656082153,0.1505540907382965,-0.05482470989227295,0.0,-0.4000000059604645,-0.05000000074505806,0.3100000023841858,0.49000000953674316,-0.20999999344348907,0.0,0.1560603231191635,-0.8389285206794739,-0.5887605547904968,-2.5943503379821777,2.526902437210083,10.319781303405762,-0.2586178481578827,-1.4481632709503174,-0.29893314838409424,2.3031256198883057,-2.248063087463379,1.08462655544281,0.012029677629470825,0.01168442890048027,0.9295010566711426,-0.017113996669650078,-0.36282995343208313,-0.03860699012875557,0.0,282.861328125,0.5,0.0,0.0,0.8027799129486084,0.0,0.9018927216529846,0.9224706888198853,0.0,0.0,0.0,0.0,539.5194091796875,0.0
2.04,2.788889169692993,-0.9702952994409875,0.24192360753495032,0.0,1.0,1.0,1.0,0.6400593519210815,-0.13397316634655,0.6197601556777954,-0.008601665496826172,0.007036690600216389,-0.17782926559448242,0.3039606511592865,-0.0822962075471878,-0.023617777973413467,-0.3892410397529602,0.1608191281557083,-0.1369636356830597,0.3601078689098358,0.20746156573295593,-0.9782633781433105,0.4226458966732025,-0.1735660582780838,0.0343841016292572,-0.3465394675731659,-0.27747592329978943,0.9813588261604309,0.4947551488876343,-0.19621725380420685,0.18820682168006897,0.16463175415992737,0.002926349639892578,-0.20643797516822815,0.1604844629764557,-0.05936431884765625,0.0,-0.4000000059604645,-0.05000000074505806,0.3100000023841858,0.49000000953674316,-0.20999999344348907,0.0,0.7425243258476257,-1.136352777481079,1.6486451625823975,-0.4736160337924957,-0.24474358558654785,0.9221329689025879,-0.0688968375325203,-0.954116702079773,-0.31888124346733093,0.777774453163147,-0.2128598988056183,1.7272738218307495,0.010956909507513046,0.0123448446393013,0.2955097556114197,0.04678818956017494,-0.09735974669456482,-0.04266345873475075,116.12875366210938,343.60821533203125,0.5,0.0,0.0,0.786469578742981,0.0,0.9135582447052002,0.9631770253181458,0.0,0.0,0.0,0.0,122.44342803955078,0.0
2.05,2.8000001907348633,-0.9510561459615544,0.3090181341422451,0.0,1.0,1.0,1.0,0.643075704574585,-0.1363307237625122,0.6197854280471802,-0.00999593734741211,0.0030958435963839293,-0.17699766159057617,0.3004477024078369,-0.07472465932369232,0.013244306668639183,-0.3972187340259552,-0.3401855230331421,0.22871385514736176,0.35647299885749817,0.19238339364528656,-0.967766284942627,0.4058714807033539,-0.18242456018924713,-0.09476476162672043,-0.3414498269557953,-0.2777136266231537,0.9575899839401245,0.49067142605781555,-0.1916208565235138,0.19104312360286713,0.17387309670448303,0.004774618893861771,-0.21050415933132172,0.17342233657836914,-0.06527876853942871,0.0,-0.4000000059604645,-0.05000000074505806,0.3100000023841858,0.49000000953674316,-0.20999999344348907,0.0,-0.8916960954666138,-1.4803589582443237,1.0621241331100464,-1.5890388488769531,1.1691542863845825,-10.339762687683105,0.772456169128418,0.1815802901983261,-2.7653746604919434,-0.5033368468284607,0.4444608688354492,0.2663443982601166,0.009614240378141403,0.012468703091144562,0.07998572289943695,0.11525710672140121,-0.3032829761505127,-0.06236681714653969,111.79602813720703,284.3065185546875,0.5,0.0,0.0,0.7879104614257812,0.0,0.9131913781166077,0.9006667137145996,0.0,0.0,0.0,0.0,373.743896484375,0.0
2.06,2.8111114501953125,-0.9271830564545201,0.3746085688070335,0.0,1.0,1.0,0.0,0.6456468105316162,-0.13834893703460693,0.6195499897003174,-0.00921487808227539,0.00044967388384975493,-0.17725324630737305,0.31173306703567505,-0.09310921281576157,-0.053724389523267746,-0.12742723524570465,0.3570896089076996,-0.22291597723960876,0.3585300147533417,0.18864558637142181,-0.9690144658088684,0.4144890010356903,-0.18956659734249115,-0.12538234889507294,-0.3409176170825958,-0.28225576877593994,0.972523033618927,0.47921323776245117,-0.11272939294576645,0.01785397157073021,0.1850830465555191,0.007016606628894806,-0.21543654799461365,0.18911626935005188,-0.07245314121246338,0.0,-0.4000000059604645,-0.05000000074505806,0.3100000023841858,0.49000000953674316,-0.20999999344348907,0.0,0.6102450489997864,-0.0658922865986824,-0.17054206132888794,0.9177735447883606,-0.29018062353134155,-2.435805320739746,-0.801727294921875,-0.4684083163738251,3.2716147899627686,-1.2701869010925293,7.307322978973389,-10.536072731018066,0.009231723845005035,0.012348547577857971,0.013816028833389282,0.956295371055603,0.008126707747578621,-0.5694862008094788,200.7781982421875,0.0,0.5,0.0,0.0,0.7936996221542358,0.0,0.9155524969100952,0.9053958654403687,0.0,0.0,0.0,0.0,652.1181030273438,0.0
2.07,2.8222224712371826,-0.8987933604194404,0.4383725530481233,0.0,1.0,1.0,1.0,0.6482298374176025,-0.13956914842128754,0.6190303564071655,-0.008203983306884766,0.0012182743521407247,-0.17748308181762695,0.2934745252132416,-0.10523655265569687,-0.05498673766851425,0.19947443902492523,-0.05249295011162758,0.05198456346988678,0.36187905073165894,0.192622572183609,-0.9826135039329529,0.42592528462409973,-0.16974054276943207,-0.20615999400615692,-0.34649085998535156,-0.27084675431251526,0.9542316794395447,0.4581284821033478,-0.17937631905078888,-0.06346908211708069,0.1980428248643875,0.009608563035726547,-0.2211388349533081,0.20725995302200317,-0.08074739575386047,0.0,-0.4000000059604645,-0.05000000074505806,0.3100000023841858,0.49000000953674316,-0.20999999344348907,0.0,0.33073726296424866,0.4978337287902832,-0.8987449407577515,1.3207321166992188,1.5539475679397583,-8.448403358459473,-0.41877850890159607,1.4854060411453247,-2.8562769889831543,-2.0302233695983887,0.33672380447387695,0.4717593193054199,0.009419746696949005,0.010840117931365967,0.11560845375061035,0.5435441732406616,0.05307375267148018,-0.06352384388446808,287.3214111328125,133.1163330078125,0.5,0.0,0.0,0.8408021926879883,0.0,0.8981168866157532,0.9946097731590271,0.0,0.0,0.0,0.0,382.729248046875,0.0
2.08,2.8333334922790527,-0.8660249044413024,0.5000008648866848,0.0,1.0,1.0,1.0,0.6512345671653748,-0.14068228006362915,0.6185855269432068,-0.00897216796875,0.0033025620505213737,-0.17827796936035156,0.29714763164520264,-0.11501524597406387,-0.03666634112596512,0.1823790818452835,-0.10462843626737595,-0.12717707455158234,0.3635829985141754,0.20292359590530396,-0.9800279140472412,0.45099547505378723,-0.19706803560256958,-0.20371006429195404,-0.3478158712387085,-0.2646487057209015,0.9592639803886414,0.4569576680660248,-0.19471953809261322,0.06001989543437958,0.21250048279762268,0.0125000961124897,-0.22750021517276764,0.22750067710876465,-0.09000030159950256,0.0,-0.4000000059604645,-0.05000000074505806,0.3100000023841858,0.49000000953674316,-0.20999999344348907,0.0,0.09942957758903503,0.9620873928070068,0.3323800563812256,2.5576345920562744,-3.1864583492279053,0.36211270093917847,0.140537291765213,0.5203574299812317,0.4634920656681061,0.07861173152923584,-2.0886895656585693,10.533411026000977,0.010247476398944855,0.010017424821853638,-0.019260289147496223,0.11990997195243835,0.015312699601054192,-0.09267635643482208,277.82373046875,133.3077392578125,0.5,0.0,0.0,0.8462730646133423,0.0,0.8969499468803406,0.9681695699691772,0.0,0.0,0.0,0.0,284.0933532714844,0.0
2.09,2.844444751739502,-0.8290364928684298,0.5591945041686425,0.0,1.0,1.0,1.0,0.654625654220581,-0.1421443521976471,0.6184412240982056,-0.011324405670166016,0.0044715795665979385,-0.1787395477294922,0.2999171316623688,-0.10745679587125778,-0.0013848936650902033,0.10843491554260254,-0.3072851896286011,0.08412694185972214,0.3581552803516388,0.20551623404026031,-0.9561085104942322,0.4612211287021637,-0.23360107839107513,-0.10436547547578812,-0.3448527753353119,-0.2643560767173767,0.956843912601471,0.4624498188495636,-0.17521145939826965,0.11358029395341873,0.2281745821237564,0.015634916722774506,-0.2343968152999878,0.24944442510604858,-0.10003172606229782,0.0,-0.4000000059604645,-0.05000000074505806,0.3100000023841858,0.49000000953674316,-0.20999999344348907,0.0,-0.9528874158859253,0.40759411454200745,0.6535986661911011,0.309330552816391,5.1856889724731445,2.2219719886779785,0.5088096261024475,0.010270986706018448,-0.24123357236385345,0.7035315632820129,1.2373402118682861,5.173769474029541,0.01028762012720108,0.009879328310489655,0.02101559191942215,0.050768520683050156,-0.14098580181598663,-0.06295568495988846,369.02288818359375,285.58099365234375,0.5,0.0,0.0,0.8249644041061401,0.0,0.9019824862480164,0.9859450459480286,0.0,0.0,0.0,0.0,196.21380615234375,0.0
2.1,2.855555772781372,-0.7880099133080748,0.6156625508573674,0.0,1.0,1.0,1.0,0.6577214598655701,-0.14355404675006866,0.6183875799179077,-0.01208639144897461,0.005235964432358742,-0.17888212203979492,0.3167917728424072,-0.09710587561130524,-0.015996718779206276,0.06492737680673599,0.1231684759259224,-0.07205846160650253,0.35526806116104126,0.20386235415935516,-0.9273211359977722,0.4546642005443573,-0.20770145952701569,0.002953785937279463,-0.3396724760532379,-0.26473093032836914,0.9585632085800171,0.46603628993034363,-0.17043481767177582,0.13448670506477356,0.24476009607315063,0.0189520176500082,-0.24169445037841797,0.2726641297340393,-0.11064645648002625,0.0,-0.4000000059604645,-0.05000000074505806,0.3100000023841858,0.49000000953674316,-0.20999999344348907,0.0,0.27958694100379944,-0.1804123818874359,2.83200740814209,-0.5217921137809753,3.3167171478271484,10.064384460449219,0.35249149799346924,-0.05383773520588875,0.3436407446861267,0.1432030200958252,0.17177656292915344,1.468122124671936,0.009724445641040802,0.009699534624814987,0.2582772672176361,0.028979506343603134,-0.15438023209571838,-0.05751366540789604,55.57512283325195,248.18528747558594,0.5,0.0,0.0,0.8227298259735107,0.0,0.9176037907600403,0.9896689057350159,0.0,0.0,0.0,0.0,192.2556915283203,0.0
2.11,2.866666793823242,-0.7431442908763793,0.669131200092959,0.0,1.0,1.0,1.0,0.6604412198066711,-0.14521875977516174,0.6183899641036987,-0.01148080825805664,0.004017067141830921,-0.17689180374145508,0.30977553129196167,-0.07226374745368958,0.008415152318775654,-0.25654298067092896,-0.013200596906244755,0.40439698100090027,0.3537091314792633,0.20283693075180054,-0.9227305054664612,0.44679588079452515,-0.15029574930667877,0.0758473202586174,-0.3395729660987854,-0.27216288447380066,0.953782856464386,0.47976741194725037,-0.1830565631389618,0.13895031809806824,0.26193416118621826,0.022386834025382996,-0.24925103783607483,0.2967078685760498,-0.12163786590099335,0.0,-0.4000000059604645,-0.05000000074505806,0.3100000023841858,0.49000000953674316,-0.20999999344348907,0.0,-0.38968876004219055,-0.13678285479545593,0.07720929384231567,-0.7254688143730164,4.851686477661133,8.035039901733398,0.04053649306297302,-0.927950918674469,-0.6382485032081604,1.6391650438308716,-1.9454307556152344,1.4146838188171387,0.009147122502326965,0.010437700897455215,0.2832886278629303,0.007964830845594406,-0.19032253324985504,-0.023948974907398224,91.39128875732422,365.0315246582031,0.5,0.0,0.0,0.7994467616081238,0.0,0.9205215573310852,0.7210305333137512,0.0,0.0,0.0,0.0,389.09246826171875,0.0
2.12,2.8777780532836914,-0.6946571252414095,0.7193410028292152,0.0,1.0,1.0,1.0,0.6632786393165588,-0.14716248214244843,0.6185739040374756,-0.011302471160888672,0.0013016908196732402,-0.17435407638549805,0.32248789072036743,-0.06762406975030899,0.017046187072992325,-0.25022053718566895,0.06728716939687729,0.12938937544822693,0.3516530394554138,0.19325397908687592,-0.9140467643737793,0.4396078884601593,-0.1795383244752884,0.014199846424162388,-0.332597553730011,-0.27833056449890137,0.9598745107650757,0.485676646232605,-0.19562086462974548,0.14334824681282043,0.27936306595802307,0.025872614234685898,-0.2569197416305542,0.32110831141471863,-0.13279235363006592,0.0,-0.4000000059604645,-0.05000000074505806,0.3100000023841858,0.49000000953674316,-0.20999999344348907,0.0,-0.25694677233695984,-1.2684649229049683,1.0266433954238892,-0.7515258193016052,-1.6429080963134766,-5.190115928649902,0.8026047348976135,-0.40874308347702026,1.0250842571258545,0.1678960621356964,-1.3296055793762207,1.1707426309585571,0.008441843092441559,0.01108456403017044,0.035830333828926086,0.03941216692328453,-0.01962876319885254,-0.15920840203762054,88.5653076171875,256.8631896972656,0.5,0.0,0.0,0.7872323989868164,0.0,0.9303753972053528,0.9670711159706116,0.0,0.0,0.0,0.0,108.73933410644531,0.0
2.13,2.8888890743255615,-0.6427867171424619,0.7660451920514982,0.0,1.0,1.0,1.0,0.665992259979248,-0.14839701354503632,0.6185030937194824,-0.009993553161621094,0.0008038480300456285,-0.1716456413269043,0.32052356004714966,-0.06421969830989838,-0.0357678085565567,0.10815425217151642,0.20220734179019928,0.3017864525318146,0.3479483127593994,0.18513981997966766,-0.9207324981689453,0.42931652069091797,-0.1916392743587494,-0.10246727615594864,-0.3346458971500397,-0.26833969354629517,0.9100080132484436,0.4779876470565796,-0.21943549811840057,0.03728419542312622,0.29670652747154236,0.029341306537389755,-0.2645508646965027,0.34538915753364563,-0.14389216899871826,0.0,-0.4000000059604645,-0.05000000074505806,0.3100000023841858,0.49000000953674316,-0.20999999344348907,0.0,-0.23968097567558289,-0.5519016981124878,-0.7903529405593872,-0.9106720089912415,0.21439465880393982,-10.062880516052246,-0.7756680250167847,1.4066166877746582,-6.012386322021484,-0.8108821511268616,-1.5885423421859741,-10.059911727905273,0.007726732641458511,0.01033800095319748,0.07932835072278976,0.17269708216190338,0.012066948227584362,-0.04494939744472504,112.49842071533203,20.576494216918945,0.5,0.0,0.0,0.8253332376480103,0.0,0.9299058318138123,0.833476185798645,0.0,0.0,0.0,0.0,198.5703125,0.0
2.14,2.9000000953674316,-0.5877847675202884,0.8090173465823342,0.0,1.0,1.0,1.0,0.6682292819023132,-0.14903412759304047,0.6181210279464722,-0.006372928619384766,0.003068728605285287,-0.17274761199951172,0.32553672790527344,-0.09629248082637787,-0.039873477071523666,0.3156979978084564,0.454768568277359,-0.37329351902008057,0.35009390115737915,0.18653368949890137,-0.9225366115570068,0.4301326274871826,-0.17888684570789337,-0.13609854876995087,-0.33766597509384155,-0.2659638822078705,0.9171572923660278,0.46619361639022827,-0.16298045217990875,-0.09677588194608688,0.31362754106521606,0.0327255055308342,-0.2719961106777191,0.36907854676246643,-0.15472161769866943,0.0,-0.4000000059604645,-0.05000000074505806,0.3100000023841858,0.49000000953674316,-0.20999999344348907,0.0,0.35393717885017395,0.3523458242416382,0.05943480134010315,0.3240378499031067,0.6442262530326843,-2.014827251434326,-0.3660573363304138,-0.19708670675754547,2.433488368988037,-0.9665601849555969,7.950798034667969,-11.069672584533691,0.007588550448417664,0.009217701852321625,0.0378081314265728,0.5281105041503906,0.00853423960506916,-0.2524830102920532,314.06829833984375,101.97190856933594,0.5,0.0,0.0,0.8821089267730713,0.0,0.9236525297164917,0.7567698359489441,0.0,0.0,0.0,0.0,531.8403930664062,0.0
2.15,2.911111354827881,-0.5299179656015849,0.8480489076301423,0.0,1.0,1.0,1.0,0.6706745624542236,-0.14937391877174377,0.6178171038627625,-0.0034623146057128906,0.00669538788497448,-0.1730961799621582,0.3227554261684418,-0.08762028068304062,-0.019202083349227905,0.34288638830184937,0.1399349570274353,0.18288946151733398,0.35474708676338196,0.19797495007514954,-0.9317024946212769,0.4480699896812439,-0.1879354566335678,-0.1739140748977661,-0.3381696343421936,-0.25592324137687683,0.9128720760345459,0.45721206068992615,-0.1651686280965805,-0.04006025195121765,0.329796701669693,0.03595934063196182,-0.27911055088043213,0.3917153775691986,-0.16506987810134888,0.0,-0.4000000059604645,-0.05000000074505806,0.3100000023841858,0.49000000953674316,-0.20999999344348907,0.0,0.2663574814796448,1.2191880941390991,-1.0840998888015747,2.051409959793091,-1.2872788906097412,-4.411743640899658,0.6839592456817627,1.187568187713623,-0.39352667331695557,-1.3378249406814575,1.8093574047088623,3.5892488956451416,0.008600108325481415,0.007761996239423752,-0.02617153897881508,0.013681847602128983,0.033563852310180664,-0.017827065661549568,213.1315460205078,216.01170349121094,0.5,0.0,0.0,0.9272841215133667,0.0,0.924792468547821,0.9352914094924927,0.0,0.0,0.0,0.0,263.9947509765625,0.0
2.16,2.922222375869751,-0.4694707103916894,0.8829480460844353,0.0,1.0,1.0,1.0,0.6735469698905945,-0.1498735398054123,0.6177536249160767,-0.0023622512817382812,0.010461726225912571,-0.17462778091430664,0.31988513469696045,-0.10168548673391342,0.013079553842544556,0.3805508315563202,0.07451508939266205,-0.3637365996837616,0.35368576645851135,0.20461155474185944,-0.927262008190155,0.4589243531227112,-0.20271259546279907,-0.1782703995704651,-0.33866068720817566,-0.2493991255760193,0.923991322517395,0.45707637071609497,-0.16357359290122986,0.0612461119890213,0.3448992967605591,0.03897986188530922,-0.2857556939125061,0.4128590226173401,-0.17473554611206055,0.0,-0.4000000059604645,-0.05000000074505806,0.3100000023841858,0.49000000953674316,-0.20999999344348907,0.0,-0.3691822588443756,0.5321676135063171,0.9483393430709839,0.9721405506134033,-2.621027946472168,1.524057388305664,-0.2732466161251068,0.1899319887161255,0.7768879532814026,0.7201962471008301,1.1330218315124512,5.753293037414551,0.009379751980304718,0.007034420967102051,-0.023545507341623306,0.06420595943927765,0.0031001800671219826,-0.06322311609983444,269.36962890625,216.99266052246094,0.5,0.0,0.0,0.8687762022018433,0.0,0.9179956912994385,0.7675062417984009,0.0,0.0,0.0,0.0,258.08740234375,0.0
2.17,2.933333396911621,-0.4067362781379594,0.9135456201233085,0.0,1.0,1.0,1.0,0.6766335964202881,-0.15059058368206024,0.6179648637771606,-0.0021452903747558594,0.013562589883804321,-0.17722129821777344,0.3227478265762329,-0.09003661572933197,0.025342866778373718,0.26157230138778687,0.015416743233799934,-0.15936672687530518,0.3497777283191681,0.20470257103443146,-0.8932585120201111,0.4597366154193878,-0.23881085216999054,-0.08252633363008499,-0.3376106321811676,-0.24757353961467743,0.9272206425666809,0.4621722996234894,-0.15676364302635193,0.09392537921667099,0.35864144563674927,0.04172828420996666,-0.29180222749710083,0.43209800124168396,-0.1835305094718933,0.0,-0.4000000059604645,-0.05000000074505806,0.3100000023841858,0.49000000953674316,-0.20999999344348907,0.0,-0.2563726007938385,-0.011185425333678722,3.0083823204040527,0.06848330795764923,-0.32893261313438416,5.158931732177734,0.18994541466236115,0.17971152067184448,0.15098680555820465,0.41222068667411804,0.6660426259040833,2.817296266555786,0.009620562195777893,0.006961159408092499,0.023393798619508743,0.040923554450273514,-0.1102357730269432,-0.032550614327192307,105.79963684082031,275.65081787109375,0.5,0.0,0.0,0.8321841955184937,0.0,0.9239938259124756,0.9504730105400085,0.0,0.0,0.0,0.0,107.47306823730469,0.0
2.18,2.9444446563720703,-0.34201889204895336,0.9396930762124441,0.0,1.0,0.0,1.0,0.6793567538261414,-0.1514105200767517,0.6181219220161438,-0.0003299713134765625,0.015261569991707802,-0.17879915237426758,0.3320339620113373,-0.06553225219249725,0.0031745750457048416,0.0966186374425888,0.28936970233917236,-0.16648094356060028,0.34780892729759216,0.2060554474592209,-0.8856964707374573,0.4482920467853546,-0.13747632503509521,0.07110792398452759,-0.33589860796928406,-0.2503644526004791,0.9383347034454346,0.46981310844421387,-0.15926742553710938,0.10139244049787521,0.3707558810710907,0.0441511794924736,-0.29713258147239685,0.4490582346916199,-0.19128376245498657,0.0,-0.4000000059604645,-0.05000000074505806,0.3100000023841858,0.49000000953674316,-0.20999999344348907,0.0,0.22748912870883942,0.13249193131923676,-0.23548315465450287,-1.2113091945648193,9.999996185302734,10.392365455627441,0.19019296765327454,-0.32500237226486206,1.4885756969451904,0.7610036730766296,-2.1562247276306152,0.8453572988510132,0.00937565416097641,0.007159419357776642,0.5153627395629883,-0.011572386138141155,0.0009929798543453217,-0.09761764854192734,0.0,255.93833923339844,0.5,0.0,0.0,0.822573184967041,0.0,0.9370542168617249,0.9460765719413757,0.0,0.0,0.0,0.0,522.2510986328125,0.0
2.19,2.9555556774139404,-0.2756366198184289,0.961261906982208,0.0,1.0,1.0,1.0,0.6819353699684143,-0.1528245061635971,0.6183315515518188,0.0014805530663579702,0.013910433277487755,-0.17861175537109375,0.32244664430618286,-0.048835065215826035,0.03933281451463699,-0.29931896924972534,0.08776851743459702,0.2001657336950302,0.34728679060935974,0.1987658143043518,-0.887224555015564,0.4310553967952728,-0.12887486815452576,0.11762954294681549,-0.3388045132160187,-0.25839194655418396,0.9369016289710999,0.484925240278244,-0.1753019392490387,0.1155051738023758,0.38100624084472656,0.04620124772191048,-0.3016427457332611,0.4634087383747101,-0.1978439837694168,0.0,-0.4000000059604645,-0.05000000074505806,0.3100000023841858,0.49000000953674316,-0.20999999344348907,0.0,-0.12592017650604248,-1.0335594415664673,-0.33400094509124756,-1.140466332435608,-3.2406539916992188,-0.4734218716621399,-0.27747103571891785,-1.0486265420913696,-0.31291723251342773,1.812467098236084,-1.9385796785354614,2.796250581741333,0.008621931076049805,0.008298616856336594,0.4142063856124878,0.01614408567547798,-0.08488798886537552,-0.037994906306266785,173.35311889648438,385.4765319824219,0.5,0.0,0.0,0.8763360977172852,0.0,0.9344285726547241,0.9229938983917236,0.0,0.0,0.0,0.0,311.6622619628906,0.0
2.2,2.9666671752929688,-0.20790856485914266,0.9781482651716006,0.0,1.0,1.0,1.0,0.6849309802055359,-0.15476170182228088,0.6187280416488647,0.001489142538048327,0.010512950830161572,-0.17714166641235352,0.3346713185310364,-0.05015089735388756,0.03982575610280037,-0.3685917556285858,-0.03678775206208229,0.08784905821084976,0.3436998128890991,0.18484176695346832,-0.8866152763366699,0.4189206659793854,-0.1917835921049118,-0.012385673820972443,-0.33514735102653503,-0.2648288309574127,0.929216742515564,0.49287134408950806,-0.18848299980163574,0.12882100045681,0.38919350504875183,0.04783870279788971,-0.30524513125419617,0.4748709201812744,-0.2030838280916214,0.0,-0.4000000059604645,-0.05000000074505806,0.3100000023841858,0.49000000953674316,-0.20999999344348907,0.0,-0.5337901711463928,-1.3909748792648315,0.35144394636154175,-1.1232631206512451,-3.5748283863067627,-10.566694259643555,0.5757453441619873,-0.596519410610199,-0.9464545845985413,0.5658594965934753,-1.1350288391113281,0.5777254700660706,0.00789124146103859,0.00945672020316124,0.11050106585025787,-0.003310196101665497,-0.2001025527715683,-0.018048344179987907,72.05906677246094,229.14669799804688,0.5,0.0,0.0,0.86920166015625,0.0,0.9420496225357056,0.9846835732460022,0.0,0.0,0.0,0.0,219.11415100097656,0.0
2.21,2.977778196334839,-0.13917049668173886,0.9902684347455278,0.0,1.0,1.0,0.0,0.6877145171165466,-0.15596579015254974,0.6187183856964111,0.0031463708728551865,0.009592955000698566,-0.17657184600830078,0.3394910395145416,-0.04530923068523407,-0.034266550093889236,0.14005573093891144,0.3129582703113556,-0.02348470315337181,0.3394535779953003,0.1831817626953125,-0.9001803398132324,0.41586390137672424,-0.19162242114543915,-0.10268967598676682,-0.33828914165496826,-0.26341789960861206,0.9076135754585266,0.4858923554420471,-0.10601957887411118,-0.015384797006845474,0.39515790343284607,0.0490315817296505,-0.30786949396133423,0.4832210838794708,-0.20690104365348816,0.0,-0.4000000059604645,-0.05000000074505806,0.3100000023841858,0.49000000953674316,-0.20999999344348907,0.0,-0.4322318136692047,0.38732048869132996,-0.8739570379257202,-0.3798835277557373,1.4198646545410156,-3.5104482173919678,-1.0964319705963135,0.4566134214401245,-1.7138702869415283,-0.6643872261047363,7.69003438949585,-10.349924087524414,0.007519267499446869,0.009251497685909271,0.00872079562395811,0.438559353351593,-0.18275350332260132,-0.2532447576522827,170.90403747558594,0.0,0.5,0.0,0.0,0.882626473903656,0.0,0.9458870887756348,0.9988975524902344,0.0,0.0,0.0,0.0,409.5157470703125,0.0
2.22,2.988889217376709,-0.06975441482181172,0.9975641942315626,1.0,1.0,1.0,1.0,0.6905056834220886,-0.15655110776424408,0.618361234664917,0.0051412153989076614,0.01166500709950924,-0.17731237411499023,0.33447426557540894,-0.07322730869054794,-0.022283870726823807,0.3091515302658081,0.09508731216192245,-0.16857609152793884,0.3417501151561737,0.18633562326431274,-0.9063389897346497,0.4210948348045349,-0.16891519725322723,-0.1648099720478058,-0.33863407373428345,-0.2567180097103119,0.907006025314331,0.46733880043029785,-0.14032715559005737,-0.13448598980903625,0.4000000059604645,0.05000000074505806,-0.3100000023841858,0.49000000953674316,-0.20999999344348907,0.0,-0.4000000059604645,-0.05000000074505806,0.3100000023841858,0.49000000953674316,-0.20999999344348907,0.0,0.0074034519493579865,0.7480452060699463,-0.5945836305618286,0.6840134859085083,4.56886100769043,-2.9747867584228516,0.2581305503845215,0.6742676496505737,-0.017289936542510986,-1.8811390399932861,5.111218452453613,-9.952295303344727,0.007679075002670288,0.007744342088699341,0.10824912041425705,0.5670276284217834,-0.012288275174796581,-0.1353694647550583,577.7388305664062,95.58738708496094,0.5,0.0,0.0,0.856035590171814,0.0,0.9365783929824829,0.9447491765022278,0.0,0.0,0.0,0.0,616.110107421875,0.0
2.23,3.000000476837158,2.9960562272603183e-06,0.9999999999955118,1.0,1.0,1.0,1.0,0.6934472918510437,-0.15700437128543854,0.618044376373291,0.006343252025544643,0.014402669854462147,-0.17698335647583008,0.32848042249679565,-0.060463398694992065,-0.023667069151997566,0.22266650199890137,0.0970812514424324,0.1698208451271057,0.34946614503860474,0.20018422603607178,-0.909944474697113,0.4505539834499359,-0.1977214217185974,-0.18084856867790222,-0.34025779366493225,-0.24871855974197388,0.9018875956535339,0.4632349908351898,-0.17709994316101074,-0.00039268151158466935,0.4000000059604645,0.05000000074505806,-0.3100000023841858,0.49000000953674316,-0.20999999344348907,0.0,-0.4000000059604645,-0.05000000074505806,0.3100000023841858,0.49000000953674316,-0.20999999344348907,0.0,0.8181455731391907,1.4716675281524658,-0.6033693552017212,3.2696516513824463,-2.833660125732422,-1.2006207704544067,-0.047943711280822754,0.9173262119293213,-0.8298341035842896,-0.33378681540489197,-1.5442581176757812,10.359575271606445,0.009154260158538818,0.006705962121486664,-0.009037620387971401,0.05663105472922325,0.06529584527015686,0.03934226557612419,238.7287139892578,162.04681396484375,0.5,0.0,0.0,0.8593093156814575,0.0,0.9359908103942871,0.9439536333084106,0.0,0.0,0.0,0.0,450.70452880859375,0.0
2.24,3.0111114978790283,0.0697588979587295,0.9975638807392655,1.0,1.0,1.0,1.0,0.6973385214805603,-0.15791834890842438,0.6181250810623169,0.003561053890734911,0.016365375369787216,-0.17804574966430664,0.3254215121269226,-0.07504332065582275,0.03923206031322479,0.1683560460805893,-0.5351932644844055,-0.22984030842781067,0.34058499336242676,0.20242390036582947,-0.8989890217781067,0.4600110948085785,-0.21967802941799164,-0.17249955236911774,-0.337209552526474,-0.2461274266242981,0.9022828340530396,0.4697865843772888,-0.16269348561763763,0.07860350608825684,0.4000000059604645,0.05000000074505806,-0.3100000023841858,0.49000000953674316,-0.20999999344348907,0.0,-0.4000000059604645,-0.05000000074505806,0.3100000023841858,0.49000000953674316,-0.20999999344348907,0.0,-1.6787755489349365,-0.1322849541902542,1.6114712953567505,0.46709829568862915,-2.605217933654785,2.12982439994812,0.7028279304504395,-0.08618850260972977,-0.5339865684509277,1.3378504514694214,0.04537498950958252,3.4043469429016113,0.00969318300485611,0.0067293159663677216,-0.028590591624379158,0.038417983800172806,-0.0017303555505350232,-0.03699629753828049,226.44375610351562,277.7564697265625,0.5,0.0,0.0,0.853395938873291,0.0,0.9303277730941772,0.8997367024421692,0.0,0.0,0.0,0.0,243.2622528076172,0.0
2.25,3.0222225189208984,0.13917494703019723,0.9902678092915782,1.0,0.0,0.0,1.0,0.7014932632446289,-0.15918250381946564,0.6184449195861816,-0.00031185150146484375,0.016917094588279724,-0.1782827377319336,0.3331628441810608,-0.05588153004646301,0.02438722737133503,-0.04662754014134407,-0.24707621335983276,0.1645139753818512,0.3313414752483368,0.19794930517673492,-0.875259280204773,0.44957318902015686,-0.20440489053726196,-0.022952087223529816,-0.3288935422897339,-0.24675309658050537,0.8946961760520935,0.4786517024040222,-0.1671293079853058,0.09652870893478394,0.4000000059604645,0.05000000074505806,-0.3100000023841858,0.49000000953674316,-0.20999999344348907,0.0,-0.43479403853416443,-0.05695880949497223,0.3253093659877777,0.538711667060852,-0.23226818442344666,0.0,0.0036875931546092033,-0.48377159237861633,1.818192958831787,-1.2353272438049316,1.2670021057128906,10.354864120483398,0.7479951977729797,-0.13706976175308228,-0.8811228275299072,0.7038738131523132,-0.5082056522369385,1.167605996131897,0.009359963238239288,0.007264003157615662,0.7455946207046509,0.012785342521965504,-0.19168201088905334,-0.0168931744992733,0.0,287.6400451660156,0.5,0.0,0.0,0.812739372253418,0.0,0.9399630427360535,0.9473092555999756,0.0,0.0,0.0,0.0,437.3474426269531,0.0
2.2600000000000002,3.0333337783813477,0.20791442602980875,0.97814701934254,1.0,0.0,1.0,1.0,0.7049692273139954,-0.16083547472953796,0.6185268759727478,-0.0017733573913574219,0.014747893437743187,-0.17685651779174805,0.3340083062648773,-0.03473855182528496,0.0004200355033390224,-0.3376694619655609,-0.11504826694726944,0.11845465004444122,0.33098191022872925,0.1946701854467392,-0.8889773488044739,0.43369531631469727,-0.15135975182056427,0.10253937542438507,-0.327555775642395,-0.25593510270118713,0.893126368522644,0.49793317914009094,-0.1851624846458435,0.12010923773050308,0.4000000059604645,0.05000000074505806,-0.3100000023841858,0.49000000953674316,-0.20999999344348907,0.0,-0.4519785940647125,-0.06039571762084961,0.33287057280540466,0.5627700090408325,-0.2432662844657898,0.0,0.12051571905612946,-0.2757546305656433,-2.0216989517211914,-1.1592212915420532,7.486284255981445,10.267250061035156,0.00693318247795105,-1.0484415292739868,-0.11233457922935486,2.0949642658233643,-3.243034839630127,4.27474308013916,0.008634306490421295,0.0086439847946167,0.920878529548645,0.007954343222081661,-0.03724748641252518,-0.07069956511259079,75.35115051269531,282.4834899902344,0.5,0.0,0.0,0.8661507368087769,0.0,0.9441030025482178,0.9723271131515503,0.0,0.0,0.0,0.0,592.9202270507812,0.0
2.27,3.0444447994232178,0.27563949981191355,0.9612610811550826,1.0,0.0,1.0,1.0,0.7086566686630249,-0.16315589845180511,0.6189911365509033,-0.004659175872802734,0.009207268245518208,-0.17306947708129883,0.3294990658760071,-0.009918319061398506,0.08547371625900269,-0.7644316554069519,-0.4274820387363434,0.6552651524543762,0.32997068762779236,0.18142972886562347,-0.8998929858207703,0.41427507996559143,-0.14028270542621613,0.0692986249923706,-0.3269927501678467,-0.2644721269607544,0.8784939050674438,0.5147624611854553,-0.19002866744995117,0.1856371909379959,0.4000000059604645,0.05000000074505806,-0.3100000023841858,0.49000000953674316,-0.20999999344348907,0.0,-0.46890988945961,-0.0637819766998291,0.340320348739624,0.586473822593689,-0.25410231947898865,0.0,-0.28757181763648987,-1.8656560182571411,-0.5927879810333252,-2.1438376903533936,-0.6186344623565674,-1.6280574798583984,0.6905041337013245,-1.3633698225021362,-1.4341450929641724,2.167203903198242,-5.12130069732666,3.5107245445251465,0.007738936692476273,0.010776158422231674,0.8245155811309814,-0.0041138543747365475,-0.22887727618217468,-0.05002523958683014,72.47826385498047,573.7918090820312,0.5,0.0,0.0,0.8479154706001282,0.0,0.9433311820030212,0.42369353771209717,0.0,0.0,0.0,0.0,653.1722412109375,0.0
2.2800000000000002,3.055555820465088,0.34202170742071036,0.9396920515003956,1.0,0.0,1.0,0.0,0.712069034576416,-0.1650354564189911,0.6193731427192688,-0.005941867828369141,0.004804599564522505,-0.16980314254760742,0.3363279402256012,-0.012922094203531742,0.0002577977138571441,-0.12434558570384979,0.08078222721815109,0.07004844397306442,0.3312457501888275,0.1765720099210739,-0.9052079916000366,0.4119926989078522,-0.1922014057636261,-0.0839352235198021,-0.32816773653030396,-0.27300572395324707,0.8987739086151123,0.5185807347297668,-0.08951526135206223,-0.0019400210585445166,0.4000000059604645,0.05000000074505806,-0.3100000023841858,0.49000000953674316,-0.20999999344348907,0.0,-0.48550549149513245,-0.06710109859704971,0.34762242436408997,0.6097076535224915,-0.2647235095500946,0.0,0.14533305168151855,0.31604576110839844,-0.5463542938232422,0.4697955548763275,-0.8086851239204407,-10.608000755310059,-1.0157684087753296,-0.2842875123023987,3.7310616970062256,0.17794294655323029,10.011788368225098,-10.656057357788086,0.007552281022071838,0.012109559029340744,0.06172686070203781,0.8633536696434021,-0.3609482944011688,-1.023680329322815,11.7675142288208,0.0,0.5,0.0,0.0,0.845906138420105,0.0,0.9475163817405701,0.9902344346046448,0.0,0.0,0.0,0.0,1201.1107177734375,0.0
2.29,3.066667079925537,0.4067390151701773,0.9135444015144497,1.0,0.0,1.0,1.0,0.7151275277137756,-0.16594941914081573,0.6191810369491577,-0.004806041717529297,0.0039945621974766254,-0.16834306716918945,0.3490053117275238,-0.02754114381968975,-0.044130999594926834,-0.05028214305639267,0.19926387071609497,0.1706605851650238,0.3323267102241516,0.18153196573257446,-0.9165491461753845,0.42244765162467957,-0.1864398568868637,-0.13180212676525116,-0.3286227583885193,-0.27156174182891846,0.930175244808197,0.499494343996048,-0.05909057706594467,-0.14646270871162415,0.4000000059604645,0.05000000074505806,-0.3100000023841858,0.49000000953674316,-0.20999999344348907,0.0,-0.5016849637031555,-0.07033699005842209,0.3547413647174835,0.6323589086532593,-0.27507835626602173,0.0,0.32657676935195923,0.3910296559333801,-0.8563476204872131,1.1995899677276611,0.2432781159877777,-3.553262710571289,-0.03109816461801529,-0.045174065977334976,3.665728807449341,-1.6937997341156006,-3.0630650520324707,-2.8391380310058594,0.007705084979534149,0.011160332709550858,0.0356963649392128,1.0829133987426758,0.009851580485701561,-0.29020532965660095,164.9088592529297,111.27277374267578,0.5,0.0,0.0,0.8726471662521362,0.0,0.9539769291877747,0.943414032459259,0.0,0.0,0.0,0.0,216.25454711914062,0.0
2.3000000000000003,3.0777781009674072,0.4694733557515735,0.8829466395198275,1.0,0.0,1.0,1.0,0.7182109951972961,-0.16665728390216827,0.6187713742256165,-0.003711223602294922,0.004712434485554695,-0.1679973602294922,0.34057068824768066,-0.045613087713718414,-0.03551718220114708,0.15883328020572662,0.06051865220069885,-0.10990997403860092,0.332722544670105,0.18476149439811707,-0.9184456467628479,0.43130606412887573,-0.18136939406394958,-0.15723931789398193,-0.33353325724601746,-0.2640889883041382,0.9403034448623657,0.4785335063934326,-0.1537831872701645,-0.15383771061897278,0.4000000059604645,0.05000000074505806,-0.3100000023841858,0.49000000953674316,-0.20999999344348907,0.0,-0.5173685550689697,-0.07347371429204941,0.36164218187332153,0.6543160080909729,-0.2851158678531647,0.0,-0.2480696588754654,0.4770216941833496,0.3834826946258545,1.0264434814453125,-0.8552775979042053,0.4667147994041443,-0.9599742293357849,0.9085165858268738,-0.0880824476480484,-1.3380438089370728,-7.852083206176758,6.5949225425720215,0.007708147168159485,0.009784992784261703,-3.355697845108807e-05,0.9127233028411865,-0.003098843153566122,-0.01580163463950157,320.13043212890625,123.40009307861328,0.5,0.0,0.0,0.8930416703224182,0.0,0.9464884400367737,0.9761291742324829,0.0,0.0,0.0,0.0,207.3812713623047,0.0
2.31,3.0888891220092773,0.5299205064014165,0.8480473199623156,1.0,0.0,1.0,1.0,0.7216779589653015,-0.16732531785964966,0.618464469909668,-0.004534244537353516,0.006185493897646666,-0.16815996170043945,0.32897406816482544,-0.04648684337735176,-0.02031737193465233,0.13922569155693054,-0.25066253542900085,0.02639579400420189,0.3367139399051666,0.19510728120803833,-0.9204427003860474,0.4572705030441284,-0.1961086094379425,-0.18450795114040375,-0.3355143666267395,-0.2566382884979248,0.9379060864448547,0.4715709388256073,-0.19995324313640594,-0.0010408724192529917,0.4000000059604645,0.05000000074505806,-0.3100000023841858,0.49000000953674316,-0.20999999344348907,0.0,-0.5324803590774536,-0.07649607211351395,0.36829137802124023,0.6754724979400635,-0.2947874367237091,0.0,0.30361515283584595,1.12246572971344,-0.2769028842449188,2.883204221725464,-1.0861254930496216,-3.742429256439209,0.5154327154159546,0.6170868873596191,-0.15689581632614136,-0.21660645306110382,-1.8254590034484863,10.708982467651367,0.008863039314746857,0.008931688964366913,0.05832333862781525,0.16924577951431274,0.02891516126692295,0.03688040375709534,330.65533447265625,144.95285034179688,0.5,0.0,0.0,0.9093623161315918,0.0,0.9391108751296997,0.9986075162887573,0.0,0.0,0.0,0.0,570.7042236328125,0.0
2.32,3.1000003814697266,0.587787191379106,0.8090155855424926,1.0,0.0,1.0,1.0,0.7258374094963074,-0.16775855422019958,0.618169903755188,-0.0075244903564453125,0.009257764555513859,-0.1697521209716797,0.34737733006477356,-0.05658556893467903,-0.03966761380434036,0.4127633571624756,-0.28052088618278503,-0.2508685886859894,0.32672572135925293,0.20016641914844513,-0.904637336730957,0.4678993821144104,-0.22983181476593018,-0.1511809229850769,-0.3294544816017151,-0.2492550164461136,0.937386155128479,0.4729226231575012,-0.20028056204319,0.048840753734111786,0.4000000059604645,0.05000000074505806,-0.3100000023841858,0.49000000953674316,-0.20999999344348907,0.0,-0.5469467639923096,-0.07938934862613678,0.3746565580368042,0.6957254409790039,-0.3040459156036377,0.0,-1.5354002714157104,0.4500974714756012,1.5489364862442017,0.5296419262886047,-3.701842784881592,4.143413066864014,0.6808790564537048,0.5513939261436462,0.008034255355596542,0.38552388548851013,0.33006560802459717,-0.9928605556488037,0.009199067950248718,0.008054740726947784,-0.05334891751408577,0.12186071276664734,-0.01977665349841118,-0.11280981451272964,103.94258880615234,143.855224609375,0.5,0.0,0.0,0.844968318939209,0.0,0.9483883380889893,0.8817293643951416,0.0,0.0,0.0,0.0,124.18788146972656,0.0
2.33,3.1111114025115967,0.6427890122540417,0.7660432662229161,1.0,0.0,0.0,1.0,0.7294225692749023,-0.16851595044136047,0.6176409721374512,-0.008298873901367188,0.0106958644464612,-0.1718125343322754,0.3445732593536377,-0.04434787482023239,-0.06986254453659058,-0.08479762822389603,0.042183540761470795,-0.1143244057893753,0.3174278140068054,0.19757403433322906,-0.8937034606933594,0.4543258845806122,-0.19574330747127533,0.0018365767318755388,-0.3323865532875061,-0.25382164120674133,0.9421791434288025,0.4904066324234009,-0.19485093653202057,0.10378709435462952,0.4000000059604645,0.05000000074505806,-0.3100000023841858,0.49000000953674316,-0.20999999344348907,0.0,-0.5606972575187683,-0.08213944733142853,0.380706787109375,0.7149761915206909,-0.31284624338150024,0.0,-0.14307066798210144,-0.5984788537025452,0.23963294923305511,-1.5639357566833496,3.0965192317962646,10.38249683380127,-0.564007043838501,-0.8537648916244507,0.49175646901130676,1.9843472242355347,0.07681427896022797,6.184007167816162,0.00796753540635109,0.008257701992988586,0.6859620213508606,0.06385493278503418,-0.022659476846456528,-0.08276944607496262,0.0,272.41937255859375,0.5,0.0,0.0,0.8653389811515808,0.0,0.9490930438041687,0.9741985201835632,0.0,0.0,0.0,0.0,646.2453002929688,0.0
2.34,3.122222423553467,0.6946592804243796,0.7193389215941837,1.0,0.0,1.0,1.0,0.7324245572090149,-0.16990482807159424,0.6170233488082886,-0.007157802581787109,0.008618026971817017,-0.17276477813720703,0.3525620698928833,-0.019416149705648422,-0.059486690908670425,-0.2698235809803009,0.16575583815574646,-0.1201360672712326,0.3201563060283661,0.1919400990009308,-0.8918349146842957,0.44279593229293823,-0.1548253744840622,0.06662681698799133,-0.335117369890213,-0.26547279953956604,0.9431371092796326,0.5104779601097107,-0.20836779475212097,0.11535469442605972,0.4000000059604645,0.05000000074505806,-0.3100000023841858,0.49000000953674316,-0.20999999344348907,0.0,-0.5736648440361023,-0.08473297208547592,0.38641253113746643,0.7331308126449585,-0.32114550471305847,0.0,0.41201040148735046,-0.46167927980422974,0.4154128432273865,-0.8120025396347046,4.123137474060059,8.152399063110352,-0.21714664995670319,-1.1359280347824097,-0.26188263297080994,1.899460792541504,-2.2411696910858154,-0.4911305606365204,0.006565779447555542,0.00902671366930008,0.5423476099967957,-0.02336801588535309,-0.08110503107309341,-0.023645013570785522,86.40292358398438,314.21563720703125,0.5,0.0,0.0,0.8772764205932617,0.0,0.9567340612411499,0.9715472459793091,0.0,0.0,0.0,0.0,357.90576171875,0.0
2.35,3.133333683013916,0.7431462956277399,0.6691289735878785,1.0,0.0,1.0,1.0,0.7356849312782288,-0.17149603366851807,0.6167963147163391,-0.007228851318359375,0.004729762673377991,-0.17151451110839844,0.3426770865917206,0.014491102658212185,-0.0004560445959214121,-0.479906290769577,-0.1354508399963379,0.3280639052391052,0.3210536241531372,0.1818103790283203,-0.8934819102287292,0.4287381172180176,-0.18670666217803955,-0.03978119418025017,-0.33595019578933716,-0.2718527317047119,0.9356359839439392,0.5202035903930664,-0.19619806110858917,0.16862912476062775,0.4000000059604645,0.05000000074505806,-0.3100000023841858,0.49000000953674316,-0.20999999344348907,0.0,-0.5857867002487183,-0.08715733885765076,0.3917461633682251,0.7501013875007629,-0.3289034962654114,0.0,-0.13343757390975952,-1.1755684614181519,-0.005091849714517593,-1.4932323694229126,-2.1279563903808594,-9.681076049804688,0.04883519560098648,-0.6027595400810242,-1.2864552736282349,1.0451780557632446,1.4959439039230347,6.0726318359375,0.005235463380813599,0.009831640869379044,0.43513238430023193,0.024995189160108566,-0.3780979514122009,-0.0565526969730854,48.84900665283203,480.97943115234375,0.5,0.0,0.0,0.8484084606170654,0.0,0.9513046145439148,0.8063383102416992,0.0,0.0,0.0,0.0,506.1037292480469,0.0
2.36,3.144444704055786,0.7880117578641548,0.6156601899325997,1.0,0.0,1.0,0.0,0.7385812401771545,-0.17234006524085999,0.6165295243263245,-0.005218505859375,0.0030358536168932915,-0.1706991195678711,0.3548099398612976,0.005066959653049707,-0.05126866325736046,0.10875797271728516,0.44915422797203064,-0.12248864769935608,0.3248109519481659,0.18064267933368683,-0.898025393486023,0.4324645698070526,-0.17154642939567566,-0.1045205295085907,-0.3411392867565155,-0.27374133467674255,0.9488028287887573,0.5157271027565002,-0.0939171090722084,0.0013992690946906805,0.4000000059604645,0.05000000074505806,-0.3100000023841858,0.49000000953674316,-0.20999999344348907,0.0,-0.5970031023025513,-0.08940061926841736,0.39668136835098267,0.7658042907714844,-0.33608198165893555,0.0,0.4679996073246002,0.32409894466400146,-0.286396324634552,0.48046237230300903,0.9304276704788208,-2.871432304382324,-1.3675709962844849,0.23332445323467255,3.002284288406372,-0.6676259636878967,10.011492729187012,-10.495562553405762,0.004924733191728592,0.009717099368572235,0.0465925931930542,0.8130108118057251,0.015985433012247086,-0.7946752309799194,217.17520141601562,0.0,0.5,0.0,0.0,0.8689970970153809,0.0,0.9586668610572815,0.9704388380050659,0.0,0.0,0.0,0.0,677.6686401367188,0.0
2.37,3.1555557250976562,0.829038168242883,0.5591920203261892,1.0,0.0,1.0,1.0,0.7413490414619446,-0.17229527235031128,0.6160845756530762,-0.0020728111267089844,0.005011338274925947,-0.17131280899047852,0.350619375705719,-0.009234474040567875,-0.04452715069055557,0.25905120372772217,0.2929151952266693,-0.0988779217004776,0.324979692697525,0.18392004072666168,-0.8988012075424194,0.4338834881782532,-0.15607203543186188,-0.1262722909450531,-0.3521634340286255,-0.25985732674598694,0.9296812415122986,0.49328193068504333,-0.12442179024219513,-0.1276598870754242,0.4000000059604645,0.05000000074505806,-0.3100000023841858,0.49000000953674316,-0.20999999344348907,0.0,-0.6072596907615662,-0.09145194292068481,0.4011942744255066,0.780163586139679,-0.34264618158340454,0.0,-0.1275508552789688,0.4352734088897705,0.23289644718170166,0.24587105214595795,0.5295999050140381,-0.5053567886352539,-1.267401933670044,1.3428113460540771,-1.988937497138977,-1.9633997678756714,-0.6187716722488403,4.35877799987793,0.004700522869825363,0.007898475974798203,0.01738698035478592,0.6783233880996704,-0.001627825084142387,0.10057774931192398,317.197998046875,200.16722106933594,0.5,0.0,0.0,0.8839808702468872,0.0,0.9561890363693237,0.9806362390518188,0.0,0.0,0.0,0.0,215.3958282470703,0.0
2.38,3.1666669845581055,0.86602640246812,0.4999982702251335,1.0,0.0,1.0,1.0,0.7442103028297424,-0.1723802089691162,0.6156759262084961,0.0005931726191192865,0.007232239935547113,-0.1700582504272461,0.3558972477912903,-0.027009805664420128,-0.031889479607343674,0.18280307948589325,0.19548723101615906,0.263786256313324,0.3328005075454712,0.19686375558376312,-0.9032589793205261,0.4587407410144806,-0.1793520301580429,-0.13609349727630615,-0.3550398647785187,-0.24859285354614258,0.9236120581626892,0.47773802280426025,-0.15254667401313782,-0.0609215646982193,0.4000000059604645,0.05000000074505806,-0.3100000023841858,0.49000000953674316,-0.20999999344348907,0.0,-0.6165065765380859,-0.09330131113529205,0.40526288747787476,0.7931091785430908,-0.3485642075538635,0.0,0.8766988515853882,1.3648419380187988,-0.6000659465789795,2.825955390930176,-2.307602882385254,-1.8206788301467896,0.570861279964447,1.0114084482192993,-0.3354029953479767,-1.316222071647644,0.05131088197231293,4.118753910064697,0.005830027163028717,0.006297886371612549,0.013216299004852772,0.10541684180498123,0.02249068394303322,0.014194340445101261,280.255126953125,129.66519165039062,0.5,0.0,0.0,0.9248074889183044,0.0,0.9579207301139832,0.8700832724571228,0.0,0.0,0.0,0.0,312.82037353515625,0.0
2.39,3.1777780055999756,0.8987946738042236,0.43836986021071195,1.0,0.0,1.0,1.0,0.7479189038276672,-0.17287495732307434,0.6155924797058105,-0.0002732276916503906,0.00909929908812046,-0.16898536682128906,0.3471955955028534,-0.040141090750694275,0.017628120258450508,0.13626550137996674,-0.27862969040870667,0.04472590610384941,0.3298397958278656,0.2028721123933792,-0.9012731909751892,0.472191721200943,-0.1911815106868744,-0.14824315905570984,-0.3514346182346344,-0.23910658061504364,0.91785728931427,0.4745578169822693,-0.16895844042301178,0.062327343970537186,0.4000000059604645,0.05000000074505806,-0.3100000023841858,0.49000000953674316,-0.20999999344348907,0.0,-0.6246986389160156,-0.09493973851203918,0.40886741876602173,0.8045781254768372,-0.35380715131759644,0.0,-0.745463490486145,0.3251609802246094,0.5511729717254639,1.1662466526031494,-1.0243538618087769,-0.35288310050964355,0.5221976637840271,0.5443472266197205,-0.21117082238197327,0.11766920238733292,2.6938364505767822,7.928432464599609,0.0065847039222717285,0.0055205561220645905,0.008213539607822895,0.07327312976121902,0.04230629280209541,-0.09135263413190842,287.1467590332031,286.26580810546875,0.5,0.0,0.0,0.8695434331893921,0.0,0.9513046145439148,0.9960072040557861,0.0,0.0,0.0,0.0,359.9850158691406,0.0
2.4,3.1888890266418457,0.927184178798694,0.3746057909127828,1.0,0.0,1.0,1.0,0.7520816922187805,-0.17382463812828064,0.615753173828125,-0.0030689239501953125,0.00959546398371458,-0.16865015029907227,0.3573834002017975,-0.02683866396546364,0.011617183685302734,0.0028131850995123386,-0.22419294714927673,0.05249528959393501,0.3209966719150543,0.1986231654882431,-0.8726843595504761,0.46801042556762695,-0.22583907842636108,-0.03559967502951622,-0.34208062291145325,-0.23678584396839142,0.911203920841217,0.4768555164337158,-0.16397511959075928,0.08414741605520248,0.4000000059604645,0.05000000074505806,-0.3100000023841858,0.49000000953674316,-0.20999999344348907,0.0,-0.6317960619926453,-0.09635920822620392,0.41199028491973877,0.8145145177841187,-0.358349472284317,0.0,-0.6268981695175171,-0.3641051650047302,2.7353243827819824,-0.3497638404369354,0.6047728061676025,10.193976402282715,1.032776951789856,0.15159198641777039,-0.9737860560417175,0.18398505449295044,-0.13413278758525848,-0.3263927102088928,0.006321176886558533,0.005468688905239105,0.2477015107870102,0.004446753300726414,-0.05803753435611725,-0.0014864160912111402,53.82699203491211,268.98748779296875,0.5,0.0,0.0,0.8811490535736084,0.0,0.9587551355361938,0.9945036172866821,0.0,0.0,0.0,0.0,134.9008331298828,0.0
2.41,3.200000286102295,0.9510570717929909,0.3090152847231703,1.0,0.0,1.0,1.0,0.7552226185798645,-0.1750541776418686,0.6157748699188232,-0.0019884109497070312,0.00767156109213829,-0.16710615158081055,0.35953864455223083,-0.012671168893575668,0.017108412459492683,-0.293701171875,0.2923427224159241,0.24384719133377075,0.32058849930763245,0.1984059065580368,-0.8792139887809753,0.45981425046920776,-0.13436585664749146,0.06807263195514679,-0.346077561378479,-0.24665600061416626,0.9088265895843506,0.4983900189399719,-0.18525753915309906,0.1019434705376625,0.4000000059604645,0.05000000074505806,-0.3100000023841858,0.49000000953674316,-0.20999999344348907,0.0,-0.6377643346786499,-0.09755286574363708,0.41461628675460815,0.8228700160980225,-0.36216914653778076,0.0,0.6022407412528992,0.2642780542373657,-0.8072874546051025,0.54905104637146,6.214785575866699,-0.07304680347442627,-0.8665799498558044,-1.210732102394104,-0.29338502883911133,2.4970438480377197,-3.075653076171875,2.122926712036133,0.005691010504961014,0.006862610578536987,0.132780522108078,-0.00904262624680996,-0.1069076880812645,-0.04454844072461128,445.8564453125,284.6470031738281,0.5,0.0,0.0,0.9225356578826904,0.0,0.961000919342041,0.8878763318061829,0.0,0.0,0.0,0.0,356.7052917480469,0.0
2.42,3.211111307144165,0.9702960242533635,0.24192070047459105,1.0,0.0,1.0,1.0,0.7583553791046143,-0.17669804394245148,0.6163317561149597,-0.0009932518005371094,0.003576073329895735,-0.16451311111450195,0.3619335889816284,0.005459809675812721,0.07446597516536713,-0.4956541061401367,-0.008277804590761662,0.2887645363807678,0.3189465403556824,0.18945229053497314,-0.8777831792831421,0.4533798098564148,-0.15702159702777863,0.06505076587200165,-0.34913748502731323,-0.2548939287662506,0.9027778506278992,0.513111412525177,-0.19347788393497467,0.15172752737998962,0.4000000059604645,0.05000000074505806,-0.3100000023841858,0.49000000953674316,-0.20999999344348907,0.0,-0.6425740718841553,-0.09851481020450592,0.4167325794696808,0.8296036720275879,-0.36524736881256104,0.0,-0.6035199761390686,-1.3794610500335693,0.4342195987701416,-1.3090534210205078,-0.18590903282165527,1.6771693229675293,-0.059590864926576614,-0.7732515335083008,-0.9777078032493591,1.3963873386383057,-1.2825340032577515,5.741678714752197,0.005276381969451904,0.008749842643737793,0.26220351457595825,0.0037451398093253374,-0.025634443387389183,-0.045456141233444214,58.69453048706055,369.4775695800781,0.5,0.0,0.0,0.9141501188278198,0.0,0.962535560131073,0.8463943004608154,0.0,0.0,0.0,0.0,387.7359619140625,0.0
2.43,3.2222225666046143,0.9848081287530219,0.17364604672140285,1.0,0.0,1.0,1.0,0.7621527314186096,-0.17847669124603271,0.6170933246612549,-0.0023398399353027344,-0.0011138916015625,-0.16076040267944336,0.3705887794494629,0.007813343778252602,0.0768299400806427,-0.4408488869667053,-0.21572519838809967,0.4319128692150116,0.30605143308639526,0.17591939866542816,-0.8907737731933594,0.43313443660736084,-0.18601177632808685,-0.071230448782444,-0.3464467525482178,-0.2603071331977844,0.8889604210853577,0.5248081088066101,-0.208952859044075,0.19170641899108887,0.4000000059604645,0.05000000074505806,-0.3100000023841858,0.49000000953674316,-0.20999999344348907,0.0,-0.6462020874023438,-0.09924042224884033,0.4183289408683777,0.8346829414367676,-0.36756932735443115,0.0,-1.2606799602508545,-1.0871919393539429,-1.0821157693862915,-1.5226778984069824,4.493031024932861,-9.205903053283691,0.3849160373210907,-0.44029679894447327,-1.4571056365966797,1.0068625211715698,-1.1427547931671143,3.640298366546631,0.004285778850317001,0.010676950216293335,0.11114208400249481,0.06826453655958176,-0.139678955078125,-0.0594726987183094,168.83619689941406,248.7301483154297,0.5,0.0,0.0,0.8523534536361694,0.0,0.9669421911239624,0.6885981559753418,0.0,0.0,0.0,0.0,421.1864013671875,0.0
2.44,3.2333338260650635,0.9945222189757652,0.10452538430218739,1.0,0.0,1.0,0.0,0.7655234336853027,-0.1794230043888092,0.6175714731216431,-0.0012545585632324219,-0.0026006698608398438,-0.16013622283935547,0.3771294355392456,-0.007958384230732918,0.021877706050872803,0.1171022355556488,0.32746413350105286,-0.21631406247615814,0.3051210641860962,0.17606216669082642,-0.8905834555625916,0.442459374666214,-0.19820907711982727,-0.08146774768829346,-0.3467731773853302,-0.2649010419845581,0.9116768836975098,0.5170006155967712,-0.1041257306933403,0.010298228822648525,0.4000000059604645,0.05000000074505806,-0.3100000023841858,0.49000000953674316,-0.20999999344348907,0.0,-0.6486305594444275,-0.0997261106967926,0.4193974435329437,0.8380827903747559,-0.36912354826927185,0.0,0.24310389161109924,0.44024625420570374,0.17148223519325256,1.068235158920288,-1.5930943489074707,-0.8517652750015259,-0.8217701315879822,-0.19606803357601166,4.18855619430542,-1.0697405338287354,10.026127815246582,-10.604421615600586,0.004917643964290619,0.01110176369547844,0.005003079306334257,0.9910106658935547,0.019090110436081886,-0.6709487438201904,196.7850799560547,0.0,0.5,0.0,0.0,0.8553992509841919,0.0,0.9701340794563293,0.9106619954109192,0.0,0.0,0.0,0.0,811.5733032226562,0.0
2.45,3.2444448471069336,0.9993909153117299,0.03489696824056543,1.0,0.0,1.0,0.0,0.7687883377075195,-0.17965182662010193,0.6178517937660217,0.000869469775352627,-0.0007476806640625,-0.16056442260742188,0.3813251852989197,-0.030755307525396347,0.02702002041041851,0.24564801156520844,0.17937177419662476,0.05095019191503525,0.305991530418396,0.1802765280008316,-0.8965272903442383,0.4491521418094635,-0.18322955071926117,-0.13686583936214447,-0.3446511924266815,-0.25858354568481445,0.9379675388336182,0.4906873404979706,-0.16755375266075134,-0.12249192595481873,0.4000000059604645,0.05000000074505806,-0.3100000023841858,0.49000000953674316,-0.20999999344348907,0.0,-0.6498477458953857,-0.09996955096721649,0.4199329912662506,0.8397868275642395,-0.3699025511741638,0.0,0.16828742623329163,0.49952206015586853,-0.38452887535095215,0.7665541768074036,1.4825170040130615,-5.127838611602783,0.5332428812980652,0.8017303943634033,2.643482208251953,-3.205972671508789,-8.249198913574219,-10.223135948181152,0.005758747458457947,0.009856808930635452,0.07886546105146408,1.3007550239562988,0.03532934561371803,-0.09519735723733902,316.3132019042969,0.0,0.5,0.0,0.0,0.8942376375198364,0.0,0.9703880548477173,0.9948216080665588,0.0,0.0,0.0,0.0,517.3579711914062,0.0
2.46,3.2555558681488037,0.9993907584717193,-0.03490145958727013,1.0,0.0,1.0,1.0,0.7722753882408142,-0.17964401841163635,0.6180889010429382,0.0019236167427152395,0.0027404273860156536,-0.16110849380493164,0.36933383345603943,-0.040299348533153534,0.03081994503736496,0.39949172735214233,0.01619875617325306,-0.11917521804571152,0.3080942630767822,0.19031307101249695,-0.8958330154418945,0.467837929725647,-0.20482076704502106,-0.1594824194908142,-0.3471371829509735,-0.24964407086372375,0.9451323747634888,0.47264185547828674,-0.20641078054904938,0.006443436723202467,0.4000000059604645,0.05000000074505806,-0.3100000023841858,0.49000000953674316,-0.20999999344348907,0.0,-0.6496954560279846,-0.09993909299373627,0.41986599564552307,0.8395736217498779,-0.36980509757995605,0.0,0.0728549063205719,1.0870344638824463,0.27371495962142944,1.9915786981582642,-2.291978359222412,-2.050330877304077,-0.13385102152824402,0.8566307425498962,-0.3118829131126404,-1.2677546739578247,-0.5849978923797607,10.226910591125488,0.007415659725666046,0.008847489953041077,0.016470892354846,0.46286866068840027,0.033833615481853485,0.2852219343185425,312.3186950683594,69.80625915527344,0.5,0.0,0.0,0.9350612163543701,0.0,0.9632952213287354,0.971994161605835,0.0,0.0,0.0,0.0,369.0826416015625,0.0
2.47,3.266667127609253,0.9945215926300541,-0.10453134358928183,1.0,0.0,1.0,1.0,0.7768950462341309,-0.17984408140182495,0.6186175346374512,-0.0018281936645507812,0.006633559707552195,-0.16367721557617188,0.35796162486076355,-0.04598559811711311,0.08135177940130234,0.36302196979522705,-0.6643289923667908,-0.3513910174369812,0.30140435695648193,0.19752125442028046,-0.8876081705093384,0.4845629632472992,-0.22410133481025696,-0.19357119500637054,-0.34160077571868896,-0.24280254542827606,0.9420579075813293,0.47384530305862427,-0.2008834034204483,0.09860216826200485,0.4000000059604645,0.05000000074505806,-0.3100000023841858,0.49000000953674316,-0.20999999344348907,0.0,-0.6472682952880859,-0.09945365786552429,0.41879802942276,0.8361755609512329,-0.3682516813278198,0.0,-1.1436738967895508,0.5430053472518921,1.3059622049331665,1.7599163055419922,-1.7071129083633423,-3.1872005462646484,1.1355756521224976,0.7571966052055359,-0.04576657712459564,0.3928857147693634,1.1895802021026611,7.269565105438232,0.009325869381427765,0.008769452571868896,0.026033777743577957,0.08239145576953888,0.07768622040748596,-0.08877753466367722,284.9278869628906,262.7020568847656,0.5,0.0,0.0,0.901524543762207,0.0,0.9563999176025391,0.7811787128448486,0.0,0.0,0.0,0.0,453.90673828125,0.0
2.48,3.277778148651123,0.9848073483630978,-0.17365047253043728,1.0,0.0,0.0,1.0,0.7816615700721741,-0.18027815222740173,0.6193180680274963,-0.006054401397705078,0.009498986415565014,-0.16664600372314453,0.37475404143333435,-0.03214982524514198,0.0523630790412426,0.1965916007757187,-0.2320667803287506,-0.22384655475616455,0.29387062788009644,0.19893677532672882,-0.8791884779930115,0.4775041341781616,-0.12775880098342896,-0.03614320978522301,-0.3319363296031952,-0.23845675587654114,0.9432606101036072,0.47843629121780396,-0.19357804954051971,0.14097173511981964,0.4000000059604645,0.05000000074505806,-0.3100000023841858,0.49000000953674316,-0.20999999344348907,0.0,-0.6424612998962402,-0.09849225729703903,0.4166829586029053,0.8294458389282227,-0.36517518758773804,0.0,0.12822334468364716,-0.023927614092826843,-0.08342708647251129,-0.9886354207992554,9.255281448364258,10.41925048828125,0.9178312420845032,0.13482949137687683,0.2960497736930847,0.5960361361503601,-0.8994033336639404,1.3287479877471924,0.009987443685531616,0.009099941700696945,0.9293443560600281,0.03705992177128792,0.15093517303466797,-0.05016912519931793,0.0,212.80726623535156,0.5,0.0,0.0,0.8667731285095215,0.0,0.9671126008033752,0.9046432971954346,0.0,0.0,0.0,0.0,474.1463623046875,0.0
2.49,3.288889169692993,0.9702952994409876,-0.24192360753495018,1.0,0.0,1.0,1.0,0.7855048179626465,-0.1812642514705658,0.6197763681411743,-0.006862640380859375,0.009179814718663692,-0.16806268692016602,0.3771507441997528,-0.016816910356283188,0.04959609732031822,-0.18451856076717377,-0.014899571426212788,-0.06007887423038483,0.2934236228466034,0.1962377429008484,-0.9007537364959717,0.4615378975868225,-0.11689101904630661,0.10269376635551453,-0.33351099491119385,-0.2463533580303192,0.9412163496017456,0.5009312033653259,-0.21642747521400452,0.16706742346286774,0.4000000059604645,0.05000000074505806,-0.3100000023841858,0.49000000953674316,-0.20999999344348907,0.0,-0.6353681087493896,-0.09707361459732056,0.41356194019317627,0.8195153474807739,-0.36063557863235474,0.0,-0.14247307181358337,-0.39852091670036316,-2.279167413711548,-1.1615194082260132,-6.028315544128418,10.61025619506836,-0.39592859148979187,-1.006363868713379,-0.4151375889778137,2.4932141304016113,-2.9734272956848145,3.388488531112671,0.00969095528125763,0.010754048824310303,1.10187828540802,-0.0009910173248499632,-0.05094465613365173,-0.046417608857154846,177.49082946777344,287.5345458984375,0.5,0.0,0.0,0.8933221101760864,0.0,0.9697184562683105,0.9928070902824402,0.0,0.0,0.0,0.0,870.707275390625,0.0
2.5,3.3000004291534424,0.9510556830426352,-0.3090195588507412,1.0,0.0,1.0,1.0,0.7891618609428406,-0.1827005296945572,0.6204589605331421,-0.0074329376220703125,0.006014562677592039,-0.1676783561706543,0.3660871386528015,0.018185149878263474,0.0808323472738266,-0.415725439786911,-0.11330970376729965,0.14041097462177277,0.2952897846698761,0.18768340349197388,-0.9155776500701904,0.445883572101593,-0.1815595030784607,0.12438254803419113,-0.33871862292289734,-0.25481489300727844,0.943919837474823,0.5209642052650452,-0.21927566826343536,0.25391721725463867,0.4000000059604645,0.05000000074505806,-0.3100000023841858,0.49000000953674316,-0.20999999344348907,0.0,-0.626126766204834,-0.09522534906864166,0.4094957709312439,0.8065774440765381,-0.3547211289405823,0.0,0.40596312284469604,-0.8918367624282837,-1.095723271369934,-1.1202285289764404,-2.7270166873931885,-0.46155309677124023,-0.5474482774734497,-0.8673800230026245,0.0766550600528717,2.128598213195801,-0.17664426565170288,9.434280395507812,0.009316280484199524,0.013055097311735153,0.9000681638717651,0.0989774614572525,-0.19016817212104797,-0.2144865244626999,57.337215423583984,437.9469909667969,0.5,0.0,0.0,0.8589807748794556,0.0,0.9641323685646057,0.9613367915153503,0.0,0.0,0.0,0.0,605.688232421875,0.0
2.5100000000000002,3.3111114501953125,0.9271830564545201,-0.3746085688070334,1.0,0.0,0.0,0.0,0.7931722402572632,-0.18362277746200562,0.6209728717803955,-0.008846759796142578,0.003982414957135916,-0.16527462005615234,0.3769603371620178,0.03524116426706314,0.007432714570313692,-0.013846715912222862,-0.11349409818649292,0.2503175139427185,0.29170551896095276,0.18417394161224365,-0.9477691054344177,0.4263990521430969,-0.22388793528079987,-0.018551882356405258,-0.33872750401496887,-0.24961037933826447,0.9275540709495544,0.5187033414840698,-0.22157371044158936,0.14287947118282318,0.4000000059604645,0.05000000074505806,-0.3100000023841858,0.49000000953674316,-0.20999999344348907,0.0,-0.6149170398712158,-0.09298340976238251,0.4045635163784027,0.7908838987350464,-0.34754690527915955,0.0,-0.6577004790306091,0.1650944948196411,-3.161191940307617,-2.1701738834381104,-3.9815826416015625,-10.302614212036133,-0.11872054636478424,1.0710915327072144,-1.2999423742294312,-0.6486832499504089,-0.5777316093444824,-10.065841674804688,0.008868049830198288,0.013592489063739777,0.8112819790840149,0.5539721846580505,-0.6499255299568176,-0.49892571568489075,0.0,0.0,0.5,0.0,0.0,0.8169112205505371,0.0,0.9677694439888,0.8822165131568909,0.0,0.0,0.0,0.0,410.9831848144531,0.0
2.52,3.3222224712371826,0.8987933604194405,-0.43837255304812317,1.0,0.0,1.0,0.0,0.7964023947715759,-0.183479443192482,0.6206294298171997,-0.00635528564453125,0.005426458083093166,-0.16537809371948242,0.3848584294319153,0.026642054319381714,-0.0698017105460167,0.3017383813858032,0.5038525462150574,-0.2029503583908081,0.29702067375183105,0.1887304037809372,-0.9479511976242065,0.42343106865882874,-0.22080446779727936,-0.107758067548275,-0.34698328375816345,-0.24164102971553802,0.9360372424125671,0.5020935535430908,-0.15962158143520355,-0.021847592666745186,0.4000000059604645,0.05000000074505806,-0.3100000023841858,0.49000000953674316,-0.20999999344348907,0.0,-0.6019573211669922,-0.09039146453142166,0.39886122941970825,0.7727402448654175,-0.33925265073776245,0.0,0.6731001138687134,0.6842281818389893,0.04780682548880577,0.44766226410865784,1.7950687408447266,-4.358139991760254,-1.5452429056167603,0.7378274202346802,1.9376602172851562,-1.77720046043396,5.525444030761719,-10.47000789642334,0.008660010993480682,0.012334685772657394,0.09143216907978058,1.0691726207733154,-0.03612134978175163,-0.4719758629798889,148.17214965820312,0.0,0.5,0.0,0.0,0.833663284778595,0.0,0.9724518060684204,0.9209240674972534,0.0,0.0,0.0,0.0,652.4105224609375,0.0
2.5300000000000002,3.333333730697632,0.866024155424979,-0.5000021622157765,1.0,0.0,1.0,1.0,0.7992239594459534,-0.1828247755765915,0.6198986768722534,-0.001895904541015625,0.009021377190947533,-0.16605472564697266,0.3816570043563843,0.006765824276953936,-0.067884162068367,0.39941900968551636,0.3883293867111206,-0.037871282547712326,0.30772119760513306,0.20098736882209778,-0.9574987888336182,0.43933314085006714,-0.20119845867156982,-0.18069863319396973,-0.3558903634548187,-0.2312108278274536,0.944739818572998,0.47770175337791443,-0.17348480224609375,-0.1308550089597702,0.4000000059604645,0.05000000074505806,-0.3100000023841858,0.49000000953674316,-0.20999999344348907,0.0,-0.5874992609024048,-0.08749984949827194,0.3924996852874756,0.752498984336853,-0.32999950647354126,0.0,0.9798110127449036,1.5506134033203125,-0.7390549182891846,2.1307790279388428,0.7866409420967102,-4.658414363861084,-0.6674432754516602,0.844332218170166,0.22448934614658356,-1.9075819253921509,7.413949012756348,-8.25860595703125,0.009304016828536987,0.0100942961871624,0.07676080614328384,0.6702249050140381,0.02316848561167717,-0.12204913049936295,338.2028503417969,112.07767486572266,0.5,0.0,0.0,0.8869512677192688,0.0,0.9722894430160522,0.9971356391906738,0.0,0.0,0.0,0.0,510.87646484375,0.0
2.54,3.344444751739502,0.8290364928684298,-0.5591945041686424,1.0,0.0,1.0,1.0,0.8023859262466431,-0.18205413222312927,0.6192910075187683,0.001199860475026071,0.013632386922836304,-0.16604185104370117,0.37861865758895874,0.006841175723820925,-0.051341164857149124,0.4820687174797058,0.2614727318286896,0.04345947504043579,0.3144538700580597,0.218518927693367,-0.9587953090667725,0.46510565280914307,-0.22619633376598358,-0.19040203094482422,-0.3629903197288513,-0.22025325894355774,0.9369120597839355,0.46886181831359863,-0.19924533367156982,-0.006971376016736031,0.4000000059604645,0.05000000074505806,-0.3100000023841858,0.49000000953674316,-0.20999999344348907,0.0,-0.5718251466751099,-0.08436502516269684,0.38560307025909424,0.7305551767349243,-0.3199680745601654,0.0,0.5116114616394043,1.7558714151382446,0.06554487347602844,2.5433802604675293,-3.0131924152374268,-0.18224139511585236,-0.3794175684452057,1.0920145511627197,-0.9628604054450989,-0.7607555389404297,0.06782559305429459,10.223206520080566,0.0106043741106987,0.008397869765758514,-0.007948078215122223,0.14967811107635498,0.01823904924094677,0.28518691658973694,309.9081115722656,115.18437194824219,0.5,0.0,0.0,0.8187430500984192,0.0,0.970872163772583,0.9962296485900879,0.0,0.0,0.0,0.0,329.1470947265625,0.0
2.5500000000000003,3.355555772781372,0.7880099133080749,-0.6156625508573674,1.0,0.0,1.0,1.0,0.8066121935844421,-0.1815175712108612,0.6191220283508301,-0.00019502639770507812,0.018329227343201637,-0.16646528244018555,0.36574825644493103,-0.0009918216383084655,0.013458574190735817,0.4461723864078522,-0.42351627349853516,-0.10254158079624176,0.3115614652633667,0.23027464747428894,-0.9523344039916992,0.48238831758499146,-0.23848508298397064,-0.21534527838230133,-0.35713303089141846,-0.20659038424491882,0.925874650478363,0.46062788367271423,-0.1850149780511856,0.08969651907682419,0.4000000059604645,0.05000000074505806,-0.3100000023841858,0.49000000953674316,-0.20999999344348907,0.0,-0.5552395582199097,-0.0810479149222374,0.37830543518066406,0.7073354125022888,-0.3093533217906952,0.0,-0.748219907283783,1.0339175462722778,0.9193874597549438,1.7535804510116577,-1.4322528839111328,-2.765852212905884,1.1942540407180786,1.3586208820343018,-0.7345566749572754,-0.6208735108375549,2.639976978302002,4.928684234619141,0.011890266090631485,0.0068860165774822235,0.038611602038145065,0.03492049127817154,0.024370593950152397,-0.029441941529512405,325.9736022949219,227.49620056152344,0.5,0.0,0.0,0.7256412506103516,0.0,0.9645929932594299,0.9791900515556335,0.0,0.0,0.0,0.0,387.3667907714844,0.0
2.56,3.3666670322418213,0.7431432884981971,-0.6691323133432473,1.0,0.0,0.0,1.0,0.8105316758155823,-0.18159030377864838,0.6191233992576599,-0.0008754730224609375,0.020717047154903412,-0.1684126853942871,0.37273338437080383,0.0009114513522945344,-0.015160688199102879,0.06299924105405807,0.17171110212802887,-0.1766573190689087,0.31179311871528625,0.22892381250858307,-0.9313958883285522,0.4723372757434845,-0.17162342369556427,-0.0696692243218422,-0.3570786714553833,-0.2063789963722229,0.9298192858695984,0.47216546535491943,-0.17840062081813812,0.13099323213100433,0.4000000059604645,0.05000000074505806,-0.3100000023841858,0.49000000953674316,-0.20999999344348907,0.0,-0.538065493106842,-0.07761310040950775,0.3707488179206848,0.6832916736602783,-0.2983618974685669,0.0,0.9304516315460205,-0.5490158796310425,1.4421015977859497,-1.337313175201416,5.667791366577148,10.33116340637207,-0.37469032406806946,-0.44899240136146545,0.016566894948482513,1.559427261352539,-0.9214969873428345,1.3266390562057495,0.011626027524471283,0.007065474987030029,0.8251712918281555,0.004828689619898796,0.06031056120991707,-0.019236579537391663,0.0,249.99632263183594,0.5,0.0,0.0,0.719573974609375,0.0,0.9681239128112793,0.9394923448562622,0.0,0.0,0.0,0.0,465.76910400390625,0.0
2.57,3.3777780532836914,0.6946571252414095,-0.7193410028292151,1.0,0.0,0.0,1.0,0.8135676980018616,-0.18246249854564667,0.6189402341842651,0.001347904559224844,0.0187865998595953,-0.16863012313842773,0.36758142709732056,0.02463284134864807,-0.024259068071842194,-0.4068949818611145,0.26333358883857727,0.0841696485877037,0.31855642795562744,0.22199484705924988,-0.9391183853149414,0.44997140765190125,-0.09662922471761703,0.10235899686813354,-0.36226314306259155,-0.21620379388332367,0.9301758408546448,0.4923093020915985,-0.19608615338802338,0.14746038615703583,0.4000000059604645,0.05000000074505806,-0.3100000023841858,0.49000000953674316,-0.20999999344348907,0.0,-0.5206371545791626,-0.07412742078304291,0.36308032274246216,0.6588919758796692,-0.2872077524662018,0.0,0.8806774616241455,-0.8487394452095032,-1.8171710968017578,-2.2686607837677,6.09750509262085,10.526556968688965,-0.5851097106933594,-1.2046353816986084,-0.3518936336040497,2.0549137592315674,-2.047037124633789,1.722162127494812,0.01029440388083458,0.008166316896677017,1.1739743947982788,-0.005101981572806835,-0.053523894399404526,-0.03365800157189369,0.0,339.2929992675781,0.5,0.0,0.0,0.7797456979751587,0.0,0.9643675088882446,0.985930860042572,0.0,0.0,0.0,0.0,819.3146362304688,0.0
2.58,3.3888890743255615,0.642786717142462,-0.7660451920514981,1.0,0.0,1.0,1.0,0.8166139721870422,-0.1839400827884674,0.6188943386077881,0.00289572449401021,0.013580387458205223,-0.16775846481323242,0.3654572665691376,0.05307934805750847,0.014880883507430553,-0.5899317264556885,0.05914749950170517,0.09712452441453934,0.3249145448207855,0.20916135609149933,-0.9530174732208252,0.4319707453250885,-0.13793011009693146,0.12174680083990097,-0.36747419834136963,-0.22746902704238892,0.9264855980873108,0.5098232626914978,-0.19965848326683044,0.20194964110851288,0.4000000059604645,0.05000000074505806,-0.3100000023841858,0.49000000953674316,-0.20999999344348907,0.0,-0.5032936334609985,-0.07065872848033905,0.35544919967651367,0.6346110701560974,-0.27610790729522705,0.0,0.25968924164772034,-1.48694908618927,-0.9175230860710144,-1.7382522821426392,-1.3060874938964844,2.504240036010742,-0.36247774958610535,-1.128067135810852,-0.659528911113739,1.8443721532821655,-0.8350616097450256,6.306793212890625,0.008957996964454651,0.009793385863304138,0.798454761505127,0.0007806378998793662,-0.05634862184524536,-0.04182965308427811,83.92738342285156,387.9609375,0.5,0.0,0.0,0.8755875825881958,0.0,0.9590248465538025,0.9813104867935181,0.0,0.0,0.0,0.0,419.0854797363281,0.0
2.59,3.4000003337860107,0.5877835555888976,-0.8090182270995342,1.0,0.0,1.0,1.0,0.8207324743270874,-0.18568460643291473,0.6191139221191406,0.00023478298680856824,0.007270439527928829,-0.16509580612182617,0.36856627464294434,0.0639793798327446,0.029746560379862785,-0.6889853477478027,-0.4897768497467041,0.40229320526123047,0.3179929554462433,0.19326047599315643,-0.9609723091125488,0.4072597324848175,-0.1853032410144806,-0.02607797272503376,-0.36130625009536743,-0.23363009095191956,0.9093186259269714,0.5209282040596008,-0.21378855407238007,0.234322652220726,0.4000000059604645,0.05000000074505806,-0.3100000023841858,0.49000000953674316,-0.20999999344348907,0.0,-0.486372172832489,-0.06727443635463715,0.3480037450790405,0.6109210252761841,-0.2652781903743744,0.0,-1.274455189704895,-1.384342074394226,-0.3383917212486267,-2.4712207317352295,-1.3114145994186401,-11.73654556274414,1.3868427276611328,-0.8336756229400635,-1.7690062522888184,1.2862111330032349,-3.6535868644714355,-0.024464845657348633,0.007284060120582581,0.01128685474395752,0.4261185824871063,-0.013016979210078716,-0.6545313000679016,-0.023448193445801735,32.98127746582031,369.54541015625,0.5,0.0,0.0,0.8486919403076172,0.0,0.9581639170646667,0.7234820127487183,0.0,0.0,0.0,0.0,538.312744140625,0.0
2.6,3.411111354827881,0.529917965601585,-0.8480489076301421,1.0,0.0,1.0,0.0,0.8244712352752686,-0.18692974746227264,0.6190183758735657,-0.00020742416381835938,0.0026129332836717367,-0.16401195526123047,0.38265714049339294,0.05266339331865311,-0.04353071749210358,-0.265848308801651,0.25382500886917114,-0.12169050425291061,0.3179851472377777,0.1924934834241867,-0.9691409468650818,0.4110725522041321,-0.1763540506362915,-0.11012344807386398,-0.35847151279449463,-0.24110715091228485,0.9302746057510376,0.5135775208473206,-0.11660624295473099,0.04663537070155144,0.4000000059604645,0.05000000074505806,-0.3100000023841858,0.49000000953674316,-0.20999999344348907,0.0,-0.4702030420303345,-0.06404060125350952,0.3408893346786499,0.5882842540740967,-0.25492992997169495,0.0,0.2805313467979431,0.20140482485294342,-0.5164958834648132,0.7921678423881531,1.037536859512329,-4.135748863220215,-0.761830747127533,-0.540716826915741,3.9142751693725586,-1.0268135070800781,9.847734451293945,-10.655977249145508,0.006762117147445679,0.011603504419326782,0.05793077498674393,1.035204291343689,-0.11912170797586441,-0.7383924722671509,141.57916259765625,0.0,0.5,0.0,0.0,0.8734712600708008,0.0,0.9674558043479919,0.9708171486854553,0.0,0.0,0.0,0.0,830.4799194335938,0.0
2.61,3.422222375869751,0.46947071039168947,-0.8829480460844353,1.0,0.0,1.0,0.0,0.8279942870140076,-0.18745394051074982,0.6185599565505981,0.0008321757195517421,0.0012479391880333424,-0.16432523727416992,0.3818686604499817,0.029306411743164062,-0.0495142824947834,-0.013798640109598637,0.018041906878352165,0.0031175906769931316,0.32064270973205566,0.19675816595554352,-0.97844398021698,0.42390716075897217,-0.15174920856952667,-0.16893048584461212,-0.3542168438434601,-0.24008150398731232,0.9683546423912048,0.4908934235572815,-0.12912139296531677,-0.08633355051279068,0.4000000059604645,0.05000000074505806,-0.3100000023841858,0.49000000953674316,-0.20999999344348907,0.0,-0.4551004469394684,-0.06102008745074272,0.3342441916465759,0.5671405792236328,-0.24526426196098328,0.0,0.17844413220882416,0.6759227514266968,-0.3624313473701477,1.6453906297683716,1.2130099534988403,-3.8570358753204346,0.8562267422676086,0.33137038350105286,4.1952714920043945,-2.6570005416870117,-2.889211416244507,-10.22846794128418,0.006709679961204529,0.010379575192928314,0.069947749376297,1.2471802234649658,0.0143972747027874,-0.369859904050827,316.0536193847656,0.0,0.5,0.0,0.0,0.900765061378479,0.0,0.9708068370819092,0.9999805092811584,0.0,0.0,0.0,0.0,465.021240234375,0.0
2.62,3.4333336353302,0.40673490962048237,-0.9135462294246622,1.0,0.0,1.0,0.0,0.8316564559936523,-0.18758608400821686,0.6179594993591309,0.0011399064678698778,0.0021672009024769068,-0.16419696807861328,0.36720678210258484,0.008778397925198078,-0.06650908291339874,0.14233912527561188,0.027832062914967537,-0.013332121074199677,0.32418495416641235,0.20927564799785614,-0.979680597782135,0.45057427883148193,-0.16847603023052216,-0.18080611526966095,-0.3581617474555969,-0.2314751297235489,0.9760912656784058,0.46759268641471863,-0.2051994353532791,0.020130252465605736,0.4000000059604645,0.05000000074505806,-0.3100000023841858,0.49000000953674316,-0.20999999344348907,0.0,-0.441358357667923,-0.05827166885137558,0.3281976580619812,0.5479016900062561,-0.2364693284034729,0.0,0.3480483889579773,1.305554986000061,-0.027887381613254547,2.684520959854126,-1.7009729146957397,-1.0752397775650024,-0.8066284656524658,0.8351157903671265,-0.7529122233390808,-2.292548179626465,-6.860211372375488,10.042326927185059,0.007458530366420746,0.008788533508777618,0.015217631123960018,1.0622119903564453,0.012694832868874073,0.3844911456108093,322.962158203125,0.0,0.5,0.0,0.0,0.9516711235046387,0.0,0.9651978611946106,0.9996446371078491,0.0,0.0,0.0,0.0,259.6153564453125,0.0
2.63,3.4444446563720703,0.34201889204895347,-0.9396930762124441,1.0,0.0,1.0,1.0,0.8362725377082825,-0.18812024593353271,0.6175850629806519,-0.002918720245361328,0.0030954175163060427,-0.16473054885864258,0.3539998531341553,-0.004128269851207733,-0.003300432115793228,0.03818181902170181,-0.7242559790611267,-0.06786325573921204,0.3200397491455078,0.21868127584457397,-0.975658655166626,0.4755396246910095,-0.1841435432434082,-0.20004869997501373,-0.35354989767074585,-0.22733654081821442,0.9714202284812927,0.46628648042678833,-0.19727249443531036,0.12099608033895493,0.4000000059604645,0.05000000074505806,-0.3100000023841858,0.49000000953674316,-0.20999999344348907,0.0,-0.4292442202568054,-0.05584884434938431,0.3228674530982971,0.530941903591156,-0.22871629893779755,0.0,-0.916171133518219,0.7811207175254822,0.7439150810241699,2.5687172412872314,-1.7161016464233398,-2.022674322128296,1.4295673370361328,0.4823742210865021,-0.5409774780273438,0.1895006150007248,1.8323439359664917,6.794708728790283,0.008372239768505096,0.008187830448150635,0.0373782217502594,0.09001220017671585,0.01881408877670765,-0.07792403548955917,351.49871826171875,265.4085998535156,0.5,0.0,0.0,0.9213647842407227,0.0,0.9582312107086182,0.9908314347267151,0.0,0.0,0.0,0.0,416.1872253417969,0.0
2.64,3.4555556774139404,0.275636619818429,-0.9612619069822079,1.0,0.0,0.0,1.0,0.8411850333213806,-0.1890174299478531,0.6174497008323669,-0.00817108154296875,0.003011944703757763,-0.1666736602783203,0.370135098695755,-0.0007857921300455928,-0.033397432416677475,-0.05163537338376045,-0.3286795914173126,-0.23735207319259644,0.3116094768047333,0.2150275707244873,-0.9469014406204224,0.4746048152446747,-0.18613772094249725,-0.12591961026191711,-0.33961907029151917,-0.22496385872364044,0.9710068702697754,0.467596173286438,-0.1805046647787094,0.15866386890411377,0.4000000059604645,0.05000000074505806,-0.3100000023841858,0.49000000953674316,-0.20999999344348907,0.0,-0.41899386048316956,-0.053798772394657135,0.31835728883743286,0.5165914297103882,-0.22215606272220612,0.0,-0.3437100946903229,-0.6302593946456909,2.8608739376068115,-0.5460662841796875,-0.4761846661567688,5.549117088317871,1.2525523900985718,0.06042904406785965,0.03747997432947159,0.15193316340446472,0.8793851733207703,1.7077000141143799,0.007935650646686554,0.007855482399463654,0.41586071252822876,0.037488341331481934,-0.14173570275306702,-0.07685284316539764,0.0,208.57351684570312,0.5,0.0,0.0,0.8963603973388672,0.0,0.9668315052986145,0.8934436440467834,0.0,0.0,0.0,0.0,55.98503875732422,0.0
2.65,3.4666669368743896,0.20791003015250864,-0.9781479537176281,1.0,0.0,0.0,1.0,0.8449947237968445,-0.1902841478586197,0.6170021295547485,-0.00921010971069336,0.00016640049580018967,-0.16675233840942383,0.3679179549217224,0.0208818968385458,-0.05964375659823418,-0.4868922233581543,0.014581209979951382,0.17486432194709778,0.30979275703430176,0.21207143366336823,-0.9586972594261169,0.4604644179344177,-0.13015684485435486,0.054843563586473465,-0.3384873569011688,-0.2354343682527542,0.9663507342338562,0.48758602142333984,-0.1942386031150818,0.1751050353050232,0.4000000059604645,0.05000000074505806,-0.3100000023841858,0.49000000953674316,-0.20999999344348907,0.0,-0.4108065664768219,-0.052161313593387604,0.3147549033164978,0.5051292181015015,-0.21691618859767914,0.0,0.28727293014526367,-0.3377118706703186,-2.7235801219940186,-1.4805108308792114,5.279550075531006,10.610987663269043,-0.18335269391536713,-1.395113468170166,-0.6145139336585999,2.2546873092651367,-1.7101975679397583,2.0997140407562256,0.006539769470691681,0.008712492883205414,1.1055008172988892,0.00976902712136507,-0.15126100182533264,-0.030712557956576347,0.0,318.3703918457031,0.5,0.0,0.0,0.8932806253433228,0.0,0.9648684859275818,0.9406774044036865,0.0,0.0,0.0,0.0,850.1737060546875,0.0
2.66,3.477778196334839,0.139170496681739,-0.9902684347455278,1.0,0.0,1.0,1.0,0.8481976389884949,-0.1919112652540207,0.6166677474975586,-0.008065223693847656,-0.005077838897705078,-0.16605377197265625,0.37907668948173523,0.03744127228856087,-0.019568033516407013,-0.5256171822547913,0.17229028046131134,-0.002982612233608961,0.3159868121147156,0.20400801301002502,-0.9637386798858643,0.45416927337646484,-0.13311432301998138,0.0629580020904541,-0.34204450249671936,-0.24862957000732422,0.9660238027572632,0.5070623159408569,-0.2033728063106537,0.2161262333393097,0.4000000059604645,0.05000000074505806,-0.3100000023841858,0.49000000953674316,-0.20999999344348907,0.0,-0.4048420190811157,-0.05096840113401413,0.31213048100471497,0.49677881598472595,-0.21309888362884521,0.0,0.24593029916286469,-0.9799464344978333,0.5639973878860474,-0.8319222331047058,3.6633217334747314,8.060733795166016,-0.4642697870731354,-1.2256295680999756,0.10231038928031921,1.920216679573059,-2.016014575958252,4.315481185913086,0.005337871611118317,0.01015247032046318,0.43145951628685,0.055719684809446335,0.005086446180939674,-0.12331125140190125,82.35491943359375,301.0355529785156,0.5,0.0,0.0,0.850968599319458,0.0,0.9684595465660095,0.9999821782112122,0.0,0.0,0.0,0.0,458.6240234375,0.0
2.67,3.488889455795288,0.06975292044252333,-0.9975642987245178,1.0,1.0,1.0,1.0,0.8520862460136414,-0.193549245595932,0.6168023347854614,-0.009289264678955078,-0.010682106018066406,-0.16343021392822266,0.37814754247665405,0.050768837332725525,0.03326154127717018,-0.6178591251373291,-0.3390655815601349,0.4637278914451599,0.310408353805542,0.19136422872543335,-0.9652800559997559,0.43789979815483093,-0.1684701144695282,-0.07846382260322571,-0.3397885262966156,-0.25340867042541504,0.9473380446434021,0.5176582932472229,-0.2137250304222107,0.249012291431427,0.4000000059604645,0.05000000074505806,-0.3100000023841858,0.49000000953674316,-0.20999999344348907,0.0,-0.4000000059604645,-0.05000000074505806,0.3100000023841858,0.49000000953674316,-0.20999999344348907,0.0,-0.8152987957000732,-1.009323000907898,0.12204213440418243,-1.2687326669692993,0.9302964806556702,-10.353721618652344,0.8343983888626099,-0.5436825156211853,-2.2072432041168213,1.0808783769607544,-2.0523805618286133,0.46796950697898865,0.003868497908115387,0.011433914303779602,0.20036303997039795,-0.0007225841982290149,-0.45983758568763733,-0.07833646982908249,85.05863952636719,481.04180908203125,0.5,0.0,0.0,0.8360264301300049,0.0,0.9657493233680725,0.6504524350166321,0.0,0.0,0.0,0.0,436.0159912109375,0.0
2.68,3.500000476837158,-2.9960562271378535e-06,-0.9999999999955118,1.0,1.0,1.0,0.0,0.855792224407196,-0.1946813017129898,0.6169244050979614,-0.00909566879272461,-0.014434814453125,-0.16202402114868164,0.39169806241989136,0.03808138519525528,-0.016473153606057167,-0.15067368745803833,0.2728843092918396,-0.11253631860017776,0.3098125159740448,0.19133102893829346,-0.9665541648864746,0.44966641068458557,-0.16971567273139954,-0.09048326313495636,-0.3365670144557953,-0.2564569115638733,0.9632304906845093,0.5058514475822449,-0.1122322753071785,0.06322765350341797,0.4000000059604645,0.05000000074505806,-0.3100000023841858,0.49000000953674316,-0.20999999344348907,0.0,-0.4000000059604645,-0.05000000074505806,0.3100000023841858,0.49000000953674316,-0.20999999344348907,0.0,0.19985254108905792,0.23384812474250793,-0.0018763858824968338,1.1138347387313843,-0.7208317518234253,-0.7657400965690613,-0.6049699187278748,-0.01732046902179718,3.508168935775757,-1.5223398208618164,10.031099319458008,-10.639591217041016,0.003934647887945175,0.01154119148850441,0.012932744808495045,1.0054739713668823,0.008160503581166267,-0.7185428738594055,196.9368438720703,0.0,0.5,0.0,0.0,0.8163877725601196,0.0,0.9739853739738464,0.9749892354011536,0.0,0.0,0.0,0.0,777.6133422851562,0.0
2.69,3.5111114978790283,-0.06975889795872937,-0.9975638807392655,1.0,1.0,1.0,0.0,0.8591228723526001,-0.1950213611125946,0.6167598366737366,-0.006727695465087891,-0.014881610870361328,-0.1610713005065918,0.3961469233036041,0.022376323118805885,-0.024724725633859634,0.04299622029066086,0.24375902116298676,0.19910767674446106,0.3121800720691681,0.19595769047737122,-0.9720562696456909,0.46037399768829346,-0.16043446958065033,-0.12199099361896515,-0.33704671263694763,-0.2475784718990326,0.9733046889305115,0.4804508686065674,-0.18337498605251312,-0.06982028484344482,0.4000000059604645,0.05000000074505806,-0.3100000023841858,0.49000000953674316,-0.20999999344348907,0.0,-0.4000000059604645,-0.05000000074505806,0.3100000023841858,0.49000000953674316,-0.20999999344348907,0.0,0.22584709525108337,0.6547776460647583,-0.32113853096961975,1.2635095119476318,-0.0950237438082695,-1.7003655433654785,0.1568601280450821,1.1158125400543213,0.7476997971534729,-3.0227391719818115,-8.774711608886719,-10.225153923034668,0.004200704395771027,0.010195434093475342,0.028526518493890762,1.140393853187561,0.008972696028649807,-0.13370220363140106,283.1764221191406,0.0,0.5,0.0,0.0,0.8392398357391357,0.0,0.977680504322052,0.9237741231918335,0.0,0.0,0.0,0.0,357.3746337890625,0.0
2.7,3.5222227573394775,-0.13917643047905787,-0.990267600802484,0.0,1.0,1.0,1.0,0.8622727990150452,-0.19515295326709747,0.6164230108261108,-0.0036668777465820312,-0.013706684112548828,-0.1594715118408203,0.3889649212360382,-0.0066734254360198975,-0.03742499276995659,0.16002601385116577,0.30957332253456116,0.16946552693843842,0.31666624546051025,0.2065136879682541,-0.9746053218841553,0.48062217235565186,-0.18321971595287323,-0.12196557968854904,-0.34186995029449463,-0.24005712568759918,0.9929353594779968,0.4572044909000397,-0.2105197012424469,0.035470906645059586,0.36520564556121826,0.043041128665208817,-0.29469048976898193,0.44128790497779846,-0.18773160874843597,0.0,-0.4000000059604645,-0.05000000074505806,0.3100000023841858,0.49000000953674316,-0.20999999344348907,0.0,0.443009614944458,1.1005264520645142,-0.1516389399766922,2.0074243545532227,-2.216935396194458,0.25066980719566345,-0.6380284428596497,0.5010783076286316,1.6654696464538574,-1.7970234155654907,0.5410900115966797,9.858048439025879,0.005023263394832611,0.00888117402791977,-0.013858579099178314,0.7645118832588196,0.007229023613035679,0.1344272345304489,329.7232971191406,34.482723236083984,0.5,0.0,0.0,0.7675052881240845,0.0,0.9755570292472839,0.9441812634468079,0.0,0.0,0.0,0.0,206.01373291015625,0.0
2.71,3.5333337783813477,-0.2079144260298086,-0.97814701934254,0.0,1.0,1.0,1.0,0.8663164973258972,-0.1954512596130371,0.6163758039474487,-0.004490852355957031,-0.011853218078613281,-0.1581568717956543,0.37736958265304565,-0.017814749851822853,0.028276393190026283,0.1672258973121643,-0.36686021089553833,0.13122722506523132,0.31154340505599976,0.2134687751531601,-0.9698964357376099,0.4949279725551605,-0.20691825449466705,-0.11746204644441605,-0.34207233786582947,-0.23271754384040833,0.9855265021324158,0.4535282850265503,-0.19801363348960876,0.12945424020290375,0.34802111983299255,0.039604224264621735,-0.287129282951355,0.417229562997818,-0.17673350870609283,0.0,-0.4000000059604645,-0.05000000074505806,0.3100000023841858,0.49000000953674316,-0.20999999344348907,0.0,-1.0486369132995605,0.49844157695770264,0.8277170658111572,1.3195635080337524,-2.5983455181121826,0.40260905027389526,0.8758165240287781,0.6913610696792603,-0.29474303126335144,-0.11388680338859558,2.323228359222412,7.1153435707092285,0.005844421684741974,0.008337154984474182,-0.007873596623539925,0.1029573380947113,0.014822496101260185,-0.0705195739865303,325.6750183105469,268.53155517578125,0.5,0.0,0.0,0.7989886999130249,0.0,0.9697556495666504,0.9661452174186707,0.0,0.0,0.0,0.0,336.6349182128906,0.0
2.72,3.5444447994232178,-0.27563949981191344,-0.9612610811550826,0.0,1.0,1.0,1.0,0.8709388375282288,-0.1959933042526245,0.6166974306106567,-0.007603645324707031,-0.010198116302490234,-0.1582498550415039,0.3894747197628021,-0.023495053872466087,0.02741130255162716,0.18473592400550842,-0.22286665439605713,-0.14149588346481323,0.3022400438785553,0.2102457731962204,-0.9462044835090637,0.49408870935440063,-0.19891956448554993,-0.1345585584640503,-0.3277047574520111,-0.22476431727409363,0.9807310700416565,0.4465731680393219,-0.18626876175403595,0.14677169919013977,0.3310897946357727,0.036217961460351944,-0.2796795070171356,0.39352571964263916,-0.16589747369289398,0.0,-0.4000000059604645,-0.05000000074505806,0.3100000023841858,0.49000000953674316,-0.20999999344348907,0.0,-0.742851197719574,-0.42374280095100403,2.5754902362823486,-0.21795059740543365,0.6919461488723755,-1.3586684465408325,1.4832342863082886,0.8169800043106079,-0.5026194453239441,-0.8841501474380493,0.8438352346420288,0.0786900520324707,0.006095610558986664,0.007686398923397064,0.02084294520318508,0.031066492199897766,-0.017563074827194214,-0.019104337319731712,142.28826904296875,175.841064453125,0.5,0.0,0.0,0.8406071066856384,0.0,0.9747875332832336,0.9607489109039307,0.0,0.0,0.0,0.0,103.30046844482422,0.0
2.73,3.555556058883667,-0.3420231151054365,-0.9396915391412085,0.0,1.0,0.0,1.0,0.8748120069503784,-0.19668404757976532,0.6168441772460938,-0.007763862609863281,-0.00995779037475586,-0.15794706344604492,0.3883758783340454,-0.0037110750563442707,0.0007001794874668121,-0.12089856714010239,0.08839213848114014,0.20536893606185913,0.2948433756828308,0.20730096101760864,-0.9502910375595093,0.4764842092990875,-0.15269272029399872,0.018161525949835777,-0.32577022910118103,-0.2287556380033493,0.9784192442893982,0.46008336544036865,-0.19315417110919952,0.16165703535079956,0.31449422240257263,0.03289884328842163,-0.27237746119499207,0.37029191851615906,-0.15527629852294922,0.0,-0.4000000059604645,-0.05000000074505806,0.3100000023841858,0.49000000953674316,-0.20999999344348907,0.0,-0.2725681662559509,-0.3127271234989166,-1.920844554901123,-2.064251661300659,3.756493330001831,10.382883071899414,-0.053339362144470215,-0.7617921829223633,-0.4619448184967041,1.833223819732666,-2.1176154613494873,0.5814065337181091,0.005255959928035736,0.008287742733955383,0.9433903694152832,-0.0018179002217948437,-0.0910729467868805,-0.018834147602319717,0.0,283.6961975097656,0.5,0.0,0.0,0.82120680809021,0.0,0.975361168384552,0.9191069602966309,0.0,0.0,0.0,0.0,558.585693359375,0.0
2.74,3.566667079925537,-0.4067390151701772,-0.9135444015144497,0.0,1.0,1.0,1.0,0.8782551288604736,-0.19771723449230194,0.6169630885124207,-0.0064544677734375,-0.012064456939697266,-0.15741348266601562,0.3946511149406433,0.018322784453630447,0.018404925242066383,-0.24140261113643646,0.14056597650051117,-0.036646388471126556,0.2968013882637024,0.20054835081100464,-0.9453473687171936,0.46458590030670166,-0.1500316709280014,0.06487928330898285,-0.3245706856250763,-0.23780369758605957,0.9903092980384827,0.4760926067829132,-0.20576000213623047,0.19109560549259186,0.29831522703170776,0.02966304123401642,-0.26525869965553284,0.3476412892341614,-0.14492172002792358,0.0,-0.4000000059604645,-0.05000000074505806,0.3100000023841858,0.49000000953674316,-0.20999999344348907,0.0,0.021660439670085907,-0.6408424973487854,1.05154550075531,-0.34621068835258484,-2.85642409324646,4.348564147949219,0.23940688371658325,-0.7912052273750305,1.632056474685669,1.4932935237884521,-2.603032350540161,4.046196937561035,0.004457630217075348,0.009446024894714355,0.3158084452152252,0.026224814355373383,-0.058727435767650604,-0.17981091141700745,165.75027465820312,263.5411682128906,0.5,0.0,0.0,0.770368218421936,0.0,0.9773913025856018,0.9973176717758179,0.0,0.0,0.0,0.0,377.04071044921875,0.0
2.75,3.5777781009674072,-0.46947335575157345,-0.8829466395198275,0.0,1.0,1.0,1.0,0.8822378516197205,-0.19886276125907898,0.6174235343933105,-0.007212638854980469,-0.014983654022216797,-0.15606117248535156,0.38984784483909607,0.027286741882562637,0.0586940199136734,-0.324287474155426,-0.2445308417081833,0.25693365931510925,0.29105088114738464,0.1897362619638443,-0.9396109580993652,0.45198318362236023,-0.19022026658058167,-0.061541926115751266,-0.32283177971839905,-0.23975713551044464,0.97602778673172,0.4847582280635834,-0.206438347697258,0.23374323546886444,0.2826315760612488,0.0265263170003891,-0.2583579123020172,0.32568424940109253,-0.13488420844078064,0.0,-0.4000000059604645,-0.05000000074505806,0.3100000023841858,0.49000000953674316,-0.20999999344348907,0.0,-0.8392820358276367,-1.1545205116271973,0.7669098973274231,-1.1286901235580444,-0.3776741027832031,-10.372995376586914,0.3202839195728302,-0.09656916558742523,-2.079763889312744,1.0176153182983398,-0.03918134421110153,4.528030872344971,0.0037515759468078613,0.010574862360954285,0.11616254597902298,-0.017087062820792198,-0.19977258145809174,-0.09159021824598312,115.29993438720703,322.40869140625,0.5,0.0,0.0,0.7233843803405762,0.0,0.9745727181434631,0.8763148784637451,0.0,0.0,0.0,0.0,398.9239501953125,0.0
2.7600000000000002,3.5888893604278564,-0.5299217767995477,-0.8480465261255483,0.0,1.0,1.0,0.0,0.8861271142959595,-0.19926400482654572,0.617889404296875,-0.007048606872558594,-0.015069961547851562,-0.15771818161010742,0.397564172744751,0.016928790137171745,0.027845973148941994,0.2612225413322449,0.2008155882358551,-0.5179000496864319,0.28962016105651855,0.19180738925933838,-0.9368365406990051,0.46148884296417236,-0.18589089810848236,-0.09587644040584564,-0.3224468529224396,-0.2380462884902954,0.9889196157455444,0.4725847840309143,-0.0994654968380928,0.05589381977915764,0.26751935482025146,0.023503873497247696,-0.2517085075378418,0.3045271039009094,-0.1252123862504959,0.0,-0.4000000059604645,-0.05000000074505806,0.3100000023841858,0.49000000953674316,-0.20999999344348907,0.0,0.06730110198259354,0.7351739406585693,0.7583445906639099,1.5246996879577637,-2.6428213119506836,-1.1058237552642822,-0.764471173286438,0.40465760231018066,3.073568105697632,-1.5175609588623047,10.049577713012695,-10.57735824584961,0.0046110600233078,0.010578121989965439,-0.0016217129305005074,1.0055605173110962,0.03484548628330231,-0.5300961136817932,215.5233612060547,0.0,0.5,0.0,0.0,0.7406067252159119,0.0,0.9786713719367981,0.5848259925842285,0.0,0.0,0.0,0.0,881.5465087890625,0.0
2.77,3.6000003814697266,-0.5877871913791058,-0.8090155855424928,0.0,1.0,1.0,0.0,0.8899184465408325,-0.19874410331249237,0.6182065010070801,-0.005916118621826172,-0.011292457580566406,-0.15986919403076172,0.39653918147087097,0.0034608913119882345,0.029741261154413223,0.4587138295173645,0.08967093378305435,-0.06193951889872551,0.2897515594959259,0.2015555053949356,-0.9380227327346802,0.47514453530311584,-0.18522688746452332,-0.1423548460006714,-0.326523095369339,-0.22226981818675995,0.9740957617759705,0.4453834891319275,-0.16240625083446503,-0.07587189972400665,0.2530530095100403,0.020610598847270012,-0.24534332752227783,0.2842741906642914,-0.11595390737056732,0.0,-0.4000000059604645,-0.05000000074505806,0.3100000023841858,0.49000000953674316,-0.20999999344348907,0.0,0.06933426111936569,1.0896307229995728,-0.13508327305316925,1.3827593326568604,0.35195231437683105,-5.090782165527344,-0.2075415700674057,1.7992467880249023,-2.193331480026245,-3.1427555084228516,-8.032327651977539,-10.212482452392578,0.006129011511802673,0.009087838232517242,0.0699300765991211,1.0770682096481323,0.0473971962928772,0.15474049746990204,319.5050048828125,0.0,0.5,0.0,0.0,0.845291018486023,0.0,0.9787957668304443,0.9923563003540039,0.0,0.0,0.0,0.0,505.312255859375,0.0
2.7800000000000002,3.6111114025115967,-0.6427890122540416,-0.7660432662229162,0.0,1.0,1.0,1.0,0.893729567527771,-0.19810760021209717,0.6185014247894287,-0.004966259002685547,-0.0061893463134765625,-0.1619701385498047,0.39158305525779724,-0.018108386546373367,0.03710578382015228,0.5336324572563171,0.04946886748075485,-0.28487902879714966,0.29408442974090576,0.21657606959342957,-0.9380815029144287,0.49954667687416077,-0.2055993676185608,-0.18703456223011017,-0.32983478903770447,-0.21093852818012238,0.9779509902000427,0.42454177141189575,-0.19184516370296478,0.04351845383644104,0.23930251598358154,0.017860502004623413,-0.23929309844970703,0.26502352952957153,-0.10715360194444656,0.0,-0.4000000059604645,-0.05000000074505806,0.3100000023841858,0.49000000953674316,-0.20999999344348907,0.0,0.43340861797332764,1.6133379936218262,-0.020220831036567688,2.8062446117401123,-1.6994507312774658,-4.059789657592773,-0.09051690250635147,0.8900043964385986,0.41750359535217285,-1.7645726203918457,0.18465980887413025,10.106998443603516,0.008506543934345245,0.007933609187602997,0.03968117758631706,0.5898515582084656,0.1097199097275734,0.3975924849510193,343.766845703125,64.08440399169922,0.5,0.0,0.0,0.8990248441696167,0.0,0.9761253595352173,0.8501758575439453,0.0,0.0,0.0,0.0,453.9051513671875,0.0
2.79,3.622222661972046,-0.6946603580135269,-0.7193378809742461,0.0,1.0,1.0,1.0,0.8985608816146851,-0.19773411750793457,0.6191512942314148,-0.008311271667480469,-0.0008707046508789062,-0.1651897430419922,0.3835822343826294,-0.020901072770357132,0.09419002383947372,0.5062257051467896,-0.6148187518119812,-0.3139822483062744,0.2889457941055298,0.2263721078634262,-0.9290745854377747,0.5192646980285645,-0.24148356914520264,-0.23396968841552734,-0.32628366351127625,-0.20239293575286865,0.9675456881523132,0.4255317151546478,-0.18180380761623383,0.1340479701757431,0.22633492946624756,0.015266984701156616,-0.2335873693227768,0.24686890840530396,-0.09885434806346893,0.0,-0.4000000059604645,-0.05000000074505806,0.3100000023841858,0.49000000953674316,-0.20999999344348907,0.0,-1.0330063104629517,0.6523754000663757,2.0238354206085205,2.233750581741333,-10.42210578918457,-2.5924971103668213,1.0562527179718018,1.0018428564071655,-0.7556944489479065,0.435883104801178,1.161929965019226,6.730274200439453,0.010996073484420776,0.007768847048282623,0.03295191004872322,0.027823179960250854,0.08057612925767899,-0.016827628016471863,317.509765625,257.3976745605469,0.5,0.0,0.0,0.8584877252578735,0.0,0.972407877445221,0.821051299571991,0.0,0.0,0.0,0.0,576.348876953125,0.0
2.8000000000000003,3.633333683013916,-0.7431462956277398,-0.6691289735878786,0.0,1.0,0.0,1.0,0.9033971428871155,-0.19762730598449707,0.6200173497200012,-0.011446952819824219,0.0031448747031390667,-0.1674337387084961,0.4013538360595703,-0.0054665300995111465,0.06644788384437561,0.27808672189712524,-0.08560820668935776,-0.1278401017189026,0.28285011649131775,0.22838392853736877,-0.9262750744819641,0.5098301768302917,-0.1427370011806488,-0.05537328124046326,-0.31839248538017273,-0.1985619068145752,0.9727421998977661,0.4340570569038391,-0.18368908762931824,0.16509640216827393,0.21421341598033905,0.012842681258916855,-0.22825390100479126,0.22989878058433533,-0.09109658002853394,0.0,-0.4000000059604645,-0.05000000074505806,0.3100000023841858,0.49000000953674316,-0.20999999344348907,0.0,0.33207058906555176,0.0048878733068704605,-1.1188689470291138,-1.2163652181625366,10.043608665466309,10.579428672790527,0.7063004970550537,0.06003684177994728,0.8049968481063843,0.8686677813529968,-1.2306675910949707,0.7246288061141968,0.011838782578706741,0.008289292454719543,1.0846658945083618,0.0449683777987957,0.28423115611076355,-0.03600863739848137,0.0,219.68923950195312,0.5,0.0,0.0,0.8149813413619995,0.0,0.9806674122810364,0.9678422212600708,0.0,0.0,0.0,0.0,688.6849365234375,0.0
2.81,3.644444704055786,-0.7880117578641547,-0.6156601899325999,0.0,1.0,1.0,1.0,0.9070423245429993,-0.19816742837429047,0.62058025598526,-0.010333061218261719,0.003572213463485241,-0.167510986328125,0.39486172795295715,0.0024527241475880146,0.041131071746349335,-0.15439732372760773,0.24051879346370697,0.15228912234306335,0.2863377630710602,0.2209845930337906,-0.9441235661506653,0.48017165064811707,-0.10041330754756927,0.11400364339351654,-0.3253619074821472,-0.2079877257347107,0.9728207588195801,0.4626189172267914,-0.2137175351381302,0.1903729885816574,0.20299701392650604,0.010599400848150253,-0.2233186960220337,0.21419581770896912,-0.08391807973384857,0.0,-0.4000000059604645,-0.05000000074505806,0.3100000023841858,0.49000000953674316,-0.20999999344348907,0.0,0.7137972712516785,-0.9939115047454834,-2.8132948875427246,-3.0999317169189453,0.5057196617126465,8.043006896972656,-1.0540438890457153,-1.3020941019058228,-0.0978631004691124,3.1495392322540283,-3.2762210369110107,3.5504403114318848,0.010940171778202057,0.010172359645366669,1.5055333375930786,-0.0011590702924877405,-0.08377137780189514,-0.04515477642416954,37.893192291259766,291.5235595703125,0.5,0.0,0.0,0.8818138837814331,0.0,0.9781227111816406,0.9546753764152527,0.0,0.0,0.0,0.0,808.5770263671875,0.0
2.82,3.6555559635162354,-0.8290390059273213,-0.5591907784030767,0.0,1.0,0.0,1.0,0.9103367328643799,-0.1992453634738922,0.6210529804229736,-0.00868988037109375,0.0006864283932372928,-0.16562891006469727,0.37891608476638794,0.04000338166952133,0.04566020146012306,-0.39508020877838135,0.09782866388559341,0.23803243041038513,0.3000889718532562,0.20801880955696106,-0.9582390785217285,0.45657920837402344,-0.19928935170173645,0.07739206403493881,-0.33550533652305603,-0.2182120680809021,0.9743099212646484,0.48625531792640686,-0.2176150381565094,0.2727288603782654,0.19274012744426727,0.008548025041818619,-0.21880565583705902,0.19983619451522827,-0.07735367119312286,0.0,-0.4000000059604645,-0.05000000074505806,0.3100000023841858,0.49000000953674316,-0.20999999344348907,0.0,1.5990251302719116,-1.4363404512405396,-0.6065047383308411,-2.3595504760742188,-10.005985260009766,-3.2766294479370117,-1.0094314813613892,-1.0072741508483887,-0.4177786111831665,2.304547071456909,-0.0009834859520196915,9.608366966247559,0.010172300040721893,0.01239997148513794,1.407468318939209,0.0682838037610054,-0.43408745527267456,-0.09551773220300674,0.0,392.7876892089844,0.5,0.0,0.0,0.8569956421852112,0.0,0.968000054359436,0.8928659558296204,0.0,0.0,0.0,0.0,593.1104736328125,0.0
2.83,3.6666669845581055,-0.86602640246812,-0.4999982702251336,0.0,1.0,1.0,0.0,0.9138973355293274,-0.19964797794818878,0.6211742162704468,-0.007616996765136719,-0.00048732757568359375,-0.16309690475463867,0.38814231753349304,0.05164509266614914,-0.025356339290738106,0.12475202232599258,0.14294491708278656,0.19876642525196075,0.3042835295200348,0.20564717054367065,-0.9821650385856628,0.4396771192550659,-0.23377788066864014,-0.06992505490779877,-0.34250643849372864,-0.21801266074180603,0.9571570158004761,0.4910490810871124,-0.17512266337871552,0.149846151471138,0.18349327147006989,0.0066986531019210815,-0.21473704278469086,0.18689057230949402,-0.07143568992614746,0.0,-0.4000000059604645,-0.05000000074505806,0.3100000023841858,0.49000000953674316,-0.20999999344348907,0.0,-0.3470667004585266,0.4070238173007965,-2.056270122528076,-1.073142409324646,0.43222081661224365,-10.410385131835938,-0.8459314703941345,0.4196823537349701,-1.2931033372879028,0.23261317610740662,3.7049005031585693,-10.161382675170898,0.009667035192251205,0.012916281819343567,0.35327866673469543,0.44119495153427124,-0.3437160551548004,-0.2971080541610718,67.1407699584961,0.0,0.5,0.0,0.0,0.8492778539657593,0.0,0.9700974225997925,0.9240249991416931,0.0,0.0,0.0,0.0,534.9544067382812,0.0
2.84,3.6777780055999756,-0.8987946738042235,-0.4383698602107121,0.0,1.0,1.0,0.0,0.9169731140136719,-0.19929514825344086,0.6207319498062134,-0.0038137435913085938,0.0012727179564535618,-0.1631612777709961,0.40022674202919006,0.02931920252740383,-0.058558911085128784,0.2663865387439728,0.5606687068939209,-0.17334070801734924,0.3090869188308716,0.21151873469352722,-0.9849579334259033,0.4460506737232208,-0.22726187109947205,-0.12369706481695175,-0.3475039601325989,-0.21653588116168976,0.9693830013275146,0.4757298529148102,-0.10870110243558884,-0.010120833292603493,0.1753012090921402,0.005060240626335144,-0.21113252639770508,0.17542168498039246,-0.06619276106357574,0.0,-0.4000000059604645,-0.05000000074505806,0.3100000023841858,0.49000000953674316,-0.20999999344348907,0.0,0.5768231749534607,0.7902125120162964,-0.23911052942276,0.8192971348762512,0.4535446763038635,-2.350698947906494,-0.7489147782325745,-0.0030915667302906513,2.37850022315979,-1.8286551237106323,5.149769306182861,-10.435901641845703,0.00975804403424263,0.01162131130695343,0.042746782302856445,0.9398112297058105,0.022396188229322433,-0.07430627197027206,268.34381103515625,0.0,0.5,0.0,0.0,0.9188231229782104,0.0,0.9786036014556885,0.9416760206222534,0.0,0.0,0.0,0.0,550.97021484375,0.0
2.85,3.688889265060425,-0.9271847399676593,-0.3746044019643976,0.0,1.0,1.0,1.0,0.9196334481239319,-0.1986318975687027,0.6201066970825195,0.001777346828021109,0.004686796106398106,-0.1634964942932129,0.392028272151947,0.013138405047357082,-0.055669210851192474,0.40101709961891174,0.5567308068275452,-0.02318948693573475,0.320645809173584,0.2244122475385666,-0.9964674711227417,0.46272653341293335,-0.2119361162185669,-0.19486179947853088,-0.35317331552505493,-0.21200834214687347,0.9816418290138245,0.4530734717845917,-0.1650623232126236,-0.1030045673251152,0.16820383071899414,0.0036407634615898132,-0.20800969004631042,0.16548538208007812,-0.061650440096855164,0.0,-0.4000000059604645,-0.05000000074505806,0.3100000023841858,0.49000000953674316,-0.20999999344348907,0.0,1.2165316343307495,1.7088536024093628,-0.7895616292953491,2.338233470916748,-0.2764231860637665,-4.05279016494751,-0.9216013550758362,0.43364208936691284,1.0931453704833984,-1.3250863552093506,1.7419499158859253,3.187781810760498,0.010577186942100525,0.00960635393857956,0.06511479616165161,0.5863212943077087,0.03037009760737419,0.20674487948417664,300.1765441894531,269.7253723144531,0.5,0.0,0.0,0.9279054403305054,0.0,0.9766166806221008,0.9989250898361206,0.0,0.0,0.0,0.0,350.708740234375,0.0
2.86,3.700000286102295,-0.9510570717929908,-0.30901528472317047,0.0,1.0,1.0,1.0,0.9229220747947693,-0.19782061874866486,0.6197760105133057,0.004624238703399897,0.009667186066508293,-0.16472101211547852,0.38035503029823303,-0.0023139887489378452,-0.011124415323138237,0.5642534494400024,0.10553589463233948,-0.18199129402637482,0.3246186375617981,0.2394212782382965,-0.993888795375824,0.4826408922672272,-0.2314848005771637,-0.2093666046857834,-0.3601802587509155,-0.2027474343776703,0.9730015993118286,0.44328686594963074,-0.19736507534980774,0.029977228492498398,0.16223573684692383,0.00244714692234993,-0.20538371801376343,0.15713003277778625,-0.057830870151519775,0.0,-0.4000000059604645,-0.05000000074505806,0.3100000023841858,0.49000000953674316,-0.20999999344348907,0.0,-0.029013602063059807,1.3931690454483032,0.6130524277687073,1.7492713928222656,-1.9423096179962158,-1.2784614562988281,-0.25074502825737,0.970102846622467,-1.2183998823165894,-0.7322123646736145,-0.2783777713775635,10.329841613769531,0.011896613985300064,0.008168645203113556,0.012482741847634315,0.20338857173919678,0.019220521673560143,0.4106358289718628,399.5838317871094,90.69132995605469,0.5,0.0,0.0,0.8293033838272095,0.0,0.9717656970024109,0.9359046816825867,0.0,0.0,0.0,0.0,381.2949523925781,0.0
2.87,3.711111307144165,-0.9702960242533633,-0.24192070047459116,0.0,1.0,1.0,1.0,0.9273177981376648,-0.19701987504959106,0.6198939085006714,0.002988069085404277,0.015723111107945442,-0.16686296463012695,0.3765818774700165,-0.004330908413976431,0.0386277474462986,0.6367886662483215,-0.37351325154304504,-0.22009630501270294,0.3196183741092682,0.250387966632843,-0.9830122590065002,0.4959145486354828,-0.2430737018585205,-0.23791195452213287,-0.3544585406780243,-0.19012020528316498,0.9651277661323547,0.43524056673049927,-0.17932060360908508,0.11341755092144012,0.15742598474025726,0.0014851950109004974,-0.2032674252986908,0.15039637684822083,-0.054752618074417114,0.0,-0.4000000059604645,-0.05000000074505806,0.3100000023841858,0.49000000953674316,-0.20999999344348907,0.0,-0.7873174548149109,1.0750772953033447,1.329424262046814,1.3990356922149658,-1.2733750343322754,-3.2385966777801514,1.027713656425476,1.2832859754562378,-0.49271467328071594,-0.38083943724632263,1.9565709829330444,4.193105697631836,0.013396542519330978,0.006857000291347504,0.04420850798487663,0.06034722179174423,0.033123936504125595,0.06925580650568008,301.6319885253906,169.70889282226562,0.5,0.0,0.0,0.7320910692214966,0.0,0.9699588418006897,0.9076606035232544,0.0,0.0,0.0,0.0,251.48031616210938,0.0
2.88,3.7222225666046143,-0.9848081287530218,-0.17364604672140296,0.0,1.0,0.0,1.0,0.931179404258728,-0.19670003652572632,0.6200796365737915,0.0032417532056570053,0.01962997391819954,-0.16980314254760742,0.38360702991485596,-0.0011653292458504438,0.0013235689839348197,0.16903084516525269,0.29172322154045105,-0.28964006900787354,0.31862398982048035,0.25069698691368103,-0.9757480621337891,0.48234713077545166,-0.13757997751235962,-0.05209099128842354,-0.3573961853981018,-0.19200240075588226,0.9747061133384705,0.4533665180206299,-0.18294063210487366,0.15037092566490173,0.1537979394197464,0.0007595866918563843,-0.20167109370231628,0.14531710743904114,-0.05243067443370819,0.0,-0.4000000059604645,-0.05000000074505806,0.3100000023841858,0.49000000953674316,-0.20999999344348907,0.0,0.8435644507408142,-0.4932970404624939,-0.4395153522491455,-1.6833317279815674,10.049272537231445,10.638031005859375,-0.6713549494743347,-0.7397835850715637,0.8316769599914551,2.069709539413452,-1.4469350576400757,1.2383455038070679,0.013391304761171341,0.007365420460700989,0.9526591897010803,0.0158150102943182,0.28966593742370605,-0.007229120936244726,0.0,254.9655303955078,0.5,0.0,0.0,0.7170155048370361,0.0,0.9732664823532104,0.845537543296814,0.0,0.0,0.0,0.0,854.89208984375,0.0
2.89,3.7333338260650635,-0.9945222189757651,-0.10452538430218751,0.0,1.0,0.0,1.0,0.9341641068458557,-0.19732598960399628,0.6200746297836304,0.006204294506460428,0.01888853870332241,-0.1722402572631836,0.37677276134490967,0.016267675906419754,-0.004834707360714674,-0.27344682812690735,0.3144286274909973,-0.1873348355293274,0.32395321130752563,0.23829784989356995,-0.9777493476867676,0.4524078965187073,-0.11162637919187546,0.11171672493219376,-0.36540764570236206,-0.20281076431274414,0.9792518615722656,0.4768773317337036,-0.2029072344303131,0.17117565870285034,0.15136942267417908,0.0002738833427429199,-0.20060254633426666,0.14191719889640808,-0.050876423716545105,0.0,-0.4000000059604645,-0.05000000074505806,0.3100000023841858,0.49000000953674316,-0.20999999344348907,0.0,0.6648998260498047,-1.506683588027954,-0.8079975843429565,-3.2548067569732666,0.4653541147708893,10.459162712097168,-0.8413196802139282,-1.2992933988571167,0.16304311156272888,2.3988845348358154,-2.4155113697052,2.808224678039551,0.011936821043491364,0.008673854172229767,1.2393991947174072,-0.003124191425740719,-0.08701001107692719,-0.031978558748960495,0.0,326.2901916503906,0.5,0.0,0.0,0.7706112861633301,0.0,0.9695733785629272,0.9322178959846497,0.0,0.0,0.0,0.0,814.8741455078125,0.0
2.9,3.7444448471069336,-0.99939091531173,-0.03489696824056555,0.0,1.0,1.0,1.0,0.9374839067459106,-0.1985359638929367,0.6201328039169312,0.006942139007151127,0.015036691911518574,-0.17327117919921875,0.360101580619812,0.05558306723833084,0.018559811636805534,-0.45535221695899963,-0.11476163566112518,-0.027059797197580338,0.3273274600505829,0.2205779254436493,-0.9900388121604919,0.42247554659843445,-0.20740893483161926,0.016492657363414764,-0.37071987986564636,-0.21323469281196594,0.9776503443717957,0.4956111013889313,-0.2012232095003128,0.23726975917816162,0.1501522660255432,3.0450522899627686e-05,-0.20006699860095978,0.14021319150924683,-0.050097450613975525,0.0,-0.4000000059604645,-0.05000000074505806,0.3100000023841858,0.49000000953674316,-0.20999999344348907,0.0,0.03948388621211052,-1.7583376169204712,-1.2187525033950806,-2.925248146057129,-2.734912157058716,-11.586697578430176,-0.25492268800735474,-1.0080950260162354,-0.5937396287918091,1.9915786981582642,0.013426254503428936,7.485165596008301,0.010363027453422546,0.010293185710906982,0.8603298664093018,0.01360477227717638,-0.37249940633773804,-0.04937281832098961,133.27500915527344,409.5009765625,0.5,0.0,0.0,0.8510677814483643,0.0,0.9556896686553955,0.9985365867614746,0.0,0.0,0.0,0.0,460.4289855957031,0.0
2.91,3.755556106567383,-0.9993907061872302,0.034902956702685686,0.0,1.0,1.0,0.0,0.9413917660713196,-0.19942206144332886,0.6199790239334106,0.005572543013840914,0.012150522321462631,-0.1742115020751953,0.36794161796569824,0.050137002021074295,-0.04243374988436699,-0.1374022364616394,-0.1277657449245453,-0.16800111532211304,0.3254149556159973,0.21327447891235352,-0.9940001964569092,0.4106736183166504,-0.19917921721935272,-0.11746677756309509,-0.36980658769607544,-0.2148451954126358,0.9679926633834839,0.4954146444797516,-0.17055797576904297,0.1197594702243805,0.15030455589294434,6.0908496379852295e-05,-0.2001340091228485,0.1404263973236084,-0.05019490420818329,0.0,-0.4000000059604645,-0.05000000074505806,0.3100000023841858,0.49000000953674316,-0.20999999344348907,0.0,-0.4604772925376892,-0.3135542571544647,-0.1470354199409485,-0.5394917726516724,5.334561347961426,-8.564780235290527,-0.10373890399932861,0.06932759284973145,-0.48358023166656494,-0.22478826344013214,2.711500883102417,-10.139567375183105,0.00939285010099411,0.010488428175449371,0.1513400822877884,0.5567712783813477,-0.125070258975029,-0.34416356682777405,222.77911376953125,0.0,0.5,0.0,0.0,0.8578724265098572,0.0,0.9608795046806335,0.9451149702072144,0.0,0.0,0.0,0.0,409.54168701171875,0.0
2.92,3.766667127609253,-0.9945215926300541,0.1045313435892817,0.0,1.0,1.0,0.0,0.9447569847106934,-0.19975313544273376,0.6193521022796631,0.0069944048300385475,0.01157660037279129,-0.1770920753479004,0.3777584731578827,0.02814873680472374,-0.0773729532957077,0.0258327629417181,0.3417907655239105,-0.3992251455783844,0.3270622193813324,0.2153906226158142,-0.9958786368370056,0.41874879598617554,-0.17981286346912384,-0.16643747687339783,-0.3734316825866699,-0.21505378186702728,0.9718946814537048,0.4799517095088959,-0.12461696565151215,-0.04591641575098038,0.15273171663284302,0.0005463436245918274,-0.20120194554328918,0.14382439851760864,-0.05174829065799713,0.0,-0.4000000059604645,-0.05000000074505806,0.3100000023841858,0.49000000953674316,-0.20999999344348907,0.0,0.42866411805152893,0.3467910587787628,-0.23539982736110687,0.7815256118774414,1.702673077583313,-4.303001880645752,-0.8300793170928955,-0.14406241476535797,1.1597119569778442,-1.7675985097885132,3.485919713973999,-10.476396560668945,0.008969705551862717,0.009361043572425842,0.0752124935388565,1.012136459350586,0.005729563534259796,-0.11501245945692062,246.5983123779297,0.0,0.5,0.0,0.0,0.8810520172119141,0.0,0.96901935338974,0.7270489931106567,0.0,0.0,0.0,0.0,653.85205078125,0.0
2.93,3.777778148651123,-0.9848073483630978,0.17365047253043717,0.0,1.0,1.0,1.0,0.9481096863746643,-0.1996990442276001,0.6187152862548828,0.008622079156339169,0.013264000415802002,-0.1802668571472168,0.36926546692848206,0.00810297206044197,-0.039747629314661026,0.24214217066764832,-0.005349964834749699,-0.27765771746635437,0.3328082263469696,0.2263006865978241,-1.0022937059402466,0.4382602572441101,-0.15997041761875153,-0.22456477582454681,-0.37263181805610657,-0.2114342451095581,0.9864451289176941,0.46015211939811707,-0.10368011146783829,-0.09310828149318695,0.15753866732120514,0.001507733017206192,-0.20331701636314392,0.15055415034294128,-0.05482473969459534,0.0,-0.4000000059604645,-0.05000000074505806,0.3100000023841858,0.49000000953674316,-0.20999999344348907,0.0,0.40890493988990784,1.2298460006713867,-0.42613163590431213,2.304553508758545,1.2292594909667969,-6.172215461730957,0.716176450252533,0.46544790267944336,0.9928450584411621,-1.1805450916290283,5.198022842407227,-0.9080743789672852,0.009529747068881989,0.007707357406616211,0.09490135312080383,0.30177873373031616,0.03966843709349632,-0.01905118115246296,344.33935546875,160.59811401367188,0.5,0.0,0.0,0.8164502382278442,0.0,0.9662677049636841,0.8571112155914307,0.0,0.0,0.0,0.0,481.2598571777344,0.0
2.94,3.7888894081115723,-0.9702949370315338,0.24192506106431436,0.0,1.0,1.0,1.0,0.9522489309310913,-0.1995672732591629,0.6183100938796997,0.006909332238137722,0.01653013937175274,-0.1826329231262207,0.3562227189540863,-0.009065856225788593,-0.0295855812728405,0.36523163318634033,-0.282175749540329,-0.22236594557762146,0.33461636304855347,0.24143071472644806,-0.9971181750297546,0.46811339259147644,-0.17921648919582367,-0.2535533308982849,-0.36859092116355896,-0.20149987936019897,0.9657691717147827,0.4496653079986572,-0.17852230370044708,0.04592828080058098,0.16463208198547363,0.0029264166951179504,-0.2064381241798401,0.1604849100112915,-0.059364527463912964,0.0,-0.4000000059604645,-0.05000000074505806,0.3100000023841858,0.49000000953674316,-0.20999999344348907,0.0,-0.027094189077615738,1.4079527854919434,0.802293062210083,2.804328680038452,-1.637481451034546,-3.123685121536255,0.2880769371986389,0.6604457497596741,-2.166239023208618,-0.30742233991622925,-0.8979200720787048,10.497690200805664,0.010978005826473236,0.006124459207057953,0.026478130370378494,0.1779414564371109,0.02294483408331871,0.44767868518829346,386.2962951660156,112.54083251953125,0.5,0.0,0.0,0.7512679100036621,0.0,0.9593414664268494,0.9058394432067871,0.0,0.0,0.0,0.0,566.9004516601562,0.0
2.95,3.8000004291534424,-0.9510556830426352,0.30901955885074106,0.0,1.0,1.0,1.0,0.9570687413215637,-0.19994109869003296,0.6180656552314758,0.0022577298805117607,0.018846506252884865,-0.18529844284057617,0.3613418936729431,-0.003364137141034007,-0.0125571982935071,0.12084213644266129,-0.5705180764198303,-0.24861368536949158,0.3263109624385834,0.24220389127731323,-0.9695475697517395,0.47854092717170715,-0.20965953171253204,-0.21982116997241974,-0.3590880036354065,-0.19629965722560883,0.9617554545402527,0.4515966475009918,-0.16671301424503326,0.11376731097698212,0.17387346923351288,0.00477469339966774,-0.21050432324409485,0.17342287302017212,-0.06527900695800781,0.0,-0.4000000059604645,-0.05000000074505806,0.3100000023841858,0.49000000953674316,-0.20999999344348907,0.0,-1.2541402578353882,-0.3515978753566742,2.7678017616271973,0.7323818206787109,-2.627721071243286,3.178748846054077,1.2151024341583252,0.49725887179374695,-0.2953634262084961,0.1877666413784027,2.4218897819519043,5.88473653793335,0.01122564822435379,0.0054467953741550446,0.018848998472094536,0.05671868100762367,0.10581383109092712,-0.07554299384355545,113.412109375,281.37249755859375,0.5,0.0,0.0,0.726866602897644,0.0,0.9622559547424316,0.8837177157402039,0.0,0.0,0.0,0.0,264.2603759765625,0.0
2.96,3.8111114501953125,-0.9271830564545201,0.3746085688070333,0.0,1.0,0.0,1.0,0.9610218405723572,-0.2010611593723297,0.6177602410316467,0.0006180982454679906,0.017525071278214455,-0.18670988082885742,0.3687295913696289,-0.0010379597079008818,-0.04641788452863693,-0.3468310534954071,0.11179304122924805,-0.03203431889414787,0.3221147060394287,0.23461848497390747,-0.9669812321662903,0.46216657757759094,-0.10651693493127823,-0.02354753576219082,-0.3587501049041748,-0.20517055690288544,0.9611054062843323,0.4722072184085846,-0.1726405769586563,0.14363040030002594,0.18508316576480865,0.007016632705926895,-0.21543659269809723,0.1891164481639862,-0.07245321571826935,0.0,-0.4000000059604645,-0.05000000074505806,0.3100000023841858,0.49000000953674316,-0.20999999344348907,0.0,0.6562922596931458,-0.961380660533905,-1.2699518203735352,-1.8921787738800049,10.035552978515625,10.752253532409668,-0.3766850233078003,-1.2964856624603271,-0.23341768980026245,2.209730386734009,-1.4357707500457764,1.108670711517334,0.009899869561195374,0.006286203861236572,1.039515733718872,0.018857812508940697,0.11633166670799255,-0.04711813107132912,0.0,268.3573913574219,0.5,0.0,0.0,0.783570408821106,0.0,0.9661211967468262,0.9979497194290161,0.0,0.0,0.0,0.0,943.0150146484375,0.0
2.97,3.8222227096557617,-0.8987927037240239,0.43837389946535216,0.0,1.0,1.0,1.0,0.9642996788024902,-0.20302480459213257,0.6173232793807983,0.0007636472000740469,0.01194777525961399,-0.18595170974731445,0.3555653393268585,0.023224351927638054,-0.040319543331861496,-0.7177382707595825,-0.04253903776407242,0.22261615097522736,0.3251843750476837,0.2198163866996765,-0.9791289567947388,0.43508321046829224,-0.12842819094657898,0.09180781245231628,-0.3648020923137665,-0.22180433571338654,0.9581086039543152,0.49925968050956726,-0.18113377690315247,0.19915223121643066,0.19804295897483826,0.009608589112758636,-0.22113889455795288,0.2072601616382599,-0.08074748516082764,0.0,-0.4000000059604645,-0.05000000074505806,0.3100000023841858,0.49000000953674316,-0.20999999344348907,0.0,0.5327408313751221,-1.5259177684783936,-2.251680374145508,-2.2843093872070312,-3.6010398864746094,-5.635913372039795,-0.6153674125671387,-1.8506489992141724,-0.647686243057251,2.951911687850952,-1.1750627756118774,6.662321090698242,0.007712826132774353,0.008099652826786041,1.0539870262145996,0.017762083560228348,-0.41939830780029297,-0.05706171691417694,199.98419189453125,366.86590576171875,0.5,0.0,0.0,0.8561835289001465,0.0,0.9581016302108765,0.9056377410888672,0.0,0.0,0.0,0.0,624.6232299804688,0.0
2.98,3.833333730697632,-0.866024155424979,0.5000021622157764,0.0,1.0,1.0,1.0,0.9678542613983154,-0.20565012097358704,0.6174030303955078,-0.0007929801940917969,0.003318070201203227,-0.18206453323364258,0.35798197984695435,0.035145848989486694,0.03753316029906273,-0.9614289999008179,-0.2008957415819168,0.5015066266059875,0.32710736989974976,0.20436343550682068,-0.9898269176483154,0.41681957244873047,-0.16500085592269897,-0.03351828455924988,-0.36351385712623596,-0.23830290138721466,0.9454807639122009,0.5219061970710754,-0.20698924362659454,0.23627692461013794,0.21250060200691223,0.012500118464231491,-0.22750025987625122,0.22750085592269897,-0.09000037610530853,0.0,-0.4000000059604645,-0.05000000074505806,0.3100000023841858,0.49000000953674316,-0.20999999344348907,0.0,-0.10014805942773819,-1.560247778892517,-0.621677041053772,-1.8178631067276,-1.5102328062057495,-10.34903621673584,0.30126824975013733,-1.812432050704956,-1.4067401885986328,2.5439794063568115,-5.073298454284668,2.941162586212158,0.006091900169849396,0.0105101577937603,0.4667443633079529,-0.010007662698626518,-0.6042067408561707,-0.04804190248250961,77.71885681152344,490.1183166503906,0.5,0.0,0.0,0.8334848880767822,0.0,0.9580946564674377,0.6047030091285706,0.0,0.0,0.0,0.0,525.1779174804688,0.0
2.99,3.844444751739502,-0.82903649286843,0.5591945041686424,0.0,1.0,1.0,0.0,0.9712957739830017,-0.20768198370933533,0.6175310611724854,-0.0012660026550292969,-0.003139495849609375,-0.17968463897705078,0.3626158535480499,0.019905822351574898,-0.01238358486443758,-0.3628588020801544,0.04881174862384796,0.015039375983178616,0.32985803484916687,0.20436406135559082,-0.9958557486534119,0.4253960847854614,-0.1489328145980835,-0.14136114716529846,-0.3605807423591614,-0.24956798553466797,0.9601348638534546,0.5212832689285278,-0.1025121659040451,0.060469865798950195,0.22817473113536835,0.015634946525096893,-0.23439687490463257,0.2494446337223053,-0.10003182291984558,0.0,-0.4000000059604645,-0.05000000074505806,0.3100000023841858,0.49000000953674316,-0.20999999344348907,0.0,0.19010841846466064,0.5392979383468628,-0.27399942278862,1.426130771636963,0.1949174404144287,-8.190641403198242,-0.2406669408082962,-0.7510701417922974,3.1406025886535645,-0.29909467697143555,10.046146392822266,-10.57374382019043,0.005816560238599777,0.011643141508102417,-0.06560264527797699,0.7796359658241272,-0.3503267765045166,-0.7519066333770752,188.38510131835938,0.0,0.5,0.0,0.0,0.7986921072006226,0.0,0.9621919989585876,0.9995477199554443,0.0,0.0,0.0,0.0,1006.3323364257812,0.0
3.0,3.855556011199951,-0.7880089910273819,0.6156637313176794,0.0,1.0,1.0,0.0,0.9743181467056274,-0.2090199887752533,0.6173323392868042,0.0007833666168153286,-0.00652313232421875,-0.17873573303222656,0.37866029143333435,-0.0017709052190184593,-0.03343833610415459,-0.30524179339408875,0.37959590554237366,0.14609089493751526,0.33186647295951843,0.20669926702976227,-1.0024707317352295,0.4385972321033478,-0.15039725601673126,-0.14432066679000854,-0.3604777157306671,-0.25098222494125366,0.9830382466316223,0.5022030472755432,-0.1229211762547493,-0.07909072935581207,0.24476072192192078,0.01895214430987835,-0.24169471859931946,0.27266502380371094,-0.11064685136079788,0.0,-0.4000000059604645,-0.05000000074505806,0.3100000023841858,0.49000000953674316,-0.20999999344348907,0.0,0.4271295964717865,0.12881791591644287,-0.5087155103683472,1.1216198205947876,-0.3302391767501831,0.03295084834098816,-0.19263289868831635,-0.049845028668642044,2.5446579456329346,-2.46018123626709,-3.824456214904785,-10.275245666503906,0.0056601762771606445,0.011128835380077362,0.005027497187256813,1.220697283744812,-0.006064040120691061,-0.32825618982315063,257.7554931640625,0.0,0.5,0.0,0.0,0.7804853916168213,0.0,0.9709765911102295,0.9582130908966064,0.0,0.0,0.0,0.0,346.0283508300781,0.0
3.0100000000000002,3.8666670322418213,-0.7431432884981971,0.6691323133432472,0.0,1.0,1.0,1.0,0.9772939085960388,-0.2100083976984024,0.6170580387115479,0.003029597457498312,-0.007743358612060547,-0.17770910263061523,0.3606710433959961,-0.02503259852528572,-0.01911621168255806,-0.009986039251089096,0.09292170405387878,0.05068365857005119,0.33514440059661865,0.21257136762142181,-1.0045920610427856,0.4567415416240692,-0.16803190112113953,-0.14098826050758362,-0.3642370104789734,-0.24497804045677185,0.9977720975875854,0.47693222761154175,-0.1640549898147583,-0.11173515021800995,0.2619348168373108,0.022386962547898293,-0.2492513209581375,0.29670876264572144,-0.12163827568292618,0.0,-0.4000000059604645,-0.05000000074505806,0.3100000023841858,0.49000000953674316,-0.20999999344348907,0.0,0.10845743119716644,0.6795445680618286,0.07611952722072601,1.8467141389846802,-1.7042793035507202,0.020579606294631958,-0.4838050305843353,0.7963749766349792,0.6602113842964172,-1.9574592113494873,-0.45371079444885254,1.9890952110290527,0.005976200103759766,0.010055698454380035,-0.007691128645092249,0.8532736897468567,0.0041193291544914246,-0.2066112756729126,355.38232421875,89.08971405029297,0.5,0.0,0.0,0.793892502784729,0.0,0.9607141613960266,0.9948755502700806,0.0,0.0,0.0,0.0,125.65511322021484,0.0
3.02,3.8777780532836914,-0.6946571252414097,0.719341002829215,0.0,1.0,1.0,1.0,0.9809567332267761,-0.2109159231185913,0.6168601512908936,0.0022015601862221956,-0.007245540618896484,-0.1773819923400879,0.3536135256290436,-0.04521305859088898,-0.011512672528624535,0.0875636413693428,-0.2352966070175171,0.023133346810936928,0.3343522846698761,0.22016718983650208,-1.0029940605163574,0.47737881541252136,-0.18696944415569305,-0.14841586351394653,-0.3658800423145294,-0.24014432728290558,1.0053303241729736,0.4718305170536041,-0.21879000961780548,0.023853812366724014,0.279363214969635,0.025872644037008286,-0.256919801235199,0.32110852003097534,-0.13279244303703308,0.0,-0.4000000059604645,-0.05000000074505806,0.3100000023841858,0.49000000953674316,-0.20999999344348907,0.0,-0.2980641722679138,0.7823914885520935,0.33656594157218933,2.182114601135254,-1.807660698890686,-1.097170352935791,0.3856949210166931,0.3864695429801941,0.4505709111690521,-0.12800581753253937,-2.172358512878418,10.550688743591309,0.006768114864826202,0.009712010622024536,0.007171076722443104,0.2906811237335205,0.02365591749548912,0.00400280486792326,307.8729248046875,124.02354431152344,0.5,0.0,0.0,0.8056693077087402,0.0,0.954138457775116,0.9989303350448608,0.0,0.0,0.0,0.0,372.0611877441406,0.0
3.0300000000000002,3.8888893127441406,-0.6427855695845053,0.7660461549632133,0.0,1.0,1.0,1.0,0.9852623343467712,-0.21168400347232819,0.6166678071022034,-0.0007925033569335938,-0.0054073333740234375,-0.1782994270324707,0.36444494128227234,-0.05049547553062439,-0.018326397985219955,0.21466098725795746,-0.29556432366371155,-0.17023323476314545,0.32350069284439087,0.22115828096866608,-0.9781912565231323,0.48380598425865173,-0.2249782681465149,-0.07399234920740128,-0.3620184659957886,-0.23021182417869568,0.999414324760437,0.46563267707824707,-0.21232576668262482,0.12305141240358353,0.2967067062854767,0.02934134006500244,-0.26455095410346985,0.34538939595222473,-0.1438922882080078,0.0,-0.4000000059604645,-0.05000000074505806,0.3100000023841858,0.49000000953674316,-0.20999999344348907,0.0,-1.0191736221313477,0.03502212464809418,1.0334938764572144,0.3204112648963928,-0.8879439830780029,-0.8592511415481567,0.2346576750278473,0.5250527858734131,-0.4506310224533081,-0.1236785501241684,3.3439478874206543,7.392358779907227,0.006736390292644501,0.008863560855388641,0.07365107536315918,0.22987158596515656,-0.0047825961373746395,-0.030013924464583397,174.3572998046875,81.59610748291016,0.5,0.0,0.0,0.8496592044830322,0.0,0.9590136408805847,0.9436889886856079,0.0,0.0,0.0,0.0,137.1917724609375,0.0
3.04,3.9000003337860107,-0.5877835555888977,0.8090182270995341,0.0,1.0,1.0,1.0,0.9891808032989502,-0.21287575364112854,0.6164143085479736,-0.002357006072998047,-0.0053348541259765625,-0.1805562973022461,0.37069934606552124,-0.04245539754629135,-0.028160275891423225,-0.14891931414604187,-0.04826836660504341,-0.2481565624475479,0.3189775347709656,0.21383891999721527,-0.955971360206604,0.48114776611328125,-0.22068136930465698,-0.053761716932058334,-0.3613716661930084,-0.23563188314437866,1.002251148223877,0.4806367754936218,-0.20644600689411163,0.17842882871627808,0.313627690076828,0.032725535333156586,-0.2719962000846863,0.36907875537872314,-0.1547217071056366,0.0,-0.4000000059604645,-0.05000000074505806,0.3100000023841858,0.49000000953674316,-0.20999999344348907,0.0,-0.019921623170375824,-1.096845269203186,2.295142412185669,-0.2711111307144165,0.509357213973999,1.3183536529541016,0.06140339374542236,-0.9145957231521606,-0.33803507685661316,1.7778759002685547,-1.0313924551010132,1.5534189939498901,0.006097711622714996,0.009334519505500793,0.1741718202829361,0.008112868294119835,0.08502479642629623,-0.024573305621743202,45.425331115722656,271.086181640625,0.5,0.0,0.0,0.818324863910675,0.0,0.9636354446411133,0.8841192126274109,0.0,0.0,0.0,0.0,137.88612365722656,0.0
3.0500000000000003,3.911111354827881,-0.5299179656015851,0.8480489076301421,0.0,1.0,1.0,1.0,0.9930021166801453,-0.21430090069770813,0.6163194179534912,-0.0035486221313476562,-0.0073184967041015625,-0.18102502822875977,0.36972689628601074,-0.002963495207950473,-0.0021967492066323757,-0.24103763699531555,-0.1495295763015747,0.10387338697910309,0.31647244095802307,0.20505963265895844,-0.9287898540496826,0.4721001088619232,-0.1800544261932373,0.03082340769469738,-0.3561902344226837,-0.24144142866134644,0.9963691234588623,0.49140098690986633,-0.2121090590953827,0.19173921644687653,0.32979685068130493,0.03595936670899391,-0.2791106104850769,0.3917155861854553,-0.16506996750831604,0.0,-0.4000000059604645,-0.05000000074505806,0.3100000023841858,0.49000000953674316,-0.20999999344348907,0.0,-0.22158509492874146,-0.5333415865898132,2.15448260307312,-0.5384509563446045,4.385847568511963,4.733460903167725,0.6772325038909912,-0.47533363103866577,-0.8464317917823792,0.9208923578262329,-0.769450843334198,1.0519988536834717,0.005070343613624573,0.009829439222812653,0.2290784865617752,0.00272546149790287,-0.16426710784435272,-0.01218604575842619,117.74785614013672,359.10443115234375,0.5,0.0,0.0,0.7769262790679932,0.0,0.9666104316711426,0.9786518216133118,0.0,0.0,0.0,0.0,239.47796630859375,0.0
3.06,3.92222261428833,-0.4694693877101682,0.8829487493637667,0.0,1.0,1.0,1.0,0.9967486262321472,-0.21557292342185974,0.6162933111190796,-0.00400543212890625,-0.009727954864501953,-0.1805434226989746,0.3852744996547699,0.011673121713101864,-0.010059138759970665,-0.23669034242630005,0.04493222385644913,-0.009174712933599949,0.3094010651111603,0.198392853140831,-0.9249943494796753,0.4593789279460907,-0.1523217111825943,0.03793332725763321,-0.34994450211524963,-0.24659934639930725,0.9906341433525085,0.5002387762069702,-0.22460032999515533,0.19222699105739594,0.34489983320236206,0.038979966193437576,-0.2857559323310852,0.4128597676753998,-0.174735888838768,0.0,-0.4000000059604645,-0.05000000074505806,0.3100000023841858,0.49000000953674316,-0.20999999344348907,0.0,-0.8235628604888916,-0.7174050807952881,0.0330558605492115,-1.3876222372055054,2.125396490097046,0.417283296585083,0.48279476165771484,-0.49442726373672485,-0.5597512722015381,0.8397294282913208,-1.3965994119644165,-0.2526118755340576,0.00393223762512207,0.010321293026208878,0.23624934256076813,-0.007293234579265118,-0.137238010764122,-0.02199634723365307,81.22221374511719,226.4665069580078,0.5,0.0,0.0,0.7393500804901123,0.0,0.9737541675567627,0.9998316764831543,0.0,0.0,0.0,0.0,116.33917999267578,0.0
3.0700000000000003,3.9333336353302,-0.40673490962048253,0.9135462294246622,0.0,1.0,1.0,0.0,1.000199794769287,-0.21616335213184357,0.6159995794296265,-0.0028066635131835938,-0.009830474853515625,-0.1825108528137207,0.3803826868534088,0.0018452031072229147,-0.04012224078178406,0.24490781128406525,0.16809004545211792,-0.4119442403316498,0.3087431788444519,0.193597212433815,-0.9113072752952576,0.4548463225364685,-0.16799138486385345,-0.07714199274778366,-0.35280027985572815,-0.24089305102825165,0.963766872882843,0.4896785020828247,-0.1568855196237564,0.0647701546549797,0.3586418926715851,0.04172837734222412,-0.29180243611335754,0.4320986568927765,-0.1835308074951172,0.0,-0.4000000059604645,-0.05000000074505806,0.3100000023841858,0.49000000953674316,-0.20999999344348907,0.0,-0.050778329372406006,0.19625672698020935,0.3385920226573944,0.28305280208587646,1.614577054977417,-5.122158527374268,-0.9708925485610962,1.0677624940872192,-2.806806802749634,-1.253085732460022,6.740490436553955,-10.19425106048584,0.0032577812671661377,0.00931624323129654,0.08547281473875046,0.47408148646354675,0.03127487376332283,-0.1857389658689499,297.6141662597656,0.0,0.5,0.0,0.0,0.7664041519165039,0.0,0.9717823266983032,0.7122002840042114,0.0,0.0,0.0,0.0,473.9478454589844,0.0
3.08,3.9444446563720703,-0.34201889204895364,0.9396930762124441,0.0,1.0,1.0,0.0,1.0037717819213867,-0.21603116393089294,0.6157101392745972,-0.0016503334045410156,-0.006500720977783203,-0.18618488311767578,0.38111281394958496,-0.017739469185471535,-0.02108260802924633,0.41932356357574463,0.0726374015212059,-0.3878375291824341,0.3103686273097992,0.20217448472976685,-0.9081954956054688,0.46937063336372375,-0.16825835406780243,-0.10819622874259949,-0.3553755581378937,-0.22644709050655365,0.9363426566123962,0.461248517036438,-0.13703161478042603,-0.07236769050359726,0.37075600028038025,0.044151198118925095,-0.2971326410770416,0.4490583837032318,-0.19128382205963135,0.0,-0.4000000059604645,-0.05000000074505806,0.3100000023841858,0.49000000953674316,-0.20999999344348907,0.0,0.008919190615415573,1.381150484085083,0.7986409664154053,2.876821517944336,-8.090714454650879,2.8616490364074707,-0.03542901948094368,1.4487944841384888,-2.278444766998291,-3.129593849182129,0.268657386302948,-10.271950721740723,0.00411904975771904,0.007085174322128296,-0.0469692088663578,0.8676565885543823,0.05821942165493965,0.12052472680807114,592.800537109375,0.0,0.5,0.0,0.0,0.8729974031448364,0.0,0.9715158343315125,0.7401992678642273,0.0,0.0,0.0,0.0,765.1529541015625,0.0
3.09,3.9555559158325195,-0.27563517982076,0.9612623198925346,0.0,1.0,1.0,1.0,1.0077348947525024,-0.21578778326511383,0.6155670881271362,-0.0018157958984375,-0.0016269683837890625,-0.18883895874023438,0.38306599855422974,-0.036963626742362976,-0.006453114096075296,0.49397042393684387,-0.10024186223745346,-0.12508554756641388,0.30781036615371704,0.2162683755159378,-0.9055383801460266,0.4906514585018158,-0.19748668372631073,-0.1132289469242096,-0.35194966197013855,-0.2137523740530014,0.9356717467308044,0.44364604353904724,-0.16295935213565826,0.023861955851316452,0.3810063302516937,0.04620126262307167,-0.3016427755355835,0.46340885758399963,-0.1978440284729004,0.0,-0.4000000059604645,-0.05000000074505806,0.3100000023841858,0.49000000953674316,-0.20999999344348907,0.0,-0.16559970378875732,1.2137490510940552,0.5000441074371338,2.0240249633789062,-2.0560038089752197,-2.39422345161438,0.8634275794029236,1.296255350112915,-0.0362258143723011,-1.2840150594711304,0.5558097958564758,6.470239639282227,0.005719907581806183,0.005376152694225311,0.014675751328468323,0.1739773005247116,0.034199535846710205,0.09262504428625107,268.1144104003906,114.13571166992188,0.5,0.0,0.0,0.9667479991912842,0.0,0.9703682065010071,0.9691917896270752,0.0,0.0,0.0,0.0,288.3614501953125,0.0
3.1,3.9666669368743896,-0.20791003015250875,0.9781479537176281,0.0,1.0,1.0,1.0,1.012311577796936,-0.21578818559646606,0.6157956123352051,-0.0045833587646484375,0.0034602826926857233,-0.1922740936279297,0.37888360023498535,-0.0478551909327507,0.058049820363521576,0.4922453761100769,-0.44985470175743103,-0.4710749387741089,0.30077680945396423,0.22344684600830078,-0.8971295356750488,0.5016829967498779,-0.20171335339546204,-0.15248778462409973,-0.34790676832199097,-0.2046637386083603,0.936582624912262,0.4439536929130554,-0.1435272991657257,0.1258659064769745,0.3891933858394623,0.04783867672085762,-0.3052451014518738,0.4748707413673401,-0.20308375358581543,0.0,-0.4000000059604645,-0.05000000074505806,0.3100000023841858,0.49000000953674316,-0.20999999344348907,0.0,-1.0889818668365479,0.5650865435600281,1.1337807178497314,0.9780445694923401,-0.6028012037277222,-3.711191177368164,0.5671638250350952,0.5656418800354004,0.18029645085334778,0.5620006322860718,4.037879943847656,6.161511421203613,0.007178638130426407,0.004820443689823151,0.06528719514608383,0.10057270526885986,0.03459718078374863,-0.03190439194440842,345.5592346191406,326.0085144042969,0.5,0.0,0.0,0.8992936611175537,0.0,0.9666501879692078,0.6415788531303406,0.0,0.0,0.0,0.0,465.054931640625,0.0
3.11,3.9777779579162598,-0.13917198013153684,0.9902682262631004,0.0,1.0,0.0,1.0,1.0170470476150513,-0.21605917811393738,0.6162809133529663,-0.007918834686279297,0.007288618013262749,-0.19449472427368164,0.3851647675037384,-0.02191256545484066,0.035338159650564194,0.2925030589103699,-0.21795301139354706,-0.04083862528204918,0.2934539020061493,0.22915925085544586,-0.8930740356445312,0.5012161731719971,-0.21118035912513733,-0.021397912874817848,-0.34044215083122253,-0.202229306101799,0.9335393905639648,0.4558843970298767,-0.1552806794643402,0.131892591714859,0.3951578140258789,0.049031563103199005,-0.30786943435668945,0.4832209348678589,-0.20690099895000458,0.0,-0.4000000059604645,-0.05000000074505806,0.3100000023841858,0.49000000953674316,-0.20999999344348907,0.0,-0.04000173881649971,0.5499757528305054,-0.3343508541584015,-0.358634352684021,-1.1890110969543457,10.219111442565918,0.7054980397224426,0.1997617781162262,-0.5007287859916687,1.0351924896240234,-1.386218547821045,-0.2933323085308075,0.008144024759531021,0.005100741982460022,0.9295994639396667,-0.0019223003182560205,-0.1021401509642601,-0.0032781376503407955,0.0,265.7662048339844,0.5,0.0,0.0,0.8475109338760376,0.0,0.9730356335639954,0.9966700077056885,0.0,0.0,0.0,0.0,303.3665771484375,0.0
3.12,3.988889217376709,-0.06975441482181197,0.9975641942315624,1.0,1.0,1.0,1.0,1.0208094120025635,-0.21677136421203613,0.6166062355041504,-0.00785207748413086,0.007995904423296452,-0.19447851181030273,0.3859812021255493,-0.005597975105047226,0.0456802137196064,-0.058386728167533875,0.13190242648124695,0.05751125141978264,0.29399657249450684,0.22916844487190247,-0.9132514595985413,0.48154979944229126,-0.13875074684619904,0.12146594375371933,-0.34368810057640076,-0.20990805327892303,0.9359188079833984,0.4808149039745331,-0.1829458326101303,0.1569434106349945,0.4000000059604645,0.05000000074505806,-0.3100000023841858,0.49000000953674316,-0.20999999344348907,0.0,-0.4000000059604645,-0.05000000074505806,0.3100000023841858,0.49000000953674316,-0.20999999344348907,0.0,0.45843997597694397,0.03439728170633316,-1.8424522876739502,-0.4095686674118042,5.522784233093262,-1.9382362365722656,-0.5492486953735352,-0.991784930229187,-0.04663960635662079,2.942042827606201,-6.040120601654053,1.7184394598007202,0.007630646228790283,0.006550900638103485,0.608631432056427,-0.04191293194890022,-0.012294739484786987,-0.033167675137519836,520.6666259765625,310.3787536621094,0.5,0.0,0.0,0.8759584426879883,0.0,0.9742734432220459,0.9934067726135254,0.0,0.0,0.0,0.0,558.3502807617188,0.0
3.13,4.000000476837158,2.996056227015389e-06,0.9999999999955118,1.0,1.0,1.0,1.0,1.0244247913360596,-0.21807201206684113,0.6175901889801025,-0.007718563079833984,0.005525554995983839,-0.19147777557373047,0.38344496488571167,0.016835570335388184,0.13203324377536774,-0.3943907916545868,-0.06899730861186981,0.5493040680885315,0.29327014088630676,0.21794745326042175,-0.918541431427002,0.46628934144973755,-0.16749346256256104,0.11371023207902908,-0.3501470386981964,-0.21975834667682648,0.9310765266418457,0.5071190595626831,-0.20254698395729065,0.21363942325115204,0.4000000059604645,0.05000000074505806,-0.3100000023841858,0.49000000953674316,-0.20999999344348907,0.0,-0.4000000059604645,-0.05000000074505806,0.3100000023841858,0.49000000953674316,-0.20999999344348907,0.0,-0.43441247940063477,-1.6388362646102905,-0.14346294105052948,-2.288470983505249,3.4237587451934814,-0.5692915916442871,-0.47075697779655457,-1.3027154207229614,-0.7416359782218933,3.4089436531066895,-6.838865280151367,4.4155778884887695,0.007462441921234131,0.009307511150836945,0.5370485186576843,-0.014631500467658043,0.009099677205085754,-0.06915391981601715,217.8345489501953,465.8009948730469,0.5,0.0,0.0,0.8753398656845093,0.0,0.9726441502571106,0.5469105839729309,0.0,0.0,0.0,0.0,719.6697998046875,0.0
3.14,4.011111736297607,0.06976039233738805,0.9975637762373559,1.0,1.0,1.0,0.0,1.027789831161499,-0.21904495358467102,0.6184881925582886,-0.0060443878173828125,0.003597481409087777,-0.18734025955200195,0.39498043060302734,0.01740170828998089,0.04858909547328949,0.01729239523410797,0.35427454113960266,0.2704981565475464,0.29070910811424255,0.2112228274345398,-0.9405444860458374,0.4543990194797516,-0.22990743815898895,-0.06400809437036514,-0.3563435971736908,-0.22613222897052765,0.9345836639404297,0.5177379846572876,-0.16914565861225128,0.06879342347383499,0.4000000059604645,0.05000000074505806,-0.3100000023841858,0.49000000953674316,-0.20999999344348907,0.0,-0.4000000059604645,-0.05000000074505806,0.3100000023841858,0.49000000953674316,-0.20999999344348907,0.0,-0.10461067408323288,0.006570841651409864,-1.7425925731658936,-0.3694417178630829,-1.1111810207366943,-10.75786018371582,-1.0535062551498413,-0.2197607010602951,1.2133026123046875,0.6109107136726379,2.899650812149048,-10.322454452514648,0.007502399384975433,0.011165931820869446,0.08825002610683441,0.5530007481575012,-0.10325860977172852,-0.5078577399253845,96.20069885253906,0.0,0.5,0.0,0.0,0.8938270807266235,0.0,0.9775910377502441,0.8638651967048645,0.0,0.0,0.0,0.0,947.9241943359375,0.0
3.15,4.022222518920898,0.13917494703019698,0.9902678092915783,1.0,0.0,1.0,1.0,1.030839204788208,-0.21916528046131134,0.6188210248947144,-0.0023255348205566406,0.004893273580819368,-0.1841440200805664,0.39753806591033936,0.001958309207111597,0.011536169797182083,0.22772294282913208,0.40722718834877014,0.32856491208076477,0.2944348156452179,0.21727636456489563,-0.9479485154151917,0.46328672766685486,-0.23228608071804047,-0.10301757603883743,-0.3582710325717926,-0.22379116714000702,0.9441308379173279,0.5008674263954163,-0.08100943267345428,-0.08080241084098816,0.4000000059604645,0.05000000074505806,-0.3100000023841858,0.49000000953674316,-0.20999999344348907,0.0,-0.43479374051094055,-0.056958746165037155,0.32530924677848816,0.5387111902236938,-0.23226797580718994,0.0,0.5295857191085815,0.8078434467315674,-0.6103720664978027,1.1474120616912842,-0.6104289293289185,-3.5554490089416504,-0.1017712950706482,0.14722959697246552,1.5012809038162231,-1.6093103885650635,5.6085052490234375,-8.051961898803711,0.008452825248241425,0.01046360656619072,0.044009264558553696,0.6906784176826477,0.029897276312112808,-0.0805758386850357,199.3134765625,38.11852264404297,0.5,0.0,0.0,0.9305799007415771,0.0,0.9792144894599915,0.8058079481124878,0.0,0.0,0.0,0.0,428.01519775390625,0.0
3.16,4.033333778381348,0.2079144260298085,0.9781470193425401,1.0,0.0,1.0,1.0,1.0336438417434692,-0.21916155517101288,0.6189268827438354,0.0025413359981030226,0.007426625117659569,-0.18241071701049805,0.3993624150753021,-0.018547268584370613,0.023834098130464554,0.28325626254081726,0.5720949769020081,0.004399081692099571,0.300706148147583,0.22400587797164917,-0.9551631808280945,0.47118598222732544,-0.22518806159496307,-0.15274161100387573,-0.35948511958122253,-0.22465792298316956,0.9777349829673767,0.48669761419296265,-0.12781740725040436,-0.14083343744277954,0.4000000059604645,0.05000000074505806,-0.3100000023841858,0.49000000953674316,-0.20999999344348907,0.0,-0.45197874307632446,-0.060395747423172,0.3328706622123718,0.5627702474594116,-0.24326638877391815,0.0,0.3175111413002014,0.5722798705101013,-0.2504226863384247,0.26771825551986694,0.5952038764953613,-1.249709963798523,-0.6315712928771973,-0.05808807909488678,1.5288654565811157,-0.27765756845474243,2.399899959564209,-4.442959785461426,0.009329192340373993,0.009696602821350098,0.027295468375086784,0.4044796824455261,-0.0004675491072703153,-0.07612203806638718,375.0059814453125,94.51832580566406,0.5,0.0,0.0,0.9076405763626099,0.0,0.9792739748954773,0.999961256980896,0.0,0.0,0.0,0.0,211.6666259765625,0.0
3.17,4.044445037841797,0.27564093980772675,0.9612606682382846,1.0,0.0,1.0,1.0,1.0367525815963745,-0.2187899500131607,0.6192448139190674,0.006080803461372852,0.011685756035149097,-0.18210124969482422,0.3842872083187103,-0.022724371403455734,0.043287280946969986,0.5231915712356567,0.2036571055650711,-0.009275082498788834,0.3048989772796631,0.236055389046669,-0.9550008177757263,0.4881931245326996,-0.2523469626903534,-0.1673194319009781,-0.36233222484588623,-0.21208354830741882,0.9674866795539856,0.46901559829711914,-0.21031878888607025,-0.014962596818804741,0.4000000059604645,0.05000000074505806,-0.3100000023841858,0.49000000953674316,-0.20999999344348907,0.0,-0.4689105153083801,-0.06378210335969925,0.3403206169605255,0.5864747166633606,-0.2541027069091797,0.0,0.2289588898420334,1.2845406532287598,0.21569430828094482,1.6972932815551758,-2.1568357944488525,-2.4157931804656982,-0.08302046358585358,1.2535479068756104,-1.4565966129302979,-1.218553066253662,-3.8921377658843994,10.79136848449707,0.011114668101072311,0.00840333104133606,0.023761698976159096,0.21020641922950745,0.02684602327644825,0.4297797381877899,376.7201232910156,90.210205078125,0.5,0.0,0.0,0.7989238500595093,0.0,0.9725714921951294,0.9998279809951782,0.0,0.0,0.0,0.0,430.9752197265625,0.0
3.18,4.055556297302246,0.342024522789395,0.9396910267799128,1.0,0.0,1.0,1.0,1.0409371852874756,-0.21846798062324524,0.6198589205741882,0.00492839515209198,0.017144925892353058,-0.1840953826904297,0.3697468340396881,-0.03963099420070648,0.08522959798574448,0.5465327501296997,-0.36453577876091003,-0.33110132813453674,0.3019695281982422,0.2451203614473343,-0.9459173679351807,0.5012579560279846,-0.26484188437461853,-0.20944775640964508,-0.35954394936561584,-0.2008732259273529,0.9568889141082764,0.46556442975997925,-0.21512189507484436,0.09345217794179916,0.4000000059604645,0.05000000074505806,-0.3100000023841858,0.49000000953674316,-0.20999999344348907,0.0,-0.4855060875415802,-0.06710121780633926,0.34762266278266907,0.6097084879875183,-0.26472386717796326,0.0,-0.6128501296043396,0.767953097820282,1.3627939224243164,1.4129232168197632,-1.6905841827392578,-4.416494846343994,0.7074495553970337,0.9556077122688293,-0.4922010600566864,0.07228047400712967,1.9912898540496826,7.627294063568115,0.01313839852809906,0.007901139557361603,0.05189712345600128,0.026523416861891747,0.04582662880420685,0.08649243414402008,330.3001403808594,110.62489318847656,0.5,0.0,0.0,0.7101681232452393,0.0,0.9636058211326599,0.803115963935852,0.0,0.0,0.0,0.0,448.66162109375,0.0
3.19,4.066667079925537,0.406739015170177,0.9135444015144498,1.0,0.0,0.0,1.0,1.0451984405517578,-0.21877478063106537,0.6205438375473022,0.0029689576476812363,0.020472966134548187,-0.18732118606567383,0.37333184480667114,-0.030260251834988594,0.05387137085199356,0.14350497722625732,-0.07911009341478348,-0.259535014629364,0.29754412174224854,0.24388204514980316,-0.9342974424362183,0.48784834146499634,-0.16427579522132874,-0.06229734048247337,-0.357515811920166,-0.2011067420244217,0.9668533205986023,0.4799503684043884,-0.21281586587429047,0.15990157425403595,0.4000000059604645,0.05000000074505806,-0.3100000023841858,0.49000000953674316,-0.20999999344348907,0.0,-0.5016850829124451,-0.07033701986074448,0.3547414541244507,0.6323591470718384,-0.2750784456729889,0.0,0.2246181070804596,-0.4844503700733185,0.16792623698711395,-1.6596423387527466,10.023554801940918,10.342766761779785,-0.004239638801664114,-0.3822813928127289,0.42803895473480225,1.6894508600234985,-1.3484984636306763,3.9171857833862305,0.013482511043548584,0.0088515505194664,0.923467755317688,0.031021270900964737,0.14983850717544556,-0.04796546697616577,0.0,241.3377685546875,0.5,0.0,0.0,0.7032827138900757,0.0,0.9666478633880615,0.8739633560180664,0.0,0.0,0.0,0.0,534.1669921875,0.0
3.2,4.077778339385986,0.4694746784299341,0.8829459362345521,1.0,0.0,0.0,1.0,1.048680305480957,-0.21991276741027832,0.6209617257118225,0.0035004231613129377,0.019582968205213547,-0.19003629684448242,0.3767232596874237,-0.016406770795583725,0.032534681260585785,-0.2738586962223053,0.1513746976852417,-0.2628689706325531,0.3012215197086334,0.23466478288173676,-0.9387829899787903,0.4631277322769165,-0.09253106266260147,0.11165506392717361,-0.35829201340675354,-0.21127837896347046,0.9783580899238586,0.5011405944824219,-0.23325477540493011,0.19285959005355835,0.4000000059604645,0.05000000074505806,-0.3100000023841858,0.49000000953674316,-0.20999999344348907,0.0,-0.5173686742782593,-0.0734737366437912,0.3616422414779663,0.6543161869049072,-0.28511595726013184,0.0,0.7277163863182068,-1.1398918628692627,-1.2504278421401978,-2.5506818294525146,5.071842193603516,10.536468505859375,-0.13620531558990479,-1.243130087852478,1.2881684303283691,2.1199278831481934,-2.7603416442871094,3.453821897506714,0.012589290738105774,0.010541923344135284,1.2783817052841187,0.005239219404757023,-0.04070039838552475,-0.135125994682312,0.0,274.301025390625,0.5,0.0,0.0,0.760783851146698,0.0,0.9695408344268799,0.8709243535995483,0.0,0.0,0.0,0.0,854.6669921875,0.0
3.21,4.088889122009277,0.5299205064014163,0.8480473199623157,1.0,0.0,1.0,1.0,1.0522340536117554,-0.22176066040992737,0.6215364933013916,0.0027742076199501753,0.014877836219966412,-0.18990325927734375,0.35605213046073914,0.027321211993694305,0.08785700798034668,-0.6074730753898621,-0.25143444538116455,0.2701875865459442,0.30304041504859924,0.21928057074546814,-0.9562414288520813,0.43456292152404785,-0.14971566200256348,0.1883048415184021,-0.36279332637786865,-0.22132770717144012,0.976081907749176,0.5200971364974976,-0.23389755189418793,0.2815176248550415,0.4000000059604645,0.05000000074505806,-0.3100000023841858,0.49000000953674316,-0.20999999344348907,0.0,-0.5324801206588745,-0.07649601995944977,0.3682912588119507,0.6754721403121948,-0.2947872579097748,0.0,0.10446763038635254,-1.386508584022522,-0.9865987300872803,-1.939294457435608,3.4424874782562256,2.8361823558807373,-0.3908297121524811,-0.9248120784759521,-1.1892083883285522,1.98933744430542,0.32203978300094604,10.870884895324707,0.011351976543664932,0.012906499207019806,0.9518904685974121,0.0708823949098587,-0.1601630449295044,-0.12639714777469635,132.8560028076172,497.15771484375,0.5,0.0,0.0,0.8602808713912964,0.0,0.9579737782478333,0.8641554117202759,0.0,0.0,0.0,0.0,940.2724609375,0.0
3.22,4.100000381469727,0.5877871913791057,0.8090155855424928,1.0,0.0,0.0,0.0,1.0562443733215332,-0.22346682846546173,0.6219767332077026,0.00044496110058389604,0.010464304126799107,-0.18845701217651367,0.37064993381500244,0.024590084329247475,0.0018664622912183404,-0.2656315565109253,-0.21403394639492035,0.04900319129228592,0.30000704526901245,0.21175546944141388,-0.9778193831443787,0.41963815689086914,-0.2216331660747528,0.020504441112279892,-0.35808926820755005,-0.22827042639255524,0.9974715113639832,0.5222746729850769,-0.14714288711547852,0.16004972159862518,0.4000000059604645,0.05000000074505806,-0.3100000023841858,0.49000000953674316,-0.20999999344348907,0.0,-0.5469468832015991,-0.07938937842845917,0.374656617641449,0.695725679397583,-0.30404600501060486,0.0,-0.7310836315155029,-0.262713760137558,-1.6064107418060303,-1.7203173637390137,-7.120584487915039,-10.48814868927002,0.3939576745033264,-0.384337455034256,3.6106033325195312,0.0032022176310420036,7.8473334312438965,-10.148547172546387,0.010720305144786835,0.014264948666095734,0.5899753570556641,0.7200891375541687,-0.7710487842559814,-0.900831401348114,0.0,0.0,0.5,0.0,0.0,0.8464723229408264,0.0,0.965921938419342,0.9952088594436646,0.0,0.0,0.0,0.0,693.5140380859375,0.0
3.23,4.111111640930176,0.6427901598076683,0.7660423033060462,1.0,0.0,1.0,0.0,1.0601623058319092,-0.22413086891174316,0.621691107749939,-0.000640869140625,0.009751950390636921,-0.18932008743286133,0.371083527803421,0.022000044584274292,-0.05848072096705437,0.08284062147140503,-0.002823531860485673,-0.2540919780731201,0.29685303568840027,0.21136817336082458,-0.9727923274040222,0.4125557541847229,-0.22412744164466858,-0.10511390119791031,-0.36442944407463074,-0.22211433947086334,0.985123336315155,0.5081571936607361,-0.09708096086978912,0.0038555290084332228,0.4000000059604645,0.05000000074505806,-0.3100000023841858,0.49000000953674316,-0.20999999344348907,0.0,-0.5606977343559265,-0.08213955163955688,0.3807070255279541,0.7149768471717834,-0.3128465414047241,0.0,-0.3242499828338623,0.03113124705851078,1.318508267402649,-0.4801044166088104,0.24141159653663635,-10.26596736907959,-1.3015961647033691,0.7469654679298401,-1.7552655935287476,-1.606593132019043,3.5155868530273438,-10.400494575500488,0.010014109313488007,0.013459548354148865,0.020510893315076828,1.0099886655807495,-0.36404234170913696,-0.22894035279750824,123.3158950805664,0.0,0.5,0.0,0.0,0.8340343236923218,0.0,0.9663715362548828,0.8788636922836304,0.0,0.0,0.0,0.0,676.5084228515625,0.0
3.24,4.122222900390625,0.6946614356011178,0.7193368403526919,1.0,0.0,1.0,0.0,1.0637091398239136,-0.22418522834777832,0.6210190057754517,0.00018276122864335775,0.011555454693734646,-0.19105005264282227,0.37101802229881287,0.005964559968560934,-0.06701193004846573,0.30087628960609436,0.0934123620390892,-0.170033797621727,0.3055485188961029,0.2230997532606125,-0.98170006275177,0.4360656440258026,-0.1959400326013565,-0.1960047483444214,-0.3665284514427185,-0.21428462862968445,0.9974155426025391,0.47848325967788696,-0.1210271567106247,-0.1329302042722702,0.4000000059604645,0.05000000074505806,-0.3100000023841858,0.49000000953674316,-0.20999999344348907,0.0,-0.5736656785011292,-0.08473312854766846,0.3864128887653351,0.7331319451332092,-0.32114601135253906,0.0,0.7761920690536499,1.5898280143737793,-0.9101401567459106,2.2534148693084717,5.614522933959961,-6.193752765655518,0.1790817379951477,0.8289158344268799,2.171280860900879,-3.2074615955352783,-2.9162352085113525,-10.28111457824707,0.010841861367225647,0.011314406991004944,0.14771772921085358,1.3105018138885498,0.011754804290831089,-0.08081050217151642,580.8788452148438,0.0,0.5,0.0,0.0,0.8880377411842346,0.0,0.9672059416770935,0.9438170194625854,0.0,0.0,0.0,0.0,790.9989624023438,0.0
3.25,4.133333683013916,0.7431462956277398,0.6691289735878787,1.0,0.0,1.0,0.0,1.0676432847976685,-0.22394202649593353,0.6203329563140869,-0.0005908012390136719,0.015730606392025948,-0.1931438446044922,0.3574778139591217,-0.02596554532647133,-0.0668211281299591,0.4967741370201111,-0.19440855085849762,-0.21955247223377228,0.3069636821746826,0.23660500347614288,-0.9763143658638,0.45836883783340454,-0.19983349740505219,-0.22962668538093567,-0.3720550239086151,-0.2042853683233261,0.9938473105430603,0.4591502547264099,-0.1967903971672058,-0.01012337300926447,0.4000000059604645,0.05000000074505806,-0.3100000023841858,0.49000000953674316,-0.20999999344348907,0.0,-0.5857868194580078,-0.08715736120939255,0.3917461931705475,0.7501015663146973,-0.32890355587005615,0.0,-0.2107454240322113,1.2523961067199707,0.8731576204299927,1.9285672903060913,-0.43334248661994934,-2.8678128719329834,-0.5674870014190674,0.9932414293289185,-1.7864938974380493,-1.7012873888015747,-6.398332595825195,10.158722877502441,0.011777248233556747,0.009431175887584686,0.030328698456287384,0.8798695802688599,0.013808941468596458,0.548297107219696,360.6617431640625,0.0,0.5,0.0,0.0,0.7977184653282166,0.0,0.9588951468467712,0.9080947637557983,0.0,0.0,0.0,0.0,364.0377197265625,0.0
3.2600000000000002,4.144444942474365,0.7880126801395447,0.6156590094681402,1.0,0.0,1.0,1.0,1.0726232528686523,-0.22402580082416534,0.6198627948760986,-0.006129264831542969,0.020462222397327423,-0.1957712173461914,0.3423115611076355,-0.043716032058000565,-0.01391611248254776,0.3949945271015167,-0.8693134188652039,-0.2809915542602539,0.30375510454177856,0.24980512261390686,-0.9649748802185059,0.484882652759552,-0.2045416533946991,-0.2843806743621826,-0.367910772562027,-0.19899332523345947,0.983295738697052,0.4575466811656952,-0.20296718180179596,0.1149982213973999,0.4000000059604645,0.05000000074505806,-0.3100000023841858,0.49000000953674316,-0.20999999344348907,0.0,-0.5970032215118408,-0.08940063416957855,0.39668139815330505,0.7658044695854187,-0.3360820412635803,0.0,-0.64616459608078,1.1335893869400024,1.3223083019256592,2.823560953140259,-0.3352792263031006,-6.80726957321167,1.473016619682312,-0.04890802130103111,-0.34555694460868835,0.23841801285743713,12.674542427062988,-0.7276788949966431,0.013293750584125519,0.008260756731033325,0.08206404000520706,0.20554877817630768,0.031347114592790604,0.083194300532341,389.3631896972656,638.0904541015625,0.5,0.0,0.0,0.6809597611427307,0.0,0.9478552937507629,0.8539245128631592,0.0,0.0,0.0,0.0,522.042724609375,0.0
3.27,4.155555725097656,0.8290381682428829,0.5591920203261894,1.0,0.0,0.0,1.0,1.0774545669555664,-0.22485123574733734,0.6195282340049744,-0.011469841003417969,0.022553617134690285,-0.19781064987182617,0.35484829545021057,-0.03718908503651619,-0.05457798019051552,-0.010260283946990967,-0.2825481593608856,-0.0780734121799469,0.30154845118522644,0.24943631887435913,-0.9658000469207764,0.47442197799682617,-0.10149882733821869,-0.09844920039176941,-0.3666493594646454,-0.20573075115680695,0.9882399439811707,0.4834199845790863,-0.19547943770885468,0.18359053134918213,0.4000000059604645,0.05000000074505806,-0.3100000023841858,0.49000000953674316,-0.20999999344348907,0.0,-0.6072595119476318,-0.09145190566778183,0.40119418501853943,0.7801633477210999,-0.342646062374115,0.0,0.6903130412101746,-0.498927503824234,-1.4404267072677612,-1.492004632949829,10.040600776672363,10.645402908325195,-0.19364960491657257,-0.9574044942855835,-0.30862048268318176,2.720338821411133,-0.607333242893219,3.136359453201294,0.01292824000120163,0.009003091603517532,1.3820323944091797,0.043261658400297165,0.14459139108657837,-0.06390650570392609,0.0,233.62673950195312,0.5,0.0,0.0,0.6573390364646912,0.0,0.9560891389846802,0.9878830909729004,0.0,0.0,0.0,0.0,846.4619750976562,0.0
3.2800000000000002,4.1666669845581055,0.86602640246812,0.49999827022513366,1.0,0.0,0.0,1.0,1.0812370777130127,-0.22657497227191925,0.6189315319061279,-0.013256549835205078,0.020120566710829735,-0.19801807403564453,0.35737383365631104,-0.02825840935111046,-0.07497241348028183,-0.42925015091896057,-0.06826312094926834,0.050282448530197144,0.30786335468292236,0.2383585423231125,-0.980167806148529,0.44927895069122314,-0.08431211113929749,0.07625307142734528,-0.3681599497795105,-0.21860049664974213,0.9845985770225525,0.5096127986907959,-0.20661485195159912,0.2158399224281311,0.4000000059604645,0.05000000074505806,-0.3100000023841858,0.49000000953674316,-0.20999999344348907,0.0,-0.6165066361427307,-0.09330132603645325,0.40526291728019714,0.7931092977523804,-0.3485642373561859,0.0,0.9253413677215576,-1.3421647548675537,-2.1607677936553955,-2.7800283432006836,0.06947263330221176,10.542497634887695,-0.24583029747009277,-1.4553104639053345,-0.4968293309211731,2.5131149291992188,-1.6635022163391113,2.50140380859375,0.011272229254245758,0.010097060352563858,1.6636338233947754,0.029127923771739006,-0.22454914450645447,-0.07275115698575974,0.0,277.68707275390625,0.5,0.0,0.0,0.7044727802276611,0.0,0.958599865436554,0.9949560761451721,0.0,0.0,0.0,0.0,785.6893310546875,0.0
3.29,4.177778244018555,0.8987953304935892,0.4383685137905318,1.0,0.0,1.0,1.0,1.0845800638198853,-0.22903358936309814,0.6184318661689758,-0.014368534088134766,0.01372052263468504,-0.19516849517822266,0.3423226475715637,-0.0009119265014305711,-0.026418102905154228,-0.8178863525390625,-0.173650324344635,0.5188034772872925,0.31889599561691284,0.22166070342063904,-0.9948451519012451,0.4202347695827484,-0.13513025641441345,0.07730679214000702,-0.3741503655910492,-0.23607850074768066,0.9774678349494934,0.5382745862007141,-0.2101350873708725,0.2901231646537781,0.4000000059604645,0.05000000074505806,-0.3100000023841858,0.49000000953674316,-0.20999999344348907,0.0,-0.6246989369392395,-0.09493979066610336,0.4088675379753113,0.8045785427093506,-0.35380733013153076,0.0,0.9033041000366211,-1.499614953994751,-0.9383999109268188,-2.2133424282073975,0.0070917606353759766,-3.3297085762023926,-0.3005808889865875,-2.1697099208831787,-1.227333664894104,3.7359628677368164,-6.467955112457275,3.4412612915039062,0.009369835257530212,0.012177720665931702,1.0667724609375,-0.015845514833927155,-0.5447075366973877,-0.055781859904527664,92.51995086669922,481.69012451171875,0.5,0.0,0.0,0.7912939190864563,0.0,0.9514901041984558,0.5837315320968628,0.0,0.0,0.0,0.0,790.8060913085938,0.0
3.3000000000000003,4.188889503479004,0.9271853011345441,0.3746030130151716,1.0,0.0,1.0,0.0,1.0883703231811523,-0.23138222098350525,0.6179639101028442,-0.016901016235351562,0.007576276548206806,-0.19095706939697266,0.3543919324874878,-0.0027910524513572454,-0.08289119601249695,-0.4068295657634735,-0.27754950523376465,0.3192231059074402,0.31828051805496216,0.21604986488819122,-1.0072510242462158,0.40963268280029297,-0.16975045204162598,-0.08210086077451706,-0.3700627386569977,-0.24174468219280243,0.9802106022834778,0.5415239930152893,-0.20056457817554474,0.17344419658184052,0.4000000059604645,0.05000000074505806,-0.3100000023841858,0.49000000953674316,-0.20999999344348907,0.0,-0.6317964792251587,-0.09635929763317108,0.4119904637336731,0.8145150542259216,-0.3583497405052185,0.0,-0.6597692966461182,-0.06709940731525421,-0.8628770709037781,-0.6708065867424011,1.1602500677108765,-10.563552856445312,0.25371405482292175,-0.007673247251659632,1.2703087329864502,-0.09589675068855286,0.8373757600784302,-10.117195129394531,0.007978871464729309,0.012779965996742249,0.19755074381828308,0.7108532786369324,-0.6136098504066467,-0.8137218356132507,93.54920959472656,0.0,0.5,0.0,0.0,0.8444787859916687,0.0,0.9584680795669556,0.815619945526123,0.0,0.0,0.0,0.0,559.7899169921875,0.0
3.31,4.200000286102295,0.9510570717929908,0.3090152847231705,1.0,0.0,1.0,0.0,1.0917835235595703,-0.23295223712921143,0.6169047355651855,-0.01692676544189453,0.004286942072212696,-0.18862390518188477,0.3667016327381134,-0.012534167617559433,-0.143146812915802,-0.2544293701648712,0.23087593913078308,0.13264495134353638,0.316116601228714,0.21544399857521057,-1.009985327720642,0.40645256638526917,-0.14948467910289764,-0.10420931875705719,-0.3743055760860443,-0.23721925914287567,0.9773960709571838,0.5237165093421936,-0.1791810542345047,0.011603353545069695,0.4000000059604645,0.05000000074505806,-0.3100000023841858,0.49000000953674316,-0.20999999344348907,0.0,-0.6377643942832947,-0.09755288064479828,0.41461631655693054,0.822870135307312,-0.36216920614242554,0.0,0.04774094372987747,-0.12133754789829254,-0.25427722930908203,-0.23232731223106384,1.4070534706115723,-1.74851655960083,-1.0660967826843262,0.4075131118297577,-0.03250420093536377,-2.028526544570923,1.385672688484192,-10.446959495544434,0.006340987980365753,0.011413250118494034,0.142126202583313,1.1122628450393677,-0.22320438921451569,-0.4589651823043823,118.32003784179688,0.0,0.5,0.0,0.0,0.8252154588699341,0.0,0.9647839069366455,0.9654226303100586,0.0,0.0,0.0,0.0,517.0361328125,0.0
3.3200000000000003,4.211111545562744,0.9702963866562849,0.24191924694359834,1.0,0.0,1.0,1.0,1.0946130752563477,-0.23427268862724304,0.6153984069824219,-0.014393806457519531,0.002246180083602667,-0.1873912811279297,0.36469340324401855,-0.03652988374233246,-0.1533205509185791,-0.15507155656814575,0.24018539488315582,0.1094982922077179,0.32242515683174133,0.22247931361198425,-1.0241538286209106,0.4243081212043762,-0.12462431192398071,-0.14982253313064575,-0.37700748443603516,-0.23772451281547546,0.9995216727256775,0.5043128728866577,-0.17501525580883026,-0.09236133098602295,0.4000000059604645,0.05000000074505806,-0.3100000023841858,0.49000000953674316,-0.20999999344348907,0.0,-0.6425740718841553,-0.09851482510566711,0.4167326092720032,0.8296037316322327,-0.3652474284172058,0.0,0.6027332544326782,1.0458438396453857,-1.1928839683532715,2.140507698059082,2.9255189895629883,-0.2720246911048889,0.05659995228052139,-0.33302387595176697,2.772737979888916,-1.6586827039718628,7.094845771789551,-8.091022491455078,0.005418121814727783,0.009592119604349136,0.07015175372362137,0.8459996581077576,-0.03636251389980316,-0.37183940410614014,463.33642578125,102.87763977050781,0.5,0.0,0.0,0.8726431131362915,0.0,0.9614769816398621,0.9763054847717285,0.0,0.0,0.0,0.0,361.4442443847656,0.0
3.33,4.222222328186035,0.9848078686252572,0.1736475219914703,1.0,0.0,1.0,1.0,1.0975948572158813,-0.23539914190769196,0.6139329671859741,-0.012505054473876953,0.0019209450110793114,-0.18637609481811523,0.3591671586036682,-0.05874788388609886,-0.14569403231143951,0.04678286612033844,0.16549113392829895,0.11687374860048294,0.32518917322158813,0.23198290169239044,-1.0252875089645386,0.44637659192085266,-0.13938210904598236,-0.1293773055076599,-0.38212335109710693,-0.23630815744400024,1.0125869512557983,0.4945519268512726,-0.1981610506772995,0.0196969173848629,0.4000000059604645,0.05000000074505806,-0.3100000023841858,0.49000000953674316,-0.20999999344348907,0.0,-0.646202027797699,-0.09924040734767914,0.4183288812637329,0.834682822227478,-0.36756929755210876,0.0,0.063196562230587,0.8814238905906677,0.08760270476341248,1.8734626770019531,-1.4717113971710205,2.4959635734558105,-0.5299304723739624,0.32192301750183105,0.33176374435424805,-0.8379026651382446,-2.4618420600891113,10.257469177246094,0.0047444552183151245,0.00804300606250763,-0.03238939121365547,0.5184359550476074,-0.015931032598018646,0.08337587863206863,321.20745849609375,44.93898391723633,0.5,0.0,0.0,0.849249005317688,0.0,0.9544973373413086,0.9730508327484131,0.0,0.0,0.0,0.0,220.47958374023438,0.0
3.34,4.233333587646484,0.9945220623926851,0.10452687412431261,1.0,0.0,1.0,1.0,1.1012005805969238,-0.23653335869312286,0.6126689910888672,-0.013239860534667969,0.002896911697462201,-0.1858043670654297,0.3503386080265045,-0.08620084822177887,-0.10825078934431076,0.04717060923576355,-0.23427782952785492,0.034216612577438354,0.3210536539554596,0.24015513062477112,-1.0207992792129517,0.46457475423812866,-0.1558208018541336,-0.10030520707368851,-0.3795079290866852,-0.23217537999153137,1.0165560245513916,0.48822927474975586,-0.18642112612724304,0.12626181542873383,0.4000000059604645,0.05000000074505806,-0.3100000023841858,0.49000000953674316,-0.20999999344348907,0.0,-0.6486304998397827,-0.0997261106967926,0.41939741373062134,0.8380827307701111,-0.36912351846694946,0.0,-0.4604673981666565,0.47708743810653687,0.4724220335483551,1.6464815139770508,-0.944007158279419,-0.26148849725723267,1.1534479856491089,-0.2686493396759033,0.9643450975418091,-0.6773108243942261,14.65487003326416,1.8970378637313843,0.004193805158138275,0.0063340142369270325,0.013866213150322437,0.11138269305229187,0.007580026052892208,-0.054769065231084824,245.3082275390625,681.488525390625,0.5,0.0,0.0,0.8105754852294922,0.0,0.9420865178108215,0.9976612329483032,0.0,0.0,0.0,0.0,242.81517028808594,0.0
3.35,4.244444847106934,0.99939091531173,0.03489696824056567,1.0,0.0,1.0,1.0,1.1051669120788574,-0.23831728100776672,0.6119778752326965,-0.016173839569091797,0.0024874634109437466,-0.18777704238891602,0.34619268774986267,-0.0919552594423294,-0.03855277970433235,-0.12653090059757233,-0.3335452079772949,-0.34917622804641724,0.3184260129928589,0.23442961275577545,-0.9948707222938538,0.4694473147392273,-0.14917002618312836,-0.10155687481164932,-0.37278443574905396,-0.2355370670557022,1.0161136388778687,0.4939919114112854,-0.1603565514087677,0.17256559431552887,0.4000000059604645,0.05000000074505806,-0.3100000023841858,0.49000000953674316,-0.20999999344348907,0.0,-0.6498477458953857,-0.09996955096721649,0.419933021068573,0.8397868275642395,-0.3699025511741638,0.0,-0.3831097185611725,-0.8434485197067261,2.9817559719085693,0.3628312945365906,-0.24994561076164246,2.023188352584839,0.9513103365898132,-0.5457703471183777,-0.35377469658851624,0.6224943995475769,1.106650710105896,1.0832927227020264,0.0033606290817260742,0.0058471448719501495,0.08124606311321259,0.07294698804616928,0.0030391975305974483,-0.013668312691152096,310.28387451171875,324.4627685546875,0.5,0.0,0.0,0.7958767414093018,0.0,0.9377940893173218,0.7836066484451294,0.0,0.0,0.0,0.0,220.0589141845703,0.0
3.36,4.255556106567383,0.9993907061872302,-0.03490295670268556,1.0,0.0,1.0,1.0,1.1087852716445923,-0.24013984203338623,0.611578106880188,-0.017638206481933594,0.0009888594504445791,-0.1895275115966797,0.35307446122169495,-0.05741693824529648,-0.049027055501937866,-0.1642981469631195,-0.012772073969244957,-0.07993951439857483,0.31594976782798767,0.2330586016178131,-0.995366632938385,0.4683610498905182,-0.12064564973115921,-0.0003252844326198101,-0.3652665615081787,-0.24229060113430023,1.0108619928359985,0.5039088129997253,-0.16824625432491302,0.16462701559066772,0.4000000059604645,0.05000000074505806,-0.3100000023841858,0.49000000953674316,-0.20999999344348907,0.0,-0.6496953964233398,-0.09993908554315567,0.41986599564552307,0.8395736217498779,-0.3698050379753113,0.0,0.22415079176425934,0.39096158742904663,-1.1758612394332886,0.607672929763794,1.59932279586792,2.194042921066284,0.5557392835617065,-0.6233574748039246,-0.6820683479309082,0.9035317301750183,-0.9248569011688232,-1.6090439558029175,0.00269993394613266,0.005833737552165985,0.4764355421066284,-0.012271585874259472,-0.16192883253097534,0.0051528336480259895,159.75274658203125,287.5582580566406,0.5,0.0,0.0,0.7981234788894653,0.0,0.9514504671096802,0.9873006939888,0.0,0.0,0.0,0.0,183.46974182128906,0.0
3.37,4.266667366027832,0.9945214360380469,-0.10453283341046826,1.0,0.0,1.0,1.0,1.1118910312652588,-0.24186989665031433,0.6114782094955444,-0.01681995391845703,-0.0009341239929199219,-0.1920938491821289,0.36690279841423035,-0.0543484129011631,0.003906867932528257,-0.20960600674152374,0.1587742120027542,-0.36924678087234497,0.315115362405777,0.2255025953054428,-0.9875532984733582,0.46546584367752075,-0.12344646453857422,-0.014800413511693478,-0.36362066864967346,-0.2525040805339813,1.0089863538742065,0.5194953083992004,-0.18960236012935638,0.15916135907173157,0.4000000059604645,0.05000000074505806,-0.3100000023841858,0.49000000953674316,-0.20999999344348907,0.0,-0.6472682356834412,-0.0994536429643631,0.41879802942276,0.8361755609512329,-0.36825165152549744,0.0,-0.5826007127761841,-1.0329878330230713,0.5936018228530884,-0.6802223324775696,-0.5533561706542969,-1.457749843597412,-0.05050026997923851,-1.0736056566238403,-0.15978477895259857,1.6440601348876953,-2.2854905128479004,-0.3874426484107971,0.0019863396883010864,0.006644081324338913,0.021148953586816788,-0.016708627343177795,0.01871352270245552,-0.016224917024374008,238.18846130371094,281.1398010253906,0.5,0.0,0.0,0.8322162628173828,0.0,0.9595054984092712,0.7613315582275391,0.0,0.0,0.0,0.0,203.4872589111328,0.0
3.38,4.277778625488281,0.9848068280920987,-0.1736534230678436,1.0,0.0,1.0,1.0,1.1152973175048828,-0.24367529153823853,0.6119007468223572,-0.017232894897460938,-0.0033054351806640625,-0.1946868896484375,0.356848806142807,-0.044121529906988144,0.06551357358694077,-0.22672049701213837,-0.21456506848335266,-0.20154912769794464,0.3086116909980774,0.2117656022310257,-0.974571168422699,0.4542126953601837,-0.12746919691562653,-0.09263422340154648,-0.36043259501457214,-0.25797584652900696,1.0027447938919067,0.5276078581809998,-0.19423288106918335,0.18346863985061646,0.4000000059604645,0.05000000074505806,-0.3100000023841858,0.49000000953674316,-0.20999999344348907,0.0,-0.6424610614776611,-0.09849222004413605,0.4166828691959381,0.829445481300354,-0.3651750683784485,0.0,-1.1266981363296509,-1.0418282747268677,0.8228305578231812,-0.6384490728378296,0.5606474876403809,-2.1470699310302734,0.6491305828094482,-0.380425363779068,-0.7320059537887573,0.7319833636283875,-0.17888200283050537,2.699705123901367,0.0011828914284706116,0.007645495235919952,0.037556927651166916,0.006233896594494581,0.00587901845574379,-0.05624719709157944,268.2489929199219,307.07275390625,0.5,0.0,0.0,0.8173849582672119,0.0,0.9561142325401306,0.9219685792922974,0.0,0.0,0.0,0.0,221.41680908203125,0.0
3.39,4.288889408111572,0.9702949370315338,-0.24192506106431422,1.0,0.0,1.0,0.0,1.1186606884002686,-0.24484018981456757,0.612608790397644,-0.016993999481201172,-0.0033597946166992188,-0.19813299179077148,0.36128413677215576,-0.0562649630010128,0.04566477611660957,0.1209397166967392,0.22905805706977844,-0.4858963191509247,0.3018227815628052,0.21136364340782166,-0.9666896462440491,0.45865902304649353,-0.14500440657138824,-0.0810205489397049,-0.3588137626647949,-0.25472134351730347,0.9917846322059631,0.5109658241271973,-0.11099814623594284,0.022463437169790268,0.4000000059604645,0.05000000074505806,-0.3100000023841858,0.49000000953674316,-0.20999999344348907,0.0,-0.6353679895401001,-0.09707359969615936,0.41356194019317627,0.8195152282714844,-0.36063551902770996,0.0,-0.06785067915916443,0.023452408611774445,0.6239033341407776,0.5623888969421387,-1.4147053956985474,-1.6061835289001465,-0.6014640927314758,0.37401431798934937,-0.16880258917808533,-1.8560407161712646,7.206368446350098,-10.446111679077148,0.0017695501446723938,0.007410034537315369,0.012303235940635204,0.7300241589546204,0.023616258054971695,-0.21657820045948029,172.28140258789062,0.0,0.5,0.0,0.0,0.813352644443512,0.0,0.9561737179756165,0.6236347556114197,0.0,0.0,0.0,0.0,552.0348510742188,0.0
3.4,4.300000190734863,0.9510561459615545,-0.30901813414224477,1.0,0.0,1.0,1.0,1.1217620372772217,-0.24557329714298248,0.6130329370498657,-0.015140533447265625,-0.0015282630920410156,-0.20038747787475586,0.3735866844654083,-0.06128093972802162,0.042420439422130585,0.17705626785755157,0.14519453048706055,-0.054526861757040024,0.29937517642974854,0.21622887253761292,-0.9750683307647705,0.4672243595123291,-0.16550397872924805,-0.08218646049499512,-0.3571842908859253,-0.24636539816856384,0.9860438704490662,0.49277734756469727,-0.15402525663375854,-0.044470664113759995,0.4000000059604645,0.05000000074505806,-0.3100000023841858,0.49000000953674316,-0.20999999344348907,0.0,-0.6261268854141235,-0.09522537887096405,0.40949583053588867,0.8065776824951172,-0.35472121834754944,0.0,-0.4486938714981079,0.602455198764801,-1.2727340459823608,0.9808256030082703,-3.2782652378082275,1.3871185779571533,0.7130693793296814,0.7969217300415039,-0.5999014377593994,-0.9088344573974609,-0.3597653806209564,0.573276698589325,0.0027495399117469788,0.006507541984319687,0.14721524715423584,0.016363896429538727,0.05800400301814079,-0.01674678362905979,213.58737182617188,207.947509765625,0.5,0.0,0.0,0.8548363447189331,0.0,0.9612974524497986,0.9940713047981262,0.0,0.0,0.0,0.0,190.7115478515625,0.0
3.41,4.3111114501953125,0.9271830564545203,-0.3746085688070332,1.0,0.0,1.0,1.0,1.1247409582138062,-0.24654558300971985,0.613574743270874,-0.012935638427734375,-0.000186920166015625,-0.2009744644165039,0.36735793948173523,-0.07742898166179657,0.061051707714796066,0.08887826651334763,0.247748002409935,-0.041647862643003464,0.3003041446208954,0.22093284130096436,-0.9739102721214294,0.47977858781814575,-0.18747620284557343,-0.08765526115894318,-0.3565637469291687,-0.23964127898216248,0.9871924519538879,0.48867014050483704,-0.20055824518203735,0.08113694936037064,0.4000000059604645,0.05000000074505806,-0.3100000023841858,0.49000000953674316,-0.20999999344348907,0.0,-0.614916980266571,-0.09298339486122131,0.40456345677375793,0.7908837795257568,-0.34754684567451477,0.0,0.22371169924736023,0.3455100357532501,-0.12926247715950012,0.9941673278808594,-0.4230450987815857,-2.1656031608581543,-0.26089492440223694,0.6058992147445679,0.013591572642326355,-0.1394025832414627,-3.045786142349243,10.314092636108398,0.003996182233095169,0.006455332040786743,0.03710935264825821,0.07044436037540436,0.0076075163669884205,-0.07239218056201935,326.9142761230469,115.38939666748047,0.5,0.0,0.0,0.8653801679611206,0.0,0.9539172649383545,0.996536910533905,0.0,0.0,0.0,0.0,301.7557373046875,0.0
3.42,4.322222709655762,0.898792703724024,-0.43837389946535205,1.0,0.0,1.0,1.0,1.12820565700531,-0.24795903265476227,0.6145509481430054,-0.013161659240722656,0.00023960073303896934,-0.20102977752685547,0.3600364029407501,-0.08036365360021591,0.11663707345724106,0.036895349621772766,-0.20947735011577606,0.005930205807089806,0.2989391088485718,0.22152917087078094,-0.9673020839691162,0.49066659808158875,-0.20528531074523926,-0.11164514720439911,-0.3492465019226074,-0.2339167445898056,0.9809714555740356,0.4813299775123596,-0.1873457133769989,0.12298285216093063,0.4000000059604645,0.05000000074505806,-0.3100000023841858,0.49000000953674316,-0.20999999344348907,0.0,-0.601956844329834,-0.0903913676738739,0.39886099100112915,0.7727395296096802,-0.3392523527145386,0.0,-0.5768760442733765,0.03978952765464783,0.7619906663894653,1.1623620986938477,-2.8862967491149902,-1.0129891633987427,1.230789065361023,0.5820379257202148,-0.6454751491546631,-0.7424994111061096,0.688360333442688,2.9882781505584717,0.0054840222001075745,0.006675973534584045,0.0076156905852258205,0.03512696921825409,0.028927309438586235,-0.037311162799596786,254.53521728515625,252.2132568359375,0.5,0.0,0.0,0.8397213220596313,0.0,0.9492374658584595,0.9999297261238098,0.0,0.0,0.0,0.0,225.71804809570312,0.0
3.43,4.333333969116211,0.8660234064067123,-0.5000034595437459,1.0,0.0,0.0,1.0,1.1316375732421875,-0.24958568811416626,0.6156643629074097,-0.013324260711669922,-0.0004515647888183594,-0.1995682716369629,0.3671613931655884,-0.06690984964370728,0.09188167750835419,-0.17665375769138336,0.13435545563697815,0.28805509209632874,0.2954756021499634,0.21701276302337646,-0.9627493023872375,0.4769260883331299,-0.13302327692508698,0.031192684546113014,-0.3409034311771393,-0.23145806789398193,0.974073588848114,0.4776306450366974,-0.18678075075149536,0.1438177227973938,0.4000000059604645,0.05000000074505806,-0.3100000023841858,0.49000000953674316,-0.20999999344348907,0.0,-0.5874991416931152,-0.08749982714653015,0.3924996256828308,0.7524987459182739,-0.3299994170665741,0.0,0.34719687700271606,-0.5616152882575989,-0.2841376066207886,-1.6313384771347046,6.449604511260986,10.305912971496582,0.7106677889823914,-0.031161677092313766,-0.9986941814422607,-0.17260649800300598,-1.0363285541534424,-0.5581627488136292,0.005707122385501862,0.007342524826526642,0.7568542957305908,-0.007558554410934448,-0.09971951693296432,-0.007921463809907436,0.0,256.904541015625,0.5,0.0,0.0,0.8808428645133972,0.0,0.9567185640335083,0.8470873236656189,0.0,0.0,0.0,0.0,371.62811279296875,0.0
3.44,4.34444522857666,0.8290348174865323,-0.5591969880060802,1.0,0.0,1.0,1.0,1.1343886852264404,-0.25156137347221375,0.6166510581970215,-0.011203289031982422,-0.003272533416748047,-0.19609785079956055,0.3634651303291321,-0.06133009120821953,0.10420994460582733,-0.32332462072372437,0.2239476889371872,0.4271063804626465,0.30055856704711914,0.20656436681747437,-0.9591859579086304,0.4598255455493927,-0.13546155393123627,0.056906331330537796,-0.34259554743766785,-0.24055473506450653,0.9670575857162476,0.49403852224349976,-0.22020956873893738,0.15185017883777618,0.4000000059604645,0.05000000074505806,-0.3100000023841858,0.49000000953674316,-0.20999999344348907,0.0,-0.5718245506286621,-0.08436490595340729,0.38560280203819275,0.7305543422698975,-0.31996768712997437,0.0,0.35651788115501404,-1.1335595846176147,0.5541816353797913,-1.4320861101150513,1.3447221517562866,-0.10504615306854248,-0.3751378655433655,-1.0421558618545532,-0.7338352203369141,1.9642455577850342,-3.7234046459198,1.6978590488433838,0.00548909604549408,0.00938870757818222,0.3585802912712097,-0.013608500361442566,-0.14953525364398956,-0.042090531438589096,185.52993774414062,262.4976501464844,0.5,0.0,0.0,0.841062605381012,0.0,0.9561827182769775,0.6943079233169556,0.0,0.0,0.0,0.0,302.2286071777344,0.0
3.45,4.355556011199951,0.788008991027382,-0.6156637313176793,1.0,0.0,1.0,1.0,1.13724946975708,-0.2537209391593933,0.6177777051925659,-0.00962209701538086,-0.00745391845703125,-0.1919717788696289,0.36188873648643494,-0.04019258916378021,0.10857299715280533,-0.4750281870365143,0.10394152998924255,0.4097018539905548,0.3034951388835907,0.1905808299779892,-0.9472371339797974,0.44486668705940247,-0.1875709891319275,-0.004135685972869396,-0.34434065222740173,-0.2480812519788742,0.9596051573753357,0.5058298110961914,-0.2350171059370041,0.1955069601535797,0.4000000059604645,0.05000000074505806,-0.3100000023841858,0.49000000953674316,-0.20999999344348907,0.0,-0.5552394390106201,-0.0810478925704956,0.3783053755760193,0.7073352336883545,-0.309353232383728,0.0,0.16593244671821594,-1.7664861679077148,1.3917782306671143,-1.3524506092071533,-4.0890302658081055,-6.321869850158691,-0.059526123106479645,-0.6968993544578552,-0.5941328406333923,1.0079944133758545,-1.0975227355957031,5.228862762451172,0.0052340105175971985,0.011602967977523804,0.21297003328800201,0.040841806679964066,-0.1700415164232254,-0.1151350811123848,72.59353637695312,281.6186828613281,0.5,0.0,0.0,0.7796717286109924,0.0,0.9594641923904419,0.7148295640945435,0.0,0.0,0.0,0.0,312.19891357421875,0.0
3.46,4.366666793823242,0.7431442908763796,-0.6691312000929587,1.0,0.0,1.0,0.0,1.1402240991592407,-0.2551864683628082,0.6186746954917908,-0.00786733627319336,-0.009139537811279297,-0.18916654586791992,0.36450690031051636,-0.05071086063981056,0.06511270254850388,0.10074114799499512,0.23001496493816376,0.125504732131958,0.3008413016796112,0.18267394602298737,-0.9486674666404724,0.43396520614624023,-0.18174003064632416,-0.09873820096254349,-0.3505553901195526,-0.24755528569221497,0.9405157566070557,0.506247341632843,-0.1735047698020935,0.06470915675163269,0.4000000059604645,0.05000000074505806,-0.3100000023841858,0.49000000953674316,-0.20999999344348907,0.0,-0.5380658507347107,-0.07761316746473312,0.37074896693229675,0.6832921504974365,-0.298362135887146,0.0,-0.5202350616455078,-0.19407318532466888,-0.009455787017941475,-0.6947661638259888,1.4002412557601929,-2.379565715789795,-1.246191143989563,0.4324350953102112,-1.6098114252090454,0.07061617821455002,6.258054733276367,-10.214714050292969,0.005272984504699707,0.012702800333499908,0.024110538884997368,0.4162302017211914,-0.048043977469205856,-0.41845351457595825,204.37136840820312,0.0,0.5,0.0,0.0,0.7486761212348938,0.0,0.9590041041374207,0.9689881801605225,0.0,0.0,0.0,0.0,351.3121337890625,0.0
3.47,4.377778053283691,0.6946571252414098,-0.7193410028292149,1.0,0.0,1.0,0.0,1.1431469917297363,-0.25587570667266846,0.6193296909332275,-0.005291461944580078,-0.007304668426513672,-0.1887989044189453,0.36733657121658325,-0.07087370753288269,0.05922530218958855,0.2760748267173767,0.28633347153663635,-0.08208324015140533,0.30021166801452637,0.18352900445461273,-0.949475884437561,0.4351874887943268,-0.1790674924850464,-0.13176782429218292,-0.356011301279068,-0.23856988549232483,0.9318742156028748,0.4846499264240265,-0.16778446733951569,-0.07536476105451584,0.4000000059604645,0.05000000074505806,-0.3100000023841858,0.49000000953674316,-0.20999999344348907,0.0,-0.5206369161605835,-0.07412739098072052,0.3630802631378174,0.6588916778564453,-0.28720763325691223,0.0,-0.08790057897567749,0.32383307814598083,0.12961170077323914,0.4661455452442169,-1.0740288496017456,-1.4934886693954468,-0.523958683013916,0.9253489375114441,-0.12354430556297302,-2.69539475440979,-0.6064839959144592,-10.28530502319336,0.006119050085544586,0.012066900730133057,0.013393484055995941,1.029480218887329,0.03287183493375778,-0.13658154010772705,284.47076416015625,0.0,0.5,0.0,0.0,0.7801600694656372,0.0,0.955763041973114,0.9866151213645935,0.0,0.0,0.0,0.0,421.0167236328125,0.0
3.48,4.388889312744141,0.6427855695845054,-0.7660461549632132,1.0,0.0,1.0,1.0,1.146013855934143,-0.25637224316596985,0.6198083162307739,-0.002499103546142578,-0.0038857460021972656,-0.1895279884338379,0.36220264434814453,-0.09506820142269135,0.0465313196182251,0.3713321387767792,0.22422368824481964,-0.06835474818944931,0.30410319566726685,0.1925661712884903,-0.9500195384025574,0.45189517736434937,-0.20337343215942383,-0.1507749706506729,-0.36001095175743103,-0.232887864112854,0.9504972696304321,0.46386969089508057,-0.20229634642601013,-0.07840356975793839,0.4000000059604645,0.05000000074505806,-0.3100000023841858,0.49000000953674316,-0.20999999344348907,0.0,-0.503292977809906,-0.0706585943698883,0.3554489016532898,0.6346101760864258,-0.2761074900627136,0.0,0.3681105375289917,0.9967555999755859,-0.14416740834712982,1.8902102708816528,-2.2078042030334473,-2.2319302558898926,-0.24431109428405762,0.36727190017700195,1.9384297132492065,-1.539448618888855,0.7759170532226562,1.4622342586517334,0.007824420928955078,0.011374995112419128,0.005870267748832703,0.7467637658119202,0.05918923392891884,0.009174756705760956,277.2621765136719,80.99939727783203,0.5,0.0,0.0,0.8658969402313232,0.0,0.9454898238182068,0.9906988143920898,0.0,0.0,0.0,0.0,229.03201293945312,0.0
3.49,4.40000057220459,0.5877823436561908,-0.8090191076149165,1.0,0.0,1.0,1.0,1.1498390436172485,-0.25693878531455994,0.6204961538314819,-0.003707408905029297,0.0005287980893626809,-0.19254016876220703,0.35476210713386536,-0.0995856449007988,0.08831124007701874,0.4791841506958008,-0.3702393174171448,-0.46077340841293335,0.2981485426425934,0.19778093695640564,-0.9408358931541443,0.46183744072914124,-0.2244553118944168,-0.16919763386249542,-0.3606303632259369,-0.2241380363702774,0.949134886264801,0.4584653377532959,-0.23525553941726685,0.0570153072476387,0.4000000059604645,0.05000000074505806,-0.3100000023841858,0.49000000953674316,-0.20999999344348907,0.0,-0.4863720238208771,-0.06727440655231476,0.34800368547439575,0.6109208464622498,-0.26527807116508484,0.0,-1.067047357559204,0.43435561656951904,1.3205757141113281,0.9461995959281921,-1.2626780271530151,-1.130172610282898,0.42792466282844543,1.0595909357070923,-0.4552733302116394,-0.26666051149368286,-2.5916502475738525,10.60751724243164,0.009452298283576965,0.011229194700717926,0.0373077392578125,0.21903687715530396,0.06774789094924927,0.05880725756287575,334.132080078125,123.62704467773438,0.5,0.0,0.0,0.9143579006195068,0.0,0.9398615956306458,0.6540154814720154,0.0,0.0,0.0,0.0,390.02154541015625,0.0
3.5,4.411111831665039,0.5299154247969985,-0.848050495290355,1.0,0.0,1.0,1.0,1.154420018196106,-0.2577403485774994,0.6211917400360107,-0.007824897766113281,0.004658184014260769,-0.19664525985717773,0.36276379227638245,-0.0893445760011673,0.05316060036420822,0.3657715916633606,-0.412524938583374,-0.3421831429004669,0.28970232605934143,0.19589178264141083,-0.9092794060707092,0.45979180932044983,-0.2639465034008026,-0.11479490995407104,-0.35061147809028625,-0.215354785323143,0.9505930542945862,0.4533664286136627,-0.21971486508846283,0.13277111947536469,0.4000000059604645,0.05000000074505806,-0.3100000023841858,0.49000000953674316,-0.20999999344348907,0.0,-0.4702024459838867,-0.06404048949480057,0.3408890962600708,0.5882834196090698,-0.2549295723438263,0.0,-0.5183337330818176,-0.26073673367500305,3.435765504837036,-0.3180848956108093,-2.584867000579834,4.5479655265808105,1.1956934928894043,0.8561243414878845,-0.08709005266427994,-0.43740206956863403,2.192507743835449,4.749246597290039,0.010397117584943771,0.010930188000202179,0.4045245349407196,0.06755262613296509,-0.13254468142986298,-0.05622686818242073,23.311439514160156,193.8629150390625,0.5,0.0,0.0,0.8785572052001953,0.0,0.947780430316925,0.7912205457687378,0.0,0.0,0.0,0.0,110.85986328125,0.0
3.5100000000000002,4.42222261428833,0.46946938771016833,-0.8829487493637665,1.0,0.0,0.0,1.0,1.1579753160476685,-0.25881102681159973,0.621484100818634,-0.007922649383544922,0.0064389947801828384,-0.1996750831604004,0.3703222870826721,-0.07446078211069107,0.008400462567806244,-0.0021729408763349056,0.23146502673625946,-0.26688551902770996,0.2890792191028595,0.19539083540439606,-0.9200002551078796,0.4424644708633423,-0.1590748131275177,0.07025641947984695,-0.35206034779548645,-0.22035075724124908,0.9611685276031494,0.47015345096588135,-0.2205512970685959,0.1894863247871399,0.4000000059604645,0.05000000074505806,-0.3100000023841858,0.49000000953674316,-0.20999999344348907,0.0,-0.45510029792785645,-0.06102006137371063,0.33424413204193115,0.5671404600143433,-0.2452641874551773,0.0,0.6651638150215149,-0.22307299077510834,-2.796456813812256,-1.862645149230957,10.012691497802734,10.624204635620117,-0.5454866886138916,-0.9738403558731079,0.9901326298713684,2.062880516052246,-1.6556847095489502,2.469024658203125,0.01016848161816597,0.011811062693595886,1.1794174909591675,0.026725323870778084,0.06100315973162651,-0.09567032754421234,0.0,243.55416870117188,0.5,0.0,0.0,0.8460198640823364,0.0,0.9562638401985168,0.8672259449958801,0.0,0.0,0.0,0.0,921.42822265625,0.0
3.52,4.433333396911621,0.40673627813795976,-0.9135456201233083,1.0,0.0,1.0,1.0,1.1608117818832397,-0.26045066118240356,0.6216412782669067,-0.005753517150878906,0.004826141521334648,-0.2019944190979004,0.36687958240509033,-0.050298597663640976,0.021002376452088356,-0.2700909376144409,0.19677133858203888,-0.1875135749578476,0.2977786362171173,0.18876318633556366,-0.9301122426986694,0.42810457944869995,-0.14831951260566711,0.15285134315490723,-0.3583693206310272,-0.2317357212305069,0.9657412767410278,0.4913039803504944,-0.2351226508617401,0.22399885952472687,0.4000000059604645,0.05000000074505806,-0.3100000023841858,0.49000000953674316,-0.20999999344348907,0.0,-0.4413585662841797,-0.05827171728014946,0.32819777727127075,0.54790198802948,-0.23646947741508484,0.0,0.8687448501586914,-0.7875494360923767,-0.47802478075027466,-1.1706953048706055,0.7298259735107422,9.033041954040527,-0.6342090368270874,-1.223515272140503,0.0039820075035095215,2.115438222885132,-1.6361258029937744,3.5295751094818115,0.009652391076087952,0.01332421600818634,0.9361497163772583,0.022568553686141968,-0.06952113658189774,-0.05182231217622757,81.14048767089844,355.85845947265625,0.5,0.0,0.0,0.8400923013687134,0.0,0.960307240486145,0.9320929646492004,0.0,0.0,0.0,0.0,464.26910400390625,0.0
3.5300000000000002,4.44444465637207,0.34201889204895375,-0.939693076212444,1.0,0.0,1.0,1.0,1.1643552780151367,-0.2623763084411621,0.6221085786819458,-0.006713390350341797,0.0016036437591537833,-0.2015395164489746,0.35741376876831055,-0.02111622877418995,0.05876545608043671,-0.3594856858253479,-0.29286989569664,0.2190341204404831,0.29841184616088867,0.17886881530284882,-0.9356393814086914,0.41156527400016785,-0.21006551384925842,0.01495517510920763,-0.3578808307647705,-0.23653873801231384,0.9580610394477844,0.5003235936164856,-0.22704999148845673,0.28868287801742554,0.4000000059604645,0.05000000074505806,-0.3100000023841858,0.49000000953674316,-0.20999999344348907,0.0,-0.42924413084983826,-0.05584882199764252,0.32286742329597473,0.5309417843818665,-0.22871622443199158,0.0,-0.49272826313972473,-0.7630747556686401,-0.035220928490161896,-1.6140722036361694,-3.045215368270874,-10.646652221679688,0.2988859713077545,-0.28971534967422485,-1.3090171813964844,0.846856415271759,1.3539904356002808,7.357974052429199,0.009079471230506897,0.01462920755147934,0.46039316058158875,0.06310801953077316,-0.6356801390647888,-0.08737161755561829,36.362831115722656,393.47900390625,0.5,0.0,0.0,0.8048638701438904,0.0,0.9592980146408081,0.9085077047348022,0.0,0.0,0.0,0.0,638.7525024414062,0.0
3.54,4.4555559158325195,0.27563517982076013,-0.9612623198925345,1.0,0.0,1.0,0.0,1.1676878929138184,-0.26357659697532654,0.6222887635231018,-0.0061283111572265625,0.00038450772990472615,-0.20054388046264648,0.36950910091400146,-0.019064027816057205,-0.024159478023648262,0.09125688672065735,0.31300783157348633,-0.014987984672188759,0.3012949526309967,0.1814364492893219,-0.9374870657920837,0.4090214967727661,-0.2185891568660736,-0.09177917242050171,-0.35968834161758423,-0.23677699267864227,0.9617974162101746,0.4915831983089447,-0.1246011033654213,0.12516315281391144,0.4000000059604645,0.05000000074505806,-0.3100000023841858,0.49000000953674316,-0.20999999344348907,0.0,-0.4189935326576233,-0.05379870533943176,0.3183571398258209,0.51659095287323,-0.2221558392047882,0.0,0.5320659279823303,0.6924967765808105,0.05094153434038162,-0.08620265126228333,-0.28072232007980347,-10.039737701416016,-0.9435994029045105,0.187813863158226,1.7382042407989502,-1.1240968704223633,10.042460441589355,-10.469228744506836,0.009086832404136658,0.014673452824354172,0.13237547874450684,0.7748093008995056,-0.5443053841590881,-0.5601391196250916,66.67326354980469,0.0,0.5,0.0,0.0,0.8052230477333069,0.0,0.9658153057098389,0.9995508193969727,0.0,0.0,0.0,0.0,573.3677978515625,0.0
3.5500000000000003,4.466667175292969,0.20790856485914302,-0.9781482651716005,1.0,0.0,1.0,0.0,1.1706727743148804,-0.2641918957233429,0.621951162815094,-0.003409862518310547,0.0015109525993466377,-0.19952917098999023,0.3756561875343323,-0.04384947940707207,-0.04415082186460495,0.14785313606262207,0.2951938807964325,0.16157273948192596,0.30536237359046936,0.1861121952533722,-0.9465391039848328,0.41632089018821716,-0.19890309870243073,-0.15648365020751953,-0.3624933958053589,-0.23015670478343964,0.9590362906455994,0.4699483811855316,-0.14726214110851288,-0.021004848182201385,0.4000000059604645,0.05000000074505806,-0.3100000023841858,0.49000000953674316,-0.20999999344348907,0.0,-0.4108065068721771,-0.05216129869222641,0.3147548735141754,0.5051290988922119,-0.21691614389419556,0.0,0.5315192341804504,0.24883708357810974,-0.6472468376159668,0.606755256652832,1.8097422122955322,-6.943891525268555,-0.07471290230751038,0.6665206551551819,-0.2992522716522217,-2.5327930450439453,-3.782355546951294,-10.323981285095215,0.009259410202503204,0.013196486979722977,0.10332604497671127,0.9457868337631226,0.05280117690563202,0.0022793100215494633,281.3743591308594,0.0,0.5,0.0,0.0,0.8460673093795776,0.0,0.9658291339874268,0.9491281509399414,0.0,0.0,0.0,0.0,579.8326416015625,0.0
3.56,4.477778434753418,0.13916901323162567,-0.9902686432257336,1.0,0.0,1.0,1.0,1.1736927032470703,-0.26478350162506104,0.6214914321899414,-0.0009527206420898438,0.0036732780281454325,-0.19753074645996094,0.36744678020477295,-0.06921462714672089,-0.042470548301935196,0.2273814082145691,0.19528165459632874,0.20409871637821198,0.3145448565483093,0.19919432699680328,-0.9531036019325256,0.4423540532588959,-0.21092773973941803,-0.1875406801700592,-0.36149105429649353,-0.22356946766376495,0.9581007957458496,0.44332265853881836,-0.20029206573963165,-0.045465387403964996,0.4000000059604645,0.05000000074505806,-0.3100000023841858,0.49000000953674316,-0.20999999344348907,0.0,-0.40484195947647095,-0.05096839368343353,0.31213048100471497,0.4967787563800812,-0.21309885382652283,0.0,0.8776087164878845,1.4211176633834839,-0.372419536113739,2.952507257461548,-2.382155418395996,-2.027696132659912,0.11408631503582001,0.3566703200340271,-0.1475505381822586,-2.1151773929595947,2.723104953765869,1.8944487571716309,0.01039411872625351,0.011292140930891037,0.011341444216668606,0.6372827291488647,0.02040034905076027,0.2985787093639374,335.9394226074219,88.13795471191406,0.5,0.0,0.0,0.9114937782287598,0.0,0.9562633037567139,0.9200634956359863,0.0,0.0,0.0,0.0,299.68536376953125,0.0
3.5700000000000003,4.488889217376709,0.06975441482181208,-0.9975641942315625,1.0,1.0,1.0,1.0,1.1775773763656616,-0.26552900671958923,0.6213296055793762,-0.0024132728576660156,0.006418654695153236,-0.19539117813110352,0.3522568643093109,-0.06656180322170258,0.0076003181748092175,0.2921805679798126,-0.39893263578414917,0.2572723627090454,0.3140623867511749,0.21017567813396454,-0.9516626596450806,0.46544015407562256,-0.23474456369876862,-0.20316064357757568,-0.36160528659820557,-0.21447698771953583,0.9372026324272156,0.4399830102920532,-0.22043298184871674,0.09262631833553314,0.4000000059604645,0.05000000074505806,-0.3100000023841858,0.49000000953674316,-0.20999999344348907,0.0,-0.4000000059604645,-0.05000000074505806,0.3100000023841858,0.49000000953674316,-0.20999999344348907,0.0,-0.4867439866065979,1.0400499105453491,0.40896177291870117,2.3092596530914307,-2.525468349456787,-1.7804653644561768,0.34720325469970703,1.3792009353637695,-3.274526834487915,-0.1395794004201889,-2.1615471839904785,10.350629806518555,0.011703543365001678,0.010425567626953125,0.017840033397078514,0.06519246101379395,0.021293319761753082,0.09612319618463516,341.37353515625,150.46499633789062,0.5,0.0,0.0,0.9228421449661255,0.0,0.9488381743431091,0.8760097026824951,0.0,0.0,0.0,0.0,551.9591064453125,0.0
3.58,4.500000476837158,-2.996056226892924e-06,-0.9999999999955118,1.0,1.0,0.0,1.0,1.1816742420196533,-0.26660671830177307,0.621342122554779,-0.004620075225830078,0.008320202119648457,-0.19353485107421875,0.3720364272594452,-0.07059802860021591,-0.020758654922246933,0.15854668617248535,-0.03248698636889458,0.19763289391994476,0.3109097480773926,0.20758819580078125,-0.9267995953559875,0.45673632621765137,-0.2612422704696655,-0.09351199865341187,-0.35520291328430176,-0.21165499091148376,0.932971179485321,0.4423062801361084,-0.19938179850578308,0.11963199079036713,0.4000000059604645,0.05000000074505806,-0.3100000023841858,0.49000000953674316,-0.20999999344348907,0.0,-0.4000000059604645,-0.05000000074505806,0.3100000023841858,0.49000000953674316,-0.20999999344348907,0.0,0.21961194276809692,-0.4050930142402649,2.463167190551758,-1.415738821029663,-3.310574531555176,10.057411193847656,0.5776413083076477,0.26540669798851013,-0.47183334827423096,0.17553772032260895,0.5445228815078735,1.5584847927093506,0.011409752070903778,0.010060243308544159,0.7284120917320251,0.0458972193300724,-0.288627952337265,-0.015561740845441818,0.0,176.88107299804688,0.5,0.0,0.0,0.883888840675354,0.0,0.9581820368766785,0.9248557686805725,0.0,0.0,0.0,0.0,102.27680206298828,0.0
3.59,4.511111736297607,-0.06976039233738794,-0.9975637762373559,1.0,1.0,0.0,1.0,1.1847647428512573,-0.26798075437545776,0.6209449768066406,-0.0031309127807617188,0.007692351471632719,-0.1912064552307129,0.36483728885650635,-0.05314311385154724,-0.052373211830854416,-0.2788860499858856,0.23152104020118713,0.2845980226993561,0.3152121603488922,0.2040388137102127,-0.9274107813835144,0.43594691157341003,-0.1844417005777359,0.07141823321580887,-0.3607083559036255,-0.2190624475479126,0.9348770976066589,0.46073389053344727,-0.19971148669719696,0.16501061618328094,0.4000000059604645,0.05000000074505806,-0.3100000023841858,0.49000000953674316,-0.20999999344348907,0.0,-0.4000000059604645,-0.05000000074505806,0.3100000023841858,0.49000000953674316,-0.20999999344348907,0.0,0.7790006995201111,-0.5606160759925842,-1.0468223094940186,-1.9631989002227783,7.493974685668945,10.47060775756836,-0.7031072974205017,-1.3341708183288574,-0.04453374817967415,2.4129080772399902,-1.3552885055541992,2.279696226119995,0.010112378746271133,0.010616078972816467,0.9682850241661072,0.02038796991109848,-0.14167647063732147,-0.051112137734889984,0.0,310.36053466796875,0.5,0.0,0.0,0.8952717781066895,0.0,0.9586911797523499,0.850447952747345,0.0,0.0,0.0,0.0,708.496337890625,0.0
3.6,4.522222995758057,-0.1391779139276061,-0.9902673923111674,0.0,1.0,1.0,1.0,1.1876342296600342,-0.2699645161628723,0.6205931901931763,-0.0012869834899902344,0.003792551113292575,-0.1896219253540039,0.36935967206954956,-0.02788648009300232,-0.024864312261343002,-0.4684198796749115,0.15906038880348206,0.05207231640815735,0.322835773229599,0.1959645003080368,-0.9238893389701843,0.42525723576545715,-0.14013400673866272,0.11404538154602051,-0.3649783730506897,-0.2314755618572235,0.9348883628845215,0.4796207547187805,-0.20659665763378143,0.19850090146064758,0.3652054965496063,0.04304109886288643,-0.29469043016433716,0.44128769636154175,-0.18773150444030762,0.0,-0.4000000059604645,-0.05000000074505806,0.3100000023841858,0.49000000953674316,-0.20999999344348907,0.0,0.4845466911792755,-0.9773029088973999,0.8741556406021118,-0.8918662667274475,2.0475430488586426,6.792646408081055,-0.38385728001594543,-1.2162892818450928,-0.2787174880504608,1.7346320152282715,-1.0727858543395996,3.1888606548309326,0.008891921490430832,0.011724725365638733,0.499393105506897,0.04556616395711899,-0.10617095232009888,-0.0725337564945221,99.88469696044922,333.3329162597656,0.5,0.0,0.0,0.9080192446708679,0.0,0.9649402499198914,0.9945916533470154,0.0,0.0,0.0,0.0,355.30731201171875,0.0
3.61,4.533333778381348,-0.20791442602980836,-0.9781470193425401,0.0,1.0,1.0,1.0,1.1912915706634521,-0.2723587453365326,0.6206958889961243,-0.0025839805603027344,-0.0017123222351074219,-0.18706369400024414,0.3702034056186676,-0.020817982032895088,0.03331131860613823,-0.6019100546836853,-0.32127511501312256,0.38704240322113037,0.3189407289028168,0.18403568863868713,-0.9227407574653625,0.4142898917198181,-0.19945445656776428,-0.02665981836616993,-0.36081916093826294,-0.23854289948940277,0.9265324473381042,0.4874039888381958,-0.20058247447013855,0.25115227699279785,0.34802141785621643,0.03960428386926651,-0.2871294319629669,0.4172300100326538,-0.17673370242118835,0.0,-0.4000000059604645,-0.05000000074505806,0.3100000023841858,0.49000000953674316,-0.20999999344348907,0.0,-0.8951417207717896,-1.1580078601837158,0.3601851761341095,-1.127950668334961,-3.258078098297119,-10.87705135345459,0.6472619771957397,-0.6020023226737976,-1.4653793573379517,0.7059358358383179,1.2902177572250366,6.546087265014648,0.0076905712485313416,0.012824267148971558,0.15424089133739471,0.06794131547212601,-0.5113825798034668,-0.06721016764640808,97.01072692871094,380.16888427734375,0.5,0.0,0.0,0.8740864396095276,0.0,0.9660292863845825,0.7411119341850281,0.0,0.0,0.0,0.0,551.4799194335938,0.0
3.62,4.544445037841797,-0.27564093980772664,-0.9612606682382846,0.0,1.0,1.0,0.0,1.1946489810943604,-0.2744459807872772,0.6207304000854492,-0.002185821533203125,-0.005927562713623047,-0.18622398376464844,0.3831110894680023,-0.04235275089740753,-0.026085032150149345,-0.23557695746421814,0.2744481563568115,-0.17384038865566254,0.3200637400150299,0.179400235414505,-0.9229245781898499,0.42039307951927185,-0.19646482169628143,-0.09060786664485931,-0.3601595461368561,-0.246069997549057,0.9457623958587646,0.47989413142204285,-0.11016735434532166,0.07519744336605072,0.33108967542648315,0.036217931658029556,-0.27967944741249084,0.39352554082870483,-0.16589736938476562,0.0,-0.4000000059604645,-0.05000000074505806,0.3100000023841858,0.49000000953674316,-0.20999999344348907,0.0,0.22170591354370117,-0.21187074482440948,-0.08435980975627899,0.7871293425559998,-0.13816040754318237,-1.397493839263916,-0.7601207494735718,-0.5690596103668213,3.618635892868042,-1.0186806917190552,8.192909240722656,-10.562883377075195,0.007344935089349747,0.013342153280973434,0.022244319319725037,0.9943382740020752,0.008682243525981903,-0.7193784713745117,193.93838500976562,0.0,0.5,0.0,0.0,0.8257254362106323,0.0,0.9695594310760498,0.9413493871688843,0.0,0.0,0.0,0.0,682.0872802734375,0.0
3.63,4.555556297302246,-0.3420245227893949,-0.9396910267799128,0.0,1.0,1.0,0.0,1.1980807781219482,-0.2759074866771698,0.6205334067344666,-0.0017409324645996094,-0.007022380828857422,-0.18736648559570312,0.3729154169559479,-0.06083983555436134,-0.0171754639595747,0.028385313227772713,-0.11154191941022873,-0.16946415603160858,0.32084184885025024,0.17779037356376648,-0.926171600818634,0.4273003041744232,-0.1768321692943573,-0.1471124142408371,-0.36270731687545776,-0.23986640572547913,0.9402392506599426,0.4575176239013672,-0.1461702436208725,-0.05104907229542732,0.3144936263561249,0.03289872407913208,-0.2723771929740906,0.3702910840511322,-0.15527591109275818,0.0,-0.4000000059604645,-0.05000000074505806,0.3100000023841858,0.49000000953674316,-0.20999999344348907,0.0,-0.35492369532585144,0.28943830728530884,-0.24855178594589233,0.863310694694519,3.4458231925964355,-2.3901069164276123,0.021676504984498024,0.9767121076583862,-1.2506111860275269,-2.6029765605926514,-5.0936737060546875,-10.177108764648438,0.007266301661729813,0.012429125607013702,0.09252293407917023,1.0968519449234009,-0.0028770826756954193,-0.1813502162694931,519.5162963867188,0.0,0.5,0.0,0.0,0.8462986946105957,0.0,0.9610738754272461,0.9441821575164795,0.0,0.0,0.0,0.0,411.251953125,0.0
3.64,4.566667079925537,-0.40673901517017697,-0.9135444015144498,0.0,1.0,1.0,1.0,1.2018969058990479,-0.27701616287231445,0.6202374696731567,-0.002849578857421875,-0.005549430847167969,-0.18918371200561523,0.36501333117485046,-0.09024429321289062,-0.0334264412522316,0.22981613874435425,-0.16172556579113007,-0.19002442061901093,0.32493895292282104,0.18804167211055756,-0.9273321032524109,0.4556049704551697,-0.19099020957946777,-0.18176627159118652,-0.35946494340896606,-0.2329336553812027,0.9697809815406799,0.430222749710083,-0.1938435286283493,0.004973208531737328,0.29831504821777344,0.02966301143169403,-0.26525864005088806,0.34764111042022705,-0.14492163062095642,0.0,-0.4000000059604645,-0.05000000074505806,0.3100000023841858,0.49000000953674316,-0.20999999344348907,0.0,0.4407159388065338,1.1914126873016357,-0.10132130235433578,3.056513547897339,-1.3768589496612549,-4.19351863861084,0.41874414682388306,0.5483399629592896,3.7010529041290283,-2.5819058418273926,1.6520417928695679,6.223903179168701,0.008548833429813385,0.01118198037147522,0.05335954204201698,1.0603928565979004,0.034627728164196014,-0.09593501687049866,311.07061767578125,63.57728958129883,0.5,0.0,0.0,0.8962888121604919,0.0,0.9486352801322937,0.9303275346755981,0.0,0.0,0.0,0.0,349.26300048828125,0.0
3.65,4.577778339385986,-0.469474678429934,-0.8829459362345521,0.0,1.0,1.0,1.0,1.2064441442489624,-0.2781553864479065,0.6200159788131714,-0.007120609283447266,-0.002971172332763672,-0.19120025634765625,0.35722124576568604,-0.09436622262001038,-0.0013494663871824741,0.2288774996995926,-0.6130551695823669,-0.1913837194442749,0.32087114453315735,0.19735503196716309,-0.9204359650611877,0.48205870389938354,-0.2194870263338089,-0.19785021245479584,-0.35981717705726624,-0.22746875882148743,0.9644412398338318,0.43304675817489624,-0.19742748141288757,0.11880255490541458,0.2826310396194458,0.026526205241680145,-0.2583576440811157,0.32568344473838806,-0.134883850812912,0.0,-0.4000000059604645,-0.05000000074505806,0.3100000023841858,0.49000000953674316,-0.20999999344348907,0.0,-0.8298273086547852,0.7673924565315247,1.0786901712417603,2.556074380874634,-3.5082764625549316,-0.724679172039032,0.42731910943984985,0.36933302879333496,-0.698943555355072,0.920229971408844,1.921127438545227,7.717474460601807,0.009955473244190216,0.010823186486959457,0.0039084856398403645,0.16599851846694946,0.02238328382372856,-0.135727658867836,293.94940185546875,280.78778076171875,0.5,0.0,0.0,0.889726459980011,0.0,0.9431013464927673,0.9293633699417114,0.0,0.0,0.0,0.0,423.34051513671875,0.0
3.66,4.5888895988464355,-0.5299230471964925,-0.8480457322868761,0.0,1.0,0.0,1.0,1.2112330198287964,-0.27955615520477295,0.6199920177459717,-0.012092113494873047,-0.0012373924255371094,-0.19367647171020508,0.3753250539302826,-0.08345978707075119,-0.017672736197710037,0.11165830492973328,-0.3489556908607483,-0.25766053795814514,0.31186720728874207,0.19623737037181854,-0.8926927447319031,0.48259440064430237,-0.22183243930339813,-0.09044625610113144,-0.3489820063114166,-0.22444075345993042,0.9671162962913513,0.4369901120662689,-0.1815028041601181,0.17285318672657013,0.2675192356109619,0.023503845557570457,-0.251708447933197,0.3045269250869751,-0.12521231174468994,0.0,-0.4000000059604645,-0.05000000074505806,0.3100000023841858,0.49000000953674316,-0.20999999344348907,0.0,-0.41924700140953064,-0.28002527356147766,2.637282371520996,-0.35371947288513184,-0.2779678404331207,10.039192199707031,1.2601666450500488,0.1396317481994629,0.5874539613723755,0.10223568230867386,1.6828821897506714,2.2009871006011963,0.009989459067583084,0.010484136641025543,0.5091031193733215,0.06639726459980011,-0.14377692341804504,-0.1144402027130127,0.0,310.8794860839844,0.5,0.0,0.0,0.8680846095085144,0.0,0.955979585647583,0.8756595849990845,0.0,0.0,0.0,0.0,105.99401092529297,0.0
3.67,4.600000381469727,-0.5877871913791056,-0.8090155855424929,0.0,1.0,0.0,1.0,1.2149556875228882,-0.28123316168785095,0.619699239730835,-0.012931346893310547,-0.0019674301147460938,-0.19422435760498047,0.37492290139198303,-0.06525174528360367,-0.048443954437971115,-0.23009255528450012,0.06478329747915268,0.09699622541666031,0.30893436074256897,0.19621208310127258,-0.9109922647476196,0.46426087617874146,-0.12569236755371094,0.08594951778650284,-0.3482712507247925,-0.23462986946105957,0.965381920337677,0.45890602469444275,-0.19811683893203735,0.18027597665786743,0.25305286049842834,0.020610570907592773,-0.24534326791763306,0.28427401185035706,-0.11595382541418076,0.0,-0.4000000059604645,-0.05000000074505806,0.3100000023841858,0.49000000953674316,-0.20999999344348907,0.0,0.20874683558940887,-0.0332670621573925,-3.4662811756134033,-1.986602544784546,9.18224048614502,10.561837196350098,-0.25352743268013,-1.3109779357910156,-0.2759862542152405,2.385892868041992,-1.9357903003692627,0.7869095802307129,0.008802086114883423,0.011158797889947891,1.1981338262557983,0.006222134921699762,-0.16236275434494019,-0.03291386738419533,0.0,293.833251953125,0.5,0.0,0.0,0.8170053958892822,0.0,0.9609776735305786,0.9813593626022339,0.0,0.0,0.0,0.0,760.092041015625,0.0
3.68,4.611111640930176,-0.6427901598076682,-0.7660423033060462,0.0,1.0,1.0,1.0,1.2181721925735474,-0.28329312801361084,0.6194037199020386,-0.012213706970214844,-0.005249977111816406,-0.1936345100402832,0.3751939833164215,-0.04467303678393364,-0.018356066197156906,-0.3802781403064728,0.07174693048000336,0.04732489958405495,0.3156735599040985,0.19053155183792114,-0.9182131886482239,0.4543032944202423,-0.1487688422203064,0.10980742424726486,-0.3506764769554138,-0.24682588875293732,0.964644193649292,0.47849491238594055,-0.20617854595184326,0.21164558827877045,0.2393023818731308,0.017860475927591324,-0.23929303884506226,0.2650233507156372,-0.10715351998806,0.0,-0.4000000059604645,-0.05000000074505806,0.3100000023841858,0.49000000953674316,-0.20999999344348907,0.0,0.5447816252708435,-0.7082815170288086,0.16918957233428955,-0.7209988832473755,1.1044447422027588,3.898608684539795,-0.23643578588962555,-1.2051442861557007,-0.24694809317588806,1.9002434015274048,-1.1862472295761108,3.0144219398498535,0.007787786424160004,0.012234203517436981,0.6110687255859375,0.036132682114839554,-0.18314290046691895,-0.07228408008813858,105.7759780883789,342.2503662109375,0.5,0.0,0.0,0.7600078582763672,0.0,0.9654660224914551,0.9955306649208069,0.0,0.0,0.0,0.0,259.48541259765625,0.0
3.69,4.622222900390625,-0.6946614356011177,-0.719336840352692,0.0,1.0,1.0,1.0,1.2217788696289062,-0.2854122519493103,0.6194373965263367,-0.012737751007080078,-0.00913238525390625,-0.19080209732055664,0.38253965973854065,-0.035960663110017776,0.005853153299540281,-0.39077630639076233,-0.120539590716362,0.45313560962677,0.31410133838653564,0.1818772256374359,-0.9231791496276855,0.44063180685043335,-0.2029089480638504,-0.02355818822979927,-0.3474227488040924,-0.25115805864334106,0.9522544741630554,0.4845547378063202,-0.20262306928634644,0.24273499846458435,0.22633446753025055,0.015266891568899155,-0.23358717560768127,0.24686825275421143,-0.09885405004024506,0.0,-0.4000000059604645,-0.05000000074505806,0.3100000023841858,0.49000000953674316,-0.20999999344348907,0.0,-0.4851101338863373,-0.7759758234024048,-0.2633039057254791,-1.4691152572631836,-2.5369296073913574,-10.76974868774414,0.5328385233879089,-0.3555702567100525,-1.3748745918273926,0.4277660548686981,1.2481228113174438,3.4547019004821777,0.00669439509510994,0.012875448912382126,0.30699777603149414,0.05189075320959091,-0.5603522658348083,-0.04903962463140488,74.3106460571289,304.8116455078125,0.5,0.0,0.0,0.7199956774711609,0.0,0.9702706933021545,0.6632099151611328,0.0,0.0,0.0,0.0,323.9862060546875,0.0
3.7,4.633333683013916,-0.7431462956277397,-0.6691289735878788,0.0,1.0,1.0,0.0,1.2249045372009277,-0.2870464026927948,0.6192513704299927,-0.010653495788574219,-0.011281490325927734,-0.18910503387451172,0.3946128189563751,-0.05164126306772232,-0.04841848090291023,-0.01705823838710785,0.42924246191978455,-0.0711696594953537,0.3186938762664795,0.18098865449428558,-0.9238025546073914,0.44614285230636597,-0.19794221222400665,-0.097695492208004,-0.3458458185195923,-0.2551088035106659,0.9687556624412537,0.47116291522979736,-0.11110559105873108,0.0685783103108406,0.2142132967710495,0.012842658907175064,-0.22825384140014648,0.2298986315727234,-0.09109650552272797,0.0,-0.4000000059604645,-0.05000000074505806,0.3100000023841858,0.49000000953674316,-0.20999999344348907,0.0,0.5002050399780273,0.3758869767189026,-0.2101706862449646,0.9220433235168457,-1.3837037086486816,-3.4532063007354736,-0.5963439345359802,-0.2294841855764389,3.2165281772613525,-1.5990328788757324,8.199318885803223,-10.556129455566406,0.006473824381828308,0.012525215744972229,0.0070022474974393845,0.9336904883384705,-0.12807318568229675,-0.4935060441493988,110.17991638183594,0.0,0.5,0.0,0.0,0.7270083427429199,0.0,0.9728294014930725,0.9899209141731262,0.0,0.0,0.0,0.0,720.2733154296875,0.0
3.71,4.644444942474365,-0.7880126801395446,-0.6156590094681403,0.0,1.0,1.0,1.0,1.2278186082839966,-0.28813260793685913,0.618726909160614,-0.007167339324951172,-0.01104879379272461,-0.1867694854736328,0.39369523525238037,-0.06697524338960648,-0.057830289006233215,0.05539720878005028,0.32777029275894165,0.3761341869831085,0.32580888271331787,0.1876351684331894,-0.9346011281013489,0.4619657099246979,-0.19302421808242798,-0.13912571966648102,-0.34631699323654175,-0.24857786297798157,0.9642277956008911,0.4476717710494995,-0.19201171398162842,-0.047203101217746735,0.202996626496315,0.010599322617053986,-0.22331851720809937,0.21419528126716614,-0.08391782641410828,0.0,-0.4000000059604645,-0.05000000074505806,0.3100000023841858,0.49000000953674316,-0.20999999344348907,0.0,0.748938798904419,0.8747158646583557,-0.8522036075592041,1.9405133724212646,-0.5132779479026794,-2.0523996353149414,0.0686190128326416,0.68904048204422,-0.6302294135093689,-2.3082008361816406,1.1696395874023438,2.773379325866699,0.006812185049057007,0.01087595522403717,0.027798159047961235,0.5209752917289734,0.009950600564479828,0.15659289062023163,291.0263977050781,229.4083709716797,0.5,0.0,0.0,0.7875285148620605,0.0,0.9689204692840576,0.7535545825958252,0.0,0.0,0.0,0.0,210.3601531982422,0.0
3.72,4.6555562019348145,-0.8290398436098971,-0.5591895364787125,0.0,1.0,1.0,1.0,1.23090398311615,-0.2891333997249603,0.6182395815849304,-0.004364490509033203,-0.009650230407714844,-0.18387889862060547,0.3915805220603943,-0.08491826057434082,-0.04209666699171066,0.19301658868789673,0.22917209565639496,0.28265559673309326,0.32914677262306213,0.19703324139118195,-0.9365341067314148,0.48233407735824585,-0.22655843198299408,-0.12317071110010147,-0.34948307275772095,-0.24271416664123535,0.9666315317153931,0.4404987394809723,-0.20269867777824402,0.0681271180510521,0.1927400380373001,0.008548006415367126,-0.21880561113357544,0.19983604550361633,-0.07735361158847809,0.0,-0.4000000059604645,-0.05000000074505806,0.3100000023841858,0.49000000953674316,-0.20999999344348907,0.0,0.1194973737001419,0.9300997257232666,0.06008023023605347,1.8569004535675049,-3.0963668823242188,2.186217784881592,-0.26372888684272766,0.7807101011276245,0.05341222509741783,-0.5275273323059082,-1.3505791425704956,10.288169860839844,0.0074808597564697266,0.00984719768166542,-0.05303909629583359,0.2147846519947052,-0.0034777733962982893,-0.040110256522893906,346.8109436035156,74.5670394897461,0.5,0.0,0.0,0.8303009271621704,0.0,0.9627786874771118,0.8523241281509399,0.0,0.0,0.0,0.0,286.4501037597656,0.0
3.73,4.6666669845581055,-0.8660264024681199,-0.49999827022513377,0.0,1.0,1.0,1.0,1.2346692085266113,-0.2902718186378479,0.6181429028511047,-0.004485130310058594,-0.007752418518066406,-0.1810131072998047,0.38362154364585876,-0.09533915668725967,0.011756666004657745,0.207463338971138,-0.21030116081237793,0.2676258981227875,0.3276437819004059,0.20296795666217804,-0.9373953342437744,0.4962461292743683,-0.23551952838897705,-0.1433311253786087,-0.34506601095199585,-0.23475079238414764,0.9550626873970032,0.4337703585624695,-0.17587856948375702,0.1195296049118042,0.18349319696426392,0.006698638200759888,-0.21473699808120728,0.18689048290252686,-0.07143564522266388,0.0,-0.4000000059604645,-0.05000000074505806,0.3100000023841858,0.49000000953674316,-0.20999999344348907,0.0,-0.5157250165939331,0.6391889452934265,0.2581512928009033,1.6706336736679077,-2.1371073722839355,-0.15812474489212036,1.061694622039795,0.7502965927124023,-0.8066620826721191,-0.573677122592926,2.2584657669067383,3.537853717803955,0.008329242467880249,0.008883818984031677,0.017152639105916023,0.04792836681008339,0.03226902708411217,-0.027535270899534225,300.0125427246094,226.82366943359375,0.5,0.0,0.0,0.8822904229164124,0.0,0.9557422399520874,0.8665397763252258,0.0,0.0,0.0,0.0,227.0207977294922,0.0
3.74,4.677778244018555,-0.8987953304935891,-0.43836851379053193,0.0,1.0,1.0,1.0,1.2386049032211304,-0.29157671332359314,0.6182593107223511,-0.005157947540283203,-0.0060367584228515625,-0.18022727966308594,0.39823341369628906,-0.09969557076692581,0.0028753892984241247,0.15943193435668945,0.08847394585609436,-0.03723520413041115,0.3224266469478607,0.1976495087146759,-0.9067388772964478,0.49149107933044434,-0.25382786989212036,-0.08997922390699387,-0.3352043032646179,-0.23140117526054382,0.9492455124855042,0.43195897340774536,-0.17163892090320587,0.11670850217342377,0.17530113458633423,0.00506022572517395,-0.2111324965953827,0.1754215955734253,-0.06619271636009216,0.0,-0.4000000059604645,-0.05000000074505806,0.3100000023841858,0.49000000953674316,-0.20999999344348907,0.0,-0.2521800696849823,-0.7622168064117432,3.095306634902954,-0.7042133808135986,-1.121375322341919,4.162355899810791,0.7273087501525879,0.21292619407176971,-0.5320560336112976,-0.147615447640419,0.2283736616373062,-1.06020987033844,0.008130915462970734,0.008282452821731567,0.10919836908578873,0.011882138438522816,-0.039356157183647156,0.01049741916358471,76.2002182006836,218.46389770507812,0.5,0.0,0.0,0.9254277944564819,0.0,0.960221529006958,0.9972308874130249,0.0,0.0,0.0,0.0,74.84365844726562,0.0
3.75,4.688889503479004,-0.9271853011345439,-0.37460301301517174,0.0,1.0,0.0,1.0,1.2417744398117065,-0.29289382696151733,0.6181780099868774,-0.002795696258544922,-0.005654335021972656,-0.17960596084594727,0.3942757546901703,-0.07150612026453018,-0.01853792928159237,-0.09757524728775024,0.28873345255851746,0.16150829195976257,0.3188152611255646,0.19463282823562622,-0.9092169404029846,0.4728613495826721,-0.17273081839084625,0.05586538836359978,-0.3377718925476074,-0.23634614050388336,0.9507372975349426,0.4438900947570801,-0.17097143828868866,0.14257559180259705,0.16820359230041504,0.0036407187581062317,-0.20800957083702087,0.16548502445220947,-0.061650291085243225,0.0,-0.4000000059604645,-0.05000000074505806,0.3100000023841858,0.49000000953674316,-0.20999999344348907,0.0,-0.06217456981539726,-0.230033740401268,-1.5563849210739136,-1.953817367553711,7.359742164611816,10.332673072814941,-0.35529348254203796,-0.8701751232147217,-0.3241332471370697,1.705183744430542,-1.565251350402832,0.11999828368425369,0.007027801126241684,0.008601613342761993,0.7360647320747375,-0.006994705181568861,-0.07967614382505417,-0.01399869192391634,0.0,309.86865234375,0.5,0.0,0.0,0.920001745223999,0.0,0.967943549156189,0.9491676688194275,0.0,0.0,0.0,0.0,482.8129577636719,0.0
3.7600000000000002,4.700000286102295,-0.9510570717929907,-0.30901528472317064,0.0,1.0,1.0,1.0,1.2449110746383667,-0.29452309012413025,0.6181311011314392,-0.0005087852478027344,-0.007201671600341797,-0.17955493927001953,0.40047380328178406,-0.05904781073331833,0.012181337922811508,-0.15637648105621338,0.17867177724838257,-0.11888736486434937,0.31991803646087646,0.18768145143985748,-0.9043292999267578,0.4642096757888794,-0.1704825460910797,0.08411053568124771,-0.33588820695877075,-0.243344247341156,0.9571088552474976,0.45391952991485596,-0.17959021031856537,0.1518375724554062,0.16223567724227905,0.0024471357464790344,-0.20538368821144104,0.1571299433708191,-0.057830825448036194,0.0,-0.4000000059604645,-0.05000000074505806,0.3100000023841858,0.49000000953674316,-0.20999999344348907,0.0,-0.2214047610759735,-0.9865586161613464,1.2941157817840576,-0.3896487355232239,-4.411681652069092,0.8828561305999756,0.4187501072883606,-0.5222796201705933,0.9182887077331543,0.8242191672325134,-1.676230788230896,1.2661408185958862,0.006248541176319122,0.009083662182092667,0.14238515496253967,-0.003034715075045824,0.011346671730279922,-0.14390335977077484,158.9052734375,283.58489990234375,0.5,0.0,0.0,0.8873424530029297,0.0,0.9735713005065918,0.9721274375915527,0.0,0.0,0.0,0.0,156.2567138671875,0.0
3.77,4.711111545562744,-0.9702963866562848,-0.24191924694359845,0.0,1.0,1.0,1.0,1.2484157085418701,-0.29632800817489624,0.6184118986129761,0.00035632564686238766,-0.00926351547241211,-0.1798572540283203,0.40017110109329224,-0.0637383982539177,0.03786313533782959,-0.2340390533208847,0.010340184904634953,0.045174434781074524,0.3162301182746887,0.1728811264038086,-0.8910621404647827,0.45242932438850403,-0.21542035043239594,-0.046511635184288025,-0.33234164118766785,-0.24783779680728912,0.9504704475402832,0.46021348237991333,-0.18523631989955902,0.16545361280441284,0.15742583572864532,0.0014851652085781097,-0.20326736569404602,0.1503961682319641,-0.05475252866744995,0.0,-0.4000000059604645,-0.05000000074505806,0.3100000023841858,0.49000000953674316,-0.20999999344348907,0.0,-0.3865337073802948,-1.4966620206832886,1.0471323728561401,-0.9064006209373474,-0.22522348165512085,-10.264812469482422,0.4714512526988983,-0.5114326477050781,-0.6631858348846436,0.7268021106719971,-0.1955053210258484,1.3947606086730957,0.00546882301568985,0.009743265807628632,0.040822193026542664,0.007046548184007406,-0.0002448642044328153,-0.03988475725054741,178.3773651123047,267.9035339355469,0.5,0.0,0.0,0.8530560731887817,0.0,0.9723331332206726,0.9959268569946289,0.0,0.0,0.0,0.0,323.35614013671875,0.0
3.7800000000000002,4.722222805023193,-0.9848083888785764,-0.17364457145094636,0.0,1.0,1.0,0.0,1.2518895864486694,-0.297518253326416,0.6186853647232056,0.0018079769797623158,-0.008769512176513672,-0.18250608444213867,0.40150395035743713,-0.07463957369327545,0.016058143228292465,0.2924063801765442,0.2316417396068573,-0.5521199107170105,0.31706687808036804,0.17026250064373016,-0.8881844878196716,0.4573538899421692,-0.21211783587932587,-0.10952440649271011,-0.3302517831325531,-0.24718090891838074,0.961448073387146,0.44642817974090576,-0.08940081298351288,0.004828177392482758,0.153797909617424,0.0007595792412757874,-0.2016710788011551,0.14531707763671875,-0.052430659532547,0.0,-0.4000000059604645,-0.05000000074505806,0.3100000023841858,0.49000000953674316,-0.20999999344348907,0.0,0.07010242342948914,0.2764357328414917,0.479775995016098,0.7644281387329102,-0.19889399409294128,-3.8298871517181396,-0.47845080494880676,0.3718886077404022,2.3483526706695557,-1.5631372928619385,8.955883026123047,-10.443700790405273,0.006003245711326599,0.00939662754535675,0.054351095110177994,0.822047770023346,0.030764006078243256,-0.4620731472969055,268.5771484375,0.0,0.5,0.0,0.0,0.8836943507194519,0.0,0.9699167013168335,0.5435287356376648,0.0,0.0,0.0,0.0,622.9341430664062,0.0
3.79,4.733333587646484,-0.994522062392685,-0.10452687412431273,0.0,1.0,1.0,1.0,1.2556991577148438,-0.29774704575538635,0.6188406348228455,0.0025334141682833433,-0.004122734069824219,-0.18500328063964844,0.39800670742988586,-0.08422121405601501,0.02284073457121849,0.5504602193832397,-0.030406048521399498,-0.09637865424156189,0.31834378838539124,0.1817081719636917,-0.894434928894043,0.4765937030315399,-0.2121163308620453,-0.1708167940378189,-0.33036008477211,-0.2298334687948227,0.9458736181259155,0.4205682575702667,-0.13751742243766785,-0.07677767425775528,0.15136945247650146,0.00027389079332351685,-0.20060256123542786,0.14191722869873047,-0.0508764386177063,0.0,-0.4000000059604645,-0.05000000074505806,0.3100000023841858,0.49000000953674316,-0.20999999344348907,0.0,0.03163006529211998,1.3248406648635864,-0.7015414834022522,2.171600580215454,-0.45028647780418396,-6.65580415725708,0.33403873443603516,1.840235948562622,-2.0569965839385986,-2.319335460662842,3.241363286972046,-2.9667770862579346,0.00782209262251854,0.007683232426643372,0.03905339539051056,0.4368351101875305,0.07691607624292374,-0.051773399114608765,304.00238037109375,128.4923858642578,0.5,0.0,0.0,0.8992334604263306,0.0,0.9656134247779846,0.9815938472747803,0.0,0.0,0.0,0.0,440.43701171875,0.0
3.8000000000000003,4.744444847106934,-0.99939091531173,-0.0348969682405658,0.0,1.0,1.0,1.0,1.2601310014724731,-0.2978360950946808,0.6191927790641785,0.0008658533915877342,0.002254788763821125,-0.18785905838012695,0.39595523476600647,-0.09600351750850677,0.05612379312515259,0.6962990760803223,-0.3073084056377411,-0.40195369720458984,0.3183564245700836,0.194381982088089,-0.8919320106506348,0.4997716248035431,-0.22934556007385254,-0.22942277789115906,-0.32707613706588745,-0.2170906513929367,0.9468669891357422,0.4128516912460327,-0.16820578277111053,0.0573883019387722,0.1501522809267044,3.0454248189926147e-05,-0.20006701350212097,0.14021319150924683,-0.050097450613975525,0.0,-0.4000000059604645,-0.05000000074505806,0.3100000023841858,0.49000000953674316,-0.20999999344348907,0.0,-0.21861180663108826,1.2883195877075195,0.27756136655807495,2.5568389892578125,-1.5659499168395996,-5.725977897644043,0.6320744156837463,1.1984646320343018,0.00852113962173462,-0.6068634986877441,-1.6165709495544434,10.429946899414062,0.010359883308410645,0.0067224688827991486,0.0814184620976448,0.2576036751270294,0.15741047263145447,0.17950941622257233,353.1626892089844,115.67841339111328,0.5,0.0,0.0,0.8669790029525757,0.0,0.960708737373352,0.7238771915435791,0.0,0.0,0.0,0.0,622.23583984375,0.0
3.81,4.755556106567383,-0.9993907061872304,0.034902956702685436,0.0,1.0,1.0,1.0,1.2650887966156006,-0.29826274514198303,0.6196823120117188,-0.002982616424560547,0.007678687572479248,-0.19093990325927734,0.39569610357284546,-0.07725007086992264,0.047118447721004486,0.42830562591552734,-0.4324308931827545,-0.1900818794965744,0.3128150701522827,0.19932693243026733,-0.8823033571243286,0.5110006332397461,-0.2958202362060547,-0.18837393820285797,-0.32187989354133606,-0.21184277534484863,0.9496274590492249,0.42164239287376404,-0.1529240757226944,0.12308049201965332,0.15030458569526672,6.091594696044922e-05,-0.2001340091228485,0.1404264271259308,-0.050194934010505676,0.0,-0.4000000059604645,-0.05000000074505806,0.3100000023841858,0.49000000953674316,-0.20999999344348907,0.0,-0.5899655222892761,0.28287506103515625,0.7758724093437195,0.8379697799682617,-5.745968341827393,3.597818613052368,0.6099613904953003,0.47255057096481323,0.10731856524944305,0.9140626192092896,1.1642451286315918,6.629922389984131,0.01222895085811615,0.006719596683979034,0.5067856311798096,0.08559013903141022,0.08847653865814209,-0.076076440513134,24.876874923706055,283.5207824707031,0.5,0.0,0.0,0.7958463430404663,0.0,0.9668675661087036,0.9302868843078613,0.0,0.0,0.0,0.0,237.1167755126953,0.0
3.8200000000000003,4.766666889190674,-0.9945217492198299,0.10452985376785666,0.0,1.0,0.0,1.0,1.269479751586914,-0.2991134226322174,0.6200976371765137,-0.004714488983154297,0.010427786968648434,-0.1915421485900879,0.4049246907234192,-0.06262804567813873,0.02354123815894127,0.1580723226070404,0.03233618661761284,0.04299028590321541,0.310916006565094,0.19832774996757507,-0.8855277299880981,0.4939964711666107,-0.19030193984508514,0.00830787606537342,-0.3191443383693695,-0.21389557421207428,0.9498986005783081,0.43724435567855835,-0.1542290300130844,0.1480083167552948,0.15273165702819824,0.0005463287234306335,-0.201201930642128,0.14382433891296387,-0.051748260855674744,0.0,-0.4000000059604645,-0.05000000074505806,0.3100000023841858,0.49000000953674316,-0.20999999344348907,0.0,0.6101089715957642,-0.2219499945640564,-1.5080980062484741,-1.8541290760040283,10.0419921875,10.75634765625,-0.018375417217612267,-0.3010263741016388,-0.08737792074680328,1.5703535079956055,-1.753308653831482,2.5507287979125977,0.012073017656803131,0.007338821887969971,1.2139970064163208,0.019352365285158157,0.13962045311927795,-0.03435779735445976,0.0,242.12319946289062,0.5,0.0,0.0,0.7771655917167664,0.0,0.9744099378585815,0.9963104724884033,0.0,0.0,0.0,0.0,986.45068359375,0.0
3.83,4.777778625488281,-0.9848068280920987,0.17365342306784348,0.0,1.0,0.0,1.0,1.273107886314392,-0.3005658984184265,0.6203103065490723,-0.004009723663330078,0.009722590446472168,-0.18965530395507812,0.39857885241508484,-0.046495139598846436,0.016225099563598633,-0.25141575932502747,0.0901879295706749,0.33853086829185486,0.3129635751247406,0.19142073392868042,-0.9163268208503723,0.4645266532897949,-0.17414544522762299,0.15426504611968994,-0.3259905278682709,-0.22498449683189392,0.9474012851715088,0.46550828218460083,-0.17300255596637726,0.18650703132152557,0.15753887593746185,0.001507773995399475,-0.20331710577011108,0.15055441856384277,-0.05482487380504608,0.0,-0.4000000059604645,-0.05000000074505806,0.3100000023841858,0.49000000953674316,-0.20999999344348907,0.0,0.28743696212768555,-0.9659974575042725,-3.950047254562378,-3.3300790786743164,0.47492507100105286,10.327489852905273,-0.8260112404823303,-1.3914096355438232,-0.5103224515914917,3.1138598918914795,-2.276409387588501,4.810805320739746,0.010866470634937286,0.00903710350394249,1.6390539407730103,0.0011466656578704715,-0.126618430018425,-0.04575126990675926,0.0,341.0428771972656,0.5,0.0,0.0,0.8453813791275024,0.0,0.9754112362861633,0.7951645255088806,0.0,0.0,0.0,0.0,764.048583984375,0.0
3.84,4.788889408111572,-0.9702949370315339,0.2419250610643141,0.0,1.0,1.0,1.0,1.2768802642822266,-0.30257540941238403,0.6206598281860352,-0.004567623138427734,0.006209897343069315,-0.18534326553344727,0.3936624825000763,-0.029043972492218018,0.05663348361849785,-0.45308318734169006,-0.16027657687664032,0.5135122537612915,0.31718873977661133,0.18004252016544342,-0.9359306693077087,0.44306471943855286,-0.24750350415706635,0.02168365567922592,-0.32796743512153625,-0.23520128428936005,0.9376959800720215,0.4869091510772705,-0.18457823991775513,0.2321523278951645,0.1646321564912796,0.0029264315962791443,-0.20643815398216248,0.16048502922058105,-0.059364572167396545,0.0,-0.4000000059604645,-0.05000000074505806,0.3100000023841858,0.49000000953674316,-0.20999999344348907,0.0,-0.015087991952896118,-1.0397146940231323,-0.727597713470459,-1.6689491271972656,-5.843601703643799,-11.891205787658691,0.32143306732177734,-1.108681082725525,-1.208050012588501,2.0411291122436523,-2.9343323707580566,2.190553903579712,0.010011598467826843,0.010916542261838913,0.6208677291870117,0.0015597250312566757,-0.5815678834915161,-0.030246207490563393,26.144472122192383,512.0833129882812,0.5,0.0,0.0,0.9158878326416016,0.0,0.9759905338287354,0.5901434421539307,0.0,0.0,0.0,0.0,500.35626220703125,0.0
3.85,4.8000006675720215,-0.9510552201215818,0.3090209835585436,0.0,1.0,1.0,0.0,1.2802258729934692,-0.3038756847381592,0.6207609176635742,-0.0025529861450195312,0.00453509297221899,-0.18163681030273438,0.4080587923526764,-0.017854416742920876,-0.03686704486608505,0.08417049795389175,0.4615629315376282,0.2373351901769638,0.31859254837036133,0.18426205217838287,-0.9594518542289734,0.4336741864681244,-0.2447887361049652,-0.10751286894083023,-0.33010825514793396,-0.24091047048568726,0.9559393525123596,0.48466911911964417,-0.08608875423669815,0.06089526787400246,0.17387357354164124,0.004774712026119232,-0.21050438284873962,0.17342302203178406,-0.06527908146381378,0.0,-0.4000000059604645,-0.05000000074505806,0.3100000023841858,0.49000000953674316,-0.20999999344348907,0.0,0.15909649431705475,1.1340733766555786,-2.3098807334899902,-0.762106716632843,0.9161781072616577,-10.213662147521973,-1.058304786682129,-0.21643421053886414,3.3782248497009277,-0.47882896661758423,10.011113166809082,-10.52413558959961,0.009620144963264465,0.011295132339000702,0.2539536952972412,0.8201044201850891,-0.6927987933158875,-0.6587337851524353,31.023670196533203,0.0,0.5,0.0,0.0,0.9245635867118835,0.0,0.9826090931892395,0.8934580087661743,0.0,0.0,0.0,0.0,842.0809326171875,0.0
3.86,4.811111927032471,-0.9271819341020247,0.37461134669791923,0.0,1.0,1.0,0.0,1.283063530921936,-0.30445611476898193,0.6201871633529663,0.0022483081556856632,0.005554710980504751,-0.17901611328125,0.4149109721183777,-0.0476948618888855,-0.071372389793396,0.1320704072713852,0.5390723943710327,0.2746768593788147,0.3230993151664734,0.19243116676807404,-0.972996711730957,0.44079068303108215,-0.23142804205417633,-0.14301267266273499,-0.33556050062179565,-0.24156591296195984,0.9807305932044983,0.4733290374279022,-0.11637511849403381,-0.07283467054367065,0.18508359789848328,0.00701671838760376,-0.21543678641319275,0.18911704421043396,-0.07245349884033203,0.0,-0.4000000059604645,-0.05000000074505806,0.3100000023841858,0.49000000953674316,-0.20999999344348907,0.0,0.6326897144317627,0.5053735971450806,-0.9239411354064941,0.689480185508728,1.5223045349121094,-3.350597620010376,-0.4205053448677063,-0.11103077232837677,2.555896043777466,-1.5526279211044312,-4.625131607055664,-10.227133750915527,0.009536080062389374,0.010235033929347992,0.060014259070158005,1.0533212423324585,0.03391201049089432,-0.09767574071884155,289.6083068847656,0.0,0.5,0.0,0.0,0.9411399364471436,0.0,0.9811500310897827,0.8599382042884827,0.0,0.0,0.0,0.0,373.2429504394531,0.0
3.87,4.822222709655762,-0.8987927037240241,0.438373899465352,0.0,1.0,1.0,1.0,1.285994291305542,-0.30493178963661194,0.61954665184021,0.006496514193713665,0.008014271967113018,-0.17722463607788086,0.40359652042388916,-0.06861972063779831,-0.046487510204315186,0.3208550214767456,0.3056177794933319,0.061959825456142426,0.3300839066505432,0.2005128711462021,-0.9799188375473022,0.45356643199920654,-0.22514937818050385,-0.1854889690876007,-0.3430623710155487,-0.23615606129169464,0.984785795211792,0.4555155634880066,-0.1556285172700882,-0.10181175917387009,0.1980430632829666,0.009608611464500427,-0.22113895416259766,0.20726028084754944,-0.0807475596666336,0.0,-0.4000000059604645,-0.05000000074505806,0.3100000023841858,0.49000000953674316,-0.20999999344348907,0.0,0.35746830701828003,1.066114068031311,-0.033617857843637466,1.7208164930343628,-1.3259854316711426,-0.8261166214942932,-0.773292601108551,0.6586170196533203,-0.6613457798957825,-1.1525325775146484,2.178781747817993,-1.9230918884277344,0.009892590343952179,0.008596092462539673,0.006936588324606419,0.5789152383804321,0.010095072910189629,-0.010881153866648674,342.40185546875,64.64118194580078,0.5,0.0,0.0,0.861443281173706,0.0,0.9723838567733765,0.9923514127731323,0.0,0.0,0.0,0.0,175.26873779296875,0.0
3.88,4.833333969116211,-0.8660234064067123,0.5000034595437459,0.0,1.0,1.0,1.0,1.2898650169372559,-0.30520397424697876,0.6192954778671265,0.006827356293797493,0.012364552356302738,-0.1771254539489746,0.389644593000412,-0.0738939642906189,0.0016605108976364136,0.510989785194397,-0.17940007150173187,-0.02181181311607361,0.33006176352500916,0.2123410403728485,-0.9764801263809204,0.47330784797668457,-0.24451404809951782,-0.20207814872264862,-0.34593865275382996,-0.22657530009746552,0.9768053293228149,0.4522581696510315,-0.19271337985992432,0.035804737359285355,0.2125011682510376,0.012500233948230743,-0.22750051319599152,0.22750163078308105,-0.09000074118375778,0.0,-0.4000000059604645,-0.05000000074505806,0.3100000023841858,0.49000000953674316,-0.20999999344348907,0.0,-0.2765161097049713,1.2617409229278564,0.6387261152267456,2.169414758682251,-2.274806022644043,-2.220703601837158,0.20159626007080078,1.11448335647583,-0.9357054233551025,-0.11524618417024612,-1.614534616470337,10.523202896118164,0.011140652000904083,0.0075185298919677734,0.02324695885181427,0.1315138041973114,0.024537231773138046,0.11133310943841934,383.52862548828125,135.34803771972656,0.5,0.0,0.0,0.7955576181411743,0.0,0.9653377532958984,0.9990489482879639,0.0,0.0,0.0,0.0,479.32421875,0.0
3.89,4.84444522857666,-0.8290348174865323,0.5591969880060801,0.0,1.0,1.0,1.0,1.2944811582565308,-0.3055107295513153,0.6192847490310669,0.004472050815820694,0.017455164343118668,-0.1785421371459961,0.4056193232536316,-0.07962299138307571,0.0017674294067546725,0.5163269639015198,-0.2571086883544922,-0.1907334178686142,0.32167860865592957,0.21443884074687958,-0.953704833984375,0.4763745069503784,-0.2558864653110504,-0.20090563595294952,-0.33996671438217163,-0.21752287447452545,0.9767296314239502,0.4508028030395508,-0.17457404732704163,0.1006205826997757,0.2281753271818161,0.015635065734386444,-0.23439714312553406,0.24944546818733215,-0.10003220289945602,0.0,-0.4000000059604645,-0.05000000074505806,0.3100000023841858,0.49000000953674316,-0.20999999344348907,0.0,-1.0747779607772827,-0.024444052949547768,2.430879592895508,0.03606314957141876,-1.111730694770813,0.34221214056015015,0.8059771060943604,0.8324142694473267,-0.07414533197879791,0.014793835580348969,1.888432502746582,3.616314172744751,0.011694788932800293,0.006560832262039185,0.030871884897351265,0.07231273502111435,0.061257317662239075,-0.02877679094672203,119.37300109863281,177.75120544433594,0.5,0.0,0.0,0.7294906973838806,0.0,0.9699651598930359,0.9298253655433655,0.0,0.0,0.0,0.0,78.7370834350586,0.0
3.9,4.855556011199951,-0.7880089910273821,0.6156637313176792,0.0,1.0,0.0,1.0,1.2985444068908691,-0.30629363656044006,0.6191077828407288,0.0041603948920965195,0.020110124722123146,-0.18105697631835938,0.4055701494216919,-0.06606271117925644,-0.029022304341197014,0.06187942996621132,0.0938505157828331,-0.26028910279273987,0.3157130181789398,0.21031327545642853,-0.9414738416671753,0.4630764424800873,-0.17132563889026642,-0.04526686295866966,-0.34191474318504333,-0.22308282554149628,0.9819873571395874,0.4709415137767792,-0.17362017929553986,0.13684935867786407,0.24476087093353271,0.018952174112200737,-0.24169477820396423,0.27266520261764526,-0.11064694821834564,0.0,-0.4000000059604645,-0.05000000074505806,0.3100000023841858,0.49000000953674316,-0.20999999344348907,0.0,0.056093547493219376,-0.660049319267273,0.140949085354805,-1.382733941078186,7.789267063140869,10.407326698303223,-0.4023020267486572,-0.9793227314949036,0.3180658221244812,2.3476390838623047,-1.6980350017547607,2.813624620437622,0.011019892990589142,0.007014364004135132,0.7062513828277588,0.01801120676100254,0.21231375634670258,-0.012620068155229092,0.0,272.7938232421875,0.5,0.0,0.0,0.7371547222137451,0.0,0.9737870693206787,0.8732784390449524,0.0,0.0,0.0,0.0,640.1368408203125,0.0
3.91,4.8666672706604,-0.7431422861183449,0.6691334265920365,0.0,1.0,0.0,1.0,1.3021215200424194,-0.30778953433036804,0.6188073754310608,0.005203718319535255,0.018890241160988808,-0.1835942268371582,0.40366414189338684,-0.03988635540008545,-0.03179042786359787,-0.25865113735198975,0.13142827153205872,-0.23828125,0.31767186522483826,0.19986678659915924,-0.9343909025192261,0.44232046604156494,-0.16437436640262604,0.10114722698926926,-0.34346944093704224,-0.23354122042655945,0.9840005040168762,0.4894418716430664,-0.18040938675403595,0.16159208118915558,0.26193496584892273,0.02238699235022068,-0.2492513805627823,0.29670894145965576,-0.12163837254047394,0.0,-0.4000000059604645,-0.05000000074505806,0.3100000023841858,0.49000000953674316,-0.20999999344348907,0.0,0.5214059352874756,-1.1192739009857178,0.35239890217781067,-2.239358901977539,-0.6197056174278259,10.33285140991211,-0.1375756859779358,-1.104382038116455,-0.02531871199607849,1.7531601190567017,-1.8692823648452759,3.4970438480377197,0.00954226404428482,0.00782603770494461,1.0699101686477661,0.0069906641729176044,-0.19985200464725494,0.0008880891255103052,0.0,334.4642639160156,0.5,0.0,0.0,0.7911666035652161,0.0,0.9784916043281555,0.892654299736023,0.0,0.0,0.0,0.0,654.772705078125,0.0
3.92,4.87777853012085,-0.6946549700522004,0.7193430840577927,0.0,1.0,1.0,1.0,1.3060102462768555,-0.30968695878982544,0.6187018156051636,0.004604080691933632,0.015362758189439774,-0.18448591232299805,0.40237507224082947,-0.012640467844903469,0.019377026706933975,-0.42653512954711914,-0.2179025411605835,0.008019104599952698,0.31753578782081604,0.1871306300163269,-0.946560800075531,0.42406126856803894,-0.2159833461046219,-0.0007311983499675989,-0.3394908010959625,-0.2427082359790802,0.9778888821601868,0.5036877393722534,-0.19831344485282898,0.17945924401283264,0.27936387062072754,0.025872772559523582,-0.25692009925842285,0.321109414100647,-0.1327928602695465,0.0,-0.4000000059604645,-0.05000000074505806,0.3100000023841858,0.49000000953674316,-0.20999999344348907,0.0,-0.5341731905937195,-1.4063286781311035,-0.918789267539978,-1.5909557342529297,-2.297694444656372,-8.860494613647461,0.971855103969574,-0.9858285784721375,-1.0545024871826172,1.7133276462554932,-5.312057018280029,-1.7298855781555176,0.008272487670183182,0.008836861699819565,0.5461781620979309,-0.057716693729162216,-0.21884022653102875,-0.030538346618413925,66.2961654663086,455.17041015625,0.5,0.0,0.0,0.8560974597930908,0.0,0.9808057546615601,0.9998713731765747,0.0,0.0,0.0,0.0,390.3720703125,0.0
3.93,4.888889312744141,-0.6427855695845054,0.7660461549632132,0.0,1.0,1.0,0.0,1.3097739219665527,-0.31107428669929504,0.6185301542282104,0.005011388566344976,0.013400654308497906,-0.1867198944091797,0.4085017144680023,-0.021657360717654228,-0.04064158350229263,0.03681090846657753,0.21445919573307037,-0.41494235396385193,0.3195509910583496,0.18164899945259094,-0.942161500453949,0.42349594831466675,-0.2131224125623703,-0.12907789647579193,-0.3378869295120239,-0.24628913402557373,0.9811849594116211,0.49931052327156067,-0.10129158198833466,0.040924590080976486,0.2967068552970886,0.02934137172996998,-0.2645510137081146,0.34538960456848145,-0.14389237761497498,0.0,-0.4000000059604645,-0.05000000074505806,0.3100000023841858,0.49000000953674316,-0.20999999344348907,0.0,0.24904793500900269,0.11851818859577179,0.026526272296905518,0.43924763798713684,2.5801494121551514,-9.955028533935547,-0.7069838643074036,-0.02628854289650917,1.3391462564468384,-0.6137482523918152,10.011198997497559,-10.286288261413574,0.007805138826370239,0.008740223944187164,0.04079059138894081,0.642873227596283,-0.12257123738527298,-0.5171912908554077,124.03504943847656,0.0,0.5,0.0,0.0,0.8651867508888245,0.0,0.9824734330177307,0.7086777687072754,0.0,0.0,0.0,0.0,694.943359375,0.0
