t,phase,sin_pos,cos_pos,stance_l,stance_r,contact_l,contact_r,base_x,base_y,base_z,base_pitch,base_roll,base_yaw,base_vx,base_vy,base_vz,base_wx,base_wy,base_wz,dof_lhp,dof_lhr,dof_lhy,dof_lkp,dof_lap,dof_lar,dof_rhp,dof_rhr,dof_rhy,dof_rkp,dof_rap,dof_rar,ref_lhp,ref_lhr,ref_lhy,ref_lkp,ref_lap,ref_lar,ref_rhp,ref_rhr,ref_rhy,ref_rkp,ref_rap,ref_rar,dvel_lhp,dvel_lhr,dvel_lhy,dvel_lkp,dvel_lap,dvel_lar,dvel_rhp,dvel_rhr,dvel_rhy,dvel_rkp,dvel_rap,dvel_rar,foot_z_l,foot_z_r,foot_vx_l,foot_vx_r,foot_vy_l,foot_vy_r,cfz_l,cfz_r,cmd_vx,cmd_vy,cmd_wz,rew_stability,rew_swing_foot_forward,rew_tracking_lin_vel,rew_tracking_ang_vel,rew_ref_joint_pos,rew_feet_contact_number,rew_feet_clearance,rew_foot_slip,rew_efficiency,rew_collision
0.0,0.5222222208976746,-0.13917309271867956,-0.9902680698998213,0.0,1.0,0.0,0.0,5.631730891764164e-05,0.00019589136354625225,0.6979507803916931,-0.00021409988403320312,0.0006053851684555411,-0.00020933151245117188,-2.4094040782074444e-05,0.0024941256269812584,-0.1948777139186859,0.05397335812449455,-0.015900978818535805,-0.028527718037366867,0.4641886055469513,0.045626744627952576,-0.3037490248680115,0.4561969041824341,-0.21227502822875977,-0.015880875289440155,-0.3648432493209839,-0.1167667806148529,0.2833560109138489,0.5152247548103333,-0.18515531718730927,-0.011784207075834274,0.3652067184448242,0.04304134473204613,-0.29469096660614014,0.44128942489624023,-0.1877322942018509,0.0,-0.4000000059604645,-0.05000000074505806,0.3100000023841858,0.49000000953674316,-0.20999999344348907,0.0,-0.11947678029537201,0.12172111868858337,0.011371791362762451,0.190315380692482,0.37382858991622925,0.387387216091156,-0.0030528148636221886,0.1996195763349533,0.08564695715904236,-0.2086101919412613,-0.6140031814575195,0.5789116024971008,0.08715809136629105,0.09057096391916275,-0.07922233641147614,0.06866931915283203,-0.009737858548760414,-0.04504554718732834,0.0,0.0,0.5,0.0,0.0,0.8783671855926514,0.0,0.6064939498901367,0.9983736276626587,0.0,0.0,0.0,0.0,1.0164233446121216,0.0
0.01,0.5333333611488342,-0.2079118617685598,-0.9781475643970758,0.0,1.0,0.0,0.0,0.00010480196215212345,0.0003885200712829828,0.6954598426818848,-0.000408172607421875,0.0012292719911783934,-0.000553131103515625,-0.00023895017511676997,0.0028010366950184107,-0.29264435172080994,0.07040680199861526,-0.024062298238277435,-0.04169594496488571,0.4626908600330353,0.04705047607421875,-0.3041258454322815,0.45845115184783936,-0.2114991545677185,-0.013640426099300385,-0.36508870124816895,-0.11448392271995544,0.28433817625045776,0.513179361820221,-0.18956761062145233,-0.007665752433240414,0.3480220139026642,0.03960439935326576,-0.287129670381546,0.4172308146953583,-0.1767340749502182,0.0,-0.4000000059604645,-0.05000000074505806,0.3100000023841858,0.49000000953674316,-0.20999999344348907,0.0,-0.1981116086244583,0.13973137736320496,0.02223280258476734,0.18526692688465118,0.33557915687561035,0.22908271849155426,-0.038684338331222534,0.2517235279083252,0.10444813966751099,-0.2003062516450882,-0.3179223835468292,0.3016236424446106,0.08481629937887192,0.08779440075159073,-0.09501651674509048,0.07217361032962799,-0.012035170570015907,-0.06679176539182663,0.0,0.0,0.5,0.0,0.0,0.883108377456665,0.0,0.6062312722206116,0.9965289235115051,0.0,0.0,0.0,0.0,0.9673048257827759,0.0
0.02,0.5444444417953491,-0.275637339817032,-0.9612617005262356,0.0,1.0,0.0,0.0,0.00016898848116397858,0.0006207276601344347,0.6919897794723511,-0.0006690025329589844,0.001987818628549576,-0.0010128021240234375,-0.00048499106196686625,0.0027754888869822025,-0.39055100083351135,0.08151523768901825,-0.029755685478448868,-0.05205647647380829,0.4605303108692169,0.048596322536468506,-0.3044055104255676,0.4606407880783081,-0.21099472045898438,-0.012525219470262527,-0.3656895160675049,-0.11174595355987549,0.28543633222579956,0.5112786889076233,-0.19176112115383148,-0.0055398354306817055,0.33109062910079956,0.03621812164783478,-0.2796798646450043,0.3935268819332123,-0.16589799523353577,0.0,-0.4000000059604645,-0.05000000074505806,0.3100000023841858,0.49000000953674316,-0.20999999344348907,0.0,-0.254854291677475,0.14718244969844818,0.03057049587368965,0.17792771756649017,0.31495553255081177,0.14729692041873932,-0.0717996135354042,0.2916118800640106,0.11185218393802643,-0.1846633106470108,-0.15361431241035461,0.15455055236816406,0.08150038123130798,0.08402139693498611,-0.10661249607801437,0.07494372129440308,-0.0105800935998559,-0.08212655037641525,0.0,0.0,0.5,0.0,0.0,0.88753342628479,0.0,0.6059330105781555,0.994594931602478,0.0,0.0,0.0,0.0,0.891553521156311,0.0
0.03,0.5555555820465088,-0.3420202997352155,-0.9396925638574744,0.0,1.0,0.0,0.0,0.00024361326359212399,0.0008787496481090784,0.6875404715538025,-0.0009732246398925781,0.0028325803577899933,-0.0015606880187988281,-0.0007598905940540135,0.002402722602710128,-0.48855146765708923,0.08764120936393738,-0.03327415883541107,-0.059680573642253876,0.4579015076160431,0.050198376178741455,-0.3045801520347595,0.46275532245635986,-0.21064287424087524,-0.009798064827919006,-0.3665885925292969,-0.10867533087730408,0.28658396005630493,0.5095270276069641,-0.19282083213329315,-0.004469585604965687,0.31449490785598755,0.032898981124162674,-0.27237775921821594,0.37029287219047546,-0.15527673065662384,0.0,-0.4000000059604645,-0.05000000074505806,0.3100000023841858,0.49000000953674316,-0.20999999344348907,0.0,-0.29171037673950195,0.14703302085399628,0.014825678430497646,0.17065249383449554,0.30493488907814026,0.025790758430957794,-0.09817997366189957,0.31829360127449036,0.11558790504932404,-0.17114542424678802,-0.0733853355050087,0.07526926696300507,0.07720714062452316,0.07926217466592789,-0.11450708657503128,0.07763012498617172,-0.006539220456033945,-0.09291760623455048,0.0,0.0,0.5,0.0,0.0,0.8918447494506836,0.0,0.6056019067764282,0.9929017424583435,0.0,0.0,0.0,0.0,0.8126910328865051,0.0
0.04,0.5666666626930237,-0.40673662026718693,-0.9135454677976493,0.0,1.0,0.0,0.0,0.002511794911697507,0.0002885200083255768,0.6827414035797119,-0.00865316390991211,0.0015530787641182542,-0.004260063171386719,0.03098429925739765,-0.034979838877916336,-0.5159067511558533,-0.16224724054336548,-1.0113989114761353,-0.3822602927684784,0.4347740709781647,0.020272718742489815,-0.1927354633808136,0.4532474875450134,-0.30453965067863464,-0.1687394082546234,-0.30778768658638,-0.10482026636600494,0.27861741185188293,0.431620329618454,-0.2858524024486542,-0.17024090886116028,0.2983158230781555,0.029663164168596268,-0.2652589678764343,0.3476421535015106,-0.14492210745811462,0.0,-0.4000000059604645,-0.05000000074505806,0.3100000023841858,0.49000000953674316,-0.20999999344348907,0.0,-2.5010108947753906,-3.4392848014831543,13.78312873840332,-0.5050769448280334,-9.38438606262207,-10.42490005493164,6.368340015411377,0.2786567211151123,0.9318282008171082,-8.018027305603027,-10.111649513244629,-10.458410263061523,0.0713539645075798,0.06990637630224228,0.11040615290403366,1.1147054433822632,-0.6064277291297913,-0.46656396985054016,0.0,0.0,0.5,0.0,0.0,0.7959538698196411,0.0,0.642493486404419,0.746584951877594,0.0,0.0,0.0,0.0,1559.9600830078125,0.0
0.05,0.5777778029441833,-0.4694717024021403,-0.882947518623636,0.0,1.0,0.0,0.0,0.004032019060105085,-0.00047213933430612087,0.6767317056655884,-0.014125823974609375,0.0007154061459004879,-0.014393329620361328,0.004411076195538044,-0.06739253550767899,-0.6570625305175781,-0.1655309945344925,-0.412138968706131,-1.1848034858703613,0.42068102955818176,-0.01908697932958603,0.007610819768160582,0.43496209383010864,-0.20217382907867432,0.01959102228283882,-0.30820605158805847,-0.11291315406560898,0.3570367991924286,0.43477314710617065,-0.17622266709804535,-0.005963876843452454,0.28263208270072937,0.02652641385793686,-0.2583581209182739,0.32568490505218506,-0.1348845213651657,0.0,-0.4000000059604645,-0.05000000074505806,0.3100000023841858,0.49000000953674316,-0.20999999344348907,0.0,-0.7200167775154114,-4.131664276123047,19.70276641845703,-1.415926456451416,10.032917022705078,10.653432846069336,-1.0494006872177124,-0.9117616415023804,6.854804992675781,1.6534192562103271,10.113449096679688,10.451349258422852,0.06440092623233795,0.06384555995464325,0.4951622486114502,0.04697815701365471,-0.3912387192249298,-0.5122968554496765,0.0,0.0,0.5,0.0,0.0,0.7514592409133911,0.0,0.6063485741615295,0.060354579240083694,0.0,0.0,0.0,0.0,1767.6539306640625,0.0
0.06,0.5888888835906982,-0.529919236002096,-0.84804811379718,0.0,1.0,0.0,0.0,0.006041797809302807,-0.0017250294331461191,0.6699008941650391,-0.020876407623291016,-0.0015721321105957031,-0.020739078521728516,0.022066857665777206,-0.05936288833618164,-0.7215808629989624,-0.24492497742176056,-0.8011280298233032,-0.4720962643623352,0.40734025835990906,-0.04128698259592056,0.09567841142416,0.4106118083000183,-0.09032966941595078,-0.14102841913700104,-0.28170210123062134,-0.11670683324337006,0.3775496780872345,0.41352060437202454,-0.27525314688682556,-0.16425813734531403,0.2675201892852783,0.023504037410020828,-0.25170889496803284,0.30452826619148254,-0.1252129077911377,0.0,-0.4000000059604645,-0.05000000074505806,0.3100000023841858,0.49000000953674316,-0.20999999344348907,0.0,-1.734613060951233,-1.4768385887145996,7.495447158813477,-2.9215452671051025,10.055181503295898,-10.427231788635254,3.5639967918395996,-0.4061671495437622,2.5660271644592285,-2.862415313720703,-10.092799186706543,-10.40906810760498,0.05635545402765274,0.05614503473043442,1.016735315322876,0.5351373553276062,-0.4564253091812134,-0.41722747683525085,0.0,0.0,0.5,0.0,0.0,0.6723995208740234,0.0,0.6288339495658875,0.6403440237045288,0.0,0.0,0.0,0.0,1292.715087890625,0.0
0.07,0.6000000238418579,-0.5877853734854867,-0.8090169063230552,0.0,1.0,0.0,0.0,0.007723798044025898,-0.0026594027876853943,0.662026584148407,-0.02657461166381836,-0.0025758743286132812,-0.028054237365722656,0.003131838282570243,-0.057236555963754654,-0.8402668833732605,-0.03849439322948456,-0.4778672158718109,-0.7853184342384338,0.3982536196708679,-0.05686305835843086,0.21196933090686798,0.39283761382102966,0.016548292711377144,-0.02433427795767784,-0.2728017568588257,-0.12180355191230774,0.4291589558124542,0.40840309858322144,-0.17386336624622345,-0.16603326797485352,0.25305360555648804,0.02061072364449501,-0.24534359574317932,0.2842750549316406,-0.11595430970191956,0.0,-0.4000000059604645,-0.05000000074505806,0.3100000023841858,0.49000000953674316,-0.20999999344348907,0.0,-0.5946817398071289,-1.4753334522247314,11.794955253601074,-1.2705963850021362,10.045744895935059,10.107406616210938,0.10367952287197113,-0.21308095753192902,4.938302516937256,0.16697297990322113,10.052151679992676,-0.017825230956077576,0.04816433787345886,0.04800982028245926,0.810366153717041,0.1673002392053604,-0.4084627032279968,-0.6622041463851929,0.0,0.0,0.5,0.0,0.0,0.6277496218681335,0.0,0.6063439249992371,0.2912858724594116,0.0,0.0,0.0,0.0,314.41265869140625,0.0
0.08,0.6111111044883728,-0.64278757780998,-0.7660444698665863,0.0,1.0,0.0,0.0,0.009500744752585888,-0.003458957187831402,0.6530953645706177,-0.03260660171508789,-0.0034117698669433594,-0.03134775161743164,-0.003910087049007416,-0.04771965369582176,-0.9393776655197144,-0.11017407476902008,-0.7450324296951294,-0.19241908192634583,0.4038201570510864,-0.060501422733068466,0.2267528623342514,0.39158356189727783,0.138967826962471,-0.17411069571971893,-0.25817573070526123,-0.12128599733114243,0.46142977476119995,0.4053732454776764,-0.27794790267944336,-0.04688622057437897,0.2393031120300293,0.017860621213912964,-0.23929336667060852,0.2650243639945984,-0.107153981924057,0.0,-0.4000000059604645,-0.05000000074505806,0.3100000023841858,0.49000000953674316,-0.20999999344348907,0.0,0.23885956406593323,-0.0504092201590538,0.8590151071548462,-0.09803706407546997,10.15151309967041,-10.350728988647461,2.2303996086120605,-0.08792880177497864,2.69911527633667,-0.7339717745780945,-10.051434516906738,10.133448600769043,0.0396406352519989,0.03889474272727966,0.7582505345344543,0.24311776459217072,-0.5575568675994873,-0.05548235774040222,0.0,0.0,0.5,0.0,0.0,0.5880762934684753,0.0,0.5990530848503113,0.9286250472068787,0.0,0.0,0.0,0.0,930.8272705078125,0.0
0.09,0.6222222447395325,-0.6946584722314966,-0.7193397020580772,0.0,1.0,1.0,0.0,0.010654609650373459,-0.0046160779893398285,0.6432900428771973,-0.036219120025634766,-0.004632472991943359,-0.03728961944580078,-0.010680261068046093,-0.09260641038417816,-0.9515715837478638,0.06431866437196732,-0.014184769243001938,-0.7662443518638611,0.4077964723110199,-0.07298752665519714,0.30537521839141846,0.39943554997444153,0.17640480399131775,-0.22486308217048645,-0.25654542446136475,-0.12828446924686432,0.4887341558933258,0.4106934666633606,-0.2923400104045868,-0.16523286700248718,0.22633536159992218,0.01526707038283348,-0.23358756303787231,0.2468695044517517,-0.09885462373495102,0.0,-0.4000000059604645,-0.05000000074505806,0.3100000023841858,0.49000000953674316,-0.20999999344348907,0.0,0.19661778211593628,-0.1310417354106903,5.736189842224121,2.8399276733398438,-13.538936614990234,9.546005249023438,-0.7001013159751892,-0.13380564749240875,1.6041368246078491,0.4529048204421997,0.28982582688331604,-10.052572250366211,0.03062693029642105,0.029539264738559723,-0.04490577057003975,0.20871013402938843,-0.7627562284469604,-0.44522756338119507,912.9842529296875,0.0,0.5,0.0,0.0,0.5845445394515991,0.0,0.5834826231002808,0.30904731154441833,0.0,0.0,0.0,0.0,1152.329345703125,0.0
0.1,0.6333333253860474,-0.7431447920648445,-0.6691306434672524,0.0,1.0,1.0,1.0,0.013664614409208298,-0.004292764235287905,0.6347293257713318,-0.04535341262817383,0.000608269008807838,-0.0451970100402832,0.0522594153881073,-0.0812554582953453,-0.8208175301551819,0.8023322820663452,-1.3531708717346191,-0.8253343105316162,0.3630164563655853,-0.07428617030382156,0.39516064524650574,0.38885918259620667,0.033948864787817,-0.23027221858501434,-0.2189633697271347,-0.11015729606151581,0.47475308179855347,0.35344141721725464,-0.29394862055778503,-0.16342531144618988,0.2142137736082077,0.012842752039432526,-0.2282540500164032,0.22989928722381592,-0.09109681099653244,0.0,-0.4000000059604645,-0.05000000074505806,0.3100000023841858,0.49000000953674316,-0.20999999344348907,0.0,-5.1014299392700195,0.0850801169872284,9.326313018798828,-1.0786936283111572,-11.662515640258789,3.8148446083068848,4.360840797424316,2.0462746620178223,-1.1032193899154663,-6.248115062713623,5.039487361907959,2.1823463439941406,0.022015422582626343,0.0175747349858284,0.49354538321495056,1.02699613571167,-0.0417884960770607,0.2479831725358963,305.7409973144531,99.80049896240234,0.5,0.0,0.0,0.44638359546661377,0.0,0.6609030961990356,0.2560574412345886,0.0,0.0,0.0,0.0,729.0472412109375,0.0
0.11,0.644444465637207,-0.7880108355869995,-0.6156613703956738,0.0,1.0,1.0,1.0,0.016179239377379417,-0.003269009757786989,0.6267469525337219,-0.05265235900878906,0.009451571851968765,-0.0585179328918457,0.014752604067325592,-0.11342445760965347,-0.7729021906852722,0.8562493920326233,-0.5408251881599426,-1.6852704286575317,0.3579944968223572,-0.0768817663192749,0.4633948802947998,0.408223420381546,0.023973975330591202,-0.03998785838484764,-0.23119769990444183,-0.11069142073392868,0.5004322528839111,0.3749009966850281,-0.21295268833637238,-0.11201842874288559,0.20299725234508514,0.010599449276924133,-0.22331878542900085,0.21419614553451538,-0.08391822874546051,0.0,-0.4000000059604645,-0.05000000074505806,0.3100000023841858,0.49000000953674316,-0.20999999344348907,0.0,-0.20662614703178406,-0.5691038370132446,7.35811185836792,2.787109613418579,-4.724223613739014,14.481982231140137,-1.7197006940841675,-0.11464478075504303,2.53755259513855,2.606902599334717,7.210479736328125,4.222339153289795,0.016618333756923676,0.009543605148792267,0.3097703158855438,0.10106514394283295,-0.11426391452550888,0.1869608759880066,496.66448974609375,219.16993713378906,0.5,0.0,0.0,0.414910227060318,0.0,0.6085596680641174,0.003412626450881362,0.0,0.0,0.0,0.0,742.97265625,0.0
0.12,0.6555556058883667,-0.829037749399968,-0.5591926412872722,0.0,1.0,1.0,1.0,0.01934918761253357,-0.0009634761372581124,0.6206860542297363,-0.06070661544799805,0.02166883647441864,-0.07587480545043945,0.07581349462270737,0.021694503724575043,-0.45825910568237305,1.3007264137268066,-0.905451238155365,-1.8867969512939453,0.3270465135574341,-0.06972873955965042,0.5045905709266663,0.3872234523296356,-0.09172336012125015,-0.13283105194568634,-0.22892752289772034,-0.09674277901649475,0.5153666138648987,0.3751385509967804,-0.12418962270021439,-0.06452062726020813,0.1927405446767807,0.008548106998205185,-0.21880584955215454,0.19983676075935364,-0.07735393941402435,0.0,-0.4000000059604645,-0.05000000074505806,0.3100000023841858,0.49000000953674316,-0.20999999344348907,0.0,-2.0534112453460693,0.8074536323547363,3.7856130599975586,-0.7757285237312317,-2.159566879272461,6.652457237243652,-1.0350768566131592,1.9976402521133423,4.442945957183838,2.790602445602417,-3.0930843353271484,19.650781631469727,0.011181768029928207,0.0019260868430137634,0.7873753309249878,0.06479567289352417,0.5628263354301453,-0.2019980549812317,688.67822265625,1773.4061279296875,0.5,0.0,0.0,0.34611016511917114,0.0,0.6971116662025452,0.000808762270025909,0.0,0.0,0.0,0.0,1855.36767578125,0.0
0.13,0.6666666865348816,-0.8660254662022696,-0.49999989188912974,0.0,1.0,1.0,1.0,0.023018401116132736,0.0015876409597694874,0.6180965900421143,-0.07050800323486328,0.03158216178417206,-0.09670400619506836,0.06828955560922623,0.09451374411582947,-0.07077189534902573,0.3649023175239563,-1.2483506202697754,-2.0377635955810547,0.3179517388343811,-0.07715398073196411,0.5625541806221008,0.4082275927066803,-0.03522597998380661,-0.018787281587719917,-0.240544855594635,-0.09748200327157974,0.5416681170463562,0.4103599488735199,-0.13503748178482056,-0.010470019653439522,0.18349364399909973,0.006698727607727051,-0.214737206697464,0.186891108751297,-0.07143592834472656,0.0,-0.4000000059604645,-0.05000000074505806,0.3100000023841858,0.49000000953674316,-0.20999999344348907,0.0,-1.5891505479812622,-1.0716617107391357,5.545677185058594,2.26779842376709,6.796315670013428,10.420104026794434,0.032069046050310135,-0.6023496389389038,1.3833667039871216,2.2889299392700195,-1.068427562713623,1.032122015953064,0.011174995452165604,-0.00013158470392227173,0.21155893802642822,0.3141050934791565,-0.07706832140684128,0.3292514383792877,273.2518005371094,137.69461059570312,0.5,0.0,0.0,0.32642120122909546,0.0,0.676641583442688,0.00024728692369535565,0.0,0.0,0.0,0.0,671.9077758789062,0.0
0.14,0.6777777671813965,-0.8987940171128403,-0.4383712066299096,0.0,1.0,0.0,1.0,0.0270904041826725,0.0037843927275389433,0.6182325482368469,-0.08116579055786133,0.03778856247663498,-0.11594581604003906,0.11031496524810791,0.15812234580516815,0.015355789102613926,0.4115646481513977,-0.91065913438797,-1.7170528173446655,0.28096261620521545,-0.06964219361543655,0.616991400718689,0.3845583200454712,-0.11756826192140579,-0.07609633356332779,-0.22953873872756958,-0.09250131249427795,0.5526009798049927,0.4221450686454773,-0.1443900763988495,-0.00853855162858963,0.1753014773130417,0.0050602927803993225,-0.21113264560699463,0.1754220724105835,-0.06619293987751007,0.0,-0.4000000059604645,-0.05000000074505806,0.3100000023841858,0.49000000953674316,-0.20999999344348907,0.0,-3.2658703327178955,1.3934580087661743,4.881742000579834,-3.592231273651123,-10.00444507598877,-4.801154136657715,1.2494430541992188,0.6602222323417664,1.0369640588760376,0.6073872447013855,-0.9527662396430969,0.38275671005249023,0.011176962405443192,-0.00020537152886390686,1.3506829738616943,-0.006726053077727556,0.09204523265361786,0.0031978434417396784,0.0,528.685546875,0.5,0.0,0.0,0.2986949682235718,0.0,0.7020756006240845,0.0027489380445331335,0.0,0.0,0.0,0.0,256.2776794433594,0.0
0.15,0.6888889074325562,-0.9271838982134304,-0.3746064853866613,0.0,1.0,1.0,1.0,0.02975023351609707,0.005126914940774441,0.6187644004821777,-0.08574819564819336,0.039695657789707184,-0.13419771194458008,0.13363631069660187,0.1522563099861145,0.05385646969079971,-0.14383849501609802,-0.29451295733451843,-1.9193427562713623,0.26979199051856995,-0.07286987453699112,0.6732384562492371,0.36870986223220825,-0.05888757482171059,-0.09296894073486328,-0.21962523460388184,-0.09120052307844162,0.5641881823539734,0.4217393696308136,-0.14647836983203888,-0.012007654644548893,0.16820400953292847,0.003640800714492798,-0.2080097645521164,0.16548562049865723,-0.061650559306144714,0.0,-0.4000000059604645,-0.05000000074505806,0.3100000023841858,0.49000000953674316,-0.20999999344348907,0.0,-0.4833146035671234,-1.015364170074463,5.117143154144287,-0.3062373399734497,3.6383416652679443,3.825643539428711,0.87526935338974,-0.11605894565582275,1.3179758787155151,-0.4511812925338745,-0.17705045640468597,-0.7816027402877808,0.011830009520053864,4.6800822019577026e-05,0.6705713868141174,-0.012582467868924141,0.11639850586652756,0.01412910409271717,228.66250610351562,342.2829284667969,0.5,0.0,0.0,0.284900963306427,0.0,0.7299284934997559,0.0006312851328402758,0.0,0.0,0.0,0.0,286.3811340332031,0.0
0.16,0.7000000476837158,-0.95105660887834,-0.3090167094330537,0.0,1.0,1.0,1.0,0.03234696015715599,0.0061307866126298904,0.6199628114700317,-0.08892631530761719,0.039848692715168,-0.15367412567138672,0.16824887692928314,0.1867881864309311,0.12197985500097275,-0.18853530287742615,-0.31937873363494873,-1.8922343254089355,0.23982810974121094,-0.07524347305297852,0.7649471163749695,0.3412632346153259,-0.11641066521406174,-0.1202910989522934,-0.19687175750732422,-0.08480365574359894,0.568688154220581,0.39769765734672546,-0.13906048238277435,-0.004839838016778231,0.16223584115505219,0.002447165548801422,-0.2053837776184082,0.1571301817893982,-0.05783092975616455,0.0,-0.4000000059604645,-0.05000000074505806,0.3100000023841858,0.49000000953674316,-0.20999999344348907,0.0,-3.113551139831543,0.22476495802402496,8.63525390625,-2.586115598678589,-3.9277753829956055,0.42950400710105896,2.4029526710510254,0.7763791084289551,0.3017537295818329,-2.793989419937134,0.6234925985336304,0.9928559064865112,0.012084901332855225,-5.012005567550659e-05,0.6537259221076965,-0.005381789058446884,-0.06649629771709442,-0.016551299020648003,225.69407653808594,328.49560546875,0.5,0.0,0.0,0.2551657557487488,0.0,0.7483404278755188,0.0007761992746964097,0.0,0.0,0.0,0.0,456.2696838378906,0.0
0.17,0.7111111283302307,-0.9702957524497433,-0.2419217906224798,0.0,1.0,1.0,1.0,0.03302209824323654,0.00632053054869175,0.6210319995880127,-0.08502483367919922,0.036196060478687286,-0.1734790802001953,0.16513116657733917,0.15661723911762238,0.10785090178251266,-0.6934093236923218,0.5583633184432983,-2.1152493953704834,0.24409550428390503,-0.08581588417291641,0.8164300918579102,0.3376947045326233,-0.02343406341969967,-0.06290542334318161,-0.20078690350055695,-0.09425070136785507,0.5901875495910645,0.3970276415348053,-0.14854910969734192,-0.02124621905386448,0.15742604434490204,0.0014852061867713928,-0.20326745510101318,0.150396466255188,-0.054752662777900696,0.0,-0.4000000059604645,-0.05000000074505806,0.3100000023841858,0.49000000953674316,-0.20999999344348907,0.0,0.8841561079025269,-1.2382984161376953,3.852438449859619,-0.1657307744026184,6.9043779373168945,10.075115203857422,-0.700371503829956,-1.4672937393188477,2.337283134460449,-0.10429225862026215,-0.3348804712295532,-5.067144393920898,0.01292068138718605,0.0014877989888191223,0.2090591937303543,-0.03771146014332771,-0.038974568247795105,0.06073581427335739,215.00999450683594,212.2440185546875,0.5,0.0,0.0,0.2715141475200653,0.0,0.7608399987220764,0.00012992415577173233,0.0,0.0,0.0,0.0,592.621337890625,0.0
0.18,0.7222222685813904,-0.9848078035929707,-0.17364789080892623,0.0,1.0,1.0,1.0,0.033385589718818665,0.007069320417940617,0.6231085658073425,-0.07853412628173828,0.03410795331001282,-0.19469118118286133,0.21033520996570587,0.18605415523052216,0.2561643719673157,-0.2906384766101837,0.7192409634590149,-2.080876111984253,0.21363703906536102,-0.07147783041000366,0.8647323250770569,0.28833526372909546,-0.049176208674907684,-0.12637664377689362,-0.20115424692630768,-0.09736549854278564,0.6097331643104553,0.3812999427318573,-0.14351855218410492,-0.04706675559282303,0.15379804372787476,0.000759609043598175,-0.20167113840579987,0.14531725645065308,-0.052430734038352966,0.0,-0.4000000059604645,-0.05000000074505806,0.3100000023841858,0.49000000953674316,-0.20999999344348907,0.0,-4.059731960296631,2.3565661907196045,4.32013463973999,-6.2679548263549805,-2.7154715061187744,-8.366089820861816,-0.11080320924520493,0.011028362438082695,1.7025033235549927,-1.9630699157714844,0.44370320439338684,-3.6360721588134766,0.012353479862213135,0.003083840012550354,-0.04963231831789017,-0.0007104732794687152,0.002083335304632783,-0.0006592459976673126,330.9783630371094,235.40032958984375,0.5,0.0,0.0,0.27391380071640015,0.0,0.7889568209648132,0.00017336863675154746,0.0,0.0,0.0,0.0,1199.8359375,0.0
0.19,0.7333333492279053,-0.9945219058073734,-0.10452836394620216,0.0,1.0,1.0,1.0,0.03217839449644089,0.0077471304684877396,0.6254129409790039,-0.06652641296386719,0.031357139348983765,-0.21343135833740234,0.17443764209747314,0.13454197347164154,0.24025660753250122,-0.3926987648010254,1.2724112272262573,-1.8999940156936646,0.2202497273683548,-0.07112586498260498,0.8809348940849304,0.27347332239151,-0.024463417008519173,-0.1274675875902176,-0.22183501720428467,-0.10136215388774872,0.6207968592643738,0.3818754553794861,-0.17472076416015625,0.04834277182817459,0.15136952698230743,0.0002739056944847107,-0.20060259103775024,0.14191734790802002,-0.05087648332118988,0.0,-0.4000000059604645,-0.05000000074505806,0.3100000023841858,0.49000000953674316,-0.20999999344348907,0.0,1.959924578666687,-0.5787419080734253,0.9043716788291931,-0.11785204708576202,3.56201434135437,1.3032774925231934,-2.6687276363372803,-0.4427872598171234,0.8599257469177246,0.18668004870414734,-0.15996259450912476,8.327154159545898,0.01361660286784172,0.005764618515968323,0.03244766220450401,-0.21498394012451172,0.013827521353960037,0.20062530040740967,360.7812194824219,103.67164611816406,0.5,0.0,0.0,0.3055553138256073,0.0,0.7802157402038574,0.0007318357238546014,0.0,0.0,0.0,0.0,458.0633850097656,0.0
0.2,0.7444444894790649,-0.9993908368942477,-0.03489921391400607,0.0,1.0,1.0,1.0,0.03097325935959816,0.008826345205307007,0.6280069947242737,-0.05438995361328125,0.03065529465675354,-0.23206281661987305,0.17688137292861938,0.12398029118776321,0.2773761749267578,-0.053122393786907196,1.1307770013809204,-1.847452163696289,0.22502270340919495,-0.07104943692684174,0.8943121433258057,0.2640858292579651,-0.022571124136447906,-0.18334010243415833,-0.2392367571592331,-0.10344021767377853,0.6308631896972656,0.37751439213752747,-0.20285040140151978,-0.021887945011258125,0.1501522958278656,3.045797348022461e-05,-0.20006701350212097,0.1402132213115692,-0.05009746551513672,0.0,-0.4000000059604645,-0.05000000074505806,0.3100000023841858,0.49000000953674316,-0.20999999344348907,0.0,0.06287781149148941,0.26204776763916016,1.360612154006958,-1.233548879623413,0.10818511247634888,-6.772734642028809,-1.6781641244888306,-0.17743432521820068,1.9210563898086548,-0.5380867123603821,-0.9240719676017761,-4.366695880889893,0.015418339520692825,0.008246637880802155,-0.10886693000793457,-0.09646983444690704,0.0957021415233612,-0.006383379455655813,268.9469299316406,197.48516845703125,0.5,0.0,0.0,0.3319806158542633,0.0,0.7869791388511658,0.0010850176913663745,0.0,0.0,0.0,0.0,334.67266845703125,0.0
0.21,0.7555556297302246,-0.9993908107539656,0.03489996247178119,0.0,1.0,0.0,1.0,0.029865985736250877,0.010229546576738358,0.630534291267395,-0.04219484329223633,0.030651284381747246,-0.2483072280883789,0.1787082701921463,0.14109982550144196,0.2303820252418518,-0.10041575133800507,1.2924017906188965,-1.4459043741226196,0.2292104810476303,-0.07644756138324738,0.9897948503494263,0.2758009433746338,-0.1281970739364624,-0.07456805557012558,-0.2523224651813507,-0.09706047922372818,0.6312376260757446,0.35919395089149475,-0.2195383459329605,0.022966092452406883,0.15030452609062195,6.090477108955383e-05,-0.20013399422168732,0.14042633771896362,-0.050194889307022095,0.0,-0.4000000059604645,-0.05000000074505806,0.3100000023841858,0.49000000953674316,-0.20999999344348907,0.0,1.0888715982437134,-0.5737305283546448,9.949189186096191,1.4605414867401123,-10.034159660339355,10.047358512878418,-1.4664453268051147,0.799984872341156,0.018435293808579445,-2.0877439975738525,-1.1500331163406372,4.058066368103027,0.0183899886906147,0.009945794939994812,0.03611714020371437,-0.06137681007385254,-0.12382662296295166,0.03560132160782814,0.0,203.19760131835938,0.5,0.0,0.0,0.34971773624420166,0.0,0.7817071676254272,0.015278958715498447,0.0,0.0,0.0,0.0,269.22161865234375,0.0
0.22,0.7666666507720947,-0.9945219058073733,0.1045283639462018,0.0,1.0,0.0,1.0,0.029222361743450165,0.011736554093658924,0.632719099521637,-0.03124237060546875,0.030239995568990707,-0.2595987319946289,0.1837422102689743,0.1574142873287201,0.19022075831890106,-0.12515991926193237,0.9725586771965027,-0.9766278862953186,0.2261323779821396,-0.0680667981505394,1.0790541172027588,0.2559218108654022,-0.23191185295581818,-0.06191813573241234,-0.2462306171655655,-0.08667541295289993,0.6212100982666016,0.3177908658981323,-0.18490344285964966,-0.0633314996957779,0.15273155272006989,0.0005463100969791412,-0.2012018859386444,0.14382418990135193,-0.051748186349868774,0.0,-0.4000000059604645,-0.05000000074505806,0.3100000023841858,0.49000000953674316,-0.20999999344348907,0.0,-0.3141399919986725,1.1344554424285889,8.250733375549316,-2.563037872314453,-10.024749755859375,0.7794619202613831,1.2568501234054565,0.7583426833152771,-0.6418004631996155,-4.281282424926758,3.382046937942505,-8.037211418151855,0.020173318684101105,0.0104285329580307,0.39824455976486206,-0.07539590448141098,0.09836450964212418,0.11557799577713013,0.0,152.68804931640625,0.5,0.0,0.0,0.3559141755104065,0.0,0.7791151404380798,0.1484355926513672,0.0,0.0,0.0,0.0,196.82879638671875,0.0
0.23,0.7777777910232544,-0.9848077385605463,0.1736482596263574,0.0,1.0,0.0,1.0,0.02796928584575653,0.012692248448729515,0.6340687274932861,-0.019025325775146484,0.027207138016819954,-0.267794132232666,0.165729358792305,0.14324511587619781,0.09488899260759354,-0.42192232608795166,1.2601443529129028,-0.762632429599762,0.2467585951089859,-0.07324626296758652,1.1533392667770386,0.26035913825035095,-0.14244353771209717,0.04529115930199623,-0.2517712414264679,-0.084857277572155,0.6120077967643738,0.29795321822166443,-0.1872246265411377,-0.05743451043963432,0.15753847360610962,0.001507692039012909,-0.20331692695617676,0.1505538821220398,-0.054824620485305786,0.0,-0.4000000059604645,-0.05000000074505806,0.3100000023841858,0.49000000953674316,-0.20999999344348907,0.0,2.6619091033935547,-1.0140639543533325,7.551178455352783,1.2939441204071045,10.019563674926758,10.038776397705078,-0.897295355796814,0.04084579646587372,-1.3016389608383179,-1.6894071102142334,-0.353671669960022,1.4104057550430298,0.022125616669654846,0.011383194476366043,0.22560712695121765,-0.20131397247314453,-0.4227135479450226,0.16812051832675934,0.0,95.97608947753906,0.5,0.0,0.0,0.3980545103549957,0.0,0.7675803899765015,0.31247949600219727,0.0,0.0,0.0,0.0,164.23291015625,0.0
0.24,0.7888889312744141,-0.9702956618482644,0.24192215400504102,0.0,1.0,0.0,0.0,0.027588769793510437,0.013777505606412888,0.6347366571426392,-0.009788036346435547,0.02472032606601715,-0.2735581398010254,0.16983336210250854,0.1642095446586609,0.02122858539223671,-0.1918201595544815,0.7534696459770203,-0.48150885105133057,0.25219112634658813,-0.06547905504703522,1.2425469160079956,0.24439571797847748,-0.23667830228805542,0.08689786493778229,-0.23662807047367096,-0.07583732903003693,0.5836842060089111,0.25596925616264343,-0.105508953332901,-0.16987298429012299,0.16463162004947662,0.002926323562860489,-0.20643791556358337,0.16048428416252136,-0.05936422944068909,0.0,-0.4000000059604645,-0.05000000074505806,0.3100000023841858,0.49000000953674316,-0.20999999344348907,0.0,0.11608657985925674,1.3355823755264282,8.34976863861084,-2.424453020095825,-10.02984619140625,2.9432342052459717,2.240102767944336,1.0390758514404297,-2.442122459411621,-4.038087368011475,7.036007881164551,-10.076980590820312,0.022797487676143646,0.010847877711057663,0.4704654812812805,-0.4498642385005951,0.04858880117535591,0.011061172001063824,0.0,0.0,0.5,0.0,0.0,0.41848495602607727,0.0,0.7618926763534546,0.6289512515068054,0.0,0.0,0.0,0.0,246.44577026367188,0.0
0.25,0.800000011920929,-0.9510564931493437,0.30901706561041664,0.0,1.0,0.0,0.0,0.027205204591155052,0.014769927598536015,0.634319543838501,-0.0010876655578613281,0.022102920338511467,-0.27791738510131836,0.157966747879982,0.14721189439296722,-0.09392447769641876,-0.2794491946697235,0.8417733907699585,-0.41470959782600403,0.26642903685569763,-0.06365858763456345,1.3088055849075317,0.23837779462337494,-0.13816915452480316,0.16010698676109314,-0.2299615889787674,-0.07020264863967896,0.5722492337226868,0.2449399083852768,-0.062450021505355835,-0.06478427350521088,0.1738729029893875,0.0047745779156684875,-0.21050408482551575,0.17342206835746765,-0.06527864933013916,0.0,-0.4000000059604645,-0.05000000074505806,0.3100000023841858,0.49000000953674316,-0.20999999344348907,0.0,1.569227695465088,-0.16284269094467163,6.53101921081543,0.13635025918483734,10.03861141204834,5.606300354003906,0.637779176235199,0.5497215986251831,-1.5558682680130005,-0.6399987936019897,4.021796703338623,10.024284362792969,0.02281700074672699,0.010128334164619446,0.3193678855895996,-0.931575357913971,-0.3909563422203064,0.2647641897201538,0.0,0.0,0.5,0.0,0.0,0.44215917587280273,0.0,0.7578148245811462,0.7089515328407288,0.0,0.0,0.0,0.0,130.49539184570312,0.0
0.26,0.8111111521720886,-0.927183757920604,0.3746068326235209,0.0,1.0,0.0,1.0,0.027505019679665565,0.015275988727807999,0.632892370223999,0.0044844746589660645,0.018700478598475456,-0.2812652587890625,0.15566498041152954,0.14135369658470154,-0.18491056561470032,-0.36878788471221924,0.3701341152191162,-0.3015265166759491,0.2725285589694977,-0.06868766248226166,1.3571195602416992,0.2492161989212036,-0.19133411347866058,0.048496343195438385,-0.21400131285190582,-0.06936920434236526,0.5457375645637512,0.24684202671051025,-0.04758194833993912,-0.16466404497623444,0.1850825548171997,0.007016509771347046,-0.21543632447719574,0.18911558389663696,-0.07245282828807831,0.0,-0.4000000059604645,-0.05000000074505806,0.3100000023841858,0.49000000953674316,-0.20999999344348907,0.0,0.08948463201522827,-0.4364405870437622,4.532858848571777,0.7243619561195374,-6.325503349304199,-10.07091236114502,2.047525644302368,-0.00039366562850773335,-1.9265893697738647,0.5728380680084229,-5.502260208129883,-3.3275046348571777,0.021734066307544708,0.008870646357536316,0.4173552989959717,-1.0642856359481812,-0.17523348331451416,0.19098468124866486,0.0,137.14816284179688,0.5,0.0,0.0,0.46339669823646545,0.0,0.7579825520515442,0.8337376713752747,0.0,0.0,0.0,0.0,119.94213104248047,0.0
0.27,0.8222222328186035,-0.8987940171128406,0.4383712066299093,0.0,1.0,0.0,1.0,0.02847771719098091,0.01549556478857994,0.6305659413337708,0.0068138581700623035,0.014952391386032104,-0.28397321701049805,0.14558832347393036,0.13991789519786835,-0.2718389928340912,-0.3706606924533844,0.110357865691185,-0.25432100892066956,0.2728014588356018,-0.07724585384130478,1.4143658876419067,0.26750242710113525,-0.20293773710727692,0.16110698878765106,-0.19255702197551727,-0.06793593615293503,0.5295649766921997,0.24903884530067444,-0.0431365929543972,-0.08224209398031235,0.1980423778295517,0.009608473628759384,-0.22113865613937378,0.20725932717323303,-0.08074711263179779,0.0,-0.4000000059604645,-0.05000000074505806,0.3100000023841858,0.49000000953674316,-0.20999999344348907,0.0,-0.36187538504600525,-0.9518550634384155,5.552754878997803,2.1790566444396973,-0.284713476896286,10.080875396728516,2.2454116344451904,0.14393498003482819,-1.585555911064148,0.1674729436635971,-1.3831462860107422,6.9081711769104,0.020061232149600983,0.006951581686735153,-0.08343229442834854,-0.9583136439323425,-0.4192271828651428,0.30129197239875793,0.0,68.49951934814453,0.5,0.0,0.0,0.4881052076816559,0.0,0.7479873299598694,0.8786590695381165,0.0,0.0,0.0,0.0,152.35546875,0.0
0.28,0.8333333730697632,-0.8660252789487355,0.5000002162217179,0.0,1.0,0.0,1.0,0.03001774474978447,0.015613713301718235,0.627497136592865,0.006690355483442545,0.011288546025753021,-0.2859377861022949,0.13804908096790314,0.147123783826828,-0.33916160464286804,-0.3746805489063263,-0.08656912297010422,-0.1756276935338974,0.2631338834762573,-0.082037553191185,1.4477200508117676,0.28221848607063293,-0.27319568395614624,0.05589931085705757,-0.16831021010875702,-0.06787624955177307,0.5054583549499512,0.24806024134159088,-0.11069878190755844,-0.113482266664505,0.21250009536743164,0.012500017881393433,-0.2275000512599945,0.22750014066696167,-0.09000005573034286,0.0,-0.4000000059604645,-0.05000000074505806,0.3100000023841858,0.49000000953674316,-0.20999999344348907,0.0,-1.1631035804748535,-0.2514134347438812,3.0470826625823975,1.0376030206680298,-7.163545608520508,-10.02490520477295,2.2772216796875,-0.09478311240673065,-2.1511075496673584,-0.2919241189956665,-6.605831146240234,-1.9483513832092285,0.017012540251016617,0.004398249089717865,0.15418490767478943,-0.4550430476665497,-0.31344395875930786,0.22146181762218475,0.0,105.82881927490234,0.5,0.0,0.0,0.5195131301879883,0.0,0.7368965744972229,0.9401741623878479,0.0,0.0,0.0,0.0,137.82611083984375,0.0
0.29,0.8444445133209229,-0.8290373305565872,0.5591932622480423,0.0,1.0,0.0,1.0,0.03190899267792702,0.015697762370109558,0.6235916614532471,0.004780798219144344,0.007886946201324463,-0.2887105941772461,0.12989762425422668,0.14660830795764923,-0.42722588777542114,-0.30765995383262634,-0.31650564074516296,-0.3322785496711731,0.24988003075122833,-0.08949319273233414,1.4904695749282837,0.3025622069835663,-0.2309592217206955,0.1199788823723793,-0.1506018489599228,-0.06712006032466888,0.503180980682373,0.24467375874519348,-0.10942807048559189,0.005489453673362732,0.22817428410053253,0.01563485711812973,-0.23439669609069824,0.24944400787353516,-0.1000315323472023,0.0,-0.4000000059604645,-0.05000000074505806,0.3100000023841858,0.49000000953674316,-0.20999999344348907,0.0,-1.693414330482483,-0.8739164471626282,4.344837188720703,2.4788780212402344,5.434728622436523,5.445431709289551,1.4737272262573242,0.3188880980014801,-0.19589723646640778,-0.4395694434642792,-3.5697991847991943,10.109087944030762,0.013553209602832794,0.0009122677147388458,-0.2145872712135315,-0.11249289661645889,-0.6728273630142212,0.07703614979982376,0.0,68.04496002197266,0.5,0.0,0.0,0.5564849972724915,0.0,0.7283747792243958,0.8018625974655151,0.0,0.0,0.0,0.0,234.61280822753906,0.0
0.3,0.8555555939674377,-0.7880106050174337,0.6156616655112271,0.0,1.0,1.0,1.0,0.03409022092819214,0.014355522580444813,0.620783269405365,-0.00010395050048828125,-0.0016565322875976562,-0.291506290435791,0.12008646875619888,0.20696549117565155,-0.12432506680488586,-1.4785892963409424,-0.712470293045044,-0.062131889164447784,0.2315812110900879,-0.10329188406467438,1.5222458839416504,0.3169901669025421,-0.29355955123901367,0.03522051125764847,-0.1474502682685852,-0.08404179662466049,0.498008668422699,0.26423180103302,-0.13448256254196167,-0.034849755465984344,0.24475990235805511,0.018951980397105217,-0.2416943609714508,0.2726638615131378,-0.1106463298201561,0.0,-0.4000000059604645,-0.05000000074505806,0.3100000023841858,0.49000000953674316,-0.20999999344348907,0.0,-1.829918384552002,-2.1764960289001465,3.047157049179077,0.24644488096237183,3.418461799621582,3.0070629119873047,1.0045669078826904,-2.454115867614746,-1.1515341997146606,1.6915005445480347,-1.0387310981750488,-3.5068416595458984,0.009823847562074661,0.00015662610530853271,-0.0009822874562814832,-0.0015533731784671545,-0.14659054577350616,0.05924265459179878,292.2856750488281,173.34564208984375,0.5,0.0,0.0,0.6564427614212036,0.0,0.6877443790435791,0.9923089742660522,0.0,0.0,0.0,0.0,223.85107421875,0.0
0.31,0.8666666746139526,-0.7431447920648447,0.669130643467252,0.0,1.0,0.0,1.0,0.036643609404563904,0.012228364124894142,0.61942458152771,-0.007236003875732422,-0.01527261734008789,-0.2928433418273926,0.12421129643917084,0.23160292208194733,-0.15006017684936523,-1.300994634628296,-0.681252121925354,-0.21525788307189941,0.21086250245571136,-0.12203778326511383,1.5662342309951782,0.3249432146549225,-0.20854757726192474,0.1554906666278839,-0.13432525098323822,-0.10179254412651062,0.4914810061454773,0.27235713601112366,-0.13901597261428833,-0.010341603308916092,0.26193398237228394,0.022386794909834862,-0.24925094842910767,0.2967075705528259,-0.1216377392411232,0.0,-0.4000000059604645,-0.05000000074505806,0.3100000023841858,0.49000000953674316,-0.20999999344348907,0.0,-2.1599435806274414,-1.5589630603790283,4.282857894897461,1.1182942390441895,8.018060684204102,10.136107444763184,1.2833669185638428,-1.6925091743469238,-1.0176301002502441,0.7517295479774475,0.02225729078054428,-0.30264216661453247,0.006799120455980301,0.0010485872626304626,-0.2287178635597229,-0.0027270913124084473,-0.6915568709373474,-0.008661741390824318,0.0,266.8673400878906,0.5,0.0,0.0,0.5729772448539734,0.0,0.6772504448890686,0.9114924669265747,0.0,0.0,0.0,0.0,253.9893341064453,0.0
0.32,0.8777778148651123,-0.6946582028336742,0.7193399622125064,0.0,1.0,1.0,1.0,0.03908485919237137,0.010062405839562416,0.617787778377533,-0.013909339904785156,-0.02920246124267578,-0.2939934730529785,0.11698197573423386,0.2168697714805603,-0.15475361049175262,-1.4616320133209229,-0.6189072728157043,-0.08083097636699677,0.19607071578502655,-0.13617238402366638,1.5607514381408691,0.3283572196960449,-0.22921721637248993,0.086909219622612,-0.12241416424512863,-0.1237642839550972,0.48674502968788147,0.282602459192276,-0.1433321237564087,-0.08078441023826599,0.2793624997138977,0.025872496888041496,-0.2569195032119751,0.32110750675201416,-0.13279199600219727,0.0,-0.4000000059604645,-0.05000000074505806,0.3100000023841858,0.49000000953674316,-0.20999999344348907,0.0,-0.5611688494682312,-1.5581390857696533,0.9523873329162598,-0.8342521786689758,0.7101382613182068,11.028334617614746,0.699648916721344,-2.4359207153320312,-0.6663758754730225,1.6616631746292114,-0.8558971285820007,-3.229372024536133,0.0030180737376213074,0.0018708184361457825,0.10974963754415512,0.008653515949845314,-0.04211209714412689,0.03926463425159454,823.716064453125,237.76751708984375,0.5,0.0,0.0,0.5385576486587524,0.0,0.6787716150283813,0.9870177507400513,0.0,0.0,0.0,0.0,493.654052734375,0.0
0.33,0.888888955116272,-0.642787290920897,0.7660447105949979,0.0,1.0,1.0,1.0,0.04168683663010597,0.008068393915891647,0.6162853240966797,-0.02130889892578125,-0.04202413558959961,-0.2957324981689453,0.11724571883678436,0.20662640035152435,-0.12254759669303894,-1.1458165645599365,-0.8141622543334961,-0.22946780920028687,0.18315912783145905,-0.14796942472457886,1.5945820808410645,0.33276334404945374,-0.24152560532093048,0.16044270992279053,-0.11587110161781311,-0.1350257694721222,0.4877265989780426,0.2944115698337555,-0.1609998643398285,0.02529153786599636,0.2967061996459961,0.029341241344809532,-0.26455074548721313,0.3453887104988098,-0.14389196038246155,0.0,-0.4000000059604645,-0.05000000074505806,0.3100000023841858,0.49000000953674316,-0.20999999344348907,0.0,-1.9303224086761475,-1.4309883117675781,2.9610579013824463,0.8273450136184692,0.1377696990966797,-7.058326721191406,0.9663097858428955,-0.8054099082946777,-0.7831951975822449,1.3534663915634155,-5.731321811676025,7.317033290863037,0.00044374167919158936,0.0025797784328460693,0.374813050031662,-0.017451001331210136,-0.4545060992240906,-0.25109437108039856,566.630615234375,275.984375,0.5,0.0,0.0,0.5401107668876648,0.0,0.6849629282951355,0.9000446200370789,0.0,0.0,0.0,0.0,521.0283813476562,0.0
0.34,0.9000000357627869,-0.587785070502928,0.8090171264527518,0.0,1.0,1.0,1.0,0.043994173407554626,0.006313210353255272,0.6165902614593506,-0.027350902557373047,-0.05158090591430664,-0.29571056365966797,0.11673933267593384,0.11370529979467392,0.10242072492837906,-0.8031497597694397,-0.4725092649459839,0.09924579411745071,0.16762684285640717,-0.1746087521314621,1.602166771888733,0.3565303683280945,-0.24518680572509766,0.14171549677848816,-0.10487406700849533,-0.14850744605064392,0.5020399689674377,0.2988848090171814,-0.20036698877811432,-0.0976526215672493,0.3136272132396698,0.03272544592618942,-0.2719959616661072,0.3690780997276306,-0.15472140908241272,0.0,-0.4000000059604645,-0.05000000074505806,0.3100000023841858,0.49000000953674316,-0.20999999344348907,0.0,-1.4485732316970825,-1.9928902387619019,1.0216087102890015,1.4311741590499878,0.14855578541755676,-0.7390260696411133,0.7247263193130493,-1.4859061241149902,1.8755019903182983,0.612156867980957,-1.324467658996582,-10.800158500671387,6.671994924545288e-05,0.004446625709533691,0.004520438611507416,0.22815869748592377,0.0017989862244576216,-0.33861637115478516,238.74484252929688,52.472694396972656,0.5,0.0,0.0,0.5591944456100464,0.0,0.7264139652252197,0.9804933071136475,0.0,0.0,0.0,0.0,381.7197265625,0.0
0.35000000000000003,0.9111111760139465,-0.5299189184020804,0.8480483122555985,0.0,1.0,1.0,1.0,0.04537338763475418,0.0062457602471113205,0.6175537109375,-0.028296470642089844,-0.05502510070800781,-0.2938117980957031,0.10793164372444153,0.11404789984226227,0.08387202024459839,-0.0452788844704628,0.04404684901237488,0.29151451587677,0.16467049717903137,-0.1696280539035797,1.6000558137893677,0.34264618158340454,-0.2423316389322281,0.14123809337615967,-0.11620598286390305,-0.1582261025905609,0.5576882362365723,0.32040154933929443,-0.10815225541591644,-0.07386786490678787,0.3297964930534363,0.03595929965376854,-0.27911046147346497,0.3917151093482971,-0.16506975889205933,0.0,-0.4000000059604645,-0.05000000074505806,0.3100000023841858,0.49000000953674316,-0.20999999344348907,0.0,-0.11170140653848648,1.349199891090393,-0.24034784734249115,-2.023207664489746,0.6101147532463074,-1.1424024105072021,-1.6295697689056396,-0.46248942613601685,5.917916774749756,2.683603286743164,4.263044834136963,8.211376190185547,-0.00017973780632019043,0.006608873605728149,-0.0034946659579873085,-0.03849582001566887,-0.007465806324034929,-0.4647105038166046,231.1011199951172,95.99839782714844,0.5,0.0,0.0,0.6001099944114685,0.0,0.7164484262466431,0.8436973690986633,0.0,0.0,0.0,0.0,192.55084228515625,0.0
0.36,0.9222222566604614,-0.46947137173205616,0.882947694444026,0.0,1.0,1.0,0.0,0.04676363244652748,0.0063436273485422134,0.6182621717453003,-0.028470993041992188,-0.0568394660949707,-0.2881307601928711,0.12109939754009247,0.073052778840065,0.059918008744716644,-0.19120438396930695,-0.0347268283367157,0.719027042388916,0.163545161485672,-0.17516088485717773,1.5947937965393066,0.35078179836273193,-0.23672643303871155,0.13692636787891388,-0.11619497090578079,-0.16211311519145966,0.600572407245636,0.3268068730831146,-0.20658953487873077,0.00910444650799036,0.3448992371559143,0.038979846984148026,-0.2857556641101837,0.4128589332103729,-0.17473550140857697,0.0,-0.4000000059604645,-0.05000000074505806,0.3100000023841858,0.49000000953674316,-0.20999999344348907,0.0,-0.14395292103290558,-1.0932687520980835,-0.339619517326355,1.559601068496704,0.8440637588500977,-1.053493618965149,0.43389326333999634,-0.6026356816291809,4.114866733551025,-0.021157190203666687,-10.024978637695312,6.4373650550842285,0.0005678609013557434,0.007787182927131653,-0.0014735604636371136,0.41743776202201843,0.026662537828087807,-0.014766582287847996,300.6682434082031,0.0,0.5,0.0,0.0,0.6171613335609436,0.0,0.7424463629722595,0.3555818498134613,0.0,0.0,0.0,0.0,178.73818969726562,0.0
0.37,0.9333333969116211,-0.40673627813796054,0.913545620123308,0.0,1.0,1.0,0.0,0.04789981618523598,0.0068902187049388885,0.618810772895813,-0.027247905731201172,-0.05591154098510742,-0.2814784049987793,0.1099361926317215,0.04276575148105621,0.056946367025375366,0.3708637058734894,0.13002823293209076,0.695146381855011,0.1633129119873047,-0.18387947976589203,1.5907893180847168,0.371134489774704,-0.2342912256717682,0.12073829025030136,-0.1237042248249054,-0.1666717231273651,0.6408067941665649,0.3389401137828827,-0.10853458940982819,-0.0025422084145247936,0.35864144563674927,0.04172828793525696,-0.29180222749710083,0.43209803104400635,-0.1835305243730545,0.0,-0.4000000059604645,-0.05000000074505806,0.3100000023841858,0.49000000953674316,-0.20999999344348907,0.0,0.3942764699459076,-0.5734967589378357,-0.3969268798828125,1.7879892587661743,3.3433837890625,1.914999008178711,-1.1566535234451294,0.0062543959356844425,3.7460904121398926,1.8612807989120483,10.03648567199707,-1.0692437887191772,0.002127803862094879,0.00866774097084999,0.034920960664749146,-0.09064280986785889,0.06648614257574081,-0.4628995656967163,345.9195861816406,0.0,0.5,0.0,0.0,0.6371562480926514,0.0,0.7349466681480408,0.3804285228252411,0.0,0.0,0.0,0.0,420.06793212890625,0.0
0.38,0.9444445371627808,-0.3420195958921803,0.9396928200352228,0.0,1.0,1.0,0.0,0.048623714596033096,0.008225463330745697,0.6193122863769531,-0.023258209228515625,-0.0514369010925293,-0.2738189697265625,0.1300869882106781,0.016183018684387207,0.06016559898853302,0.5557907819747925,0.5790915489196777,0.8238323330879211,0.16756387054920197,-0.19152876734733582,1.58167564868927,0.40001794695854187,-0.23891906440258026,0.07936279475688934,-0.1365455985069275,-0.1652214229106903,0.6677349805831909,0.35619214177131653,-0.21079063415527344,-0.1107332780957222,0.370755672454834,0.04415113478899002,-0.2971324920654297,0.449057936668396,-0.19128362834453583,0.0,-0.4000000059604645,-0.05000000074505806,0.3100000023841858,0.49000000953674316,-0.20999999344348907,0.0,0.6646804213523865,-0.5589011907577515,-1.085033893585205,2.880113124847412,-0.47471514344215393,-7.549031734466553,-1.6369258165359497,0.24748094379901886,2.76263165473938,1.0793663263320923,-10.052702903747559,-10.047858238220215,0.0046719834208488464,0.009334288537502289,-0.08360970765352249,0.5326128602027893,0.012059942819178104,-0.30759313702583313,359.464111328125,0.0,0.5,0.0,0.0,0.6606877446174622,0.0,0.7601838111877441,0.2573291063308716,0.0,0.0,0.0,0.0,613.3250732421875,0.0
0.39,0.9555556178092957,-0.2756369798177499,0.9612618037542892,0.0,1.0,1.0,0.0,0.050180528312921524,0.010580440983176231,0.6197036504745483,-0.021471023559570312,-0.042143821716308594,-0.26772212982177734,0.1183018609881401,0.02418489195406437,0.03386140242218971,1.2020986080169678,-0.06923022866249084,0.5489863753318787,0.14576087892055511,-0.18726788461208344,1.6223374605178833,0.4206136465072632,-0.23492608964443207,0.051316939294338226,-0.1433081328868866,-0.1468638926744461,0.6780667304992676,0.35067811608314514,-0.12708528339862823,-0.03523099794983864,0.38100606203079224,0.04620121046900749,-0.30164265632629395,0.463408499956131,-0.19784386456012726,0.0,-0.4000000059604645,-0.05000000074505806,0.3100000023841858,0.49000000953674316,-0.20999999344348907,0.0,-3.002878427505493,0.9262943863868713,4.271541595458984,1.9333930015563965,-0.5910466313362122,-5.160425662994385,-0.3593682050704956,2.4080584049224854,0.5406914949417114,-0.13725042343139648,9.755399703979492,6.268012523651123,0.00720398873090744,0.0081399604678154,-0.28973814845085144,-0.03753603622317314,0.032493025064468384,-0.28671008348464966,182.95945739746094,0.0,0.5,0.0,0.0,0.6218551397323608,0.0,0.7463528513908386,0.5472924113273621,0.0,0.0,0.0,0.0,184.53140258789062,0.0
0.4,0.9666666984558105,-0.2079114954454082,0.9781476422614606,0.0,1.0,1.0,1.0,0.05185609683394432,0.013399980962276459,0.619557797908783,-0.019725799560546875,-0.031162261962890625,-0.2626609802246094,0.12271653115749359,0.03869238495826721,0.015095391310751438,0.9754729866981506,0.3673040270805359,0.46689656376838684,0.1294163018465042,-0.17248326539993286,1.6465860605239868,0.42265501618385315,-0.33075132966041565,-0.030175169929862022,-0.1485116183757782,-0.13187956809997559,0.6918705105781555,0.3559546172618866,-0.21464146673679352,-0.126230850815773,0.38919323682785034,0.04783864691853523,-0.3052450120449066,0.4748705327510834,-0.20308366417884827,0.0,-0.4000000059604645,-0.05000000074505806,0.3100000023841858,0.49000000953674316,-0.20999999344348907,0.0,0.29059508442878723,1.0387659072875977,1.2696667909622192,0.2712608277797699,7.3351359367370605,7.036887168884277,-1.6382865905761719,1.1590986251831055,0.7122589349746704,2.123378276824951,-5.224208831787109,3.194063663482666,0.008391760289669037,0.006820686161518097,-0.02098802477121353,-0.02925480157136917,0.09275858104228973,-0.04012972488999367,679.3034057617188,491.6136169433594,0.5,0.0,0.0,0.6194507479667664,0.0,0.7500016689300537,0.6466275453567505,0.0,0.0,0.0,0.0,757.1749267578125,0.0
0.41000000000000003,0.9777778387069702,-0.13917272185631788,0.9902681220210533,0.0,1.0,0.0,1.0,0.05313678830862045,0.016446247696876526,0.6195352673530579,-0.016523361206054688,-0.02032184600830078,-0.2617154121398926,0.12643490731716156,0.06500525027513504,0.010191094130277634,1.133098840713501,0.3351546823978424,-0.10819412767887115,0.11652392894029617,-0.14852941036224365,1.695831060409546,0.40398022532463074,-0.21653945744037628,0.07449103891849518,-0.16890577971935272,-0.1283816397190094,0.7134069204330444,0.3847891390323639,-0.2044828236103058,-0.14061377942562103,0.39515775442123413,0.04903154820203781,-0.30786940455436707,0.4832208454608917,-0.206900954246521,0.0,-0.4000000059604645,-0.05000000074505806,0.3100000023841858,0.49000000953674316,-0.20999999344348907,0.0,-1.6274440288543701,2.8435604572296143,4.7109832763671875,-2.028331756591797,10.102517127990723,10.020671844482422,-2.7668490409851074,0.3186432421207428,4.929325103759766,3.5492148399353027,6.064495086669922,14.876248359680176,0.008779115974903107,0.006777461618185043,-0.4628813862800598,-0.08212365210056305,-0.0201010350137949,0.021549468860030174,0.0,923.6869506835938,0.5,0.0,0.0,0.6756367683410645,0.0,0.7500967383384705,0.9768600463867188,0.0,0.0,0.0,0.0,1062.318115234375,0.0
0.42,0.9888889789581299,-0.06975590920093967,0.9975640897363689,1.0,1.0,1.0,1.0,0.05457179248332977,0.01910501718521118,0.6196858882904053,-0.013560295104980469,-0.012057781219482422,-0.26086950302124023,0.15489983558654785,0.08993323147296906,0.028870481997728348,0.6204248666763306,0.33417102694511414,0.1295240819454193,0.10934963822364807,-0.13643574714660645,1.6995970010757446,0.4087429642677307,-0.22187449038028717,0.0018584411591291428,-0.16530993580818176,-0.11934661120176315,0.7432174682617188,0.37634798884391785,-0.24579937756061554,-0.06969672441482544,0.4000000059604645,0.05000000074505806,-0.3100000023841858,0.49000000953674316,-0.20999999344348907,0.0,-0.4000000059604645,-0.05000000074505806,0.3100000023841858,0.49000000953674316,-0.20999999344348907,0.0,-0.5270126461982727,1.2276338338851929,0.2660755515098572,0.16444531083106995,-1.809053897857666,-6.998652458190918,0.8285735845565796,0.8645662069320679,3.0998597145080566,-1.3411775827407837,-0.5668774843215942,5.136623859405518,0.010207585990428925,0.005422227084636688,-0.11162324994802475,0.06500383466482162,0.004791915416717529,0.20846706628799438,140.99667358398438,271.5142517089844,0.5,0.0,0.0,0.762511134147644,0.0,0.7754093408584595,0.9670037031173706,0.0,0.0,0.0,0.0,304.1768798828125,0.0
0.43,1.0,-2.4492935982947064e-16,1.0,1.0,1.0,1.0,1.0,0.05606495961546898,0.021562376990914345,0.619820237159729,-0.011383056640625,-0.004437446594238281,-0.2634739875793457,0.12797483801841736,0.08545442670583725,0.03089998848736286,0.838904857635498,0.10296599566936493,-0.45737236738204956,0.09616939723491669,-0.1199861615896225,1.7542812824249268,0.39954182505607605,-0.18755242228507996,0.11538911610841751,-0.17394232749938965,-0.12079408764839172,0.7753148674964905,0.3975273668766022,-0.21057282388210297,-0.10842140018939972,0.4000000059604645,0.05000000074505806,-0.3100000023841858,0.49000000953674316,-0.20999999344348907,0.0,-0.4000000059604645,-0.05000000074505806,0.3100000023841858,0.49000000953674316,-0.20999999344348907,0.0,-1.4243518114089966,1.7686114311218262,5.209450721740723,-0.7411794662475586,2.1285781860351562,10.098272323608398,-1.4744648933410645,0.14406640827655792,2.2347686290740967,3.0091969966888428,-2.1313717365264893,-2.451110363006592,0.010974671691656113,0.005685769021511078,-0.11885221302509308,-0.028062541037797928,0.04943172633647919,-0.06086978688836098,198.13723754882812,185.65431213378906,0.5,0.0,0.0,0.8223956823348999,0.0,0.7472089529037476,0.6581127643585205,0.0,0.0,0.0,0.0,415.17352294921875,0.0
0.44,1.0111112594604492,0.06975740357991196,0.9975639852389365,1.0,1.0,1.0,1.0,0.05775212496519089,0.02350812777876854,0.6202626824378967,-0.009983062744140625,0.00051310466369614,-0.267580509185791,0.1629326343536377,0.11691413074731827,0.055965714156627655,0.23488439619541168,0.22210313379764557,-0.491241991519928,0.08428259193897247,-0.11779686063528061,1.7568010091781616,0.4132644832134247,-0.1969158947467804,0.00577497947961092,-0.17400728166103363,-0.11044899374246597,0.7904776930809021,0.39543861150741577,-0.26111316680908203,-0.06700021773576736,0.4000000059604645,0.05000000074505806,-0.3100000023841858,0.49000000953674316,-0.20999999344348907,0.0,-0.4000000059604645,-0.05000000074505806,0.3100000023841858,0.49000000953674316,-0.20999999344348907,0.0,-1.1406742334365845,-0.3618699014186859,0.3638077974319458,1.7735177278518677,-1.713212490081787,-9.609891891479492,0.13427741825580597,0.8891106247901917,0.8502379655838013,-0.706853449344635,-1.2689529657363892,1.9223244190216064,0.012586735188961029,0.005488403141498566,-0.09054610878229141,0.009730344638228416,0.02520524524152279,-0.03319195285439491,143.70883178710938,242.78150939941406,0.5,0.0,0.0,0.8517450094223022,0.0,0.7752524018287659,0.6171535849571228,0.0,0.0,0.0,0.0,338.30780029296875,0.0
0.45,1.0222222805023193,0.13917346358102195,0.9902680177784505,1.0,0.0,0.0,1.0,0.05962342396378517,0.024700652807950974,0.6203049421310425,-0.010040283203125,0.0025619463995099068,-0.27451324462890625,0.14297683537006378,0.11136981844902039,-0.03199772536754608,0.10568621009588242,-0.21611854434013367,-0.7351844310760498,0.061553120613098145,-0.11018837243318558,1.8037705421447754,0.40388497710227966,-0.29336977005004883,0.11883479356765747,-0.17757101356983185,-0.11621913313865662,0.8211503624916077,0.41713106632232666,-0.17334648966789246,-0.024785557761788368,0.4000000059604645,0.05000000074505806,-0.3100000023841858,0.49000000953674316,-0.20999999344348907,0.0,-0.4347933530807495,-0.056958671659231186,0.32530906796455383,0.5387107133865356,-0.23226773738861084,0.0,-2.886809825897217,0.7921141386032104,4.530816078186035,-1.6145431995391846,-10.013482093811035,10.082062721252441,-0.1198524534702301,-1.038496494293213,3.098254442214966,2.6448042392730713,2.8532557487487793,6.858603477478027,0.011881202459335327,0.00657276064157486,-0.5838912725448608,-0.2303043007850647,0.6156817078590393,0.06503557413816452,0.0,132.68881225585938,0.5,0.0,0.0,0.8334970474243164,0.0,0.7559821009635925,0.33925870060920715,0.0,0.0,0.0,0.0,295.7838439941406,0.0
0.46,1.0333333015441895,0.20791149544540774,0.9781476422614607,1.0,0.0,1.0,1.0,0.06202443689107895,0.024783143773674965,0.6196401119232178,-0.012773990631103516,0.0011949738254770637,-0.28057432174682617,0.16227012872695923,0.11830449849367142,-0.07888510823249817,-0.2834123969078064,-0.2222394347190857,-0.6414963006973267,0.03429161757230759,-0.1200968325138092,1.8085157871246338,0.4119371473789215,-0.20984499156475067,-0.009107123129069805,-0.162400484085083,-0.11947450786828995,0.8296611905097961,0.410677045583725,-0.2559908628463745,-0.09803780168294907,0.4000000059604645,0.05000000074505806,-0.3100000023841858,0.49000000953674316,-0.20999999344348907,0.0,-0.4519779086112976,-0.060395583510398865,0.3328702747821808,0.5627690553665161,-0.24326585233211517,0.0,-2.7358031272888184,-1.5599267482757568,2.52361798286438,2.9787392616271973,-4.862728595733643,-7.676733493804932,0.7476869821548462,-0.1002146527171135,0.4059513211250305,0.4356424808502197,-5.2207865715026855,3.0594289302825928,0.010420113801956177,0.005768537521362305,-0.09644101560115814,-0.05744665488600731,-0.0313812717795372,-0.04057839512825012,337.11004638671875,392.9565124511719,0.5,0.0,0.0,0.84932541847229,0.0,0.7740530967712402,0.43909698724746704,0.0,0.0,0.0,0.0,575.0459594726562,0.0
0.47000000000000003,1.0444445610046387,0.2756380598154803,0.9612614940697239,1.0,0.0,0.0,1.0,0.06371311843395233,0.02513875998556614,0.6184982657432556,-0.01286935806274414,-0.00060272216796875,-0.2872605323791504,0.14581827819347382,0.13381531834602356,-0.147848978638649,-0.2161402851343155,0.05718454718589783,-0.6988001465797424,0.02240588329732418,-0.11334776878356934,1.8381590843200684,0.39401930570602417,-0.22958557307720184,0.10077600181102753,-0.16766075789928436,-0.12521357834339142,0.8477365970611572,0.4219723343849182,-0.18680277466773987,-0.019207779318094254,0.4000000059604645,0.05000000074505806,-0.3100000023841858,0.49000000953674316,-0.20999999344348907,0.0,-0.4689095914363861,-0.06378191709518433,0.3403202295303345,0.5864734053611755,-0.25410211086273193,0.0,-0.8606380820274353,1.0833073854446411,2.867699384689331,-2.463226079940796,-2.899284839630127,10.057650566101074,-1.1887456178665161,-0.7916045784950256,2.3157472610473633,1.5838934183120728,2.483771324157715,8.80733871459961,0.00772443413734436,0.005515698343515396,-0.280421644449234,0.08399030566215515,0.2447061836719513,-0.06098253279924393,0.0,159.8495635986328,0.5,0.0,0.0,0.8491978645324707,0.0,0.7507350444793701,0.3765730559825897,0.0,0.0,0.0,0.0,193.4148712158203,0.0
0.48,1.0555555820465088,0.3420202997352154,0.9396925638574744,1.0,0.0,1.0,1.0,0.06561824679374695,0.024663662537932396,0.6169414520263672,-0.014053821563720703,-0.005119800567626953,-0.29197072982788086,0.17663250863552094,0.12652404606342316,-0.1462404578924179,-0.587628185749054,-0.18004800379276276,-0.3819374442100525,0.009692752733826637,-0.12022615224123001,1.8315914869308472,0.4018070697784424,-0.25607046484947205,-0.018011661246418953,-0.15963906049728394,-0.12625959515571594,0.8486953377723694,0.41197383403778076,-0.268841415643692,-0.0560259111225605,0.4000000059604645,0.05000000074505806,-0.3100000023841858,0.49000000953674316,-0.20999999344348907,0.0,-0.4855051636695862,-0.06710103154182434,0.347622275352478,0.609707236289978,-0.2647233009338379,0.0,-1.5554181337356567,-1.0282585620880127,0.07241050899028778,1.2750298976898193,-6.107118129730225,-9.305129051208496,1.1023246049880981,0.11986856162548065,-0.6094568967819214,-0.4555470049381256,-6.563291549682617,3.899467706680298,0.005729176104068756,0.0040254294872283936,-0.014608759433031082,-0.06229338422417641,-0.048559412360191345,-0.09723329544067383,240.83358764648438,251.77500915527344,0.5,0.0,0.0,0.8136481046676636,0.0,0.7857239842414856,0.7469534873962402,0.0,0.0,0.0,0.0,612.3594970703125,0.0
0.49,1.0666667222976685,0.4067369623963564,0.9135453154718625,1.0,0.0,1.0,1.0,0.06708519905805588,0.024155275896191597,0.6153713464736938,-0.013847827911376953,-0.009751319885253906,-0.2952108383178711,0.15220536291599274,0.11031969636678696,-0.15658913552761078,-0.38909414410591125,0.04355716332793236,-0.35630589723587036,0.016046250239014626,-0.12007859349250793,1.8286545276641846,0.39203375577926636,-0.26924794912338257,0.08925070613622665,-0.16109800338745117,-0.13283437490463257,0.8587878346443176,0.420047789812088,-0.21693554520606995,-0.03344126418232918,0.4000000059604645,0.05000000074505806,-0.3100000023841858,0.49000000953674316,-0.20999999344348907,0.0,-0.501684308052063,-0.07033686339855194,0.35474109649658203,0.6323580741882324,-0.2750779390335083,0.0,0.7723904848098755,0.4302927553653717,-0.5975582003593445,-1.1334588527679443,-4.664451599121094,6.646368980407715,-0.8107001781463623,-0.7923384308815002,0.9815739989280701,1.0300867557525635,2.787491798400879,5.891942024230957,0.0031116120517253876,0.003597605973482132,0.09979803115129471,0.08537736535072327,-0.08334933966398239,-0.06286595016717911,251.76934814453125,188.9252166748047,0.5,0.0,0.0,0.7552134990692139,0.0,0.7662374973297119,0.7757633328437805,0.0,0.0,0.0,0.0,362.02001953125,0.0
0.5,1.0777778625488281,0.46947203307215885,0.8829473428031218,1.0,0.0,1.0,1.0,0.06850682199001312,0.023104244843125343,0.613921046257019,-0.013616085052490234,-0.015813350677490234,-0.29720497131347656,0.182975634932518,0.09323091059923172,-0.11834149062633514,-0.7307907938957214,0.1395004838705063,-0.033886030316352844,0.015230806544423103,-0.1297055184841156,1.813407301902771,0.3983747959136963,-0.2940588891506195,0.023776058107614517,-0.15738630294799805,-0.14013919234275818,0.8579733371734619,0.4176124930381775,-0.24931953847408295,-0.05482171103358269,0.4000000059604645,0.05000000074505806,-0.3100000023841858,0.49000000953674316,-0.20999999344348907,0.0,-0.5173680782318115,-0.07347360998392105,0.36164194345474243,0.6543152928352356,-0.2851155400276184,0.0,-0.028527922928333282,-1.6815571784973145,0.153604656457901,1.1535578966140747,-0.20191717147827148,3.369373321533203,0.2604411840438843,-0.8541098833084106,-0.23678240180015564,-0.11277102679014206,-0.1844426542520523,0.8010360598564148,0.0010802224278450012,0.002798117697238922,0.06968129426240921,0.005861416459083557,-0.012118414975702763,-0.017310379073023796,424.6067810058594,243.97970581054688,0.5,0.0,0.0,0.7057594060897827,0.0,0.803809642791748,0.9977061152458191,0.0,0.0,0.0,0.0,245.49114990234375,0.0
0.51,1.0888888835906982,0.5299192360020959,0.84804811379718,1.0,0.0,1.0,1.0,0.06967053562402725,0.022648397833108902,0.6129189133644104,-0.011365890502929688,-0.019635677337646484,-0.29659080505371094,0.1818711757659912,0.0708739310503006,-0.02828427404165268,0.0033111933153122663,0.2703523635864258,0.19837430119514465,0.01788255013525486,-0.13792431354522705,1.8109732866287231,0.4043501615524292,-0.29522278904914856,0.051432929933071136,-0.16101926565170288,-0.14152167737483978,0.8591790199279785,0.4171927869319916,-0.21766912937164307,0.023138340562582016,0.4000000059604645,0.05000000074505806,-0.3100000023841858,0.49000000953674316,-0.20999999344348907,0.0,-0.5324798822402954,-0.07649597525596619,0.36829113960266113,0.675471842288971,-0.29478710889816284,0.0,-0.13782694935798645,-1.1340776681900024,-0.0672544538974762,2.276170015335083,-1.0800206661224365,0.6609801054000854,-0.4678783118724823,0.5397939682006836,0.15044693648815155,-0.16909822821617126,-0.005620263516902924,6.3473076820373535,-0.00018869340419769287,0.002327948808670044,0.012173394672572613,0.0412432961165905,0.0065019079484045506,-0.088184654712677,678.9193115234375,97.83219909667969,0.5,0.0,0.0,0.6840770840644836,0.0,0.8085941672325134,0.9243127703666687,0.0,0.0,0.0,0.0,119.1038818359375,0.0
0.52,1.100000023841858,0.5877853734854862,0.8090169063230556,1.0,0.0,1.0,1.0,0.0712362602353096,0.02267153561115265,0.6127617359161377,-0.009665966033935547,-0.020723342895507812,-0.2920107841491699,0.19205504655838013,0.08120594918727875,0.0065599768422544,-0.2604875862598419,0.0989852026104927,0.627789318561554,0.017305826768279076,-0.1430366188287735,1.8060128688812256,0.41313642263412476,-0.2988855242729187,0.046862661838531494,-0.1557701677083969,-0.13733702898025513,0.8471900224685669,0.4101976156234741,-0.26106664538383484,-0.026289068162441254,0.4000000059604645,0.05000000074505806,-0.3100000023841858,0.49000000953674316,-0.20999999344348907,0.0,-0.5469464063644409,-0.07938928157091141,0.37465640902519226,0.6957249641418457,-0.3040456771850586,0.0,-0.08807100355625153,-0.5254061818122864,-0.5649840831756592,0.5291613936424255,-0.390674352645874,-0.532420814037323,0.6090896725654602,0.0981195867061615,-1.06404447555542,-0.30708444118499756,-1.8951382637023926,0.08080047369003296,-5.5305659770965576e-05,0.0020554587244987488,-0.005776712205260992,-0.017726317048072815,-0.0025471874978393316,-0.017012957483530045,231.50933837890625,327.5011901855469,0.5,0.0,0.0,0.6937490701675415,0.0,0.816401481628418,0.4546447992324829,0.0,0.0,0.0,0.0,68.80760192871094,0.0
0.53,1.1111111640930176,0.6427878646989729,0.7660442291380669,1.0,0.0,1.0,1.0,0.07210219651460648,0.022871777415275574,0.6126596331596375,-0.0049228668212890625,-0.021619796752929688,-0.28641271591186523,0.1996806263923645,0.06087092310190201,-0.017474347725510597,0.04235118255019188,0.6561731696128845,0.5515150427818298,0.0258924700319767,-0.14579036831855774,1.7942110300064087,0.41822782158851624,-0.30116161704063416,0.04610172286629677,-0.16615097224712372,-0.1404518038034439,0.8541367650032043,0.42011529207229614,-0.22838561236858368,0.03502609580755234,0.4000000059604645,0.05000000074505806,-0.3100000023841858,0.49000000953674316,-0.20999999344348907,0.0,-0.5606970191001892,-0.08213940262794495,0.38070666790008545,0.7149758338928223,-0.3128460645675659,0.0,1.1506261825561523,-0.059284746646881104,-1.2165822982788086,0.483875572681427,0.11383730173110962,-1.4036660194396973,-1.6692545413970947,-0.32961392402648926,0.5682269930839539,1.5916600227355957,-1.3881715536117554,2.7621893882751465,4.1835010051727295e-05,0.002674497663974762,-0.009757081046700478,0.00723960530012846,0.004154980182647705,-0.04177233576774597,240.22784423828125,98.94620513916016,0.5,0.0,0.0,0.7057580947875977,0.0,0.8287854790687561,0.5442548394203186,0.0,0.0,0.0,0.0,106.91409301757812,0.0
0.54,1.1222223043441772,0.6946587416292218,0.7193394419035468,1.0,0.0,1.0,1.0,0.073333241045475,0.023315392434597015,0.6126527786254883,-0.0006346702575683594,-0.021216869354248047,-0.2799081802368164,0.213015615940094,0.07293187081813812,0.018271854147315025,0.0024580424651503563,0.3223654627799988,0.6328248977661133,0.03331058844923973,-0.14474722743034363,1.7822765111923218,0.42047131061553955,-0.30333036184310913,0.04010452702641487,-0.16067755222320557,-0.13431783020496368,0.8435067534446716,0.40312162041664124,-0.24629926681518555,-0.03643655404448509,0.4000000059604645,0.05000000074505806,-0.3100000023841858,0.49000000953674316,-0.20999999344348907,0.0,-0.5736647248268127,-0.08473294228315353,0.38641247153282166,0.7331305742263794,-0.3211454153060913,0.0,0.507895290851593,0.14386825263500214,-1.2437059879302979,0.0895812064409256,-0.5927902460098267,-1.2119128704071045,0.5942953824996948,0.561004102230072,-1.0295981168746948,-1.3895879983901978,2.834395408630371,-2.4148366451263428,0.0002806223928928375,0.001700185239315033,-0.02438979409635067,0.026181543245911598,0.0020599483978003263,0.0479205921292305,233.5832977294922,323.5725402832031,0.5,0.0,0.0,0.7214596271514893,0.0,0.8391563892364502,0.4489091634750366,0.0,0.0,0.0,0.0,185.25607299804688,0.0
0.55,1.133333444595337,0.7431452932528939,0.6691300868411691,1.0,0.0,1.0,1.0,0.07448912411928177,0.023588910698890686,0.6127291917800903,0.003304183715954423,-0.020838260650634766,-0.27586984634399414,0.19945402443408966,0.04099762812256813,0.012787948362529278,0.09628719091415405,0.35157421231269836,0.3308461308479309,0.03779737651348114,-0.1472480744123459,1.7755976915359497,0.42732441425323486,-0.29990851879119873,0.037343863397836685,-0.1739957183599472,-0.14325393736362457,0.855334997177124,0.42507630586624146,-0.22414222359657288,-0.0006170414271764457,0.4000000059604645,0.05000000074505806,-0.3100000023841858,0.49000000953674316,-0.20999999344348907,0.0,-0.5857863426208496,-0.08715726435184479,0.39174598455429077,0.75010085105896,-0.3289032578468323,0.0,-0.07857918739318848,-0.16892829537391663,-0.2508508265018463,0.8047449588775635,-0.11760329455137253,-3.605851173400879,-1.7205510139465332,-1.164353609085083,0.7131447792053223,3.0899770259857178,-0.03298606723546982,-0.5421776175498962,0.0007844418287277222,0.0029528066515922546,-0.05119922757148743,0.014900057576596737,0.008089320734143257,0.012030954472720623,236.0211181640625,185.3070068359375,0.5,0.0,0.0,0.7395220994949341,0.0,0.8319213390350342,0.8033873438835144,0.0,0.0,0.0,0.0,73.01085662841797,0.0
0.56,1.144444465637207,0.7880108355869994,0.6156613703956739,1.0,0.0,1.0,1.0,0.0758366510272026,0.024056166410446167,0.613181471824646,0.0072548361495137215,-0.01989889144897461,-0.2725701332092285,0.2244301587343216,0.06562458723783493,0.08233922719955444,0.02795218676328659,0.4489181935787201,0.2684033215045929,0.0402061864733696,-0.14485707879066467,1.769955039024353,0.42976340651512146,-0.3119916319847107,0.007653592620044947,-0.17701144516468048,-0.14244480431079865,0.858329713344574,0.4215267300605774,-0.2776089608669281,-0.030386339873075485,0.4000000059604645,0.05000000074505806,-0.3100000023841858,0.49000000953674316,-0.20999999344348907,0.0,-0.5970027446746826,-0.08940054476261139,0.39668118953704834,0.7658038139343262,-0.33608174324035645,0.0,0.4418559968471527,0.1497809886932373,-0.7427972555160522,0.09568776935338974,-0.232945516705513,-2.036834955215454,-0.32806989550590515,0.17731881141662598,-0.010373301804065704,0.012234635651111603,-2.4520411491394043,-1.6452264785766602,0.0015466958284378052,0.0030472204089164734,-0.030332915484905243,0.06113880127668381,0.009327840059995651,-0.011366255581378937,314.04986572265625,207.1609649658203,0.5,0.0,0.0,0.751945972442627,0.0,0.8517257571220398,0.8658179044723511,0.0,0.0,0.0,0.0,192.23690795898438,0.0
0.5700000000000001,1.1555556058883667,0.8290377493999679,0.5591926412872723,1.0,0.0,1.0,1.0,0.07754185050725937,0.024574127048254013,0.6137912273406982,0.00988201517611742,-0.018249988555908203,-0.27358436584472656,0.21134363114833832,0.04716581478714943,0.0659036859869957,0.2750912606716156,0.15523572266101837,-0.2984555661678314,0.026957422494888306,-0.1420571208000183,1.803978443145752,0.4322688579559326,-0.28221115469932556,0.02830033376812935,-0.18572081625461578,-0.14842458069324493,0.8709273934364319,0.43834376335144043,-0.23374006152153015,-0.0564132034778595,0.4000000059604645,0.05000000074505806,-0.3100000023841858,0.49000000953674316,-0.20999999344348907,0.0,-0.6072594523429871,-0.09145189076662064,0.40119415521621704,0.7801632285118103,-0.3426460325717926,0.0,-1.9025955200195312,0.39475443959236145,3.3204526901245117,0.3424011468887329,1.8090118169784546,-1.687862753868103,-1.3185105323791504,-0.6889566779136658,1.1187992095947266,2.4173567295074463,1.9830671548843384,1.0496220588684082,0.0024302788078784943,0.004421096295118332,-0.18828511238098145,0.054163333028554916,0.02078288421034813,0.00545255932956934,195.9992218017578,205.5648956298828,0.5,0.0,0.0,0.7665359973907471,0.0,0.8427422046661377,0.8368157148361206,0.0,0.0,0.0,0.0,189.21719360351562,0.0
0.58,1.1666667461395264,0.8660256534556828,0.49999956755647046,1.0,0.0,1.0,1.0,0.07912442088127136,0.024822469800710678,0.6145528554916382,0.012908761389553547,-0.017600536346435547,-0.2740812301635742,0.23360274732112885,0.050809163600206375,0.09275909513235092,-0.1258951723575592,0.3743506371974945,0.06114421784877777,0.024872522801160812,-0.13758538663387299,1.8019343614578247,0.4308308959007263,-0.2992217540740967,-0.023979907855391502,-0.1872260570526123,-0.1564779281616211,0.8931373953819275,0.446530282497406,-0.30664682388305664,-0.08668427914381027,0.4000000059604645,0.05000000074505806,-0.3100000023841858,0.49000000953674316,-0.20999999344348907,0.0,-0.6165064573287964,-0.09330129623413086,0.40526285767555237,0.7931090593338013,-0.34856414794921875,0.0,0.04626897722482681,0.37669074535369873,-0.08174356818199158,-0.6644788384437561,-0.5043538808822632,-3.430910348892212,0.2302321344614029,-0.9395121932029724,2.1689915657043457,0.8547794222831726,-7.068813800811768,-0.5283031463623047,0.003215111792087555,0.005544044077396393,-0.048581115901470184,0.08904195576906204,-0.007171260192990303,0.1309034377336502,231.0241241455078,197.21499633789062,0.5,0.0,0.0,0.7605429887771606,0.0,0.8632092475891113,0.9925506711006165,0.0,0.0,0.0,0.0,275.260498046875,0.0
0.59,1.1777777671813965,0.8987940171128403,0.43837120662990975,1.0,0.0,1.0,1.0,0.08093883097171783,0.024972081184387207,0.6153991222381592,0.015339941717684269,-0.01690530776977539,-0.27750205993652344,0.23442716896533966,0.040165189653635025,0.08771736174821854,0.2493865042924881,0.21286138892173767,-0.5252976417541504,0.00740199675783515,-0.13511903584003448,1.8428651094436646,0.4325139820575714,-0.2760850191116333,-0.010741034522652626,-0.1900716871023178,-0.16423697769641876,0.9149219393730164,0.4561117887496948,-0.24457931518554688,-0.11887946724891663,0.4000000059604645,0.05000000074505806,-0.3100000023841858,0.49000000953674316,-0.20999999344348907,0.0,-0.6246985197067261,-0.0949397087097168,0.40886735916137695,0.8045779466629028,-0.3538070321083069,0.0,-2.1493077278137207,0.33143025636672974,4.519833564758301,0.3354800343513489,2.994776487350464,0.22520321607589722,-0.7226003408432007,-0.32321465015411377,1.3358707427978516,1.328559398651123,2.104933738708496,0.9468899369239807,0.004120521247386932,0.0068298690021038055,-0.18955650925636292,0.036660175770521164,0.03559724614024162,-0.02359725348651409,241.70907592773438,129.30679321289062,0.5,0.0,0.0,0.7567354440689087,0.0,0.8656415939331055,0.5758689045906067,0.0,0.0,0.0,0.0,210.26734924316406,0.0
0.6,1.1888890266418457,0.9271841787986937,0.3746057909127832,1.0,0.0,1.0,1.0,0.08274295926094055,0.025374915450811386,0.6163127422332764,0.01853969879448414,-0.015697479248046875,-0.2788820266723633,0.2510582208633423,0.06342292577028275,0.10676940530538559,-0.026643823832273483,0.3819172978401184,-0.002581823617219925,0.0046212333254516125,-0.1289845108985901,1.8422986268997192,0.4302815794944763,-0.2952579855918884,-0.06597805768251419,-0.18680258095264435,-0.15947292745113373,0.9190184473991394,0.44869258999824524,-0.3088598847389221,-0.11531813442707062,0.4000000059604645,0.05000000074505806,-0.3100000023841858,0.49000000953674316,-0.20999999344348907,0.0,-0.6317960619926453,-0.09635921567678452,0.41199028491973877,0.8145145177841187,-0.358349472284317,0.0,0.06564027816057205,0.6048556566238403,-0.033496204763650894,-0.6835517287254333,-0.9922157526016235,-3.221890449523926,0.3049103617668152,0.5799288749694824,-0.07762673497200012,-0.9753941893577576,-0.6219770908355713,0.5254438519477844,0.005150187760591507,0.007240332663059235,-0.039509691298007965,-0.02090314030647278,-0.019566504284739494,-0.012256966903805733,180.01324462890625,199.62921142578125,0.5,0.0,0.0,0.7527297735214233,0.0,0.8763507008552551,0.9999866485595703,0.0,0.0,0.0,0.0,149.23196411132812,0.0
0.61,1.2000000476837158,0.95105660887834,0.30901670943305387,1.0,0.0,1.0,1.0,0.0846545472741127,0.025166675448417664,0.6169160604476929,0.020614517852663994,-0.015885353088378906,-0.28118038177490234,0.2382412999868393,0.025240551680326462,0.0467037558555603,0.026412250474095345,0.06725496053695679,-0.28002119064331055,-0.005450656171888113,-0.1283017098903656,1.8719388246536255,0.42963579297065735,-0.25976359844207764,-0.004944655112922192,-0.18879054486751556,-0.1708565503358841,0.9415209293365479,0.4714493155479431,-0.21180476248264313,-0.11548112332820892,0.4000000059604645,0.05000000074505806,-0.3100000023841858,0.49000000953674316,-0.20999999344348907,0.0,-0.6377642154693604,-0.0975528359413147,0.4146162271499634,0.8228698968887329,-0.362169086933136,0.0,-1.2438920736312866,-0.13073548674583435,1.8754611015319824,0.34357360005378723,0.9543616771697998,0.8225768208503723,-0.21552300453186035,-1.4919012784957886,2.518486499786377,2.879974603652954,5.830745220184326,4.841604232788086,0.005545064806938171,0.009410582482814789,-0.06216271594166756,-0.24007001519203186,0.033621896058321,-0.035809289664030075,203.6747283935547,123.57428741455078,0.5,0.0,0.0,0.7330763936042786,0.0,0.8708292245864868,0.8548547029495239,0.0,0.0,0.0,0.0,230.74032592773438,0.0
0.62,1.2111111879348755,0.970295843051086,0.24192142723988433,1.0,0.0,1.0,1.0,0.08676789700984955,0.02478354424238205,0.6172546148300171,0.022253088653087616,-0.017204761505126953,-0.28133106231689453,0.26495954394340515,0.0699087530374527,0.04268188402056694,-0.27697256207466125,0.267343670129776,0.017558546736836433,-0.006275764666497707,-0.12921838462352753,1.8614295721054077,0.4268137514591217,-0.32786622643470764,-0.09548872709274292,-0.17575053870677948,-0.16467925906181335,0.936296820640564,0.44653061032295227,-0.3058607578277588,-0.15684100985527039,0.4000000059604645,0.05000000074505806,-0.3100000023841858,0.49000000953674316,-0.20999999344348907,0.0,-0.6425739526748657,-0.09851479530334473,0.4167325496673584,0.8296035528182983,-0.36524733901023865,0.0,-0.002305758185684681,-0.39901259541511536,-0.6784322261810303,-0.016600245609879494,1.7591238021850586,-2.3689920902252197,1.0218634605407715,1.0052860975265503,-0.49508363008499146,-1.6699910163879395,-7.8162055015563965,3.7918267250061035,0.005404293537139893,0.008421875536441803,0.020349884405732155,-0.04729507118463516,-0.0026275091804564,-0.05666135251522064,183.26390075683594,318.34991455078125,0.5,0.0,0.0,0.7004372477531433,0.0,0.886687695980072,0.9993835687637329,0.0,0.0,0.0,0.0,498.26556396484375,0.0
0.63,1.2222223281860352,0.9848078686252574,0.17364752199146954,1.0,0.0,1.0,1.0,0.08863022923469543,0.024402521550655365,0.6170746088027954,0.024555979296565056,-0.018582820892333984,-0.2832951545715332,0.24154183268547058,0.040467824786901474,-0.032853513956069946,-2.2324908059090376e-05,0.15977688133716583,-0.2086934894323349,-0.007406105753034353,-0.1247473955154419,1.8769110441207886,0.4140223562717438,-0.259375661611557,0.012367050163447857,-0.17989002168178558,-0.17420336604118347,0.9575492739677429,0.4748610556125641,-0.205769345164299,-0.10711545497179031,0.4000000059604645,0.05000000074505806,-0.3100000023841858,0.49000000953674316,-0.20999999344348907,0.0,-0.6462019681930542,-0.09924039244651794,0.4183288812637329,0.8346827626228333,-0.3675692677497864,0.0,0.2760719656944275,0.7394416332244873,1.1072590351104736,-1.331527590751648,0.6172351837158203,9.369080543518066,-0.7874925136566162,-1.2538703680038452,2.207371950149536,3.8638722896575928,4.352596282958984,8.835430145263672,0.004170648753643036,0.01050538569688797,0.023807546123862267,-0.4493468403816223,-0.007755948230624199,-0.23414582014083862,236.48414611816406,143.7001953125,0.5,0.0,0.0,0.644094705581665,0.0,0.8720778822898865,0.9165799617767334,0.0,0.0,0.0,0.0,327.31170654296875,0.0
0.64,1.2333333492279053,0.9945219058073734,0.10452836394620228,1.0,0.0,1.0,0.0,0.09068316221237183,0.023686930537223816,0.6167033314704895,0.026407936587929726,-0.02081918716430664,-0.2821536064147949,0.27599936723709106,0.03937345743179321,-0.043054815381765366,-0.3917752206325531,0.3272474706172943,0.25716543197631836,-0.004344256594777107,-0.12843745946884155,1.8535783290863037,0.41692399978637695,-0.28703418374061584,-0.052608929574489594,-0.16745184361934662,-0.1703120768070221,0.954504132270813,0.450991153717041,-0.31891930103302,0.00570543622598052,0.4000000059604645,0.05000000074505806,-0.3100000023841858,0.49000000953674316,-0.20999999344348907,0.0,-0.6486304998397827,-0.09972609579563141,0.41939741373062134,0.8380826711654663,-0.36912351846694946,0.0,0.5683414340019226,-0.8082479238510132,-1.6910209655761719,0.5776311159133911,-2.0723302364349365,-2.3555712699890137,1.550848126411438,0.1932295709848404,-0.4839654862880707,-4.0162458419799805,-10.108970642089844,10.079275131225586,0.00366833433508873,0.008955761790275574,0.09497720003128052,0.4743648171424866,-0.034548841416835785,0.8403491377830505,255.60020446777344,0.0,0.5,0.0,0.0,0.6243573427200317,0.0,0.9017183184623718,0.8761060833930969,0.0,0.0,0.0,0.0,515.985595703125,0.0
0.65,1.2444446086883545,0.9993908630339692,0.034898465356211134,1.0,0.0,1.0,1.0,0.09272930026054382,0.022977732121944427,0.6158087253570557,0.028385858982801437,-0.022037506103515625,-0.2829122543334961,0.26561975479125977,0.01751193404197693,-0.10318300873041153,0.1360108107328415,0.1034146323800087,-0.20901304483413696,-0.011220337823033333,-0.127306267619133,1.8813046216964722,0.4165612757205963,-0.29024752974510193,0.033018313348293304,-0.1629013568162918,-0.17753718793392181,0.9606868624687195,0.44947338104248047,-0.21568897366523743,-0.1080685406923294,0.4000000059604645,0.05000000074505806,-0.3100000023841858,0.49000000953674316,-0.20999999344348907,0.0,-0.6498477458953857,-0.0999695435166359,0.4199329912662506,0.8397867679595947,-0.36990252137184143,0.0,-0.9584836959838867,0.6914117336273193,1.9598205089569092,-0.360709547996521,-1.1548112630844116,0.09974843263626099,0.011754011735320091,-0.5013492703437805,1.3755773305892944,1.4988880157470703,0.8824509978294373,-0.2570457458496094,0.0026078633964061737,0.008079960942268372,-0.03789785876870155,-0.03800153732299805,-0.05538460612297058,-0.10069089382886887,208.69871520996094,150.66915893554688,0.5,0.0,0.0,0.606778621673584,0.0,0.8954029083251953,0.9163352847099304,0.0,0.0,0.0,0.0,106.30227661132812,0.0
0.66,1.2555556297302246,0.9993908107539655,-0.034899962471781065,1.0,0.0,1.0,1.0,0.09502320736646652,0.02226923778653145,0.6146027445793152,0.029815364629030228,-0.022913455963134766,-0.28199338912963867,0.2856389284133911,0.014498485252261162,-0.10686758905649185,-0.23354287445545197,0.23278401792049408,0.23458391427993774,-0.011987346224486828,-0.1273586004972458,1.8642008304595947,0.4170486330986023,-0.30676329135894775,-0.03929973393678665,-0.15065918862819672,-0.1756439507007599,0.9603400230407715,0.4253943860530853,-0.2984943091869354,-0.10077927261590958,0.4000000059604645,0.05000000074505806,-0.3100000023841858,0.49000000953674316,-0.20999999344348907,0.0,-0.6496955156326294,-0.09993909299373627,0.41986602544784546,0.8395736813545227,-0.36980509757995605,0.0,0.3577611446380615,-0.39000430703163147,-0.4546290338039398,-0.13087326288223267,0.5939810872077942,4.062857627868652,1.0741270780563354,-0.27672913670539856,0.558106541633606,-2.2436575889587402,0.40815937519073486,7.465196132659912,0.0013593435287475586,0.0054938942193984985,0.05859902501106262,0.24989232420921326,0.002775542438030243,0.5093331336975098,440.3860168457031,212.76400756835938,0.5,0.0,0.0,0.597251296043396,0.0,0.9118117094039917,0.8957810997962952,0.0,0.0,0.0,0.0,316.1638488769531,0.0
0.67,1.2666667699813843,0.9945218275138806,-0.1045291088570598,1.0,0.0,1.0,1.0,0.09681938588619232,0.021451016888022423,0.6133539080619812,0.032872892916202545,-0.023252010345458984,-0.2813587188720703,0.27326053380966187,-0.027450334280729294,-0.09682393074035645,0.16146551072597504,0.3179927170276642,0.027140624821186066,-0.01011120155453682,-0.12810570001602173,1.8653502464294434,0.4163927435874939,-0.3030378818511963,-0.005502611398696899,-0.15564465522766113,-0.19299887120723724,0.9861884117126465,0.4496910274028778,-0.21888405084609985,-0.07447007298469543,0.4000000059604645,0.05000000074505806,-0.3100000023841858,0.49000000953674316,-0.20999999344348907,0.0,-0.6472684144973755,-0.09945368021726608,0.4187980890274048,0.836175799369812,-0.3682517409324646,0.0,-0.1232745423913002,0.2775144577026367,0.04018716514110565,0.0068658944219350815,-0.7565361857414246,-1.5319758653640747,-1.1970090866088867,-1.6577166318893433,2.351569890975952,3.3980298042297363,1.9039984941482544,5.535441875457764,-5.362182855606079e-05,0.0056903548538684845,-0.021625323221087456,-0.013238484039902687,-0.009617066010832787,0.00582729559391737,429.42254638671875,172.0314178466797,0.5,0.0,0.0,0.5791531801223755,0.0,0.9009292125701904,0.9985278248786926,0.0,0.0,0.0,0.0,156.11990356445312,0.0
0.68,1.277777910232544,0.9848076084952826,-0.1736489972611482,1.0,0.0,1.0,1.0,0.09921378642320633,0.021039728075265884,0.6127058267593384,0.03493232652544975,-0.021632671356201172,-0.27779579162597656,0.3030543327331543,0.0028530487325042486,-0.017936410382390022,0.10669529438018799,0.20515799522399902,0.5153183937072754,-0.014492296613752842,-0.1302572637796402,1.8644884824752808,0.4246275722980499,-0.3068425953388214,-0.014997739344835281,-0.1474340856075287,-0.18560095131397247,0.9792872667312622,0.43263712525367737,-0.2944079041481018,-0.09796170890331268,0.4000000059604645,0.05000000074505806,-0.3100000023841858,0.49000000953674316,-0.20999999344348907,0.0,-0.6424614787101746,-0.09849229454994202,0.41668304800987244,0.8294460773468018,-0.36517533659935,0.0,-0.5371922850608826,-0.37673789262771606,0.000383179634809494,1.0024609565734863,0.03523523360490799,-1.4206420183181763,0.8113214373588562,1.450170874595642,-0.7674644589424133,-1.263513445854187,-6.652796745300293,4.995954990386963,-3.6872923374176025e-05,0.003935620188713074,-0.011120731011033058,-0.034815654158592224,0.00907898135483265,-0.11021987348794937,322.6090087890625,342.8434143066406,0.5,0.0,0.0,0.5999515652656555,0.0,0.9253423810005188,0.5879542231559753,0.0,0.0,0.0,0.0,375.4820861816406,0.0
0.6900000000000001,1.288888931274414,0.9702956618482642,-0.24192215400504177,1.0,0.0,1.0,1.0,0.10177257657051086,0.02094876579940319,0.6124773025512695,0.03645142912864685,-0.018239974975585938,-0.2750864028930664,0.2758095860481262,-0.034837689250707626,0.010966790840029716,0.4681999981403351,0.02473207749426365,0.14247004687786102,-0.017087846994400024,-0.12400878965854645,1.8647173643112183,0.42172619700431824,-0.30384936928749084,-0.011617222800850868,-0.14865675568580627,-0.1870645135641098,0.9972682595252991,0.45528459548950195,-0.2316187024116516,-0.04046151787042618,0.4000000059604645,0.05000000074505806,-0.3100000023841858,0.49000000953674316,-0.20999999344348907,0.0,-0.6353683471679688,-0.09707367420196533,0.4135620892047882,0.8195157051086426,-0.36063575744628906,0.0,-0.41836345195770264,1.0231887102127075,0.056309714913368225,-0.750436544418335,0.855064868927002,0.23633766174316406,-0.28094783425331116,-0.4137554168701172,1.3052455186843872,2.5694591999053955,0.43941688537597656,3.1093029975891113,6.864592432975769e-05,0.00493897870182991,0.009632982313632965,-0.061317574232816696,0.013341032899916172,-0.12609779834747314,406.4635314941406,155.50656127929688,0.5,0.0,0.0,0.6143063902854919,0.0,0.9021720886230469,0.9602175951004028,0.0,0.0,0.0,0.0,104.28469848632812,0.0
0.7000000000000001,1.3000000715255737,0.9510563774202142,-0.3090174217877356,1.0,0.0,1.0,1.0,0.10463106632232666,0.020441604778170586,0.6124591827392578,0.036891695111989975,-0.01565265655517578,-0.27148914337158203,0.30677759647369385,-0.03865392133593559,0.007926668040454388,0.1017981469631195,0.1600584238767624,0.47695329785346985,-0.02663729526102543,-0.12991608679294586,1.8581184148788452,0.43886318802833557,-0.3148806691169739,-0.05500549077987671,-0.1361173391342163,-0.17991459369659424,1.0000436305999756,0.4320191740989685,-0.3072889745235443,-0.02538125403225422,0.4000000059604645,0.05000000074505806,-0.3100000023841858,0.49000000953674316,-0.20999999344348907,0.0,-0.6261270642280579,-0.09522540867328644,0.40949589014053345,0.8065778613090515,-0.3547213077545166,0.0,-0.8356998562812805,-1.1104552745819092,-0.287345290184021,2.2745275497436523,-1.243849277496338,-3.415731430053711,1.0315009355545044,0.302993506193161,0.5762901306152344,-1.8318562507629395,0.6133803129196167,4.108201026916504,0.0014000460505485535,0.0031677410006523132,0.019068695604801178,0.24022109806537628,-0.011363772675395012,0.2747586667537689,267.6582946777344,186.18377685546875,0.5,0.0,0.0,0.6741346716880798,0.0,0.925280749797821,0.6344677209854126,0.0,0.0,0.0,0.0,294.7575988769531,0.0
0.71,1.3111112117767334,0.9271836176276476,-0.3746071798603281,1.0,0.0,1.0,1.0,0.1072968989610672,0.02018655091524124,0.6122918128967285,0.03827272728085518,-0.011839866638183594,-0.2686276435852051,0.2923676073551178,-0.04992660507559776,0.006579275242984295,0.515038013458252,0.060501839965581894,0.11560023576021194,-0.031347326934337616,-0.12430121749639511,1.8658891916275024,0.43569424748420715,-0.2904532551765442,-0.02203977108001709,-0.13634373247623444,-0.18462173640727997,1.0056276321411133,0.44496551156044006,-0.24826264381408691,-0.0861632451415062,0.4000000059604645,0.05000000074505806,-0.3100000023841858,0.49000000953674316,-0.20999999344348907,0.0,-0.6149173378944397,-0.09298346936702728,0.4045636057853699,0.790884256362915,-0.3475470542907715,0.0,-0.6051510572433472,1.1078431606292725,0.370071142911911,-0.7910669445991516,1.7231417894363403,-0.018944978713989258,-0.5681999921798706,-0.4429630637168884,0.05111462250351906,2.404247999191284,0.2563638985157013,0.35533618927001953,0.00151805579662323,0.0033700838685035706,-0.040980733931064606,0.030333608388900757,0.007054263260215521,0.005455209873616695,235.74118041992188,268.4703063964844,0.5,0.0,0.0,0.6872090101242065,0.0,0.9128280878067017,0.9736271500587463,0.0,0.0,0.0,0.0,130.58636474609375,0.0
0.72,1.322222352027893,0.898793688766393,-0.43837187983913856,1.0,0.0,1.0,1.0,0.11039695143699646,0.019559895619750023,0.6119747161865234,0.03777121379971504,-0.009493350982666016,-0.26622915267944336,0.306883305311203,-0.02992059290409088,-0.03351866081357002,0.010707112029194832,-0.07076803594827652,0.2898702323436737,-0.0400555320084095,-0.12190702557563782,1.8641899824142456,0.43801388144493103,-0.3318954408168793,-0.01895618624985218,-0.12658526003360748,-0.18096984922885895,1.0009359121322632,0.430799663066864,-0.28054192662239075,-0.027848821133375168,0.4000000059604645,0.05000000074505806,-0.3100000023841858,0.49000000953674316,-0.20999999344348907,0.0,-0.6019575595855713,-0.09039151668548584,0.3988613188266754,0.7727406024932861,-0.3392528295516968,0.0,-1.0553770065307617,-0.25639501214027405,0.17780977487564087,0.4165707230567932,-0.10341155529022217,-1.465885043144226,1.2625712156295776,0.043342165648937225,-0.43141981959342957,-0.8780105710029602,1.0150882005691528,-0.08458858728408813,0.0017372369766235352,0.001948859542608261,-0.007667686324566603,0.08383379131555557,0.0006019499851390719,0.14733785390853882,107.463134765625,186.95913696289062,0.5,0.0,0.0,0.7177650928497314,0.0,0.9264653325080872,0.8453119993209839,0.0,0.0,0.0,0.0,90.73218536376953,0.0
0.73,1.3333334922790527,0.8660249044413022,-0.5000008648866852,1.0,0.0,1.0,1.0,0.11358616501092911,0.018652677536010742,0.6112626791000366,0.03694075718522072,-0.008066177368164062,-0.26625823974609375,0.31584087014198303,-0.04361932724714279,-0.05260433256626129,0.2594658434391022,-0.06920257210731506,-0.17312252521514893,-0.057592131197452545,-0.12001146376132965,1.8851687908172607,0.43801647424697876,-0.2953522503376007,-0.04734419658780098,-0.11782704293727875,-0.18759998679161072,1.0091686248779297,0.4419698119163513,-0.2656908333301544,-0.09568672627210617,0.4000000059604645,0.05000000074505806,-0.3100000023841858,0.49000000953674316,-0.20999999344348907,0.0,-0.587499737739563,-0.0874999463558197,0.3924998939037323,0.7524996399879456,-0.32999980449676514,0.0,-1.6279935836791992,0.34898754954338074,2.0232954025268555,0.08599560707807541,0.7573240995407104,-0.06405609846115112,0.6487005949020386,-0.5301250219345093,-0.022160932421684265,1.6703855991363525,-2.953680992126465,-3.7430644035339355,0.001187741756439209,0.00198490172624588,-0.04226129129528999,-0.056236155331134796,0.007523675914853811,0.04114240035414696,249.94155883789062,206.9393310546875,0.5,0.0,0.0,0.7310299873352051,0.0,0.9308711290359497,0.9418184161186218,0.0,0.0,0.0,0.0,206.26663208007812,0.0
0.74,1.3444445133209229,0.8290373305565868,-0.559193262248043,1.0,0.0,1.0,1.0,0.11666904389858246,0.017643054947257042,0.6105325222015381,0.03688015416264534,-0.007683753967285156,-0.26651763916015625,0.3306956887245178,-0.015156368725001812,-0.06262548267841339,-0.13469716906547546,0.05959570035338402,0.03088287264108658,-0.06645569950342178,-0.12053228169679642,1.888145923614502,0.43867629766464233,-0.3156315088272095,-0.03812630474567413,-0.10370536148548126,-0.18590812385082245,1.014087200164795,0.43221864104270935,-0.2714391052722931,-0.08402755856513977,0.4000000059604645,0.05000000074505806,-0.3100000023841858,0.49000000953674316,-0.20999999344348907,0.0,-0.5718256235122681,-0.0843651294708252,0.38560327887535095,0.7305558919906616,-0.31996840238571167,0.0,-0.753211498260498,-0.4256114065647125,0.4971107542514801,0.16889072954654694,1.204539179801941,1.1318416595458984,1.2379206418991089,0.24503296613693237,0.45271146297454834,-1.0457897186279297,-2.6118016242980957,3.7497763633728027,0.0005336329340934753,0.0009104497730731964,0.02614540606737137,0.02283298969268799,0.014765474945306778,0.051870085299015045,125.05375671386719,227.71702575683594,0.5,0.0,0.0,0.7353585958480835,0.0,0.9438506960868835,0.9980943202972412,0.0,0.0,0.0,0.0,137.89410400390625,0.0
0.75,1.3555556535720825,0.7880103744477579,-0.6156619606266936,1.0,0.0,1.0,1.0,0.11967582255601883,0.016681933775544167,0.6103894114494324,0.036951396614313126,-0.006779193878173828,-0.2682185173034668,0.309969425201416,-0.05160433426499367,0.07146929204463959,0.33784976601600647,-0.06764643639326096,-0.28505975008010864,-0.07522796094417572,-0.11354690045118332,1.8964182138442993,0.4273013174533844,-0.29996630549430847,-0.0511920340359211,-0.10391312092542648,-0.19756971299648285,1.0198761224746704,0.45451974868774414,-0.2573525607585907,-0.08483849465847015,0.4000000059604645,0.05000000074505806,-0.3100000023841858,0.49000000953674316,-0.20999999344348907,0.0,-0.5552401542663574,-0.08104802668094635,0.37830567359924316,0.7073361873626709,-0.30935367941856384,0.0,-0.8532106876373291,1.4282379150390625,0.7796175479888916,-1.8282936811447144,1.6259169578552246,-1.6669656038284302,-0.5636115670204163,-1.342673420906067,0.44550615549087524,3.3521840572357178,1.0862927436828613,0.06584677845239639,-0.00011021643877029419,0.0021888278424739838,-0.016858406364917755,0.03420453891158104,0.019224483519792557,0.030666178092360497,262.0234680175781,203.1068878173828,0.5,0.0,0.0,0.7115383148193359,0.0,0.9253814816474915,0.8500006794929504,0.0,0.0,0.0,0.0,245.2987060546875,0.0
0.76,1.3666667938232422,0.743144290876379,-0.6691312000929592,1.0,0.0,1.0,1.0,0.12288583815097809,0.015602090395987034,0.6109082698822021,0.03683064505457878,-0.005942344665527344,-0.2700510025024414,0.347676545381546,-0.03423415869474411,0.06388358026742935,-0.05347026512026787,0.1256578415632248,-0.14362087845802307,-0.09096506237983704,-0.12208003550767899,1.900620698928833,0.44497576355934143,-0.30275335907936096,-0.09364022314548492,-0.09378711134195328,-0.19668641686439514,1.0270031690597534,0.44243961572647095,-0.28814277052879333,-0.05522501468658447,0.4000000059604645,0.05000000074505806,-0.3100000023841858,0.49000000953674316,-0.20999999344348907,0.0,-0.5380658507347107,-0.07761316746473312,0.37074896693229675,0.6832921504974365,-0.298362135887146,0.0,-1.4767680168151855,-1.5652332305908203,0.22645331919193268,2.167747974395752,2.189891815185547,-4.075026988983154,1.1565526723861694,0.3603529930114746,-0.07765788584947586,-1.2121965885162354,-0.20441435277462006,-1.334001064300537,0.0016250647604465485,0.0019271522760391235,0.019662151113152504,0.013165858574211597,0.07312097400426865,0.014410536736249924,125.01538848876953,230.11221313476562,0.5,0.0,0.0,0.7025531530380249,0.0,0.9524203538894653,0.9595854878425598,0.0,0.0,0.0,0.0,238.17034912109375,0.0
0.77,1.3777779340744019,0.6946576640377365,-0.7193404825210626,1.0,0.0,1.0,1.0,0.12603038549423218,0.015031451359391212,0.6114345788955688,0.0377662256360054,-0.0037326812744140625,-0.27258729934692383,0.34049925208091736,-0.028743557631969452,0.07469134032726288,0.33220580220222473,0.014504127204418182,-0.37777963280677795,-0.09355146437883377,-0.10981284081935883,1.907672643661499,0.42613187432289124,-0.28025689721107483,-0.06108144670724869,-0.08748453855514526,-0.19977149367332458,1.0279126167297363,0.4517815113067627,-0.2641587555408478,-0.13359913229942322,0.4000000059604645,0.05000000074505806,-0.3100000023841858,0.49000000953674316,-0.20999999344348907,0.0,-0.5206372141838074,-0.0741274431347847,0.36308038234710693,0.6588920950889587,-0.28720778226852417,0.0,-0.24473604559898376,2.172971725463867,0.484430730342865,-3.0461337566375732,1.103592872619629,-0.5894396305084229,0.32915377616882324,-0.5238266587257385,-0.09737908840179443,1.8640152215957642,-1.6634591817855835,-4.426153182983398,0.001407906413078308,0.003151722252368927,-0.0013857223093509674,-0.04179297015070915,0.0051168459467589855,0.035027120262384415,178.41860961914062,271.5213623046875,0.5,0.0,0.0,0.7327787280082703,0.0,0.9488226175308228,0.7516872882843018,0.0,0.0,0.0,0.0,285.6268005371094,0.0
0.78,1.3888890743255615,0.6427867171424603,-0.7660451920514996,1.0,0.0,1.0,1.0,0.12920193374156952,0.013528203591704369,0.6116522550582886,0.03787021338939667,-0.0048732757568359375,-0.2752494812011719,0.35273945331573486,-0.031623292714357376,0.014440109953284264,-0.3491148352622986,0.045329585671424866,-0.24349138140678406,-0.10109329223632812,-0.11934851109981537,1.900508999824524,0.44469884037971497,-0.3164525330066681,-0.01931072771549225,-0.07600712031126022,-0.201496884226799,1.0325154066085815,0.43715399503707886,-0.280258446931839,-0.040324851870536804,0.4000000059604645,0.05000000074505806,-0.3100000023841858,0.49000000953674316,-0.20999999344348907,0.0,-0.5032937526702881,-0.07065874338150024,0.35544922947883606,0.634611189365387,-0.2761079668998718,0.0,-0.9904811978340149,-2.035950183868408,-0.6072105169296265,2.528970718383789,-0.14996196329593658,2.564164638519287,1.0210564136505127,-0.4163474142551422,0.7262043952941895,-1.2966006994247437,2.248264789581299,7.737741470336914,0.0027481652796268463,0.00276125967502594,0.032815929502248764,0.07620702683925629,-0.05114192143082619,0.21834096312522888,76.15534973144531,128.42124938964844,0.5,0.0,0.0,0.681123673915863,0.0,0.9556425213813782,0.8881842494010925,0.0,0.0,0.0,0.0,381.9812927246094,0.0
0.79,1.4000000953674316,0.5877847675202865,-0.8090173465823355,1.0,0.0,1.0,1.0,0.13256767392158508,0.012344187125563622,0.6115206480026245,0.037933800369501114,-0.005031585693359375,-0.27922964096069336,0.3636242151260376,-0.023008976131677628,0.0005187037168070674,0.17109651863574982,0.04920400679111481,-0.39096397161483765,-0.11332301795482635,-0.10936232656240463,1.9110636711120605,0.4241839051246643,-0.27162158489227295,-0.08420535922050476,-0.06721712648868561,-0.20685236155986786,1.0346803665161133,0.4422777593135834,-0.2502437233924866,-0.14492633938789368,0.4000000059604645,0.05000000074505806,-0.3100000023841858,0.49000000953674316,-0.20999999344348907,0.0,-0.486372709274292,-0.0672745406627655,0.34800398349761963,0.6109218001365662,-0.26527851819992065,0.0,-0.5481851696968079,1.8756707906723022,1.184108853340149,-2.692492961883545,0.1317448914051056,-0.3296482264995575,0.9439854025840759,-0.5272253751754761,-0.384883850812912,1.2225745916366577,-2.8120570182800293,-8.35749340057373,0.0015524998307228088,0.0033731572329998016,-0.038049839437007904,-0.09605258703231812,-0.010620786808431149,0.06453318148851395,224.7744140625,183.9107666015625,0.5,0.0,0.0,0.7310447096824646,0.0,0.9624669551849365,0.7366034388542175,0.0,0.0,0.0,0.0,344.0955810546875,0.0
0.8,1.4111112356185913,0.5299186008019895,-0.8480485107138988,1.0,0.0,1.0,1.0,0.13558156788349152,0.010634739883244038,0.6109196543693542,0.03899587318301201,-0.0070781707763671875,-0.28158140182495117,0.3722267746925354,-0.03673020750284195,-0.07460623234510422,-0.4061332643032074,0.1336509734392166,-0.19506631791591644,-0.11656005680561066,-0.11478159576654434,1.8955605030059814,0.43310490250587463,-0.30573588609695435,-0.05012166127562523,-0.05324212461709976,-0.21195653080940247,1.0378323793411255,0.426017165184021,-0.26278331875801086,-0.059755921363830566,0.4000000059604645,0.05000000074505806,-0.3100000023841858,0.49000000953674316,-0.20999999344348907,0.0,-0.47020334005355835,-0.0640406683087349,0.34088945388793945,0.5882846713066101,-0.2549301087856293,0.0,-0.6736310720443726,-1.365463376045227,-1.098778486251831,1.3406397104263306,0.30523794889450073,-1.153134822845459,1.3709348440170288,-1.0796985626220703,0.47788819670677185,-1.4123551845550537,3.6252002716064453,2.2628464698791504,0.0014815442264080048,0.002414807677268982,0.0041390685364604,0.04846952110528946,-0.09700732678174973,0.476204514503479,144.96604919433594,123.98467254638672,0.5,0.0,0.0,0.6990479230880737,0.0,0.9652673006057739,0.9267219305038452,0.0,0.0,0.0,0.0,172.65306091308594,0.0
0.81,1.422222375869751,0.4694707103916907,-0.8829480460844348,1.0,0.0,1.0,1.0,0.13868321478366852,0.008998606353998184,0.6100783348083496,0.04003135487437248,-0.00854349136352539,-0.28408193588256836,0.3761453330516815,-0.04968549311161041,0.00547763891518116,0.125209242105484,0.108064666390419,-0.2341078668832779,-0.12523485720157623,-0.10697168856859207,1.9020954370498657,0.4149273931980133,-0.2884175181388855,-0.09561087936162949,-0.04417312145233154,-0.2250296175479889,1.035740852355957,0.4361855685710907,-0.24055281281471252,-0.15969690680503845,0.4000000059604645,0.05000000074505806,-0.3100000023841858,0.49000000953674316,-0.20999999344348907,0.0,-0.4551007151603699,-0.0610201433300972,0.3342443108558655,0.5671409964561462,-0.2452644407749176,0.0,-0.9223207831382751,0.26486146450042725,0.9354214668273926,-0.09038287401199341,-0.16894590854644775,-0.3518106937408447,0.6503961682319641,-0.6689925193786621,-0.31470203399658203,1.3323765993118286,-2.0936524868011475,-6.145920753479004,-0.00035656243562698364,0.0030632242560386658,0.006480042356997728,-0.0669223740696907,-0.014171282760798931,0.04367256537079811,2096.53173828125,203.17343139648438,0.5,0.0,0.0,0.6992863416671753,0.0,0.9650096297264099,0.8961809277534485,0.0,0.0,0.0,0.0,135.54290771484375,0.0
0.8200000000000001,1.433333396911621,0.4067362781379607,-0.913545620123308,1.0,0.0,1.0,1.0,0.14171740412712097,0.007385333999991417,0.610010027885437,0.041890498250722885,-0.009180545806884766,-0.2853512763977051,0.3888256847858429,-0.050927650183439255,-0.016143612563610077,-0.22857995331287384,0.26563602685928345,-0.11680358648300171,-0.1344395875930786,-0.12643270194530487,1.8956114053726196,0.44278156757354736,-0.2822728753089905,-0.09805377572774887,-0.03300606459379196,-0.22277531027793884,1.0400230884552002,0.4169541001319885,-0.2605147957801819,-0.08729910850524902,0.4000000059604645,0.05000000074505806,-0.3100000023841858,0.49000000953674316,-0.20999999344348907,0.0,-0.4413585960865021,-0.05827171728014946,0.32819777727127075,0.5479020476341248,-0.23646947741508484,0.0,-0.8205947279930115,-2.530738115310669,-0.9399709105491638,3.2311179637908936,0.4926357567310333,-0.8995581865310669,0.7811236381530762,0.13039135932922363,0.46214085817337036,-1.7246392965316772,3.4162111282348633,2.5959675312042236,0.0010003410279750824,0.0022763311862945557,0.11048979312181473,0.08384770900011063,0.060431696474552155,0.05074083432555199,59.445491790771484,163.29945373535156,0.5,0.0,0.0,0.6649842262268066,0.0,0.9705361127853394,0.9730827212333679,0.0,0.0,0.0,0.0,228.60488891601562,0.0
0.8300000000000001,1.4444446563720703,0.3420188920489531,-0.9396930762124444,1.0,0.0,1.0,1.0,0.14475075900554657,0.006481571588665247,0.6099061965942383,0.04456310346722603,-0.007541656494140625,-0.28629446029663086,0.38991132378578186,-0.054443467408418655,0.05639956519007683,0.38190922141075134,0.2197062075138092,-0.05330518260598183,-0.13094991445541382,-0.10987947136163712,1.8919020891189575,0.4144954979419708,-0.2832668721675873,-0.10260063409805298,-0.03146614506840706,-0.2295706421136856,1.0379432439804077,0.432525098323822,-0.23559226095676422,-0.17795313894748688,0.4000000059604645,0.05000000074505806,-0.3100000023841858,0.49000000953674316,-0.20999999344348907,0.0,-0.42924413084983826,-0.055848825722932816,0.32286742329597473,0.5309417843818665,-0.22871622443199158,0.0,-0.00740591436624527,2.4284417629241943,0.3067360818386078,-2.9842700958251953,-0.5331814289093018,-3.433279037475586,0.13652583956718445,-0.8860870599746704,-0.2974458634853363,2.4184727668762207,-1.8985823392868042,-7.0404582023620605,-0.00027123838663101196,0.0034702569246292114,-0.03287530317902565,-0.06695099174976349,-0.06485635787248611,0.06345632672309875,1512.4365234375,226.0053253173828,0.5,0.0,0.0,0.6937566995620728,0.0,0.9702832698822021,0.9943332076072693,0.0,0.0,0.0,0.0,307.0421447753906,0.0
0.84,1.4555556774139404,0.2756366198184286,-0.9612619069822081,1.0,0.0,1.0,1.0,0.14791825413703918,0.005072521045804024,0.6100325584411621,0.04668065160512924,-0.006924629211425781,-0.2862968444824219,0.40560996532440186,-0.06238247826695442,0.013300214894115925,-0.15565729141235352,0.1946595162153244,0.058527566492557526,-0.13995897769927979,-0.1244862824678421,1.891430139541626,0.44173935055732727,-0.29547980427742004,-0.07071536034345627,-0.022481391206383705,-0.22323137521743774,1.039854884147644,0.4141702651977539,-0.2557176351547241,-0.07734844833612442,0.4000000059604645,0.05000000074505806,-0.3100000023841858,0.49000000953674316,-0.20999999344348907,0.0,-0.41899392008781433,-0.05379877984523773,0.31835731863975525,0.516591489315033,-0.2221560925245285,0.0,-1.413114070892334,-2.8216922283172607,0.5645864009857178,4.392659664154053,-3.0070648193359375,3.3277833461761475,1.3969182968139648,0.8697881698608398,-1.2478646039962769,-2.5927529335021973,1.9445723295211792,-2.0179595947265625,0.0016038455069065094,0.0027590207755565643,0.09019812196493149,-0.0058301943354308605,0.029217764735221863,0.020346689969301224,142.50892639160156,444.2161560058594,0.5,0.0,0.0,0.6219336986541748,0.0,0.9747228622436523,0.9931724667549133,0.0,0.0,0.0,0.0,324.77178955078125,0.0
0.85,1.4666666984558105,0.20791149544540746,-0.9781476422614608,1.0,0.0,1.0,1.0,0.1513461470603943,0.004323318600654602,0.610079288482666,0.04880107566714287,-0.003964424133300781,-0.2855381965637207,0.40528616309165955,-0.04802524670958519,0.02638070657849312,0.4716499447822571,0.1514766812324524,0.13760420680046082,-0.13861694931983948,-0.10802110284566879,1.8851145505905151,0.41638535261154175,-0.28157755732536316,-0.08561298996210098,-0.014128372073173523,-0.22199732065200806,1.0341699123382568,0.4203881025314331,-0.23439742624759674,-0.1939277946949005,0.4000000059604645,0.05000000074505806,-0.3100000023841858,0.49000000953674316,-0.20999999344348907,0.0,-0.410806804895401,-0.052161358296871185,0.31475499272346497,0.5051295161247253,-0.21691633760929108,0.0,0.5484998226165771,3.2173972129821777,-0.8087877035140991,-4.5809006690979,1.2834711074829102,-2.0335683822631836,0.9781523942947388,-0.20782117545604706,-0.8275929093360901,1.3803300857543945,-3.5212197303771973,-9.744468688964844,0.0009283795952796936,0.0036646947264671326,-0.0341203548014164,-0.11460930109024048,-0.003798043355345726,0.06886543333530426,251.19639587402344,177.13389587402344,0.5,0.0,0.0,0.6471689939498901,0.0,0.9776981472969055,0.9628382325172424,0.0,0.0,0.0,0.0,456.9034729003906,0.0
0.86,1.4777779579162598,0.13917198013153623,-0.9902682262631004,1.0,0.0,1.0,1.0,0.1548604816198349,0.0028808647766709328,0.6098805665969849,0.04999501630663872,-0.002955913543701172,-0.2855558395385742,0.41120555996894836,-0.06505682319402695,-0.014363685622811317,-0.0779452994465828,0.13106311857700348,-0.03453240171074867,-0.15219752490520477,-0.11999567598104477,1.8927884101867676,0.44164490699768066,-0.2988523542881012,-0.06332716345787048,-0.00406602444127202,-0.21777331829071045,1.0407167673110962,0.4100688099861145,-0.24979840219020844,-0.08988194167613983,0.4000000059604645,0.05000000074505806,-0.3100000023841858,0.49000000953674316,-0.20999999344348907,0.0,-0.40484216809272766,-0.050968434661626816,0.31213054060935974,0.49677905440330505,-0.21309897303581238,0.0,-1.7929595708847046,-2.530931234359741,1.6379843950271606,4.600780010223389,-4.769458293914795,4.692179203033447,0.9703985452651978,0.7708413600921631,0.5277591943740845,-1.1666406393051147,-5.885087966918945,7.56783390045166,0.002547193318605423,0.0031455829739570618,0.07421813160181046,0.03958689421415329,-0.048074133694171906,-0.08582523465156555,128.4154510498047,173.2631072998047,0.5,0.0,0.0,0.566679060459137,0.0,0.9760575890541077,0.9976178407669067,0.0,0.0,0.0,0.0,554.961669921875,0.0
0.87,1.4888889789581299,0.06975590920093978,-0.9975640897363689,1.0,1.0,1.0,1.0,0.15867827832698822,0.0016645342111587524,0.6094738245010376,0.050140380859375,-0.0010347366333007812,-0.28488922119140625,0.40605276823043823,-0.056815799325704575,-0.029400251805782318,0.2677837312221527,-0.14383962750434875,0.10652823001146317,-0.1550222486257553,-0.10535652190446854,1.885784387588501,0.4124073386192322,-0.2747713029384613,-0.09712503850460052,0.0033958989661186934,-0.222927063703537,1.0296605825424194,0.4262445569038391,-0.2252957820892334,-0.18859273195266724,0.4000000059604645,0.05000000074505806,-0.3100000023841858,0.49000000953674316,-0.20999999344348907,0.0,-0.4000000059604645,-0.05000000074505806,0.3100000023841858,0.49000000953674316,-0.20999999344348907,0.0,-0.6795867681503296,2.7156434059143066,0.2740771472454071,-4.078236103057861,1.5957893133163452,-5.021787166595459,1.0457550287246704,-1.144079327583313,-1.2364047765731812,2.1016407012939453,-0.05071170628070831,-10.047211647033691,0.0010185539722442627,0.004478529095649719,-0.04499868303537369,-0.06468567997217178,-0.007065360900014639,0.11759450286626816,179.8758544921875,145.604736328125,0.5,0.0,0.0,0.5438330173492432,0.0,0.9761800169944763,0.9775590896606445,0.0,0.0,0.0,0.0,188.191162109375,0.0
0.88,1.5000001192092896,-7.490140557442546e-07,-0.9999999999997194,1.0,1.0,1.0,1.0,0.1626666784286499,-0.0006883984315209091,0.6086915731430054,0.04888853803277016,-0.0025873184204101562,-0.28568315505981445,0.4324861168861389,-0.08119215071201324,-0.06329762190580368,-0.3960992097854614,-0.10669030249118805,-0.14214779436588287,-0.1812683492898941,-0.12497919797897339,1.9100253582000732,0.44874629378318787,-0.2882898449897766,-0.07458680123090744,0.017203042283654213,-0.22395122051239014,1.039360523223877,0.41624435782432556,-0.26966604590415955,-0.08564083278179169,0.4000000059604645,0.05000000074505806,-0.3100000023841858,0.49000000953674316,-0.20999999344348907,0.0,-0.4000000059604645,-0.05000000074505806,0.3100000023841858,0.49000000953674316,-0.20999999344348907,0.0,-3.056285858154297,-3.5382392406463623,2.3805129528045654,5.233026027679443,-1.5997234582901,3.325394868850708,1.7285959720611572,0.0980110839009285,0.4293159544467926,-0.9469335079193115,-7.27348518371582,2.6167421340942383,0.0024267956614494324,0.0037387683987617493,0.06674929708242416,0.021995216608047485,0.0005394337349571288,-0.12736999988555908,118.20529174804688,461.8816223144531,0.5,0.0,0.0,0.5101927518844604,0.0,0.9779462814331055,0.9603937268257141,0.0,0.0,0.0,0.0,398.0875549316406,0.0
0.89,1.5111112594604492,-0.06975740357991274,-0.9975639852389365,1.0,1.0,1.0,1.0,0.16687090694904327,-0.0027163485065102577,0.6077098846435547,0.0472349151968956,-0.002887725830078125,-0.28684377670288086,0.4176381528377533,-0.06807464361190796,-0.08245310932397842,0.12371326237916946,-0.2667061686515808,-0.08192645013332367,-0.1917734146118164,-0.11414648592472076,1.908926248550415,0.41663676500320435,-0.2676214277744293,-0.139696404337883,0.025260720402002335,-0.23619449138641357,1.0308774709701538,0.4474787414073944,-0.22455495595932007,-0.16793785989284515,0.4000000059604645,0.05000000074505806,-0.3100000023841858,0.49000000953674316,-0.20999999344348907,0.0,-0.4000000059604645,-0.05000000074505806,0.3100000023841858,0.49000000953674316,-0.20999999344348907,0.0,-0.5448712706565857,2.244901180267334,-0.029177233576774597,-4.5052032470703125,8.031906127929688,0.5733250975608826,0.7805465459823608,-1.7540510892868042,-0.6447264552116394,4.1369948387146,0.5480375289916992,-1.9912352561950684,-0.00012398511171340942,0.005987338721752167,-0.022122712805867195,-0.36428868770599365,0.05950627848505974,-0.12728244066238403,316.7531433105469,170.35723876953125,0.5,0.0,0.0,0.4907381236553192,0.0,0.9774234890937805,0.9866657853126526,0.0,0.0,0.0,0.0,323.0530700683594,0.0
0.9,1.5222223997116089,-0.1391742053056483,-0.9902679135352922,0.0,1.0,1.0,1.0,0.17175067961215973,-0.005961342714726925,0.6065627336502075,0.04241936281323433,-0.006778240203857422,-0.2894468307495117,0.45632314682006836,-0.07636447250843048,-0.08683989197015762,-0.6577031016349792,-0.5388175845146179,-0.3633851706981659,-0.2286432683467865,-0.1343032419681549,1.9462236166000366,0.4519960284233093,-0.27637529373168945,-0.13294187188148499,0.04378490149974823,-0.23866979777812958,1.0386128425598145,0.4440470039844513,-0.28855717182159424,-0.05127899348735809,0.36520645022392273,0.04304128885269165,-0.2946908473968506,0.4412890374660492,-0.18773211538791656,0.0,-0.4000000059604645,-0.05000000074505806,0.3100000023841858,0.49000000953674316,-0.20999999344348907,0.0,-4.510593414306641,-3.3009305000305176,3.764312744140625,4.742845058441162,-0.6427466869354248,0.7305159568786621,2.033756971359253,0.32795464992523193,-0.19260595738887787,-1.3830989599227905,-7.7002081871032715,10.631853103637695,0.0006724372506141663,0.005778513848781586,0.11940623819828033,0.05827704071998596,-0.10105354338884354,-0.22464090585708618,168.79994201660156,271.2185363769531,0.5,0.0,0.0,0.41076377034187317,0.0,0.9846407771110535,0.7678986191749573,0.0,0.0,0.0,0.0,826.4735107421875,0.0
0.91,1.533333420753479,-0.20791222809168317,-0.9781474865325537,0.0,1.0,1.0,1.0,0.17704254388809204,-0.008201790042221546,0.6061711311340332,0.03791387006640434,-0.006419658660888672,-0.29424047470092773,0.4670526385307312,-0.08841395378112793,0.08325004577636719,0.5998939275741577,-0.4745456278324127,-0.5625381469726562,-0.24908560514450073,-0.11924450099468231,1.9622607231140137,0.4290669560432434,-0.2651185095310211,-0.1597311794757843,0.04843775928020477,-0.24477310478687286,1.0308291912078857,0.4766627550125122,-0.22943449020385742,-0.18225112557411194,0.34802189469337463,0.03960438072681427,-0.28712964057922363,0.41723066568374634,-0.17673400044441223,0.0,-0.4000000059604645,-0.05000000074505806,0.3100000023841858,0.49000000953674316,-0.20999999344348907,0.0,-1.2852216958999634,2.901649236679077,1.1293151378631592,-3.442178964614868,1.9338326454162598,0.11327588558197021,0.1706550419330597,-0.5607957243919373,-0.7807340621948242,4.449318885803223,-0.9285727739334106,-10.740558624267578,-0.00011603906750679016,0.008300386369228363,0.015160320326685905,0.09084191918373108,0.007009900640696287,-0.6137748956680298,343.20098876953125,183.220947265625,0.5,0.0,0.0,0.38043028116226196,0.0,0.9823524951934814,0.531050443649292,0.0,0.0,0.0,0.0,581.7486572265625,0.0
0.92,1.5444445610046387,-0.2756380598154801,-0.961261494069724,0.0,1.0,1.0,1.0,0.18278412520885468,-0.009978123009204865,0.6068570613861084,0.03357401862740517,-0.0035033226013183594,-0.29882335662841797,0.4987409710884094,-0.08172684907913208,0.08486294746398926,0.16212204098701477,-0.29682978987693787,-0.3905491232872009,-0.2776118516921997,-0.12575607001781464,1.984657883644104,0.45351988077163696,-0.2874451279640198,-0.10836387425661087,0.06665469706058502,-0.2305932193994522,1.0447063446044922,0.4440401792526245,-0.2694200575351715,-0.08313807845115662,0.33109036087989807,0.0362180694937706,-0.2796797454357147,0.39352649450302124,-0.16589781641960144,0.0,-0.4000000059604645,-0.05000000074505806,0.3100000023841858,0.49000000953674316,-0.20999999344348907,0.0,-2.7535972595214844,-1.5362305641174316,2.1147000789642334,3.932978868484497,-3.967512607574463,3.9489173889160156,1.765114188194275,1.524266242980957,1.5078492164611816,-4.292680263519287,-6.11258602142334,4.551267623901367,0.0030100569128990173,0.006267830729484558,0.22133415937423706,0.8850178122520447,-0.1342633068561554,0.24277687072753906,270.17236328125,206.13365173339844,0.5,0.0,0.0,0.44968217611312866,0.0,0.9867271184921265,0.7370811700820923,0.0,0.0,0.0,0.0,582.5376586914062,0.0
0.93,1.5555557012557983,-0.3420210035780581,-0.9396923076791988,0.0,1.0,1.0,1.0,0.18864265084266663,-0.010410572402179241,0.6078987121582031,0.030749166384339333,0.003796791657805443,-0.30303096771240234,0.4993351101875305,-0.04930483549833298,0.1483420431613922,1.057988166809082,-0.33100390434265137,-0.4358345568180084,-0.2799158990383148,-0.09073489904403687,1.9851375818252563,0.4116835296154022,-0.2738906443119049,-0.10571896284818649,0.07522288709878922,-0.21868811547756195,1.0435047149658203,0.4312399923801422,-0.23073852062225342,-0.2346579134464264,0.3144947588443756,0.032898951321840286,-0.27237769961357117,0.37029266357421875,-0.15527664124965668,0.0,-0.4000000059604645,-0.05000000074505806,0.3100000023841858,0.49000000953674316,-0.20999999344348907,0.0,0.1743478626012802,5.321933746337891,0.8119816184043884,-5.435837745666504,-1.275282859802246,-4.677619934082031,0.6641911268234253,1.0852938890457153,-0.14146173000335693,0.3233875036239624,-0.7200714945793152,-10.531698226928711,0.003761112689971924,0.005576044321060181,0.09874913096427917,0.6766292452812195,-0.2273133099079132,-0.13586604595184326,414.0698547363281,86.08795166015625,0.5,0.0,0.0,0.5011246800422668,0.0,0.9951490163803101,0.6839274168014526,0.0,0.0,0.0,0.0,1054.7216796875,0.0
0.9400000000000001,1.5666667222976685,-0.40673696239635626,-0.9135453154718625,0.0,1.0,1.0,1.0,0.1944909393787384,-0.011340496130287647,0.6089472770690918,0.027954377233982086,0.009534724056720734,-0.30551576614379883,0.5239813327789307,-0.06931494176387787,0.11386843770742416,0.28244858980178833,-0.24280737340450287,-0.07849481701850891,-0.29943564534187317,-0.09616687893867493,1.986510157585144,0.44569024443626404,-0.31776443123817444,-0.05305597186088562,0.08825116604566574,-0.1961667835712433,1.035226821899414,0.3830123841762543,-0.2536463737487793,-0.1278454214334488,0.29831573367118835,0.029663143679499626,-0.26525890827178955,0.3476420044898987,-0.14492204785346985,0.0,-0.4000000059604645,-0.05000000074505806,0.3100000023841858,0.49000000953674316,-0.20999999344348907,0.0,-2.484426498413086,-2.469741106033325,0.09509880095720291,5.242691516876221,-4.825540542602539,7.517644882202148,1.8380277156829834,1.4497359991073608,-2.180377244949341,-2.8299925327301025,1.050764799118042,-4.655818939208984,0.008411511778831482,0.0027540139853954315,0.1561722755432129,0.34474921226501465,0.021745897829532623,0.03155960887670517,123.12432098388672,698.328369140625,0.5,0.0,0.0,0.618691086769104,0.0,0.9892983436584473,0.9877527356147766,0.0,0.0,0.0,0.0,894.95654296875,0.0
0.9500000000000001,1.5777779817581177,-0.46947269441199835,-0.8829469911617222,0.0,1.0,0.0,1.0,0.2000318169593811,-0.01234061736613512,0.6097962260246277,0.026904085651040077,0.01465361937880516,-0.30721330642700195,0.5331763625144958,-0.056385379284620285,0.08241874724626541,0.5570402145385742,-0.03474323824048042,-0.17513559758663177,-0.3013893663883209,-0.08462569862604141,1.983964443206787,0.41367462277412415,-0.2306971549987793,-0.05423325300216675,0.10058785229921341,-0.1945258229970932,1.0203945636749268,0.38763564825057983,-0.21846702694892883,-0.21527747809886932,0.28263166546821594,0.026526331901550293,-0.2583579421043396,0.3256843388080597,-0.13488426804542542,0.0,-0.4000000059604645,-0.05000000074505806,0.3100000023841858,0.49000000953674316,-0.20999999344348907,0.0,0.3938789963722229,1.8200269937515259,-0.13316144049167633,-4.295645713806152,6.634739875793457,-0.16680997610092163,1.1248161792755127,-0.17217791080474854,-1.0593668222427368,1.270302653312683,0.6199373006820679,-5.5814714431762695,0.00810302048921585,0.004425115883350372,0.4227111339569092,-0.029231201857328415,0.5084763169288635,0.06777741760015488,0.0,191.46388244628906,0.5,0.0,0.0,0.5856996178627014,0.0,0.9914765357971191,0.9404987692832947,0.0,0.0,0.0,0.0,97.66682434082031,0.0
0.96,1.5888890027999878,-0.5299198712019053,-0.8480477168799855,0.0,1.0,1.0,1.0,0.20509865880012512,-0.015165630728006363,0.6099498271942139,0.025779198855161667,0.013269126415252686,-0.30816078186035156,0.5454463958740234,-0.08547431975603104,0.01837039180099964,-0.5405632257461548,-0.18360893428325653,0.05325216427445412,-0.3255902826786041,-0.11244198679924011,1.9941874742507935,0.4589705765247345,-0.15316444635391235,-0.17558185756206512,0.1085127741098404,-0.19834700226783752,1.024035096168518,0.39367347955703735,-0.26304230093955994,-0.08151457458734512,0.26752007007598877,0.02350400947034359,-0.25170883536338806,0.3045280873775482,-0.12521281838417053,0.0,-0.4000000059604645,-0.05000000074505806,0.3100000023841858,0.49000000953674316,-0.20999999344348907,0.0,-2.8969690799713135,-3.686570167541504,0.993198812007904,5.5608296394348145,4.502408504486084,-10.254345893859863,0.8952370882034302,-0.3842085897922516,-0.06305602192878723,0.11438443511724472,-6.170759677886963,11.561657905578613,0.010807044804096222,0.005696393549442291,0.6076506972312927,0.09175147116184235,-0.4062131941318512,-0.21037107706069946,64.09051513671875,358.25933837890625,0.5,0.0,0.0,0.5614588260650635,0.0,0.9814320802688599,0.9943444728851318,0.0,0.0,0.0,0.0,1218.8194580078125,0.0
0.97,1.6000001430511475,-0.5877859794503564,-0.8090164660633214,0.0,1.0,1.0,1.0,0.21027490496635437,-0.018885668367147446,0.6099706888198853,0.02363438531756401,0.009261502884328365,-0.3090825080871582,0.5541448593139648,-0.100156769156456,0.011738256551325321,-0.2948338985443115,-0.2432692050933838,-0.1285790503025055,-0.34603404998779297,-0.12038678675889969,2.027150869369507,0.4761941730976105,-0.18140357732772827,-0.31400540471076965,0.10714102536439896,-0.21988585591316223,1.0131179094314575,0.4261495769023895,-0.2564900815486908,-0.05062609538435936,0.2530534267425537,0.020610688254237175,-0.24534350633621216,0.2842748165130615,-0.1159541979432106,0.0,-0.4000000059604645,-0.05000000074505806,0.3100000023841858,0.49000000953674316,-0.20999999344348907,0.0,-1.4427903890609741,0.10873027890920639,3.244072914123535,0.8762953281402588,-4.021488666534424,-11.699372291564941,-0.32699280977249146,-2.222475290298462,-0.5320888757705688,3.715482473373413,-0.9311974048614502,5.93834114074707,0.011576510965824127,0.009015943855047226,0.8022722601890564,0.08587894588708878,-0.5695763826370239,-0.1035207062959671,56.14883041381836,355.2459716796875,0.5,0.0,0.0,0.5033292174339294,0.0,0.9744070768356323,0.9674755334854126,0.0,0.0,0.0,0.0,1016.1632690429688,0.0
0.98,1.6111112833023071,-0.6427884384766878,-0.7660437476807063,0.0,1.0,1.0,1.0,0.21523679792881012,-0.023481670767068863,0.6099826693534851,0.021699348464608192,0.0023445740807801485,-0.3114957809448242,0.5729321241378784,-0.11524218320846558,0.026993539184331894,-0.9850465655326843,-0.14222966134548187,-0.2714572548866272,-0.3684452176094055,-0.13011731207370758,2.098647117614746,0.4927363097667694,-0.15516270697116852,-0.1826387345790863,0.1029549390077591,-0.24736090004444122,1.0154141187667847,0.46273520588874817,-0.2783404290676117,0.04478161409497261,0.23930275440216064,0.017860550433397293,-0.23929321765899658,0.2650238573551178,-0.1071537584066391,0.0,-0.4000000059604645,-0.05000000074505806,0.3100000023841858,0.49000000953674316,-0.20999999344348907,0.0,-2.5778393745422363,-1.5685700178146362,7.458195209503174,1.7217354774475098,0.9909393191337585,10.211738586425781,-0.5633923411369324,-3.5552964210510254,0.2965872883796692,3.8741207122802734,0.5958939790725708,9.038567543029785,0.010945700109004974,0.012748070061206818,0.6976965665817261,0.06707095354795456,-0.506525993347168,-0.04235607013106346,58.53740310668945,483.2235107421875,0.5,0.0,0.0,0.46265479922294617,0.0,0.9634836912155151,0.8629676103591919,0.0,0.0,0.0,0.0,974.35205078125,0.0
0.99,1.6222224235534668,-0.69465928042438,-0.7193389215941834,0.0,1.0,0.0,1.0,0.2195037603378296,-0.028545720502734184,0.6097702980041504,0.021765995770692825,-0.006758689880371094,-0.3159346580505371,0.5645753741264343,-0.12063565850257874,-0.048741891980171204,-0.8923643231391907,0.04392940178513527,-0.541994571685791,-0.37708914279937744,-0.12774614989757538,2.162998914718628,0.47520777583122253,-0.26627954840660095,-0.08075282722711563,0.08159850537776947,-0.2985452115535736,1.0203598737716675,0.5362051129341125,-0.23991668224334717,0.0992170199751854,0.22633516788482666,0.015267033129930496,-0.23358747363090515,0.24686923623085022,-0.09885449707508087,0.0,-0.4000000059604645,-0.05000000074505806,0.3100000023841858,0.49000000953674316,-0.20999999344348907,0.0,-0.5290089845657349,0.7697229981422424,6.363282203674316,-2.7291340827941895,-10.0869722366333,9.70922565460205,-2.5925707817077637,-5.669309139251709,0.33746403455734253,7.941796779632568,4.5253801345825195,5.141295909881592,0.007640067487955093,0.019122034311294556,0.4793933033943176,0.1782296895980835,-0.07408250868320465,0.005376867018640041,0.0,127.91997528076172,0.5,0.0,0.0,0.38917598128318787,0.0,0.9632465839385986,0.5557058453559875,0.0,0.0,0.0,0.0,366.7530517578125,0.0
1.0,1.633333444595337,-0.7431452932528932,-0.6691300868411698,0.0,1.0,1.0,0.0,0.22446845471858978,-0.033256009221076965,0.6097922921180725,0.020821498706936836,-0.014492511749267578,-0.32038354873657227,0.6084776520729065,-0.09246376901865005,0.03421403467655182,-0.6432967782020569,-0.01573851890861988,-0.5048284530639648,-0.394897997379303,-0.12745040655136108,2.1827569007873535,0.45609378814697266,-0.25028830766677856,-0.08485516160726547,0.08567117154598236,-0.3153759837150574,1.0248115062713623,0.5167514681816101,-0.21963487565517426,-0.053556669503450394,0.21421362459659576,0.012842722237110138,-0.22825399041175842,0.2298990786075592,-0.09109671413898468,0.0,-0.4000000059604645,-0.05000000074505806,0.3100000023841858,0.49000000953674316,-0.20999999344348907,0.0,-2.1010830402374268,-0.2069942206144333,1.951062798500061,-1.0853674411773682,2.132923126220703,-1.010993480682373,0.6422678232192993,-0.39725008606910706,1.9136884212493896,-3.7942516803741455,-1.4292042255401611,-10.378979682922363,0.006197672337293625,0.01868624985218048,-3.759851460927166e-05,1.3670727014541626,0.009669635444879532,0.04254092276096344,441.524658203125,0.0,0.5,0.0,0.0,0.37663960456848145,0.0,0.9601805806159973,0.6006736159324646,0.0,0.0,0.0,0.0,665.1292114257812,0.0
1.01,1.6444445848464966,-0.7880112967257991,-0.6156607801643084,0.0,1.0,1.0,0.0,0.2297559529542923,-0.03617631271481514,0.6104902029037476,0.02203614078462124,-0.016105175018310547,-0.3210873603820801,0.6345202326774597,-0.05983821302652359,0.10597772896289825,0.12238402664661407,0.22096343338489532,0.1260848045349121,-0.3887621760368347,-0.10961487144231796,2.175415515899658,0.4129760265350342,-0.21049489080905914,-0.09701242297887802,0.10090717673301697,-0.3030162453651428,1.0305132865905762,0.47389113903045654,-0.22578445076942444,-0.21226617693901062,0.20299707353115082,0.010599412024021149,-0.22331871092319489,0.21419590711593628,-0.08391812443733215,0.0,-0.4000000059604645,-0.05000000074505806,0.3100000023841858,0.49000000953674316,-0.20999999344348907,0.0,1.2446144819259644,2.3394222259521484,-1.3166381120681763,-4.561068534851074,2.6596827507019043,-1.0153394937515259,1.6591153144836426,2.117492198944092,0.2218349128961563,-4.7320146560668945,-1.2588719129562378,-10.366571426391602,0.005155865103006363,0.016946181654930115,-6.77907737554051e-05,0.7332174777984619,0.008900526911020279,-0.18162164092063904,420.5690002441406,2.3678677082061768,0.5,0.0,0.0,0.3861371874809265,0.0,0.9575737118721008,0.9687053561210632,0.0,0.0,0.0,0.0,866.4096069335938,0.0
1.02,1.6555557250976562,-0.8290381682428842,-0.5591920203261874,0.0,1.0,1.0,0.0,0.23467384278774261,-0.038378480821847916,0.6116783618927002,0.026357414200901985,-0.015311717987060547,-0.3176708221435547,0.6467529535293579,-0.07756046950817108,0.16233371198177338,0.12006363272666931,0.6161780953407288,0.493714839220047,-0.38502559065818787,-0.103248730301857,2.1647257804870605,0.39833447337150574,-0.21292395889759064,-0.0918581411242485,0.10734067112207413,-0.2813880145549774,1.015293002128601,0.4301329255104065,-0.2005099058151245,-0.3326471745967865,0.19274045526981354,0.008548088371753693,-0.21880578994750977,0.1998366415500641,-0.07735387980937958,0.0,-0.4000000059604645,-0.05000000074505806,0.3100000023841858,0.49000000953674316,-0.20999999344348907,0.0,0.8667759299278259,0.5370314717292786,-2.4810092449188232,-1.903327226638794,3.725113868713379,0.15984225273132324,-0.11933481693267822,2.332186460494995,-2.0082755088806152,-4.4648542404174805,3.3047420978546143,-10.121919631958008,0.006426632404327393,0.015573211014270782,-0.08776209503412247,0.8011594414710999,0.06520526111125946,-0.3019593358039856,500.0576171875,0.0,0.5,0.0,0.0,0.3964041471481323,0.0,0.9463866353034973,0.614154577255249,0.0,0.0,0.0,0.0,543.18701171875,0.0
1.03,1.6666667461395264,-0.8660256534556827,-0.4999995675564705,0.0,1.0,1.0,0.0,0.23948612809181213,-0.03955646604299545,0.6135469675064087,0.032751910388469696,-0.011076927185058594,-0.31142187118530273,0.6465983390808105,-0.07065044343471527,0.22401759028434753,0.5771853923797607,0.6603090167045593,0.6673133373260498,-0.3614121973514557,-0.08490713685750961,2.1373047828674316,0.36206743121147156,-0.1924370527267456,-0.06268247961997986,0.11076846718788147,-0.24840381741523743,0.9942135214805603,0.38037264347076416,-0.16061705350875854,-0.3397271931171417,0.18349355459213257,0.0066987089812755585,-0.2147371619939804,0.18689098954200745,-0.07143586874008179,0.0,-0.4000000059604645,-0.05000000074505806,0.3100000023841858,0.49000000953674316,-0.20999999344348907,0.0,3.065526008605957,2.1019670963287354,-3.2151694297790527,-4.212113857269287,4.52294921875,6.547525882720947,0.3451886475086212,3.757707357406616,-2.841432809829712,-5.486945629119873,6.094486236572266,-3.469393730163574,0.0075458623468875885,0.014004431664943695,0.1315452754497528,0.5787333846092224,0.03588182106614113,-0.33144205808639526,396.232177734375,0.0,0.5,0.0,0.0,0.4261681139469147,0.0,0.948413074016571,0.41040360927581787,0.0,0.0,0.0,0.0,730.58740234375,0.0
1.04,1.677777886390686,-0.8987943454587837,-0.4383705334204345,0.0,1.0,1.0,1.0,0.24448725581169128,-0.0419180728495121,0.6148343086242676,0.03746398165822029,-0.0101165771484375,-0.3045945167541504,0.6689319014549255,-0.0979367047548294,0.1122623011469841,-0.16872447729110718,0.3965338468551636,0.8478909730911255,-0.379520446062088,-0.10797873884439468,2.141273260116577,0.41575029492378235,-0.18814651668071747,-0.16910383105278015,0.12214280664920807,-0.21601499617099762,0.9737247824668884,0.31349802017211914,-0.09942435473203659,-0.16873309016227722,0.17530134320259094,0.005060266703367233,-0.21113258600234985,0.17542189359664917,-0.06619285047054291,0.0,-0.4000000059604645,-0.05000000074505806,0.3100000023841858,0.49000000953674316,-0.20999999344348907,0.0,-2.3071701526641846,-3.126446008682251,0.017046958208084106,5.343998432159424,8.184551239013672,-9.181540489196777,1.505536437034607,2.3085875511169434,-1.806549310684204,-4.491288185119629,-5.905349254608154,9.791189193725586,0.01206158846616745,0.0117684006690979,0.4760151207447052,0.25496113300323486,-0.45763498544692993,-0.1524820476770401,84.8042221069336,450.1490173339844,0.5,0.0,0.0,0.48007628321647644,0.0,0.9265760779380798,0.23744051158428192,0.0,0.0,0.0,0.0,936.1624755859375,0.0
1.05,1.6888890266418457,-0.9271841787986933,-0.3746057909127841,0.0,1.0,0.0,1.0,0.24952435493469238,-0.044954005628824234,0.6156195402145386,0.04150756075978279,-0.011015892028808594,-0.29685354232788086,0.6650683879852295,-0.1103140264749527,0.09261365979909897,-0.07303371280431747,0.3833284080028534,0.8314259648323059,-0.39734548330307007,-0.12386827170848846,2.1614394187927246,0.44709667563438416,-0.08617553859949112,-0.30655086040496826,0.1246025338768959,-0.21313783526420593,0.9692226052284241,0.3084601163864136,-0.12639984488487244,-0.06168567016720772,0.1682039499282837,0.0036407895386219025,-0.208009734749794,0.16548553109169006,-0.06165051460266113,0.0,-0.4000000059604645,-0.05000000074505806,0.3100000023841858,0.49000000953674316,-0.20999999344348907,0.0,-1.4115409851074219,-1.0720654726028442,2.4484386444091797,2.8355209827423096,9.938563346862793,-10.264116287231445,-0.12278848886489868,-0.15698359906673431,-0.5221794843673706,0.3876706659793854,-1.902759313583374,9.794482231140137,0.014757849276065826,0.013057827949523926,0.626054584980011,0.1564226746559143,-0.6868606805801392,-0.14391429722309113,0.0,314.93707275390625,0.5,0.0,0.0,0.4495207667350769,0.0,0.924193799495697,0.2509407699108124,0.0,0.0,0.0,0.0,901.08984375,0.0
1.06,1.7000000476837158,-0.9510566088783396,-0.3090167094330548,0.0,1.0,1.0,1.0,0.2548108398914337,-0.04878196492791176,0.6163086891174316,0.04379727691411972,-0.013912200927734375,-0.29360342025756836,0.6758214831352234,-0.14090605080127716,0.10393652319908142,-0.38968002796173096,0.1517014354467392,0.13139672577381134,-0.43995073437690735,-0.14069831371307373,2.216090202331543,0.4813411831855774,-0.039513781666755676,-0.32871487736701965,0.11402074247598648,-0.23690000176429749,0.9794084429740906,0.34978896379470825,-0.15538384020328522,0.03871488571166992,0.16223584115505219,0.002447165548801422,-0.2053837776184082,0.1571301817893982,-0.05783092975616455,0.0,-0.4000000059604645,-0.05000000074505806,0.3100000023841858,0.49000000953674316,-0.20999999344348907,0.0,-5.273738861083984,-1.8262797594070435,5.84813928604126,3.45072865486145,4.277822017669678,-2.936051368713379,-1.1618831157684326,-3.0919671058654785,1.3903875350952148,4.9330644607543945,-1.3286153078079224,10.17220687866211,0.01797991245985031,0.016646772623062134,-0.0047906977124512196,0.10529232025146484,-0.002844257280230522,-0.10577644407749176,95.51594543457031,440.0343017578125,0.5,0.0,0.0,0.3773386478424072,0.0,0.9034491181373596,0.966059148311615,0.0,0.0,0.0,0.0,1113.6212158203125,0.0
1.07,1.7111111879348755,-0.9702958430510862,-0.24192142723988358,0.0,1.0,1.0,1.0,0.2605878710746765,-0.05266021192073822,0.6171355247497559,0.04417816922068596,-0.016210556030273438,-0.2964339256286621,0.6741626262664795,-0.14395864307880402,0.12251656502485275,-0.00375633267685771,-0.04050565883517265,-0.47465571761131287,-0.5068995952606201,-0.1524767279624939,2.297991991043091,0.5232060551643372,-0.06582575291395187,-0.3698710799217224,0.09039390087127686,-0.28173309564590454,0.9841094017028809,0.4281740188598633,-0.1285741925239563,0.09696391224861145,0.15742601454257965,0.0014852024614810944,-0.20326745510101318,0.1503964364528656,-0.0547526478767395,0.0,-0.4000000059604645,-0.05000000074505806,0.3100000023841858,0.49000000953674316,-0.20999999344348907,0.0,-6.786105155944824,-0.3974425494670868,8.710536003112793,3.8258728981018066,-0.8496749997138977,-4.722899913787842,-2.3751463890075684,-4.399350166320801,0.15126517415046692,8.123997688293457,4.303177356719971,4.88571310043335,0.02301456779241562,0.022612102329730988,-0.0007492700824514031,0.21076878905296326,0.05926169827580452,0.021528616547584534,149.66290283203125,371.08380126953125,0.5,0.0,0.0,0.30153337121009827,0.0,0.9029271006584167,0.637248158454895,0.0,0.0,0.0,0.0,1380.77978515625,0.0
1.08,1.7222223281860352,-0.9848078686252573,-0.17364752199146966,0.0,1.0,1.0,1.0,0.26669999957084656,-0.05606559291481972,0.6178948283195496,0.04380428418517113,-0.01674365997314453,-0.30339860916137695,0.6896734833717346,-0.14947552978992462,0.09872400760650635,-0.16132059693336487,-0.18943612277507782,-0.793687641620636,-0.5630043745040894,-0.15066233277320862,2.399266242980957,0.5512047410011292,-0.1289900690317154,-0.2319839894771576,0.06851353496313095,-0.32534417510032654,1.0094313621520996,0.5148153305053711,-0.11427413672208786,0.21632356941699982,0.15379804372787476,0.000759609043598175,-0.20167113840579987,0.14531725645065308,-0.052430734038352966,0.0,-0.4000000059604645,-0.05000000074505806,0.3100000023841858,0.49000000953674316,-0.20999999344348907,0.0,-5.556695938110352,-0.33946412801742554,6.702156066894531,2.6927084922790527,4.2426042556762695,10.695674896240234,-0.6738443374633789,-4.371135234832764,2.4849441051483154,7.683747291564941,-3.051845073699951,3.4820451736450195,0.026438146829605103,0.02899952232837677,-0.056170929223299026,0.17100168764591217,-0.11778879165649414,-0.18708811700344086,219.14512634277344,615.8497924804688,0.5,0.0,0.0,0.25638890266418457,0.0,0.8899073600769043,0.2836880087852478,0.0,0.0,0.0,0.0,1127.487060546875,0.0
1.09,1.7333335876464844,-0.9945220623926851,-0.104526874124312,0.0,1.0,0.0,0.0,0.2734462320804596,-0.05880175530910492,0.6187334060668945,0.04303925856947899,-0.01563405990600586,-0.3135819435119629,0.7168741822242737,-0.08150094747543335,0.08981626480817795,0.1516938954591751,0.07186651229858398,-1.3262245655059814,-0.5668104887008667,-0.12234083563089371,2.4679300785064697,0.5015855431556702,-0.2551668882369995,-0.041315969079732895,0.0711991935968399,-0.3393503427505493,1.03842031955719,0.5371156930923462,-0.20705945789813995,0.03301650658249855,0.15136946737766266,0.00027389079332351685,-0.20060256123542786,0.14191725850105286,-0.05087645351886749,0.0,-0.4000000059604645,-0.05000000074505806,0.3100000023841858,0.49000000953674316,-0.20999999344348907,0.0,0.800338864326477,3.328815221786499,6.05268669128418,-7.1341094970703125,-10.249135971069336,10.636711120605469,-0.28860560059547424,-0.8023806214332581,4.082413196563721,0.8169324398040771,-10.125129699707031,-10.593879699707031,0.024562209844589233,0.031158752739429474,0.061123453080654144,1.413780689239502,1.0832074880599976,-0.23665647208690643,0.0,0.0,0.5,0.0,0.0,0.2532597780227661,0.0,0.89820796251297,0.029666313901543617,0.0,0.0,0.0,0.0,2453.17138671875,0.0
1.1,1.7444446086883545,-0.9993908630339691,-0.03489846535621215,0.0,1.0,1.0,0.0,0.28003689646720886,-0.060619354248046875,0.6194186210632324,0.04409736767411232,-0.0129547119140625,-0.32398080825805664,0.7172964811325073,-0.03431706503033638,0.10096446424722672,0.47968238592147827,0.04758601635694504,-1.1635195016860962,-0.5345780253410339,-0.09551995247602463,2.431213140487671,0.427639901638031,-0.31205564737319946,0.029865393415093422,0.0744752287864685,-0.3207826614379883,1.0398999452590942,0.4815159738063812,-0.17033053934574127,-0.122625432908535,0.1501522958278656,3.045797348022461e-05,-0.20006701350212097,0.1402132213115692,-0.05009746551513672,0.0,-0.4000000059604645,-0.05000000074505806,0.3100000023841858,0.49000000953674316,-0.20999999344348907,0.0,2.685332775115967,3.1812751293182373,-3.810147523880005,-5.939981460571289,2.5454227924346924,-0.6242555379867554,0.4536532461643219,2.4426887035369873,-0.023210179060697556,-6.2517900466918945,2.6393375396728516,-10.39364242553711,0.023068882524967194,0.026713281869888306,-0.022979749366641045,1.6126154661178589,0.12071985751390457,0.32554271817207336,437.9062805175781,0.0,0.5,0.0,0.0,0.2881745994091034,0.0,0.9077458381652832,0.06669966876506805,0.0,0.0,0.0,0.0,1101.8089599609375,0.0
1.11,1.7555557489395142,-0.9993907846131228,0.03490071102953684,0.0,1.0,1.0,0.0,0.28750327229499817,-0.06103971228003502,0.6205849647521973,0.04360157251358032,-0.004810810089111328,-0.3342165946960449,0.7053645253181458,-0.018932122737169266,0.18454605340957642,1.08805251121521,-0.15628831088542938,-0.9793258309364319,-0.4904336631298065,-0.05295570567250252,2.3725225925445557,0.34671998023986816,-0.2643568515777588,0.05074261128902435,0.07232584804296494,-0.2887708246707916,0.9985703229904175,0.429252028465271,-0.17627792060375214,-0.2449737936258316,0.15030452609062195,6.090477108955383e-05,-0.20013399422168732,0.14042633771896362,-0.050194889307022095,0.0,-0.4000000059604645,-0.05000000074505806,0.3100000023841858,0.49000000953674316,-0.20999999344348907,0.0,4.331295013427734,4.701839923858643,-5.430782794952393,-8.010854721069336,3.9983718395233154,4.245528697967529,-0.23783540725708008,3.4570069313049316,-4.949012756347656,-4.77370023727417,-0.4112261235713959,-10.149189949035645,0.023397527635097504,0.02302096039056778,0.15323597192764282,1.4213964939117432,0.11080976575613022,0.2737458050251007,585.34814453125,0.0,0.5,0.0,0.0,0.352178156375885,0.0,0.9184516072273254,0.1468772441148758,0.0,0.0,0.0,0.0,1667.5079345703125,0.0
1.12,1.7666668891906738,-0.9945217492198296,0.10452985376785916,0.0,1.0,1.0,0.0,0.295543909072876,-0.061356186866760254,0.622132420539856,0.04187915474176407,0.0044619422405958176,-0.3416109085083008,0.7250156998634338,0.009657743386924267,0.19335487484931946,0.9506686329841614,-0.12781816720962524,-0.5749993920326233,-0.4772524833679199,-0.04082035273313522,2.3250467777252197,0.32706257700920105,-0.2430546134710312,0.1730373650789261,0.07880887389183044,-0.2448064237833023,0.9380567073822021,0.35153117775917053,-0.23867353796958923,-0.37128782272338867,0.15273165702819824,0.0005463287234306335,-0.201201930642128,0.14382433891296387,-0.051748260855674744,0.0,-0.4000000059604645,-0.05000000074505806,0.3100000023841858,0.49000000953674316,-0.20999999344348907,0.0,0.907972514629364,0.04031496122479439,-6.273247718811035,-0.4437462091445923,-0.8120671510696411,11.56214714050293,0.9158072471618652,4.1830573081970215,-5.522523403167725,-7.901473522186279,-6.199676990509033,-10.184496879577637,0.026042595505714417,0.018602468073368073,0.5612335801124573,1.8350197076797485,0.41323184967041016,0.4289364814758301,208.7089385986328,0.0,0.5,0.0,0.0,0.47721344232559204,0.0,0.9035257697105408,0.5162063837051392,0.0,0.0,0.0,0.0,1377.551025390625,0.0
1.1300000000000001,1.777777910232544,-0.9848076084952826,0.1736489972611481,0.0,1.0,0.0,0.0,0.3036230504512787,-0.06277306377887726,0.6229351758956909,0.0393553301692009,0.009843588806688786,-0.3469810485839844,0.7445083260536194,-0.01043506059795618,0.0632142573595047,0.41810086369514465,-0.17520564794540405,-0.2638612687587738,-0.5167726874351501,-0.06833511590957642,2.3506782054901123,0.4011456370353699,-0.2520613968372345,0.013154259882867336,0.09181371331214905,-0.21172992885112762,0.882116436958313,0.2727627158164978,-0.11249099671840668,-0.21428310871124268,0.15753856301307678,0.0015077106654644012,-0.20331697165966034,0.15055400133132935,-0.05482468008995056,0.0,-0.4000000059604645,-0.05000000074505806,0.3100000023841858,0.49000000953674316,-0.20999999344348907,0.0,-3.775394916534424,-3.6926257610321045,3.0234076976776123,7.96427059173584,0.8571583032608032,-10.437231063842773,1.6009808778762817,3.013427972793579,-6.25390100479126,-7.575291633605957,10.230169296264648,10.434891700744629,0.030319437384605408,0.01482408121228218,1.815995693206787,1.1392543315887451,-0.13627725839614868,0.567848801612854,0.0,0.0,0.5,0.0,0.0,0.6361177563667297,0.0,0.8871098756790161,0.8700144290924072,0.0,0.0,0.0,0.0,2125.698486328125,0.0
1.1400000000000001,1.7888890504837036,-0.9702954806448982,0.2419228807700631,0.0,1.0,0.0,1.0,0.3114945590496063,-0.06427840143442154,0.6228224039077759,0.037514105439186096,0.01530652679502964,-0.35031700134277344,0.7499708533287048,-0.008645210415124893,0.0258073341101408,0.5921446681022644,-0.32039499282836914,0.02142636477947235,-0.5461857914924622,-0.08541108667850494,2.4236836433410645,0.45233455300331116,-0.12847496569156647,-0.09810461848974228,0.0946894958615303,-0.20357970893383026,0.8632494211196899,0.27721449732780457,-0.06740887463092804,-0.07952921092510223,0.1646316945552826,0.0029263384640216827,-0.20643794536590576,0.16048437356948853,-0.05936427414417267,0.0,-0.4000000059604645,-0.05000000074505806,0.3100000023841858,0.49000000953674316,-0.20999999344348907,0.0,-2.638564348220825,-1.3136022090911865,7.824337482452393,5.158173084259033,10.17279052734375,-10.066575050354004,1.544679880142212,0.5749483704566956,0.792221188545227,1.328514814376831,-4.366755485534668,9.498019218444824,0.03144221752882004,0.014402002096176147,2.269603729248047,0.05786401033401489,-0.5121883749961853,-0.12574802339076996,0.0,491.21685791015625,0.5,0.0,0.0,0.6493505239486694,0.0,0.8823906779289246,0.9990822672843933,0.0,0.0,0.0,0.0,1784.3428955078125,0.0
1.1500000000000001,1.8000001907348633,-0.951056145961555,0.30901813414224366,0.0,1.0,0.0,1.0,0.3196599781513214,-0.06612791121006012,0.6227591037750244,0.03444763273000717,0.020038601011037827,-0.3496670722961426,0.753290057182312,-0.01216138992458582,0.03395022079348564,0.4007556438446045,-0.2930736839771271,0.15130551159381866,-0.5723137855529785,-0.09754529595375061,2.494163751602173,0.5033943057060242,-0.027449550107121468,-0.20341065526008606,0.10014963150024414,-0.20998413860797882,0.8715848922729492,0.3126853406429291,-0.11383010447025299,0.007688684388995171,0.17387312650680542,0.004774622619152069,-0.2105041742324829,0.17342239618301392,-0.0652787983417511,0.0,-0.4000000059604645,-0.05000000074505806,0.3100000023841858,0.49000000953674316,-0.20999999344348907,0.0,-2.6974267959594727,-1.2657023668289185,7.508930206298828,5.719113349914551,10.008965492248535,-10.028524398803711,0.32778677344322205,-1.0127471685409546,0.2446856051683426,3.842756509780884,-2.9511966705322266,6.931699752807617,0.03255090117454529,0.016175411641597748,2.354506492614746,0.06687366217374802,-0.7504432797431946,-0.08840981125831604,0.0,511.73065185546875,0.5,0.0,0.0,0.5806923508644104,0.0,0.8793190717697144,0.9552457332611084,0.0,0.0,0.0,0.0,1132.1187744140625,0.0
1.16,1.8111112117767334,-0.9271836176276476,0.37460717986032804,0.0,1.0,0.0,1.0,0.32785719633102417,-0.06803333759307861,0.623101532459259,0.03125511482357979,0.023916082456707954,-0.34845542907714844,0.7506293654441833,0.012640312314033508,0.08261527121067047,0.35212165117263794,-0.3225918710231781,0.2222580760717392,-0.5915968418121338,-0.09666765481233597,2.608325481414795,0.5443164110183716,-0.11251312494277954,-0.27073168754577637,0.09742991626262665,-0.22405272722244263,0.8775953650474548,0.36288341879844666,-0.1497633457183838,0.10014794021844864,0.18508277833461761,0.0070165544748306274,-0.2154364287853241,0.18911588191986084,-0.07245297729969025,0.0,-0.4000000059604645,-0.05000000074505806,0.3100000023841858,0.49000000953674316,-0.20999999344348907,0.0,-1.083650827407837,0.42610183358192444,11.331607818603516,2.918825626373291,-10.002570152282715,-5.2677106857299805,-0.47325584292411804,-1.4584940671920776,0.4590737223625183,5.118410587310791,-2.9317355155944824,10.515745162963867,0.032489627599716187,0.019314218312501907,2.6392436027526855,0.13626335561275482,-0.05849108844995499,-0.16391174495220184,0.0,503.8802795410156,0.5,0.0,0.0,0.49626636505126953,0.0,0.881659209728241,0.9059263467788696,0.0,0.0,0.0,0.0,1237.633056640625,0.0
1.17,1.822222352027893,-0.898793688766393,0.43837187983913845,0.0,1.0,0.0,1.0,0.33537501096725464,-0.07095636427402496,0.6233416795730591,0.028644012287259102,0.023913636803627014,-0.3468194007873535,0.7325306534767151,-0.030520949512720108,0.029628368094563484,-0.27736398577690125,-0.2791668176651001,0.10927838832139969,-0.6087042689323425,-0.1029476597905159,2.6976962089538574,0.5771565437316895,-0.22773942351341248,-0.16008497774600983,0.07947620749473572,-0.2532448172569275,0.8898248672485352,0.43032997846603394,-0.12626725435256958,0.230098694562912,0.19804251194000244,0.009608499705791473,-0.22113871574401855,0.20725953578948975,-0.08074720203876495,0.0,-0.4000000059604645,-0.05000000074505806,0.3100000023841858,0.49000000953674316,-0.20999999344348907,0.0,-2.0522427558898926,-0.7973291873931885,7.503777503967285,2.8361241817474365,-10.098783493041992,10.05117130279541,-2.095331907272339,-3.2425248622894287,0.45923542976379395,6.549498081207275,2.7199134826660156,11.848348617553711,0.03208271414041519,0.023592248558998108,1.5810508728027344,0.366605281829834,-0.12175028026103973,-0.21240872144699097,0.0,525.01318359375,0.5,0.0,0.0,0.41650211811065674,0.0,0.895830512046814,0.9763993620872498,0.0,0.0,0.0,0.0,1814.70751953125,0.0
1.18,1.8333334922790527,-0.8660249044413022,0.500000864886685,0.0,1.0,0.0,0.0,0.34159523248672485,-0.0750621110200882,0.6227912902832031,0.028369072824716568,0.018882814794778824,-0.3489961624145508,0.7144289612770081,-0.055083267390728,-0.08740216493606567,-0.716457724571228,0.05438325181603432,-0.4411569833755493,-0.6139664053916931,-0.10794871300458908,2.7531423568725586,0.5686510801315308,-0.33270084857940674,-0.023675160482525826,0.04195703938603401,-0.2908693552017212,0.9044975638389587,0.5117051601409912,-0.11775009334087372,0.3639158308506012,0.21250031888484955,0.012500062584877014,-0.22750014066696167,0.22750043869018555,-0.0900001972913742,0.0,-0.4000000059604645,-0.05000000074505806,0.3100000023841858,0.49000000953674316,-0.20999999344348907,0.0,-0.9625614881515503,-0.6325438618659973,5.6278076171875,-1.6462597846984863,-10.029077529907227,10.253339767456055,-4.339332580566406,-3.966973066329956,1.1173930168151855,8.02233600616455,2.212573528289795,10.274626731872559,0.02912244200706482,0.02805834263563156,0.6664733290672302,0.717165470123291,0.5886624455451965,-0.5809986591339111,0.0,0.0,0.5,0.0,0.0,0.3615749180316925,0.0,0.9066236019134521,0.6775723695755005,0.0,0.0,0.0,0.0,1089.489990234375,0.0
1.19,1.8444445133209229,-0.8290373305565869,0.5591932622480429,0.0,1.0,1.0,0.0,0.34773024916648865,-0.07898737490177155,0.6222434043884277,0.029145481064915657,0.013620894402265549,-0.35085248947143555,0.7454743981361389,-0.01982969418168068,0.002493806416168809,-0.3533252775669098,0.08512194454669952,-0.3650268018245697,-0.5927276611328125,-0.10848411917686462,2.735926628112793,0.5132718086242676,-0.35981881618499756,0.04827256128191948,0.032889463007450104,-0.29597193002700806,0.9094585180282593,0.5025920271873474,-0.21691924333572388,0.16972975432872772,0.22817443311214447,0.015634886920452118,-0.23439675569534302,0.24944421648979187,-0.10003162920475006,0.0,-0.4000000059604645,-0.05000000074505806,0.3100000023841858,0.49000000953674316,-0.20999999344348907,0.0,1.047182321548462,0.7013971209526062,-0.8740025162696838,-4.565596580505371,7.579296588897705,2.540825128555298,-0.017924435436725616,0.6495859026908875,2.0170392990112305,-2.847405195236206,-9.953033447265625,-10.73253345489502,0.024922221899032593,0.026569485664367676,-0.03128780052065849,1.603966474533081,0.14506083726882935,-0.5667925477027893,542.2847900390625,0.0,0.5,0.0,0.0,0.3821209669113159,0.0,0.8857666254043579,0.7660643458366394,0.0,0.0,0.0,0.0,1672.897216796875,0.0
1.2,1.8555556535720825,-0.788010374447758,0.6156619606266935,0.0,1.0,1.0,0.0,0.35385820269584656,-0.08181367814540863,0.6226899027824402,0.03190601244568825,0.012567853555083275,-0.3516683578491211,0.7397910356521606,-0.03399914503097534,0.10213230550289154,0.08267652243375778,0.39370763301849365,-0.009678490459918976,-0.5690789818763733,-0.10890554636716843,2.6974728107452393,0.4693673551082611,-0.284132719039917,0.1110127866268158,0.029879366979002953,-0.2772250473499298,0.8993536233901978,0.4555526375770569,-0.2477613389492035,-0.005290407687425613,0.2447599172592163,0.018951982259750366,-0.2416943609714508,0.2726638913154602,-0.1106463372707367,0.0,-0.4000000059604645,-0.05000000074505806,0.3100000023841858,0.49000000953674316,-0.20999999344348907,0.0,2.750229597091675,-0.14949223399162292,-4.247369289398193,-3.995196580886841,6.704263210296631,8.939749717712402,-0.6226182579994202,2.1865148544311523,-0.9518216848373413,-4.7318878173828125,-2.096374750137329,-10.538426399230957,0.023486845195293427,0.022915489971637726,0.18282386660575867,1.5954508781433105,0.17959381639957428,-0.4254388213157654,530.8385009765625,0.0,0.5,0.0,0.0,0.43170762062072754,0.0,0.8893082737922668,0.999812662601471,0.0,0.0,0.0,0.0,1825.11669921875,0.0
1.21,1.8666669130325317,-0.7431437896874964,0.6691317567182911,0.0,1.0,1.0,0.0,0.3599512279033661,-0.08338525891304016,0.6243258714675903,0.03647926449775696,0.0164636243134737,-0.34862327575683594,0.7337897419929504,-0.037463150918483734,0.23118115961551666,0.5588534474372864,0.5298022031784058,0.4142077565193176,-0.5293935537338257,-0.10809782892465591,2.6299118995666504,0.4211457371711731,-0.20988138020038605,0.1933937519788742,0.02719631977379322,-0.24115218222141266,0.8557630777359009,0.38530513644218445,-0.27825990319252014,-0.1628996580839157,0.2619344890117645,0.02238689735531807,-0.24925117194652557,0.29670828580856323,-0.12163806706666946,0.0,-0.4000000059604645,-0.05000000074505806,0.3100000023841858,0.49000000953674316,-0.20999999344348907,0.0,4.436776638031006,0.2425369918346405,-6.972654342651367,-4.67725133895874,6.469472408294678,9.733537673950195,-0.38403576612472534,3.871126413345337,-4.3643999099731445,-7.17556619644165,-3.6913986206054688,-10.407791137695312,0.023674815893173218,0.01896468549966812,0.24472427368164062,1.8038854598999023,0.2568032443523407,-0.219966322183609,571.7160034179688,0.0,0.5,0.0,0.0,0.539036750793457,0.0,0.893934965133667,0.7095416188240051,0.0,0.0,0.0,0.0,2367.425048828125,0.0
1.22,1.8777779340744019,-0.6946576640377367,0.7193404825210625,0.0,1.0,1.0,0.0,0.3660650849342346,-0.08427833020687103,0.6264634132385254,0.04193511977791786,0.023060597479343414,-0.3437495231628418,0.7351717352867126,-0.02867996320128441,0.23879992961883545,0.7539225220680237,0.6787011027336121,0.5805378556251526,-0.508444607257843,-0.11279410123825073,2.585613965988159,0.41025489568710327,-0.19222204387187958,0.308809369802475,0.028432460501790047,-0.19992324709892273,0.7867926955223083,0.3044683337211609,-0.17708057165145874,-0.29710543155670166,0.27936267852783203,0.02587253227829933,-0.2569195628166199,0.32110774517059326,-0.13279208540916443,0.0,-0.4000000059604645,-0.05000000074505806,0.3100000023841858,0.49000000953674316,-0.20999999344348907,0.0,2.3291492462158203,-0.6833733320236206,-5.305421829223633,-0.24303101003170013,-1.0535591840744019,11.387139320373535,0.3445361852645874,4.111021995544434,-7.002701282501221,-7.970111846923828,9.930959701538086,-10.237074851989746,0.026227101683616638,0.015573136508464813,0.397321492433548,1.3896700143814087,0.14200901985168457,-0.14504747092723846,215.495361328125,0.0,0.5,0.0,0.0,0.6494864225387573,0.0,0.8938149213790894,0.509641170501709,0.0,0.0,0.0,0.0,1642.14599609375,0.0
1.23,1.8888890743255615,-0.6427867171424604,0.7660451920514995,0.0,1.0,0.0,0.0,0.37262222170829773,-0.0855112224817276,0.6277995705604553,0.04574046656489372,0.02888082154095173,-0.3379507064819336,0.7577006220817566,-0.04093954712152481,0.10958228260278702,0.5005160570144653,0.3786153495311737,0.8145163655281067,-0.5364537835121155,-0.12740999460220337,2.607933282852173,0.4621099829673767,-0.12431888282299042,0.15106387436389923,0.042480550706386566,-0.16729144752025604,0.724312961101532,0.23433244228363037,-0.045562949031591415,-0.14788930118083954,0.2967063784599304,0.029341276735067368,-0.2645508050918579,0.3453889489173889,-0.1438920795917511,0.0,-0.4000000059604645,-0.05000000074505806,0.3100000023841858,0.49000000953674316,-0.20999999344348907,0.0,-2.861029624938965,-1.9646414518356323,2.6233880519866943,5.711360931396484,8.33731460571289,-10.421710014343262,2.0389068126678467,2.903460741043091,-6.735254287719727,-6.613803386688232,10.287999153137207,10.455113410949707,0.030817344784736633,0.013304617255926132,1.3869608640670776,0.6841526627540588,-0.29037773609161377,0.3194880783557892,0.0,0.0,0.5,0.0,0.0,0.48855701088905334,0.0,0.8726931214332581,0.26530539989471436,0.0,0.0,0.0,0.0,1764.46484375,0.0
1.24,1.9000002145767212,-0.5877841615547575,0.8090177868411613,0.0,1.0,0.0,1.0,0.3787138760089874,-0.0868920236825943,0.6286474466323853,0.050839610397815704,0.03402642905712128,-0.3295402526855469,0.748627245426178,-0.03832078352570534,0.12863104045391083,0.4727644622325897,0.5492047667503357,1.005323052406311,-0.5543290376663208,-0.14159268140792847,2.6436502933502197,0.5102460980415344,-0.009128003381192684,0.046785738319158554,0.04117342084646225,-0.15904158353805542,0.7255504131317139,0.24239850044250488,-0.07438303530216217,-0.03701919689774513,0.31362760066986084,0.03272552043199539,-0.2719961404800415,0.3690786361694336,-0.15472166240215302,0.0,-0.4000000059604645,-0.05000000074505806,0.3100000023841858,0.49000000953674316,-0.20999999344348907,0.0,-1.1763535737991333,-0.9805320501327515,3.4366533756256104,4.244190692901611,10.102055549621582,-10.012669563293457,-0.21668227016925812,0.9179684519767761,-0.5834319591522217,0.8254798650741577,-2.8534059524536133,9.852649688720703,0.03409423679113388,0.014095507562160492,1.5167263746261597,0.10238989442586899,-0.4800070524215698,-0.17719286680221558,0.0,412.03204345703125,0.5,0.0,0.0,0.46439582109451294,0.0,0.8811142444610596,0.13247664272785187,0.0,0.0,0.0,0.0,1343.767822265625,0.0
1.25,1.9111112356185913,-0.5299186008019895,0.8480485107138986,0.0,1.0,0.0,1.0,0.38504451513290405,-0.08838222175836563,0.6297180652618408,0.054513610899448395,0.03851151838898659,-0.32083606719970703,0.7349886894226074,-0.02947339043021202,0.1577678918838501,0.36827588081359863,0.27961206436157227,0.8559457659721375,-0.5717167854309082,-0.1429814100265503,2.699188232421875,0.5520510077476501,-0.028126029297709465,-0.07103297114372253,0.031756751239299774,-0.1623043268918991,0.7312860488891602,0.27527227997779846,-0.1128469780087471,0.04729142785072327,0.32979655265808105,0.035959307104349136,-0.27911049127578735,0.3917151689529419,-0.16506977379322052,0.0,-0.4000000059604645,-0.05000000074505806,0.3100000023841858,0.49000000953674316,-0.20999999344348907,0.0,-1.693490743637085,0.2866598665714264,5.911026954650879,3.7358269691467285,-3.1443653106689453,-10.118149757385254,-1.024951696395874,-0.6768262386322021,0.5634546875953674,3.76253080368042,-2.5214264392852783,8.031514167785645,0.037357911467552185,0.01642526686191559,1.3942896127700806,0.06075291708111763,-0.308969110250473,-0.10472555458545685,0.0,502.4132385253906,0.5,0.0,0.0,0.4914730191230774,0.0,0.8938862681388855,0.23101185262203217,0.0,0.0,0.0,0.0,1012.8304443359375,0.0
1.26,1.922222375869751,-0.46947071039169075,0.8829480460844347,0.0,1.0,0.0,1.0,0.39190658926963806,-0.09034587442874908,0.630866527557373,0.05500561743974686,0.04130246490240097,-0.3142871856689453,0.7155090570449829,-0.024846773594617844,0.1524714082479477,0.16908873617649078,-0.10006900876760483,0.5872142314910889,-0.6013893485069275,-0.13625915348529816,2.7862653732299805,0.5979964137077332,-0.13461335003376007,-0.1804964244365692,0.011833973228931427,-0.17753058671951294,0.7426887154579163,0.33461692929267883,-0.14648449420928955,0.15457983314990997,0.34489935636520386,0.038979873061180115,-0.2857557237148285,0.41285911202430725,-0.17473559081554413,0.0,-0.4000000059604645,-0.05000000074505806,0.3100000023841858,0.49000000953674316,-0.20999999344348907,0.0,-2.9572713375091553,0.7604718804359436,8.078028678894043,3.9469916820526123,-10.045530319213867,-10.051859855651855,-1.803316354751587,-1.6116719245910645,0.8570197820663452,5.867114067077637,-2.10090708732605,11.420276641845703,0.04094178229570389,0.020272817462682724,1.438971996307373,0.13353608548641205,-0.0986204594373703,-0.19238652288913727,0.0,450.2816467285156,0.5,0.0,0.0,0.5976755023002625,0.0,0.9101707935333252,0.5017561316490173,0.0,0.0,0.0,0.0,1622.43798828125,0.0
1.27,1.9333335161209106,-0.40673559387933633,0.9135459247742411,0.0,1.0,0.0,1.0,0.3985787630081177,-0.09358873963356018,0.6315423846244812,0.05368911474943161,0.03965224698185921,-0.31063222885131836,0.6903026103973389,-0.06025393307209015,0.09985639899969101,-0.4591354429721832,-0.1994551718235016,0.3156053125858307,-0.6338680982589722,-0.13753293454647064,2.867917537689209,0.6338613629341125,-0.24718955159187317,-0.1041286364197731,-0.018272221088409424,-0.21041007339954376,0.771064817905426,0.41064757108688354,-0.09303412586450577,0.28754159808158875,0.358641654253006,0.04172833263874054,-0.291802316904068,0.4320983290672302,-0.18353065848350525,0.0,-0.4000000059604645,-0.05000000074505806,0.3100000023841858,0.49000000953674316,-0.20999999344348907,0.0,-3.425529718399048,-0.5369398593902588,7.594817161560059,3.127981185913086,-10.081395149230957,5.384664535522461,-3.0967941284179688,-3.8849434852600098,2.180842876434326,7.489534378051758,5.6480207443237305,11.805516242980957,0.043166160583496094,0.02513667196035385,1.1425749063491821,0.4056565463542938,0.02213064208626747,-0.1975180059671402,0.0,445.9367980957031,0.5,0.0,0.0,0.48079168796539307,0.0,0.923401415348053,0.8193749785423279,0.0,0.0,0.0,0.0,1998.63818359375,0.0
1.28,1.9444445371627808,-0.3420195958921814,0.9396928200352225,0.0,1.0,0.0,0.0,0.4045215845108032,-0.09846775233745575,0.6314688920974731,0.05245283991098404,0.031651172786951065,-0.31162023544311523,0.6796793341636658,-0.08807044476270676,-0.021118201315402985,-1.1065715551376343,-0.13620208203792572,-0.3905000686645508,-0.6556466221809387,-0.1412586271762848,2.9389727115631104,0.6239031553268433,-0.3713935315608978,0.04965902119874954,-0.056262992322444916,-0.25542527437210083,0.8085028529167175,0.49312570691108704,-0.13304470479488373,0.4062355160713196,0.37075579166412354,0.04415115714073181,-0.29713255167007446,0.4490581154823303,-0.1912836879491806,0.0,-0.4000000059604645,-0.05000000074505806,0.3100000023841858,0.49000000953674316,-0.20999999344348907,0.0,-2.8634908199310303,-0.6185097098350525,7.113120079040527,-2.125702142715454,-10.1870756149292,10.381129264831543,-4.039409637451172,-4.945646286010742,3.701932668685913,8.019211769104004,-3.902507781982422,10.132063865661621,0.041513554751873016,0.030441872775554657,0.11891007423400879,0.9479245543479919,0.8057898879051208,-0.5322890877723694,0.0,0.0,0.5,0.0,0.0,0.35081103444099426,0.0,0.9230405688285828,0.7371377348899841,0.0,0.0,0.0,0.0,1747.6981201171875,0.0
1.29,1.9555556774139404,-0.2756366198184287,0.9612619069822081,0.0,1.0,1.0,0.0,0.4108770489692688,-0.1033276617527008,0.6312881708145142,0.050141725689172745,0.023314254358410835,-0.3134026527404785,0.7027353644371033,-0.042511310428380966,0.018072275444865227,-0.6824491620063782,-0.3490939438343048,-0.43974587321281433,-0.6319083571434021,-0.13885033130645752,2.9281837940216064,0.542966902256012,-0.4845147728919983,0.19190359115600586,-0.05533571168780327,-0.2653716802597046,0.8327432870864868,0.4665558636188507,-0.24212242662906647,0.2129027247428894,0.3810061514377594,0.046201229095458984,-0.3016427159309387,0.46340861916542053,-0.19784392416477203,0.0,-0.4000000059604645,-0.05000000074505806,0.3100000023841858,0.49000000953674316,-0.20999999344348907,0.0,1.9774775505065918,1.2135169506072998,-0.7932353019714355,-7.365265369415283,12.57120132446289,-4.916712760925293,1.0106717348098755,0.2138620764017105,3.986647129058838,-4.99630069732666,-9.99925708770752,-10.722970008850098,0.0363272950053215,0.028323106467723846,-0.1426306515932083,2.2092976570129395,0.14066170156002045,-0.6577346920967102,577.5653076171875,0.0,0.5,0.0,0.0,0.4129832684993744,0.0,0.9177615642547607,0.6792589426040649,0.0,0.0,0.0,0.0,2655.11572265625,0.0
1.3,1.9666668176651,-0.20791076279901627,0.9781477979898188,0.0,1.0,1.0,0.0,0.417590469121933,-0.10657800734043121,0.6323269605636597,0.04874906316399574,0.021992752328515053,-0.3140902519226074,0.6903714537620544,-0.08516920357942581,0.2060476839542389,0.21691018342971802,0.006490400526672602,0.08246053755283356,-0.5894924402236938,-0.1340835839509964,2.874480962753296,0.46258094906806946,-0.38660624623298645,0.1934659332036972,-0.052237238734960556,-0.2418668568134308,0.8165062665939331,0.4044605493545532,-0.32535549998283386,0.07087941467761993,0.3891933560371399,0.04783866927027702,-0.3052450716495514,0.4748706817626953,-0.20308372378349304,0.0,-0.4000000059604645,-0.05000000074505806,0.3100000023841858,0.49000000953674316,-0.20999999344348907,0.0,5.488019943237305,0.3046823740005493,-6.867931365966797,-7.9485039710998535,8.537522315979004,5.544739723205566,-0.16887527704238892,2.995330572128296,-1.9889426231384277,-6.492687702178955,-7.812071323394775,-10.292590141296387,0.03395526856184006,0.02439972013235092,0.15171554684638977,2.215635299682617,0.32692134380340576,-0.5280095934867859,679.55712890625,0.0,0.5,0.0,0.0,0.5780693292617798,0.0,0.9166860580444336,0.9864925742149353,0.0,0.0,0.0,0.0,2412.43701171875,0.0
1.31,1.9777778387069702,-0.13917272185631813,0.9902681220210533,0.0,1.0,1.0,0.0,0.42374393343925476,-0.10851223766803741,0.6347081661224365,0.050419628620147705,0.02665596641600132,-0.30925416946411133,0.6605599522590637,-0.10140905529260635,0.32318761944770813,0.6674305200576782,0.3495899736881256,0.8396700024604797,-0.5358790159225464,-0.13914543390274048,2.7948615550994873,0.39832761883735657,-0.31586360931396484,0.311477392911911,-0.051958467811346054,-0.21198922395706177,0.7766711115837097,0.34136253595352173,-0.3439534306526184,-0.08750741183757782,0.3951577842235565,0.04903155937790871,-0.30786943435668945,0.4832209050655365,-0.20690098404884338,0.0,-0.4000000059604645,-0.05000000074505806,0.3100000023841858,0.49000000953674316,-0.20999999344348907,0.0,5.244920253753662,-0.3075331151485443,-8.215691566467285,-5.1063432693481445,10.219417572021484,2.227375030517578,0.44511112570762634,2.471356153488159,-3.8027260303497314,-5.2281341552734375,0.038676898926496506,-10.41927719116211,0.03435180336236954,0.02203623205423355,0.5319867134094238,1.3848189115524292,0.30815476179122925,-0.07373795658349991,484.201171875,0.0,0.5,0.0,0.0,0.5426859259605408,0.0,0.9304130673408508,0.24412097036838531,0.0,0.0,0.0,0.0,2608.538330078125,0.0
1.32,1.9888890981674194,-0.06975516201139526,0.9975641419842455,1.0,1.0,0.0,0.0,0.42995500564575195,-0.10996338725090027,0.6373624801635742,0.05198889225721359,0.03284839168190956,-0.298154354095459,0.6674490571022034,-0.0693466067314148,0.2794819176197052,0.5414245128631592,0.17822852730751038,1.4212620258331299,-0.5153027176856995,-0.1471697837114334,2.746738910675049,0.3764904737472534,-0.3231144845485687,0.4516216516494751,-0.03420235589146614,-0.1832652986049652,0.7187546491622925,0.26379120349884033,-0.2452298104763031,-0.2344408482313156,0.4000000059604645,0.05000000074505806,-0.3100000023841858,0.49000000953674316,-0.20999999344348907,0.0,-0.4000000059604645,-0.05000000074505806,0.3100000023841858,0.49000000953674316,-0.20999999344348907,0.0,1.5824068784713745,-0.8012449741363525,-4.833716869354248,-1.9984874725341797,-6.706603050231934,13.463338851928711,2.029252529144287,2.6457622051239014,-5.3783087730407715,-7.635860443115234,9.639363288879395,-10.332049369812012,0.037407658994197845,0.020801596343517303,0.05201181769371033,1.408989667892456,0.5152184963226318,0.024856939911842346,0.0,0.0,0.5,0.0,0.0,0.566348671913147,0.0,0.9364151954650879,0.017597977072000504,0.0,0.0,0.0,0.0,1719.0347900390625,0.0
1.33,2.000000238418579,1.4980281135093752e-06,0.999999999998878,1.0,1.0,0.0,0.0,0.437168687582016,-0.11151774972677231,0.6390836834907532,0.05023578926920891,0.03890300169587135,-0.2826981544494629,0.6955243349075317,-0.0712355524301529,0.1611543446779251,0.585767388343811,-0.11703658103942871,1.8475730419158936,-0.5509294271469116,-0.1566922664642334,2.773214817047119,0.42500993609428406,-0.3111405670642853,0.2876999080181122,-0.004915520083159208,-0.15448671579360962,0.6430879235267639,0.19152124226093292,-0.11457522958517075,-0.112913578748703,0.4000000059604645,0.05000000074505806,-0.3100000023841858,0.49000000953674316,-0.20999999344348907,0.0,-0.4000000059604645,-0.05000000074505806,0.3100000023841858,0.49000000953674316,-0.20999999344348907,0.0,-3.1120693683624268,-1.2567967176437378,2.611072540283203,5.4279351234436035,3.4034249782562256,-10.46428394317627,3.383143186569214,2.932706594467163,-8.055487632751465,-6.945442199707031,10.232759475708008,10.153324127197266,0.04196830838918686,0.019797667860984802,1.378410816192627,0.7991229891777039,-0.22910787165164948,0.2450820803642273,0.0,0.0,0.5,0.0,0.0,0.5581197142601013,0.0,0.9170360565185547,0.0010840491158887744,0.0,0.0,0.0,0.0,1907.73876953125,0.0
1.34,2.011111259460449,0.06975740357991261,0.9975639852389365,1.0,1.0,0.0,1.0,0.4437665045261383,-0.11243084073066711,0.6397602558135986,0.05110612511634827,0.04702848568558693,-0.26523780822753906,0.6967179179191589,-0.09794528037309647,0.06637673079967499,0.7593333721160889,0.21304862201213837,1.8861979246139526,-0.5696945786476135,-0.164020374417305,2.806464910507202,0.47350892424583435,-0.19400815665721893,0.17134788632392883,-0.001954176463186741,-0.14015033841133118,0.6122037768363953,0.18451854586601257,0.015120894648134708,0.06437266618013382,0.4000000059604645,0.05000000074505806,-0.3100000023841858,0.49000000953674316,-0.20999999344348907,0.0,-0.4000000059604645,-0.05000000074505806,0.3100000023841858,0.49000000953674316,-0.20999999344348907,0.0,-1.5986647605895996,-0.6257967948913574,3.540653944015503,5.018700122833252,10.135385513305664,-10.103432655334473,0.13059808313846588,0.3121832013130188,-1.0038847923278809,2.657034397125244,-5.321707725524902,1.78005850315094,0.045162007212638855,0.019283387809991837,1.6463685035705566,-0.02986086532473564,-0.4349563717842102,-0.06377892941236496,0.0,863.419189453125,0.5,0.0,0.0,0.515697717666626,0.0,0.9079350829124451,0.0008124265004880726,0.0,0.0,0.0,0.0,1092.1103515625,0.0
1.35,2.0222225189208984,0.13917494703019567,0.9902678092915784,1.0,0.0,0.0,1.0,0.45021021366119385,-0.11337609589099884,0.6404013633728027,0.0522041879594326,0.05448811128735542,-0.24764347076416016,0.6817952394485474,-0.07997212558984756,0.12176530808210373,0.5797210335731506,0.17882438004016876,1.7418843507766724,-0.5852528214454651,-0.164744570851326,2.8612146377563477,0.5217481255531311,-0.09126821160316467,0.06269864737987518,-0.009636767208576202,-0.1400357186794281,0.6068215370178223,0.22056172788143158,-0.025062669068574905,0.1154371052980423,0.4000000059604645,0.05000000074505806,-0.3100000023841858,0.49000000953674316,-0.20999999344348907,0.0,-0.4347938895225525,-0.05695877596735954,0.32530930638313293,0.538711428642273,-0.2322680652141571,0.0,-1.223712682723999,0.14965856075286865,5.64909029006958,4.611926078796387,10.012263298034668,-10.049886703491211,-1.000058650970459,-0.07688435912132263,-0.5959022641181946,3.7488958835601807,-3.214292049407959,6.384795188903809,0.04823412746191025,0.02062542736530304,1.8545136451721191,0.05849520117044449,-0.4934621751308441,-0.13175179064273834,0.0,532.5367431640625,0.5,0.0,0.0,0.19478431344032288,0.0,0.924141526222229,0.0023150541819632053,0.0,0.0,0.0,0.0,889.1399536132812,0.0
1.36,2.0333335399627686,0.20791296073784107,0.9781473308030979,1.0,0.0,0.0,0.0,0.45683714747428894,-0.11464636027812958,0.6413483619689941,0.051619626581668854,0.05971711128950119,-0.23315095901489258,0.6623513698577881,-0.06880129873752594,0.1175500676035881,0.39824727177619934,-0.13511493802070618,1.3135820627212524,-0.6063733696937561,-0.15694144368171692,2.94342303276062,0.573289692401886,-0.1960526555776596,-0.050633665174245834,-0.028224289417266846,-0.1461503803730011,0.6184247732162476,0.2730926275253296,-0.03846459090709686,0.2351355254650116,0.4000000059604645,0.05000000074505806,-0.3100000023841858,0.49000000953674316,-0.20999999344348907,0.0,-0.4519784152507782,-0.06039568409323692,0.3328705132007599,0.5627697706222534,-0.24326618015766144,0.0,-2.2398629188537598,1.0073192119598389,7.769110202789307,4.1007890701293945,-10.05231761932373,-10.0777006149292,-1.5079160928726196,-0.688785970211029,2.2407846450805664,4.213871002197266,10.047019004821777,11.743882179260254,0.051803238689899445,0.022948823869228363,1.4638279676437378,0.125521719455719,0.0740380585193634,-0.3087802827358246,0.0,0.0,0.5,0.0,0.0,0.16799071431159973,0.0,0.9397107362747192,0.03171404451131821,0.0,0.0,0.0,0.0,1995.6470947265625,0.0
1.37,2.0444445610046387,0.27563805981548,0.961261494069724,1.0,0.0,0.0,1.0,0.4635584056377411,-0.11713474988937378,0.6420192718505859,0.048832766711711884,0.06033215671777725,-0.2226705551147461,0.6539795994758606,-0.07596176862716675,0.155950129032135,-0.3456795811653137,-0.4383124113082886,1.1197001934051514,-0.6409716010093689,-0.1559121310710907,3.018481731414795,0.6175417900085449,-0.3032212555408478,-0.07090582698583603,-0.059348683804273605,-0.17488564550876617,0.6496241092681885,0.35784658789634705,-0.04148118570446968,0.3158138692378998,0.4000000059604645,0.05000000074505806,-0.3100000023841858,0.49000000953674316,-0.20999999344348907,0.0,-0.46890950202941895,-0.06378190219402313,0.3403201699256897,0.5864733457565308,-0.25410208106040955,0.0,-4.103565216064453,-0.32769566774368286,7.1194586753845215,4.038082122802734,-10.038960456848145,-1.5007989406585693,-1.3506999015808105,-3.1659128665924072,1.8578500747680664,8.307669639587402,-9.909517288208008,1.6694506406784058,0.05526074767112732,0.027735598385334015,1.1604236364364624,-0.14047545194625854,0.06289934366941452,-0.32171890139579773,0.0,910.2050170898438,0.5,0.0,0.0,0.15501084923744202,0.0,0.9427446722984314,0.0814751610159874,0.0,0.0,0.0,0.0,1457.8609619140625,0.0
1.3800000000000001,2.055555820465088,0.3420217074207089,0.939692051500396,1.0,0.0,0.0,0.0,0.469965398311615,-0.1216394379734993,0.6425716280937195,0.04575412720441818,0.052976325154304504,-0.2168564796447754,0.6438541412353516,-0.11203993111848831,0.04381240904331207,-1.1160659790039062,-0.23068469762802124,0.20255795121192932,-0.6725742816925049,-0.16437195241451263,3.087677001953125,0.6159060597419739,-0.4192827343940735,0.06713548302650452,-0.08637432008981705,-0.21764136850833893,0.7058149576187134,0.4409681558609009,-0.11187297850847244,0.4142201244831085,0.4000000059604645,0.05000000074505806,-0.3100000023841858,0.49000000953674316,-0.20999999344348907,0.0,-0.4855055510997772,-0.06710111349821091,0.34762245416641235,0.609707772731781,-0.264723539352417,0.0,-4.125176906585693,-1.3264343738555908,6.940587043762207,-1.381717562675476,-10.126349449157715,10.265379905700684,-3.4599320888519287,-4.967772006988525,5.93864107131958,8.015679359436035,-4.669331073760986,10.027082443237305,0.05598708242177963,0.033846594393253326,-0.12556789815425873,0.7807608246803284,0.903834342956543,-0.5546073913574219,0.0,0.0,0.5,0.0,0.0,0.17156469821929932,0.0,0.9356685876846313,0.9212172031402588,0.0,0.0,0.0,0.0,1469.909423828125,0.0
1.3900000000000001,2.066666841506958,0.4067376466545243,0.9135450108199044,1.0,0.0,0.0,0.0,0.47617101669311523,-0.1263718605041504,0.6428591012954712,0.04371795803308487,0.044086869806051254,-0.21501636505126953,0.6581034064292908,-0.08564592152833939,0.04436195641756058,-0.8231249451637268,-0.2038508951663971,-0.22904635965824127,-0.6623489856719971,-0.17226319015026093,3.082411766052246,0.5404831171035767,-0.5460848808288574,0.22148525714874268,-0.09000905603170395,-0.23495200276374817,0.7531113028526306,0.42964017391204834,-0.228918194770813,0.2218506634235382,0.4000000059604645,0.05000000074505806,-0.3100000023841858,0.49000000953674316,-0.20999999344348907,0.0,-0.5016845464706421,-0.07033691555261612,0.3547412157058716,0.6323584318161011,-0.2750781178474426,0.0,1.3244686126708984,0.04100681468844414,-1.4656318426132202,-8.052227020263672,-10.273805618286133,10.3948392868042,-0.09134629368782043,-0.6190692186355591,6.1648406982421875,-3.145488977432251,-10.06283187866211,-10.72163200378418,0.05261922627687454,0.03330659866333008,-1.234205961227417,2.287065267562866,0.5898199081420898,-0.9293901324272156,0.0,0.0,0.5,0.0,0.0,0.21389229595661163,0.0,0.9373825192451477,0.9003925919532776,0.0,0.0,0.0,0.0,2585.245361328125,0.0
1.4000000000000001,2.077777862548828,0.4694720330721578,0.8829473428031224,1.0,0.0,1.0,0.0,0.48222118616104126,-0.13034941256046295,0.6426506042480469,0.04258213937282562,0.037151362746953964,-0.2163224220275879,0.6424420475959778,-0.08875158429145813,0.017722975462675095,-0.5249689221382141,-0.09371571987867355,-0.2569933831691742,-0.6353572607040405,-0.1792488843202591,3.009019374847412,0.4601094424724579,-0.6323531866073608,0.3600405752658844,-0.09539072215557098,-0.22499723732471466,0.7489064335823059,0.38785520195961,-0.3272397518157959,0.0482068806886673,0.4000000059604645,0.05000000074505806,-0.3100000023841858,0.49000000953674316,-0.20999999344348907,0.0,-0.5173680186271667,-0.07347360253334045,0.36164191365242004,0.654315173625946,-0.285115510225296,0.0,2.6784141063690186,-0.2914271950721741,-2.8157737255096436,-6.727741718292236,8.42005729675293,7.247132301330566,-0.7690409421920776,1.5323463678359985,-1.0630767345428467,-4.057467937469482,-9.751219749450684,-10.526029586791992,0.049246929585933685,0.03012080490589142,-0.1609078049659729,2.0888657569885254,0.2594035565853119,-0.8542358875274658,633.4221801757812,0.0,0.5,0.0,0.0,0.25670748949050903,0.0,0.9452241659164429,0.8762610554695129,0.0,0.0,0.0,0.0,2231.74755859375,0.0
1.41,2.0888891220092773,0.5299205064014169,0.8480473199623154,1.0,0.0,1.0,0.0,0.4876081347465515,-0.13387155532836914,0.643151044845581,0.043854694813489914,0.03351811692118645,-0.2150440216064453,0.6237479448318481,-0.16177856922149658,0.1318434178829193,-0.2162318378686905,0.28237247467041016,0.2596338391304016,-0.6079688668251038,-0.20127080380916595,2.9465038776397705,0.4098038375377655,-0.5659874677658081,0.4692433476448059,-0.10154972970485687,-0.20222947001457214,0.7155464291572571,0.33519232273101807,-0.3535095751285553,-0.1129067912697792,0.4000000059604645,0.05000000074505806,-0.3100000023841858,0.49000000953674316,-0.20999999344348907,0.0,-0.5324802398681641,-0.07649604976177216,0.36829131841659546,0.6754723191261292,-0.29478734731674194,0.0,2.9268925189971924,-2.837339162826538,-8.303942680358887,-3.8229565620422363,4.464949131011963,10.47797966003418,-0.8207942843437195,2.507418155670166,-3.061093330383301,-5.077057361602783,-1.794213891029358,-10.429547309875488,0.04858184605836868,0.027180306613445282,0.4174623191356659,1.7776511907577515,0.4871770143508911,-0.9953088760375977,536.86474609375,0.0,0.5,0.0,0.0,0.27275681495666504,0.0,0.9203771352767944,0.8738736510276794,0.0,0.0,0.0,0.0,2161.50830078125,0.0
1.42,2.1000001430511475,0.5877859794503563,0.8090164660633214,1.0,0.0,1.0,0.0,0.4929608702659607,-0.1371593326330185,0.6437562108039856,0.04531734436750412,0.031622160226106644,-0.2127552032470703,0.6276945471763611,-0.14624887704849243,0.06302399933338165,-0.1512870043516159,0.16134074330329895,0.27289873361587524,-0.5969335436820984,-0.218285471200943,2.900411367416382,0.38189002871513367,-0.52898770570755,0.5935091972351074,-0.09727442264556885,-0.17710962891578674,0.6727729439735413,0.27730053663253784,-0.2954837381839752,-0.265247642993927,0.4000000059604645,0.05000000074505806,-0.3100000023841858,0.49000000953674316,-0.20999999344348907,0.0,-0.54694664478302,-0.07938932627439499,0.3746565282344818,0.6957253217697144,-0.3040458559989929,0.0,0.980104923248291,-1.1281592845916748,-4.339236736297607,-2.5907933712005615,2.61000657081604,11.430564880371094,0.7662355899810791,2.265552043914795,-3.90830659866333,-5.226253986358643,5.42542028427124,-10.36961555480957,0.049398839473724365,0.02478697896003723,0.011848416179418564,1.1823525428771973,0.11973657459020615,-0.8192326426506042,61.46451950073242,0.0,0.5,0.0,0.0,0.270308256149292,0.0,0.9273824691772461,0.8616144061088562,0.0,0.0,0.0,0.0,1194.39013671875,0.0
1.43,2.1111111640930176,0.6427878646989728,0.766044229138067,1.0,0.0,0.0,0.0,0.4993850588798523,-0.14003494381904602,0.6434838175773621,0.043690912425518036,0.03120550513267517,-0.2083582878112793,0.6539044380187988,-0.12872186303138733,-0.036177609115839005,0.04590809717774391,-0.1671665906906128,0.6875700950622559,-0.627924382686615,-0.22402936220169067,2.9106826782226562,0.41323381662368774,-0.506535530090332,0.42910081148147583,-0.06962436437606812,-0.14334003627300262,0.6008481383323669,0.19975611567497253,-0.17436319589614868,-0.16046057641506195,0.4000000059604645,0.05000000074505806,-0.3100000023841858,0.49000000953674316,-0.20999999344348907,0.0,-0.5606971383094788,-0.08213943243026733,0.3807067275047302,0.7149760127067566,-0.3128461539745331,0.0,-2.4910130500793457,-0.6296753883361816,0.8715150952339172,3.5222132205963135,3.464881420135498,-10.466804504394531,3.260681629180908,3.4093918800354004,-7.377902984619141,-7.5604119300842285,10.151679039001465,10.027263641357422,0.050334423780441284,0.02154388278722763,1.0343329906463623,0.8453624844551086,-0.4410477876663208,-0.39920246601104736,0.0,0.0,0.5,0.0,0.0,0.26367634534835815,0.0,0.9226440191268921,0.3884832561016083,0.0,0.0,0.0,0.0,1627.7564697265625,0.0
1.44,2.122222423553467,0.6946592804243799,0.7193389215941836,1.0,0.0,0.0,0.0,0.505583643913269,-0.1418922245502472,0.6422049403190613,0.043671295046806335,0.03449441120028496,-0.20185470581054688,0.6560370922088623,-0.13423210382461548,-0.14233821630477905,0.510877251625061,0.0602903887629509,0.7771671414375305,-0.6454535722732544,-0.22545590996742249,2.925102710723877,0.454005628824234,-0.3859434723854065,0.30606868863105774,-0.061859194189310074,-0.11895040422677994,0.5600195527076721,0.17481547594070435,-0.0314280241727829,0.03157057613134384,0.4000000059604645,0.05000000074505806,-0.3100000023841858,0.49000000953674316,-0.20999999344348907,0.0,-0.5736649036407471,-0.08473297953605652,0.3864125609397888,0.7331308722496033,-0.32114553451538086,0.0,-1.1901733875274658,0.16263806819915771,1.4810106754302979,4.381380081176758,10.178778648376465,-10.17088794708252,0.6151543259620667,2.3230321407318115,-4.3526835441589355,-1.4256913661956787,10.315862655639648,10.672868728637695,0.05015495419502258,0.018512580543756485,1.3915624618530273,0.2138107419013977,-0.8303274512290955,-0.48478206992149353,0.0,0.0,0.5,0.0,0.0,0.247462198138237,0.0,0.9187588095664978,0.2988009750843048,0.0,0.0,0.0,0.0,1988.417236328125,0.0
1.45,2.133333683013916,0.7431462956277414,0.669128973587877,1.0,0.0,0.0,1.0,0.511849045753479,-0.14302632212638855,0.6403626799583435,0.04376861825585365,0.04057507961988449,-0.19321441650390625,0.6490247249603271,-0.13205944001674652,-0.12622806429862976,0.5365106463432312,-0.005877628922462463,1.0533479452133179,-0.653873085975647,-0.22157423198223114,2.9409303665161133,0.49551984667778015,-0.271516889333725,0.18622829020023346,-0.06148349493741989,-0.11081234365701675,0.5490981936454773,0.19341102242469788,-0.026728613302111626,0.11213093996047974,0.4000000059604645,0.05000000074505806,-0.3100000023841858,0.49000000953674316,-0.20999999344348907,0.0,-0.5857865810394287,-0.08715732395648956,0.3917461037635803,0.7501012086868286,-0.3289034068584442,0.0,-0.5172944068908691,0.41905370354652405,1.5963548421859741,4.339382171630859,10.114725112915039,-10.140121459960938,0.6697290539741516,0.3148452639579773,-0.7393112778663635,2.003330707550049,-5.358707904815674,1.9884785413742065,0.049615278840065,0.016492880880832672,1.5850416421890259,-0.031170129776000977,-0.9706069231033325,-0.0559963695704937,0.0,582.8405151367188,0.5,0.0,0.0,0.22460874915122986,0.0,0.9237663149833679,0.10870866477489471,0.0,0.0,0.0,0.0,1013.3668823242188,0.0
1.46,2.144444704055786,0.788011757864156,0.6156601899325982,1.0,0.0,0.0,1.0,0.5184269547462463,-0.14407509565353394,0.6390146017074585,0.04192739725112915,0.04619843140244484,-0.18429136276245117,0.6176641583442688,-0.10562878102064133,-0.0807293951511383,0.5309156775474548,-0.28040358424186707,0.9600698351860046,-0.6631513833999634,-0.2077113538980484,2.991299867630005,0.5418771505355835,-0.2536821961402893,0.05851059779524803,-0.0702863410115242,-0.11359395831823349,0.5522809624671936,0.23998653888702393,-0.09410909563302994,0.16128461062908173,0.4000000059604645,0.05000000074505806,-0.3100000023841858,0.49000000953674316,-0.20999999344348907,0.0,-0.5970029830932617,-0.08940060436725616,0.3966813087463379,0.7658041715621948,-0.33608192205429077,0.0,-0.6062724590301514,1.7540905475616455,5.506157398223877,4.225817680358887,0.07148484140634537,-10.192618370056152,-1.0432966947555542,-0.3569386303424835,0.314588338136673,5.131068706512451,-6.193120002746582,5.8443074226379395,0.04960893839597702,0.016283389180898666,1.7297366857528687,-0.0001602964330231771,-0.7727002501487732,-0.121473029255867,0.0,544.57763671875,0.5,0.0,0.0,0.20748300850391388,0.0,0.9512250423431396,0.1582675725221634,0.0,0.0,0.0,0.0,1317.982421875,0.0
1.47,2.1555557250976562,0.8290381682428841,0.5591920203261875,1.0,0.0,0.0,1.0,0.5248169302940369,-0.14533504843711853,0.6380158066749573,0.03927458077669144,0.05008774250745773,-0.17548227310180664,0.5815137028694153,-0.09686584025621414,-0.052865609526634216,0.19406895339488983,-0.2829291522502899,0.9017942547798157,-0.6702930331230164,-0.19656722247600555,3.0397326946258545,0.5892370343208313,-0.3588179051876068,-0.024376019835472107,-0.10128869116306305,-0.12675750255584717,0.5711483955383301,0.31888073682785034,-0.1589473932981491,0.25569748878479004,0.4000000059604645,0.05000000074505806,-0.3100000023841858,0.49000000953674316,-0.20999999344348907,0.0,-0.6072596311569214,-0.09145192801952362,0.4011942148208618,0.7801634669303894,-0.34264612197875977,0.0,-0.96309494972229,0.7179099321365356,4.618651866912842,4.331727981567383,-10.038756370544434,-6.367560863494873,-3.315185308456421,-1.7120712995529175,0.9125105738639832,7.760092735290527,-1.3499853610992432,6.082668781280518,0.050183676183223724,0.018065322190523148,1.6101343631744385,0.13018657267093658,-0.47141802310943604,-0.17043526470661163,0.0,583.4708862304688,0.5,0.0,0.0,0.19462433457374573,0.0,0.9684533476829529,0.19662325084209442,0.0,0.0,0.0,0.0,1153.834716796875,0.0
1.48,2.1666669845581055,0.8660264024681193,0.4999982702251348,1.0,0.0,0.0,1.0,0.5307588577270508,-0.14807647466659546,0.6373512148857117,0.03635995835065842,0.047472644597291946,-0.16897916793823242,0.5595898032188416,-0.0866384208202362,-0.02189214713871479,-0.6507009863853455,-0.3214644491672516,0.5251110196113586,-0.68327796459198,-0.19839350879192352,3.085165023803711,0.6136200428009033,-0.44908589124679565,-0.00889989361166954,-0.14788874983787537,-0.15650084614753723,0.5894343852996826,0.4104176461696625,-0.14554603397846222,0.33545318245887756,0.4000000059604645,0.05000000074505806,-0.3100000023841858,0.49000000953674316,-0.20999999344348907,0.0,-0.6165066361427307,-0.09330132603645325,0.40526291728019714,0.7931092977523804,-0.3485642075538635,0.0,-2.197193145751953,-0.738508403301239,4.510087490081787,1.6888059377670288,-7.634156227111816,1.0807701349258423,-4.445527076721191,-3.163057565689087,1.2792329788208008,8.247371673583984,4.760421276092529,9.89010238647461,0.05036742985248566,0.022360175848007202,0.947137176990509,0.4032805562019348,-0.005168634466826916,-0.2343204915523529,0.0,493.252197265625,0.5,0.0,0.0,0.20139044523239136,0.0,0.9781284332275391,0.5760947465896606,0.0,0.0,0.0,0.0,1665.538818359375,0.0
1.49,2.1777780055999756,0.898794673804223,0.43836986021071334,1.0,0.0,0.0,0.0,0.536150336265564,-0.15220420062541962,0.6365227103233337,0.0348348468542099,0.039056889712810516,-0.16895723342895508,0.5645444393157959,-0.1071648895740509,-0.10063488781452179,-1.0069242715835571,-0.07855004072189331,-0.518922746181488,-0.6800863146781921,-0.2055218517780304,3.1122496128082275,0.5761559009552002,-0.5738049745559692,0.15972580015659332,-0.18010926246643066,-0.1931305080652237,0.6539233326911926,0.46131235361099243,-0.2602274417877197,0.1610909253358841,0.4000000059604645,0.05000000074505806,-0.3100000023841858,0.49000000953674316,-0.20999999344348907,0.0,-0.6246986985206604,-0.09493973851203918,0.40886741876602173,0.8045781850814819,-0.35380715131759644,0.0,-0.1785689890384674,-0.5341860055923462,2.563408136367798,-4.987404823303223,-10.236297607421875,10.501173973083496,-3.2500414848327637,-3.6437432765960693,8.16344928741455,3.863586902618408,-10.076892852783203,-10.539191246032715,0.04722752422094345,0.024768725037574768,-0.5401958227157593,1.8164387941360474,0.5581601858139038,-1.0113012790679932,0.0,0.0,0.5,0.0,0.0,0.23871587216854095,0.0,0.9691842198371887,0.5835870504379272,0.0,0.0,0.0,0.0,2408.275390625,0.0
1.5,2.1888890266418457,0.9271841787986933,0.37460579091278423,1.0,0.0,1.0,0.0,0.5416873693466187,-0.15600791573524475,0.6359777450561523,0.033269599080085754,0.032337285578250885,-0.16911840438842773,0.5695315003395081,-0.1381843537092209,0.03228333219885826,-0.36777347326278687,-0.06686264276504517,0.13424383103847504,-0.6523926258087158,-0.21523945033550262,3.0784432888031006,0.5059794783592224,-0.5543626546859741,0.26194557547569275,-0.17655086517333984,-0.19195351004600525,0.6649933457374573,0.41446027159690857,-0.3557291328907013,-0.016263196244835854,0.4000000059604645,0.05000000074505806,-0.3100000023841858,0.49000000953674316,-0.20999999344348907,0.0,-0.63179612159729,-0.09635922312736511,0.41199028491973877,0.8145145177841187,-0.3583495020866394,0.0,3.5227773189544678,-1.389672040939331,-5.014336109161377,-6.448106288909912,5.367218494415283,9.214694023132324,0.7960465550422668,1.113619327545166,1.081888198852539,-5.901744365692139,-10.01345443725586,-10.559293746948242,0.043151117861270905,0.021397732198238373,-0.04068077355623245,2.188939332962036,0.35511502623558044,-0.6031006574630737,583.7589111328125,0.0,0.5,0.0,0.0,0.28754228353500366,0.0,0.9532680511474609,0.9645990133285522,0.0,0.0,0.0,0.0,2083.20703125,0.0
1.51,2.200000286102295,0.9510570717929909,0.3090152847231701,1.0,0.0,1.0,1.0,0.5464015007019043,-0.1593383550643921,0.6364134550094604,0.03439212590456009,0.029657641425728798,-0.16509485244750977,0.5409624576568604,-0.20659539103507996,0.11353641003370285,-0.21085864305496216,0.14207370579242706,0.41982245445251465,-0.6115524768829346,-0.24231421947479248,3.0059049129486084,0.45003753900527954,-0.49229371547698975,0.399796724319458,-0.1766699105501175,-0.17655953764915466,0.6444516777992249,0.3590163290500641,-0.3711797595024109,-0.17074128985404968,0.4000000059604645,0.05000000074505806,-0.3100000023841858,0.49000000953674316,-0.20999999344348907,0.0,-0.6377642750740051,-0.09755285084247589,0.41461628675460815,0.8228700160980225,-0.3621691167354584,0.0,2.895766258239746,-2.5333776473999023,-6.640129089355469,-4.832853317260742,7.949923515319824,10.680835723876953,-0.12264470756053925,1.3906348943710327,-2.9947104454040527,-4.294517993927002,6.197597980499268,-11.407527923583984,0.04185252636671066,0.018611714243888855,0.15999986231327057,1.3628971576690674,0.5541645884513855,-0.6905988454818726,807.0729370117188,100.202880859375,0.5,0.0,0.0,0.30846095085144043,0.0,0.915102481842041,0.7029273509979248,0.0,0.0,0.0,0.0,2566.16162109375,0.0
1.52,2.211111307144165,0.9702960242533635,0.24192070047459083,1.0,0.0,0.0,1.0,0.5508130788803101,-0.1629735380411148,0.6373983025550842,0.036234140396118164,0.02763129398226738,-0.15811681747436523,0.5337938070297241,-0.23914876580238342,0.12258841097354889,-0.24921825528144836,0.3323322534561157,0.8763272762298584,-0.5928319096565247,-0.27065250277519226,2.946530818939209,0.4220712184906006,-0.45080307126045227,0.5107331871986389,-0.16726700961589813,-0.15643392503261566,0.6010760068893433,0.2953144311904907,-0.27084633708000183,-0.30575206875801086,0.4000000059604645,0.05000000074505806,-0.3100000023841858,0.49000000953674316,-0.20999999344348907,0.0,-0.6425740122795105,-0.09851481020450592,0.4167325794696808,0.8296036720275879,-0.36524736881256104,0.0,2.6650421619415283,-3.482804298400879,-8.418181419372559,-2.642932891845703,-3.4100160598754883,13.502812385559082,0.9216530323028564,2.0764029026031494,-5.074517726898193,-6.144066333770752,9.153739929199219,-9.751200675964355,0.043030135333538055,0.016778461635112762,0.23305460810661316,1.1712912321090698,0.5112656950950623,-0.7277367115020752,0.0,145.04248046875,0.5,0.0,0.0,0.3058024048805237,0.0,0.8898802995681763,0.21526208519935608,0.0,0.0,0.0,0.0,2008.21728515625,0.0
1.53,2.222222328186035,0.9848078686252573,0.1736475219914698,1.0,0.0,0.0,0.0,0.5555518865585327,-0.16693486273288727,0.6377513408660889,0.037122227251529694,0.02466101385653019,-0.14863061904907227,0.5539299845695496,-0.23457691073417664,0.0103598078712821,-0.3466189205646515,0.19587010145187378,1.0825070142745972,-0.6219052076339722,-0.298197478055954,2.927896022796631,0.44878870248794556,-0.4203285276889801,0.3965306580066681,-0.14077888429164886,-0.12897847592830658,0.5351067781448364,0.21345527470111847,-0.1667793095111847,-0.20168845355510712,0.4000000059604645,0.05000000074505806,-0.3100000023841858,0.49000000953674316,-0.20999999344348907,0.0,-0.6462019681930542,-0.09924039244651794,0.4183288812637329,0.8346827626228333,-0.3675692677497864,0.0,-2.9342572689056396,-3.2237632274627686,-2.210481643676758,3.16835355758667,4.583373069763184,-10.087274551391602,2.635671854019165,2.70732045173645,-6.634945869445801,-8.015067100524902,9.928583145141602,10.023163795471191,0.04514267295598984,0.014463014900684357,0.8738174438476562,1.0483391284942627,0.10355124622583389,-0.5012506246566772,0.0,0.0,0.5,0.0,0.0,0.29296231269836426,0.0,0.8905914425849915,0.09597736597061157,0.0,0.0,0.0,0.0,791.1353759765625,0.0
1.54,2.2333335876464844,0.9945220623926851,0.10452687412431212,1.0,0.0,0.0,0.0,0.5600661039352417,-0.1697217971086502,0.6371662616729736,0.03962067514657974,0.025877978652715683,-0.1372694969177246,0.5600262880325317,-0.2257247269153595,-0.07205420732498169,0.38559430837631226,0.292911171913147,1.3301833868026733,-0.6327956318855286,-0.31046101450920105,2.931605339050293,0.4787197411060333,-0.3063531517982483,0.24757348001003265,-0.12680375576019287,-0.1014288142323494,0.48494184017181396,0.1665785312652588,-0.028576873242855072,-0.027065586298704147,0.4000000059604645,0.05000000074505806,-0.3100000023841858,0.49000000953674316,-0.20999999344348907,0.0,-0.6486304998397827,-0.099726103246212,0.41939741373062134,0.8380827307701111,-0.36912351846694946,0.0,0.20382621884346008,-0.22247719764709473,0.8550524115562439,3.171640396118164,10.140738487243652,-10.35901165008545,1.587961196899414,2.9406702518463135,-5.185708522796631,-3.817095994949341,10.288412094116211,10.540412902832031,0.0459170937538147,0.011949867010116577,1.232928991317749,0.28099432587623596,-0.6285925507545471,-0.6365289092063904,0.0,0.0,0.5,0.0,0.0,0.2708101272583008,0.0,0.8966321349143982,0.029048871248960495,0.0,0.0,0.0,0.0,1872.4599609375,0.0
1.55,2.2444446086883545,0.9993908630339691,0.034898465356212265,1.0,0.0,0.0,1.0,0.5644530057907104,-0.17146407067775726,0.6359765529632568,0.04274315759539604,0.03091845102608204,-0.12524652481079102,0.5392041802406311,-0.2243724763393402,-0.07352636009454727,0.44499748945236206,0.3361283838748932,1.2377989292144775,-0.6361985802650452,-0.30909639596939087,2.944331645965576,0.5138829946517944,-0.19337810575962067,0.1548735499382019,-0.13306039571762085,-0.09262537211179733,0.48046737909317017,0.1847943365573883,-0.04085737466812134,0.07620448619127274,0.4000000059604645,0.05000000074505806,-0.3100000023841858,0.49000000953674316,-0.20999999344348907,0.0,-0.6498477458953857,-0.0999695435166359,0.4199329912662506,0.8397867679595947,-0.36990252137184143,0.0,-0.33344659209251404,0.31434476375579834,1.1979478597640991,3.930854558944702,10.09708309173584,-7.857264041900635,-0.5293366312980652,0.26724159717559814,-0.923801064491272,2.2614879608154297,-5.559672832489014,3.518202543258667,0.04613769054412842,0.010372988879680634,1.0793081521987915,-0.032953303307294846,-0.9307327270507812,-0.08172616362571716,0.0,588.4747924804688,0.5,0.0,0.0,0.24077445268630981,0.0,0.9014416933059692,0.046686865389347076,0.0,0.0,0.0,0.0,960.2965698242188,0.0
1.56,2.2555558681488037,0.9993907584717193,-0.03490145958727216,1.0,0.0,0.0,1.0,0.5689979791641235,-0.172859787940979,0.6353263854980469,0.04449186846613884,0.03619545325636864,-0.11415529251098633,0.5072657465934753,-0.1918279230594635,-0.012731251306831837,0.4998418688774109,0.08696293085813522,1.0842353105545044,-0.635193407535553,-0.29558178782463074,2.9704842567443848,0.5478964447975159,-0.17595839500427246,0.026695270091295242,-0.1459120810031891,-0.09374251961708069,0.47740116715431213,0.22025717794895172,-0.0869700089097023,0.099916473031044,0.4000000059604645,0.05000000074505806,-0.3100000023841858,0.49000000953674316,-0.20999999344348907,0.0,-0.6496954560279846,-0.09993909299373627,0.41986599564552307,0.8395736217498779,-0.36980509757995605,0.0,0.384449303150177,1.8641737699508667,3.088524103164673,2.95027756690979,0.07981901615858078,-10.196098327636719,-1.3541525602340698,-0.14285732805728912,-0.3010025918483734,3.8550093173980713,-3.888465404510498,2.303563117980957,0.046455495059490204,0.01019991934299469,0.9923507571220398,-0.0011938008246943355,-0.7998099327087402,-0.051570311188697815,0.0,511.0622863769531,0.5,0.0,0.0,0.21934348344802856,0.0,0.9289489388465881,0.09526123106479645,0.0,0.0,0.0,0.0,818.6881713867188,0.0
1.57,2.266666889190674,0.9945217492198297,-0.10452985376785903,1.0,0.0,0.0,1.0,0.5734398365020752,-0.17421244084835052,0.6349946856498718,0.045185718685388565,0.04036197066307068,-0.10587167739868164,0.4634524881839752,-0.17292317748069763,0.016313476487994194,0.2610348165035248,0.024738391861319542,0.7717543244361877,-0.6412428617477417,-0.2780960202217102,3.0107219219207764,0.5933951735496521,-0.2802760899066925,-0.08175769448280334,-0.18601450324058533,-0.10627513378858566,0.49233078956604004,0.29432910680770874,-0.11977571249008179,0.14000582695007324,0.4000000059604645,0.05000000074505806,-0.3100000023841858,0.49000000953674316,-0.20999999344348907,0.0,-0.6472684144973755,-0.09945367276668549,0.4187980890274048,0.8361757397651672,-0.3682517409324646,0.0,-0.6315682530403137,1.673929214477539,3.8878777027130127,4.410571575164795,-10.029959678649902,-10.046915054321289,-4.57892370223999,-1.9631876945495605,1.3401579856872559,7.906126976013184,4.054226398468018,0.034804459661245346,0.047611601650714874,0.01201765239238739,1.083324670791626,0.06886163353919983,-0.8328080177307129,0.011651228182017803,0.0,606.9998779296875,0.5,0.0,0.0,0.20106272399425507,0.0,0.9394353628158569,0.3038535416126251,0.0,0.0,0.0,0.0,961.1461791992188,0.0
1.58,2.277778148651123,0.984807348363098,-0.17365047253043578,1.0,0.0,0.0,1.0,0.5779088735580444,-0.1764698624610901,0.634984016418457,0.044253550469875336,0.03997420892119408,-0.10116386413574219,0.43776097893714905,-0.15257136523723602,0.02679121121764183,-0.3384297788143158,-0.19390033185482025,0.2535962760448456,-0.6443638801574707,-0.26439234614372253,3.057605028152466,0.6093287467956543,-0.39049816131591797,0.028290364891290665,-0.23425666987895966,-0.12914757430553436,0.5227935314178467,0.38448965549468994,-0.1555214524269104,0.22861731052398682,0.4000000059604645,0.05000000074505806,-0.3100000023841858,0.49000000953674316,-0.20999999344348907,0.0,-0.642461359500885,-0.09849226474761963,0.41668298840522766,0.8294458389282227,-0.3651752471923828,0.0,-1.1488010883331299,0.981512188911438,4.7157793045043945,0.5934481620788574,-10.068192481994629,10.057184219360352,-4.284469127655029,-2.4566991329193115,2.6108076572418213,8.275136947631836,-1.4025640487670898,10.297931671142578,0.04800962656736374,0.016174033284187317,0.20099112391471863,0.10840977728366852,-0.37088799476623535,-0.18559564650058746,0.0,392.42376708984375,0.5,0.0,0.0,0.20183585584163666,0.0,0.9471446871757507,0.8793061375617981,0.0,0.0,0.0,0.0,1633.286865234375,0.0
1.59,2.288889169692993,0.970295299440988,-0.2419236075349487,1.0,0.0,0.0,0.0,0.5824611783027649,-0.17986443638801575,0.6346269845962524,0.0427013635635376,0.034903641790151596,-0.1043863296508789,0.4492465555667877,-0.16761228442192078,-0.05286538600921631,-0.5915195345878601,-0.14843881130218506,-0.8733367323875427,-0.6443010568618774,-0.2569561302661896,3.085890293121338,0.5751081705093384,-0.5132429599761963,0.19783589243888855,-0.25640037655830383,-0.15672969818115234,0.5920946002006531,0.42001742124557495,-0.26973092555999756,0.04317634925246239,0.4000000059604645,0.05000000074505806,-0.3100000023841858,0.49000000953674316,-0.20999999344348907,0.0,-0.6353681683540344,-0.09707362949848175,0.41356199979782104,0.8195154666900635,-0.3606356084346771,0.0,-0.676899254322052,0.7019283771514893,2.4581825733184814,-4.377007484436035,-10.230396270751953,10.507707595825195,-2.1071927547454834,-2.61083722114563,8.565774917602539,2.0528862476348877,-10.104243278503418,-10.631528854370117,0.04565481096506119,0.01798924058675766,-0.882035493850708,1.6360607147216797,0.21461926400661469,-0.8967403173446655,0.0,0.0,0.5,0.0,0.0,0.22710543870925903,0.0,0.9405038356781006,0.2175265997648239,0.0,0.0,0.0,0.0,2285.1103515625,0.0
1.6,2.3000001907348633,0.951056145961555,-0.30901813414224355,1.0,0.0,1.0,0.0,0.5872178077697754,-0.1832093447446823,0.634157657623291,0.04037770628929138,0.030370179563760757,-0.10949897766113281,0.44943922758102417,-0.2037034034729004,0.0382038876414299,-0.21797801554203033,-0.2377830147743225,-0.4013587534427643,-0.6202229857444763,-0.2596583664417267,3.0502703189849854,0.510962724685669,-0.5485559701919556,0.32967665791511536,-0.2514919340610504,-0.1571606546640396,0.6049205660820007,0.38416922092437744,-0.3286367952823639,-0.1279565691947937,0.4000000059604645,0.05000000074505806,-0.3100000023841858,0.49000000953674316,-0.20999999344348907,0.0,-0.6261268258094788,-0.09522536396980286,0.4094958007335663,0.8065775632858276,-0.35472115874290466,0.0,2.5003182888031006,-0.9440898895263672,-3.050384521484375,-5.205634117126465,9.244587898254395,8.038360595703125,0.9407786130905151,0.6956403851509094,0.8156750202178955,-4.045913219451904,-5.330143928527832,-10.516993522644043,0.041948966681957245,0.01584659516811371,0.20064812898635864,1.5550673007965088,0.30941325426101685,-0.6233245730400085,619.7149047851562,0.0,0.5,0.0,0.0,0.266509473323822,0.0,0.9156666398048401,0.7245694398880005,0.0,0.0,0.0,0.0,2081.161376953125,0.0
1.61,2.3111114501953125,0.9271830564545201,-0.37460856880703364,1.0,0.0,1.0,1.0,0.5916181802749634,-0.18669214844703674,0.6347035765647888,0.0389007069170475,0.028208551928400993,-0.11028671264648438,0.4295574724674225,-0.2766568660736084,0.13182494044303894,-0.17451167106628418,-0.14214207231998444,0.08472134917974472,-0.5959867835044861,-0.2826070487499237,2.995695114135742,0.46744146943092346,-0.4987109899520874,0.45489487051963806,-0.24474042654037476,-0.14756831526756287,0.5788968801498413,0.34735196828842163,-0.2695090174674988,-0.2497459203004837,0.4000000059604645,0.05000000074505806,-0.3100000023841858,0.49000000953674316,-0.20999999344348907,0.0,-0.6149170398712158,-0.09298340231180191,0.4045634865760803,0.7908837795257568,-0.34754687547683716,0.0,1.7833836078643799,-2.523697853088379,-5.744879245758057,-3.5738577842712402,4.88556432723999,10.46218490600586,0.7455621957778931,0.8624895215034485,-2.795529365539551,-2.8203067779541016,2.84185791015625,-10.871810913085938,0.04168367385864258,0.01481524109840393,0.2870660424232483,0.8746323585510254,0.47094881534576416,-0.6075427532196045,650.8143310546875,121.08536529541016,0.5,0.0,0.0,0.28285807371139526,0.0,0.8495892286300659,0.9857471585273743,0.0,0.0,0.0,0.0,2014.5552978515625,0.0
1.62,2.3222224712371826,0.8987933604194404,-0.4383725530481234,1.0,0.0,1.0,1.0,0.5961146354675293,-0.19116944074630737,0.6355243921279907,0.03686807304620743,0.024177949875593185,-0.10724639892578125,0.44425708055496216,-0.2958638668060303,0.08204367011785507,-0.5747273564338684,-0.15328967571258545,0.42881664633750916,-0.6026924252510071,-0.3177890479564667,2.9472837448120117,0.45353373885154724,-0.4754609763622284,0.5717940330505371,-0.2193826287984848,-0.13262510299682617,0.5399547815322876,0.2798059582710266,-0.1573001593351364,-0.3280622363090515,0.4000000059604645,0.05000000074505806,-0.3100000023841858,0.49000000953674316,-0.20999999344348907,0.0,-0.6019572615623474,-0.09039145708084106,0.39886119961738586,0.7727401256561279,-0.33925265073776245,0.0,-0.9886111617088318,-3.4806065559387207,-4.046089172363281,-0.9445690512657166,1.395835280418396,10.483722686767578,2.4579262733459473,1.1922719478607178,-3.1972522735595703,-6.093018531799316,5.704613208770752,-9.907999038696289,0.04361938685178757,0.01341884583234787,0.4034719467163086,1.136269211769104,0.3537065386772156,-0.7645727396011353,170.4296417236328,52.24678421020508,0.5,0.0,0.0,0.28896260261535645,0.0,0.8341972231864929,0.6922782063484192,0.0,0.0,0.0,0.0,1137.719970703125,0.0
1.6300000000000001,2.3333334922790527,0.8660249044413024,-0.5000008648866849,1.0,0.0,0.0,0.0,0.6012367010116577,-0.19559350609779358,0.6356021165847778,0.03333773836493492,0.020356642082333565,-0.10051202774047852,0.4715992212295532,-0.27827346324920654,-0.009430879727005959,-0.272340327501297,-0.3201476037502289,0.9769371747970581,-0.6379179358482361,-0.3403702974319458,2.944256544113159,0.4817504286766052,-0.37534022331237793,0.4049954116344452,-0.1815231740474701,-0.10730616003274918,0.4847012460231781,0.1994909793138504,-0.04649911820888519,-0.18001817166805267,0.4000000059604645,0.05000000074505806,-0.3100000023841858,0.49000000953674316,-0.20999999344348907,0.0,-0.5874996185302734,-0.08749992400407791,0.3924998342990875,0.7524994611740112,-0.32999974489212036,0.0,-2.5065062046051025,-1.8679264783859253,-0.2547247111797333,3.333737373352051,10.149304389953613,-10.496217727661133,4.080685138702393,2.6901190280914307,-5.83290433883667,-7.892768383026123,10.08838176727295,10.34520149230957,0.04511319845914841,0.011295255273580551,1.3067759275436401,0.9094802737236023,-0.49366146326065063,-0.5673452019691467,0.0,0.0,0.5,0.0,0.0,0.3000340163707733,0.0,0.8551439642906189,0.1482563465833664,0.0,0.0,0.0,0.0,1514.5699462890625,0.0
1.6400000000000001,2.344444751739502,0.8290364928684297,-0.5591945041686426,1.0,0.0,0.0,1.0,0.6061753630638123,-0.19855432212352753,0.6349045038223267,0.03102773055434227,0.0217451099306345,-0.09049701690673828,0.46883416175842285,-0.26445886492729187,-0.044928811490535736,0.24918708205223083,-0.3008696734905243,1.242890477180481,-0.6373600363731384,-0.3410662114620209,2.9564621448516846,0.5013945698738098,-0.26066911220550537,0.28006190061569214,-0.16872276365756989,-0.0884806290268898,0.45226964354515076,0.18233148753643036,0.028614310547709465,-0.008223862387239933,0.4000000059604645,0.05000000074505806,-0.3100000023841858,0.49000000953674316,-0.20999999344348907,0.0,-0.5718252658843994,-0.08436505496501923,0.385603129863739,0.7305554151535034,-0.31996816396713257,0.0,0.011328436434268951,0.5584893822669983,1.9625388383865356,1.5653526782989502,10.131789207458496,-10.18899917602539,1.810567021369934,0.983583390712738,-2.340813636779785,0.6985231637954712,-8.600955963134766,9.977734565734863,0.044799745082855225,0.009601514786481857,1.1518633365631104,-0.08767372369766235,-0.5456892848014832,-0.1786319464445114,0.0,562.692626953125,0.5,0.0,0.0,0.30278533697128296,0.0,0.8677777647972107,0.04552226886153221,0.0,0.0,0.0,0.0,1699.220947265625,0.0
1.6500000000000001,2.355555772781372,0.7880099133080747,-0.6156625508573675,1.0,0.0,0.0,1.0,0.6112826466560364,-0.20056259632110596,0.6344204545021057,0.027932433411478996,0.025876076892018318,-0.07785320281982422,0.438326358795166,-0.23981986939907074,-0.0016538561321794987,0.4270976185798645,-0.33396610617637634,1.348071575164795,-0.6324793100357056,-0.3325248956680298,2.964099407196045,0.5217387676239014,-0.14600813388824463,0.15872074663639069,-0.16533058881759644,-0.08228771388530731,0.4366670250892639,0.20643143355846405,-0.04274292662739754,0.07654986530542374,0.4000000059604645,0.05000000074505806,-0.3100000023841858,0.49000000953674316,-0.20999999344348907,0.0,-0.555239737033844,-0.08104795217514038,0.37830549478530884,0.7073356509208679,-0.30935341119766235,0.0,0.7218983769416809,1.1757261753082275,0.7192067503929138,2.4924063682556152,10.115196228027344,-10.148932456970215,0.275893896818161,0.3152381181716919,-1.64865243434906,2.6772313117980957,-5.284602165222168,3.762449264526367,0.044614553451538086,0.00909331813454628,1.2728121280670166,-0.01993114873766899,-0.9815140962600708,-0.08206597715616226,0.0,556.0155639648438,0.5,0.0,0.0,0.29989784955978394,0.0,0.8845869898796082,0.026394648477435112,0.0,0.0,0.0,0.0,1109.144287109375,0.0
1.6600000000000001,2.366666793823242,0.7431442908763792,-0.669131200092959,1.0,0.0,0.0,1.0,0.6161832809448242,-0.20207928121089935,0.634344756603241,0.02441725879907608,0.030499927699565887,-0.06595182418823242,0.39772316813468933,-0.21026204526424408,0.027862662449479103,0.43634310364723206,-0.39671790599823,1.2227869033813477,-0.6248455047607422,-0.31564876437187195,2.9848616123199463,0.5555236339569092,-0.1674983948469162,0.03927058354020119,-0.18436123430728912,-0.0851682499051094,0.4349324405193329,0.2609027028083801,-0.09470336139202118,0.12550130486488342,0.4000000059604645,0.05000000074505806,-0.3100000023841858,0.49000000953674316,-0.20999999344348907,0.0,-0.5380656719207764,-0.07761313021183014,0.3707488775253296,0.6832919120788574,-0.29836201667785645,0.0,1.1380544900894165,2.0230624675750732,2.358504056930542,3.167144298553467,-3.0619800090789795,-10.129667282104492,-2.2298810482025146,-0.33182060718536377,-0.0796726867556572,5.951959133148193,-4.596512317657471,5.297194480895996,0.04491911083459854,0.010139234364032745,1.3716527223587036,0.0155072882771492,-0.9763983488082886,-0.09931134432554245,0.0,478.6778869628906,0.5,0.0,0.0,0.29283004999160767,0.0,0.8964243531227112,0.05026654526591301,0.0,0.0,0.0,0.0,1101.09228515625,0.0
1.67,2.3777780532836914,0.6946571252414081,-0.7193410028292164,1.0,0.0,0.0,1.0,0.6208458542823792,-0.20353254675865173,0.6345770359039307,0.020286500453948975,0.034055549651384354,-0.055405616760253906,0.3603670597076416,-0.18280962109565735,0.060837630182504654,0.23945999145507812,-0.49552005529403687,1.043971300125122,-0.6125874519348145,-0.29745933413505554,2.9990122318267822,0.588893711566925,-0.2730386257171631,-0.0705353245139122,-0.2251407355070114,-0.09713707864284515,0.4491886794567108,0.3442394733428955,-0.12652043998241425,0.18263466656208038,0.4000000059604645,0.05000000074505806,-0.3100000023841858,0.49000000953674316,-0.20999999344348907,0.0,-0.520637035369873,-0.07412740588188171,0.36308029294013977,0.6588918566703796,-0.287207692861557,0.0,0.9713608622550964,1.8184247016906738,1.3482372760772705,3.0595390796661377,-10.038382530212402,-10.054903030395508,-3.7857344150543213,-1.2753077745437622,2.1112799644470215,8.142613410949707,-2.703488826751709,8.075944900512695,0.04553774744272232,0.01330537348985672,1.2280102968215942,0.05987110361456871,-0.9523849487304688,-0.10775712132453918,0.0,481.64935302734375,0.5,0.0,0.0,0.2878133952617645,0.0,0.8995744585990906,0.1130695566534996,0.0,0.0,0.0,0.0,1377.725830078125,0.0
1.68,2.3888893127441406,0.6427855695845064,-0.7660461549632124,1.0,0.0,0.0,0.0,0.6256718039512634,-0.2057522088289261,0.6344625949859619,0.014704184606671333,0.03428655117750168,-0.050449371337890625,0.3485381305217743,-0.20689022541046143,-0.04875653609633446,-0.14246614277362823,-0.6103851199150085,0.16453436017036438,-0.6053023934364319,-0.28060340881347656,3.0289549827575684,0.5874046683311462,-0.38228487968444824,0.06350559741258621,-0.2655169665813446,-0.12264756113290787,0.5029997229576111,0.42547979950904846,-0.1246626079082489,0.22449542582035065,0.4000000059604645,0.05000000074505806,-0.3100000023841858,0.49000000953674316,-0.20999999344348907,0.0,-0.5032933354377747,-0.07065866142511368,0.35544905066490173,0.634610652923584,-0.2761077284812927,0.0,-0.35825830698013306,1.4407786130905151,3.015683650970459,-1.2926923036575317,-10.073317527770996,10.236903190612793,-4.078355312347412,-3.1422576904296875,5.812092304229736,8.012870788574219,1.1266297101974487,3.5081095695495605,0.04475528746843338,0.017241522669792175,-0.03662579879164696,0.5108771920204163,-0.3455120325088501,-0.21652013063430786,0.0,2.8779988288879395,0.5,0.0,0.0,0.30286088585853577,0.0,0.8767893314361572,0.9472965598106384,0.0,0.0,0.0,0.0,713.3694458007812,0.0
1.69,2.4000000953674316,0.5877847675202869,-0.8090173465823353,1.0,0.0,0.0,0.0,0.6307648420333862,-0.20854094624519348,0.633826494216919,0.008375824429094791,0.032471369951963425,-0.04917573928833008,0.36392730474472046,-0.20696066319942474,-0.0842001885175705,-0.20447471737861633,-0.6064597964286804,-0.20505067706108093,-0.5842854976654053,-0.27317503094673157,3.0078582763671875,0.5371379256248474,-0.5007928609848022,0.21733476221561432,-0.2664351761341095,-0.13878032565116882,0.5489433407783508,0.4183177351951599,-0.22981609404087067,0.029474155977368355,0.4000000059604645,0.05000000074505806,-0.3100000023841858,0.49000000953674316,-0.20999999344348907,0.0,-0.48637256026268005,-0.06727451086044312,0.34800392389297485,0.6109215617179871,-0.2652784287929535,0.0,1.676873803138733,0.661055862903595,-2.5688445568084717,-5.468733787536621,-10.18695068359375,10.390181541442871,0.23229429125785828,-1.1397379636764526,6.047618389129639,-2.595229148864746,-10.04903507232666,-10.732343673706055,0.040833912789821625,0.016326002776622772,-0.7224835157394409,2.230985641479492,0.0036494440864771605,-0.4619040787220001,0.0,0.0,0.5,0.0,0.0,0.34698736667633057,0.0,0.8845316171646118,0.9193471074104309,0.0,0.0,0.0,0.0,1996.6634521484375,0.0
1.7,2.411111354827881,0.5299179656015863,-0.8480489076301414,1.0,0.0,1.0,0.0,0.6357400417327881,-0.21152907609939575,0.6326661109924316,0.0023236272390931845,0.03027234598994255,-0.050856590270996094,0.3471267521381378,-0.2462228685617447,-0.10001910477876663,-0.15448375046253204,-0.5110352039337158,-0.10995446145534515,-0.5711361169815063,-0.2780962884426117,2.975304126739502,0.4878899157047272,-0.5067654252052307,0.34498998522758484,-0.26247456669807434,-0.14003922045230865,0.5635621547698975,0.3767697513103485,-0.2381155788898468,-0.14756278693675995,0.4000000059604645,0.05000000074505806,-0.3100000023841858,0.49000000953674316,-0.20999999344348907,0.0,-0.4702031910419464,-0.0640406385064125,0.3408893942832947,0.588284432888031,-0.2549300193786621,0.0,0.960381805896759,-1.468509554862976,-3.4765145778656006,-3.723742961883545,4.38995885848999,11.037527084350586,-0.0873807817697525,0.1935962289571762,1.1823962926864624,-3.8300833702087402,0.07223277539014816,-10.55490779876709,0.03758358210325241,0.01335795596241951,0.12897665798664093,2.0673956871032715,0.35052579641342163,-0.4665670394897461,487.0136413574219,0.0,0.5,0.0,0.0,0.3849445581436157,0.0,0.8453606963157654,0.97611004114151,0.0,0.0,0.0,0.0,1508.99462890625,0.0
1.71,2.42222261428833,0.4694693877101679,-0.8829487493637668,1.0,0.0,1.0,1.0,0.6402274966239929,-0.2154267579317093,0.6317188143730164,-0.002456188201904297,0.026928111910820007,-0.049994468688964844,0.34592437744140625,-0.3152098059654236,-0.05440742149949074,-0.431294709444046,-0.415242463350296,0.2354588657617569,-0.58428955078125,-0.30964043736457825,2.938772678375244,0.46974560618400574,-0.4530799984931946,0.4640269875526428,-0.26009401679039,-0.1370127946138382,0.5476721525192261,0.343901127576828,-0.16532298922538757,-0.25276002287864685,0.4000000059604645,0.05000000074505806,-0.3100000023841858,0.49000000953674316,-0.20999999344348907,0.0,-0.4551003873348236,-0.061020076274871826,0.33424416184425354,0.567140519618988,-0.2452642321586609,0.0,-1.9103866815567017,-3.51163911819458,-3.3707478046417236,-1.3176811933517456,5.688374996185303,10.915985107421875,0.471346914768219,0.18958143889904022,-1.9842544794082642,-2.5093445777893066,7.366227626800537,-10.113717079162598,0.03768939524888992,0.011597070842981339,0.263834148645401,1.094997763633728,0.5995431542396545,-0.6269434094429016,601.471435546875,150.68605041503906,0.5,0.0,0.0,0.3924066722393036,0.0,0.7817712426185608,0.8950445652008057,0.0,0.0,0.0,0.0,1511.717529296875,0.0
1.72,2.433333396911621,0.4067362781379609,-0.9135456201233079,1.0,0.0,0.0,1.0,0.6447988152503967,-0.21989980340003967,0.6306502223014832,-0.006924152374267578,0.021996529772877693,-0.04567527770996094,0.36912888288497925,-0.2973295748233795,-0.14328809082508087,-0.5316377282142639,-0.33989205956459045,0.5278106927871704,-0.6216980218887329,-0.34678807854652405,2.9041783809661865,0.4835997521877289,-0.43517905473709106,0.49226853251457214,-0.2326512485742569,-0.11836032569408417,0.5149144530296326,0.2647934854030609,-0.12231919169425964,-0.1351218968629837,0.4000000059604645,0.05000000074505806,-0.3100000023841858,0.49000000953674316,-0.20999999344348907,0.0,-0.4413584768772125,-0.05827169492840767,0.328197717666626,0.5479018688201904,-0.23646941781044006,0.0,-3.3768272399902344,-3.472386360168457,-3.4692959785461426,1.6833250522613525,1.527187466621399,2.1707396507263184,2.757847785949707,1.919901728630066,-3.047612428665161,-7.998890399932861,4.646950721740723,10.726616859436035,0.03862226754426956,0.008419319987297058,0.4594223201274872,1.5919228792190552,0.07829631865024567,-0.41450008749961853,0.0,43.07594299316406,0.5,0.0,0.0,0.3981539011001587,0.0,0.8097220659255981,0.5728288888931274,0.0,0.0,0.0,0.0,652.1103515625,0.0
1.73,2.4444446563720703,0.34201889204895325,-0.9396930762124442,1.0,0.0,0.0,0.0,0.6488155126571655,-0.22400514781475067,0.6286544799804688,-0.008672237396240234,0.018127577379345894,-0.04102468490600586,0.37557774782180786,-0.296774297952652,-0.24042856693267822,-0.2989387810230255,-0.04215884208679199,0.552024781703949,-0.6441469788551331,-0.36719194054603577,2.8892600536346436,0.5025281310081482,-0.32480987906455994,0.3507491648197174,-0.21896055340766907,-0.10300731658935547,0.49850940704345703,0.20773765444755554,-0.01646963693201542,0.02786613255739212,0.4000000059604645,0.05000000074505806,-0.3100000023841858,0.49000000953674316,-0.20999999344348907,0.0,-0.42924419045448303,-0.05584883689880371,0.3228674530982971,0.5309418439865112,-0.22871626913547516,0.0,-1.1110455989837646,-1.5172873735427856,-1.0454115867614746,2.1060585975646973,10.126810073852539,-10.306435585021973,1.123558759689331,1.4097346067428589,-1.9621639251708984,-5.135527610778809,10.037694931030273,10.450651168823242,0.03755573928356171,0.005554713308811188,1.0242620706558228,1.1096266508102417,-0.4943868815898895,-0.44925838708877563,0.0,0.0,0.5,0.0,0.0,0.4100585877895355,0.0,0.8129287958145142,0.5436428785324097,0.0,0.0,0.0,0.0,1011.7000732421875,0.0
1.74,2.4555559158325195,0.27563517982075963,-0.9612623198925347,1.0,0.0,0.0,1.0,0.6523051261901855,-0.2277171015739441,0.6265459656715393,-0.008542060852050781,0.015575836412608624,-0.03468608856201172,0.3578129708766937,-0.2797190845012665,-0.1617307960987091,-0.2271842658519745,0.03081556409597397,0.712731122970581,-0.6418995261192322,-0.37600594758987427,2.873847484588623,0.5243796110153198,-0.21639856696128845,0.22457285225391388,-0.21491719782352448,-0.1085226982831955,0.4827069342136383,0.21051371097564697,-0.005036807619035244,0.028622839599847794,0.4000000059604645,0.05000000074505806,-0.3100000023841858,0.49000000953674316,-0.20999999344348907,0.0,-0.41899368166923523,-0.05379873886704445,0.3183572292327881,0.5165911912918091,-0.22215595841407776,0.0,1.0044773817062378,-0.3934394419193268,-1.3701682090759277,2.402771234512329,10.07300090789795,-10.183320999145508,0.9298132658004761,-0.986699104309082,-1.6125942468643188,0.3991353511810303,-0.008401736617088318,-4.708273410797119,0.035336725413799286,0.00387631356716156,1.2272006273269653,-0.009526100941002369,-1.107742428779602,0.048124972730875015,0.0,615.306640625,0.5,0.0,0.0,0.4268587827682495,0.0,0.8212565183639526,0.3620506227016449,0.0,0.0,0.0,0.0,706.4864501953125,0.0
1.75,2.4666666984558105,0.2079114954454077,-0.9781476422614607,1.0,0.0,0.0,1.0,0.6555195450782776,-0.23080284893512726,0.6252000331878662,-0.008286476135253906,0.014049428515136242,-0.028408050537109375,0.3235849440097809,-0.24219873547554016,-0.11455849558115005,-0.08569053560495377,-0.04749877005815506,0.6533250212669373,-0.6210591197013855,-0.37137237191200256,2.859229326248169,0.5413868427276611,-0.10931333154439926,0.09083093702793121,-0.22026409208774567,-0.1205788180232048,0.47759824991226196,0.23400071263313293,-0.018763625994324684,0.009092194959521294,0.4000000059604645,0.05000000074505806,-0.3100000023841858,0.49000000953674316,-0.20999999344348907,0.0,-0.4108067452907562,-0.05216134712100029,0.3147549629211426,0.5051293969154358,-0.2169162929058075,0.0,2.3053784370422363,1.0116865634918213,-1.0384267568588257,1.6097784042358398,10.049304008483887,-10.237548828125,-0.6294013857841492,-0.8243160843849182,-0.1416195034980774,2.782783269882202,-4.879971981048584,2.853677272796631,0.03287190943956375,0.0034416764974594116,1.1773017644882202,-0.020017320290207863,-1.3414859771728516,-0.05041364207863808,0.0,434.2720947265625,0.5,0.0,0.0,0.4462357759475708,0.0,0.8356336355209351,0.42585042119026184,0.0,0.0,0.0,0.0,792.362060546875,0.0
1.76,2.4777779579162598,0.13917198013153648,-0.9902682262631003,1.0,0.0,0.0,1.0,0.6584877371788025,-0.2334943264722824,0.6241614818572998,-0.008532047271728516,0.012798082083463669,-0.02423238754272461,0.27873024344444275,-0.2148650884628296,-0.08982629328966141,-0.12654727697372437,-0.08660043776035309,0.352438360452652,-0.5992294549942017,-0.3567473590373993,2.8570940494537354,0.5606569647789001,-0.10767204314470291,-0.03939549997448921,-0.2475719302892685,-0.13945333659648895,0.48782384395599365,0.288428395986557,-0.03623240813612938,0.01057644933462143,0.4000000059604645,0.05000000074505806,-0.3100000023841858,0.49000000953674316,-0.20999999344348907,0.0,-0.40484219789505005,-0.050968438386917114,0.31213057041168213,0.49677908420562744,-0.21309898793697357,0.0,2.218963861465454,1.8144985437393188,0.16527681052684784,1.6849194765090942,-0.8425639867782593,-10.208867073059082,-3.2587056159973145,-1.934707760810852,1.5165669918060303,6.392409801483154,-3.363647937774658,3.2109861373901367,0.030523672699928284,0.004473760724067688,1.0305588245391846,0.013360756449401379,-1.3467092514038086,-0.04802403971552849,0.0,450.1959533691406,0.5,0.0,0.0,0.4649573564529419,0.0,0.8267486095428467,0.7800279259681702,0.0,0.0,0.0,0.0,861.779052734375,0.0
1.77,2.488889217376709,0.06975441482180983,-0.9975641942315626,1.0,1.0,0.0,1.0,0.6609569191932678,-0.23621463775634766,0.6229797601699829,-0.008151054382324219,0.010695578530430794,-0.024437904357910156,0.255273699760437,-0.2075691968202591,-0.13696953654289246,-0.288124680519104,0.04110761731863022,-0.25922691822052,-0.5718786716461182,-0.3376607298851013,2.8690497875213623,0.5696002244949341,-0.22101503610610962,0.06833852082490921,-0.2940690219402313,-0.1673150360584259,0.5135258436203003,0.36777380108833313,-0.048950087279081345,0.031002866104245186,0.4000000059604645,0.05000000074505806,-0.3100000023841858,0.49000000953674316,-0.20999999344348907,0.0,-0.4000000059604645,-0.05000000074505806,0.3100000023841858,0.49000000953674316,-0.20999999344348907,0.0,2.4459378719329834,1.9816570281982422,1.2074133157730103,0.27385249733924866,-10.099283218383789,10.04213809967041,-4.709097385406494,-3.096007823944092,2.923072576522827,7.905940055847168,0.012599661946296692,1.1357147693634033,0.027835987508296967,0.00707581639289856,0.3943215012550354,0.1019308865070343,-1.2643327713012695,-0.0517282597720623,0.0,241.78257751464844,0.5,0.0,0.0,0.7016713619232178,0.0,0.813872218132019,0.8742427825927734,0.0,0.0,0.0,0.0,404.34710693359375,0.0
1.78,2.500000238418579,-1.4980281133869106e-06,-0.999999999998878,1.0,1.0,0.0,1.0,0.6639664173126221,-0.23887160420417786,0.6216108798980713,-0.009659290313720703,0.008457786403596401,-0.026259899139404297,0.2680961489677429,-0.19786684215068817,-0.1599137932062149,-0.19700472056865692,-0.2079228162765503,-0.3657003343105316,-0.5327995419502258,-0.31856414675712585,2.849097490310669,0.5377774834632874,-0.33477118611335754,0.2141404151916504,-0.296720027923584,-0.18178315460681915,0.546006977558136,0.3673907518386841,-0.1269690841436386,-0.14334698021411896,0.4000000059604645,0.05000000074505806,-0.3100000023841858,0.49000000953674316,-0.20999999344348907,0.0,-0.4000000059604645,-0.05000000074505806,0.3100000023841858,0.49000000953674316,-0.20999999344348907,0.0,3.262982130050659,1.7836467027664185,-2.338615894317627,-3.947514772415161,-10.139695167541504,10.330869674682617,0.083371102809906,-1.0658825635910034,3.090186834335327,-0.4877133071422577,5.4961748123168945,-7.863231182098389,0.02301514893770218,0.006449978798627853,-0.3985768258571625,0.6957356333732605,-0.5891290307044983,-0.3381727337837219,0.0,375.8226623535156,0.5,0.0,0.0,0.7527032494544983,0.0,0.8303887248039246,0.7653107047080994,0.0,0.0,0.0,0.0,1372.430419921875,0.0
1.79,2.5111114978790283,-0.06975889795872785,-0.9975638807392656,1.0,1.0,1.0,1.0,0.6671807169914246,-0.24186758697032928,0.6204291582107544,-0.012033939361572266,0.005874797701835632,-0.028706073760986328,0.2688467800617218,-0.2576009929180145,-0.05638989061117172,-0.2400272935628891,-0.145651713013649,-0.04821304976940155,-0.522588312625885,-0.3176110088825226,2.8371288776397705,0.5052731037139893,-0.29406577348709106,0.28269875049591064,-0.29271095991134644,-0.18697205185890198,0.543363630771637,0.3602440059185028,-0.05006350949406624,-0.18818669021129608,0.4000000059604645,0.05000000074505806,-0.3100000023841858,0.49000000953674316,-0.20999999344348907,0.0,-0.4000000059604645,-0.05000000074505806,0.3100000023841858,0.49000000953674316,-0.20999999344348907,0.0,0.352702260017395,-0.8025921583175659,-0.6013635396957397,-2.640470504760742,7.948552131652832,7.491490840911865,0.63637375831604,-0.6099834442138672,-0.36441823840141296,0.02458139881491661,0.42583799362182617,0.14104485511779785,0.019949674606323242,0.005617767572402954,0.025767803192138672,0.14985795319080353,0.17859065532684326,-0.10143079608678818,522.1983032226562,324.89581298828125,0.5,0.0,0.0,0.7776286602020264,0.0,0.7869582176208496,0.9953618049621582,0.0,0.0,0.0,0.0,655.2706298828125,0.0
1.8,2.5222225189208984,-0.13917494703019556,-0.9902678092915784,0.0,1.0,1.0,1.0,0.6700628995895386,-0.24546682834625244,0.620429277420044,-0.013074874877929688,0.0027175091672688723,-0.026973247528076172,0.2744239568710327,-0.28867068886756897,0.033411893993616104,-0.30497899651527405,-0.07076407968997955,0.29272109270095825,-0.5267863273620605,-0.3339231312274933,2.828899621963501,0.49153387546539307,-0.23951664566993713,0.3759397566318512,-0.2778591215610504,-0.184734508395195,0.5278348922729492,0.33887624740600586,-0.06075549125671387,-0.19115568697452545,0.3652060627937317,0.04304121062159538,-0.29469066858291626,0.44128847122192383,-0.18773186206817627,0.0,-0.4000000059604645,-0.05000000074505806,0.3100000023841858,0.49000000953674316,-0.20999999344348907,0.0,-1.1153318881988525,-1.748407244682312,-0.14498555660247803,-0.6888337731361389,6.256800651550293,6.70635461807251,1.9946297407150269,0.4057901203632355,-1.3375858068466187,-3.2090930938720703,-6.1236114501953125,-10.220770835876465,0.02006933093070984,0.005193933844566345,0.13880544900894165,0.640745997428894,0.19275398552417755,-0.4174101650714874,586.3232421875,55.79419708251953,0.5,0.0,0.0,0.6790183782577515,0.0,0.7645784616470337,0.8425087332725525,0.0,0.0,0.0,0.0,847.3950805664062,0.0
1.81,2.5333335399627686,-0.20791296073784096,-0.9781473308030979,0.0,1.0,0.0,1.0,0.673210859298706,-0.2492767721414566,0.6205738186836243,-0.01424264907836914,-0.0012607574462890625,-0.020397186279296875,0.29929816722869873,-0.27143821120262146,-0.009793618693947792,-0.5327063202857971,-0.09660091996192932,0.845241129398346,-0.5464768409729004,-0.35423070192337036,2.8018789291381836,0.5117738842964172,-0.24571825563907623,0.29478833079338074,-0.24494750797748566,-0.16835209727287292,0.509192705154419,0.27425360679626465,-0.05741618946194649,-0.0247097946703434,0.3480217456817627,0.039604347199201584,-0.28712958097457886,0.41723042726516724,-0.17673391103744507,0.0,-0.4000000059604645,-0.05000000074505806,0.3100000023841858,0.49000000953674316,-0.20999999344348907,0.0,-1.962174415588379,-2.2222416400909424,-2.947606086730957,2.362663745880127,-0.007053658366203308,-6.006291389465332,3.2679266929626465,0.9520792961120605,-3.215963840484619,-5.936790466308594,17.625877380371094,6.412208080291748,0.020974867045879364,0.0033875256776809692,0.3689391314983368,0.2555810511112213,-0.46131595969200134,-0.20887112617492676,0.0,822.6856689453125,0.5,0.0,0.0,0.6193590760231018,0.0,0.7961880564689636,0.2395806908607483,0.0,0.0,0.0,0.0,752.34423828125,0.0
1.82,2.5444447994232178,-0.27563949981191366,-0.9612610811550826,0.0,1.0,0.0,1.0,0.6759282350540161,-0.253318190574646,0.6205748319625854,-0.013549327850341797,-0.006222248077392578,-0.011036872863769531,0.28842616081237793,-0.26873481273651123,0.0025812273379415274,-0.5197607278823853,0.12149279564619064,1.0259287357330322,-0.5326639413833618,-0.3607260286808014,2.768214464187622,0.5100818872451782,-0.14259150624275208,0.1655532866716385,-0.23498275876045227,-0.17341263592243195,0.491404265165329,0.2651822865009308,-0.0225233044475317,0.004024210385978222,0.33108997344970703,0.03621799126267433,-0.2796795964241028,0.39352595806121826,-0.16589757800102234,0.0,-0.4000000059604645,-0.05000000074505806,0.3100000023841858,0.49000000953674316,-0.20999999344348907,0.0,1.9712289571762085,-0.4630524516105652,-3.044269323348999,0.04273366555571556,10.030516624450684,-10.21397876739502,1.3894249200820923,-0.9685906767845154,-2.2367794513702393,-0.8141167759895325,0.3731943368911743,-3.912417411804199,0.019674241542816162,0.0038644373416900635,0.6499927043914795,-0.032529279589653015,-0.8583968281745911,0.031145090237259865,0.0,519.3800048828125,0.5,0.0,0.0,0.6266711950302124,0.0,0.7913904786109924,0.12183840572834015,0.0,0.0,0.0,0.0,435.6807556152344,0.0
1.83,2.555555820465088,-0.3420217074207105,-0.9396920515003955,0.0,1.0,0.0,1.0,0.6782907843589783,-0.2570779025554657,0.6207128763198853,-0.011918067932128906,-0.010931015014648438,-0.0012187957763671875,0.2645547091960907,-0.24319221079349518,0.016632920131087303,-0.41855505108833313,0.1552468091249466,1.0156545639038086,-0.5210450291633606,-0.36392590403556824,2.745304584503174,0.5279932022094727,-0.05733232572674751,0.048800431191921234,-0.23136554658412933,-0.18292805552482605,0.47575607895851135,0.26634645462036133,-0.008422649465501308,0.004850041586905718,0.31449437141418457,0.03289887309074402,-0.27237752079963684,0.37029212713241577,-0.15527638792991638,0.0,-0.4000000059604645,-0.05000000074505806,0.3100000023841858,0.49000000953674316,-0.20999999344348907,0.0,1.3712108135223389,-0.09275902807712555,-2.2761118412017822,2.1990084648132324,7.369962692260742,-10.106592178344727,0.09269899129867554,-0.9903907179832458,-1.4196900129318237,0.46675312519073486,1.5120192766189575,-0.13798418641090393,0.019054867327213287,0.004908345639705658,0.844356894493103,0.026917846873402596,-1.3284344673156738,0.0017548400210216641,0.0,441.439453125,0.5,0.0,0.0,0.6416586637496948,0.0,0.7952061891555786,0.12705840170383453,0.0,0.0,0.0,0.0,219.89414978027344,0.0
1.84,2.566666841506958,-0.4067376466545258,-0.9135450108199037,0.0,1.0,0.0,1.0,0.6805188059806824,-0.26024070382118225,0.6209043264389038,-0.010690689086914062,-0.014305591583251953,0.0067806546576321125,0.23814475536346436,-0.22438108921051025,0.010058117099106312,-0.3230489492416382,0.03258892521262169,0.7109207510948181,-0.5023013353347778,-0.35521557927131653,2.7271952629089355,0.5417559742927551,-0.04606747627258301,-0.06846661865711212,-0.24005088210105896,-0.19369368255138397,0.472200483083725,0.2882523536682129,-0.03057526797056198,0.0368521623313427,0.2983153462409973,0.029663071036338806,-0.2652587592601776,0.3476415276527405,-0.14492182433605194,0.0,-0.4000000059604645,-0.05000000074505806,0.3100000023841858,0.49000000953674316,-0.20999999344348907,0.0,1.766565203666687,1.3055070638656616,-1.404049038887024,1.0195149183273315,-0.2166280448436737,-10.1145658493042,-0.7746915817260742,-1.3332222700119019,-0.5816489458084106,2.235391616821289,-0.1906604766845703,-0.7544041872024536,0.018061086535453796,0.006392478942871094,0.5733017921447754,0.000984788523055613,-1.3309910297393799,0.007607623469084501,0.0,471.5070495605469,0.5,0.0,0.0,0.6682682037353516,0.0,0.7883366942405701,0.3639216721057892,0.0,0.0,0.0,0.0,218.96051025390625,0.0
1.85,2.5777781009674072,-0.4694733557515736,-0.8829466395198275,0.0,1.0,0.0,1.0,0.6829937100410461,-0.2631109952926636,0.6211168766021729,-0.011600971221923828,-0.017478466033935547,0.011951171793043613,0.20504440367221832,-0.19421999156475067,0.018189212307333946,-0.30866459012031555,-0.2659798562526703,0.4567182660102844,-0.49024543166160583,-0.33693766593933105,2.7181556224823,0.554673969745636,-0.14133436977863312,-0.17535656690597534,-0.2576022148132324,-0.20876485109329224,0.4740805923938751,0.3265067934989929,-0.036984093487262726,0.0687166154384613,0.2826317250728607,0.026526344940066338,-0.258357971906662,0.32568442821502686,-0.1348842978477478,0.0,-0.4000000059604645,-0.05000000074505806,0.3100000023841858,0.49000000953674316,-0.20999999344348907,0.0,0.8773745894432068,2.2251129150390625,-0.8300803303718567,0.9986145496368408,-9.785776138305664,-10.033693313598633,-1.6181720495224,-1.3093304634094238,0.4141234755516052,4.150533199310303,-3.0616981983184814,6.771994590759277,0.0169137604534626,0.008678771555423737,0.3175120949745178,0.01578095369040966,-1.4800044298171997,-0.07728901505470276,0.0,366.4953918457031,0.5,0.0,0.0,0.7205003499984741,0.0,0.7792367339134216,0.6589002013206482,0.0,0.0,0.0,0.0,620.5776977539062,0.0
1.86,2.5888891220092773,-0.5299205064014166,-0.8480473199623155,0.0,1.0,0.0,1.0,0.6855270862579346,-0.2658635973930359,0.6210266351699829,-0.013966083526611328,-0.020482540130615234,0.012565039098262787,0.1798330545425415,-0.19827352464199066,-0.05245380848646164,-0.29993873834609985,-0.29466572403907776,-0.17834237217903137,-0.46971362829208374,-0.30718138813972473,2.726020336151123,0.5377641916275024,-0.24491643905639648,-0.045991770923137665,-0.28480610251426697,-0.23418232798576355,0.5043277144432068,0.3840264678001404,-0.010363608598709106,0.06352492421865463,0.26751989126205444,0.023503979668021202,-0.2517087459564209,0.3045278787612915,-0.12521272897720337,0.0,-0.4000000059604645,-0.05000000074505806,0.3100000023841858,0.49000000953674316,-0.20999999344348907,0.0,1.761952519416809,3.2007734775543213,0.8799582719802856,-2.4180407524108887,-10.017501831054688,10.199078559875488,-2.9073033332824707,-2.8328797817230225,3.2385387420654297,6.020621299743652,4.4202880859375,-1.0686028003692627,0.014063127338886261,0.011865537613630295,-0.34018442034721375,0.11270739883184433,-1.2932279109954834,-0.12611228227615356,0.0,129.3548126220703,0.5,0.0,0.0,0.7643195390701294,0.0,0.7530388236045837,0.9383689761161804,0.0,0.0,0.0,0.0,494.0516357421875,0.0
1.87,2.6000001430511475,-0.5877859794503562,-0.8090164660633216,0.0,1.0,1.0,0.0,0.6883291006088257,-0.2685684859752655,0.6206961870193481,-0.01721811294555664,-0.023073196411132812,0.013088075444102287,0.19001056253910065,-0.22768469154834747,-0.03670099377632141,-0.16216853260993958,-0.19122739136219025,0.14923474192619324,-0.44325461983680725,-0.2877269387245178,2.7210211753845215,0.49671247601509094,-0.2615290582180023,0.0986938551068306,-0.2805899679660797,-0.24854494631290436,0.5428280234336853,0.3767092525959015,-0.09943898767232895,-0.11759302765130997,0.2530534863471985,0.02061069943010807,-0.24534353613853455,0.2842749059200287,-0.11595423519611359,0.0,-0.4000000059604645,-0.05000000074505806,0.3100000023841858,0.49000000953674316,-0.20999999344348907,0.0,2.3871920108795166,0.16248339414596558,-1.0210597515106201,-3.7272872924804688,5.947711944580078,10.646615982055664,0.6530370712280273,-0.8309857249259949,5.395474433898926,-2.148252248764038,-10.053877830505371,-10.591252326965332,0.010448537766933441,0.012083306908607483,0.049331456422805786,1.3775564432144165,0.01798439957201481,-0.3748830258846283,392.3293762207031,0.0,0.5,0.0,0.0,0.7163969278335571,0.0,0.7438859343528748,0.9564353823661804,0.0,0.0,0.0,0.0,1517.747802734375,0.0
1.8800000000000001,2.6111114025115967,-0.6427890122540417,-0.7660432662229161,0.0,1.0,1.0,0.0,0.6909195184707642,-0.2709104120731354,0.6205071210861206,-0.02009105682373047,-0.02290821075439453,0.01433909498155117,0.1716241091489792,-0.2539719343185425,-0.013945198617875576,0.22892513871192932,-0.30160436034202576,0.10137547552585602,-0.43579617142677307,-0.2893070876598358,2.720235586166382,0.47402432560920715,-0.20484253764152527,0.19552457332611084,-0.2741049826145172,-0.24677790701389313,0.5649452805519104,0.3454810678958893,-0.04676862433552742,-0.2643425762653351,0.2393026351928711,0.017860524356365204,-0.2392931580543518,0.26502370834350586,-0.10715367645025253,0.0,-0.4000000059604645,-0.05000000074505806,0.3100000023841858,0.49000000953674316,-0.20999999344348907,0.0,0.4757128655910492,0.0036870092153549194,0.04069272056221962,-1.9017826318740845,6.306236267089844,8.802847862243652,0.27952370047569275,0.6602978110313416,2.216646432876587,-2.8135569095611572,6.002723217010498,-10.329559326171875,0.009454727172851562,0.011017292737960815,0.08848989009857178,1.1811728477478027,0.11846955120563507,-0.5223311185836792,461.85760498046875,0.0,0.5,0.0,0.0,0.7469978332519531,0.0,0.7084577083587646,0.9796558022499084,0.0,0.0,0.0,0.0,1040.4404296875,0.0
1.8900000000000001,2.622222423553467,-0.6946592804243797,-0.7193389215941837,0.0,1.0,1.0,1.0,0.6935924291610718,-0.2729782462120056,0.6206188797950745,-0.023538589477539062,-0.020914554595947266,0.01715598627924919,0.17321962118148804,-0.27409082651138306,0.017727093771100044,0.15735962986946106,-0.3472036123275757,0.41116824746131897,-0.44047749042510986,-0.2907730042934418,2.722353935241699,0.4622997045516968,-0.1612337827682495,0.2423350214958191,-0.267137736082077,-0.23747138679027557,0.5669989585876465,0.3218924403190613,-0.0452851802110672,-0.2680271863937378,0.2263350486755371,0.015267007052898407,-0.23358741402626038,0.2468690723180771,-0.0988544225692749,0.0,-0.4000000059604645,-0.05000000074505806,0.3100000023841858,0.49000000953674316,-0.20999999344348907,0.0,-0.5329862236976624,-0.33928221464157104,0.09031791985034943,-0.9790834784507751,3.613034963607788,4.761765003204346,1.1164391040802002,0.7993186712265015,-0.6112614870071411,-1.9200503826141357,0.32908564805984497,1.2069628238677979,0.009636789560317993,0.010089386254549026,0.033005133271217346,0.47696277499198914,0.11893195658922195,-0.18156015872955322,301.1382751464844,160.67337036132812,0.5,0.0,0.0,0.7406104803085327,0.0,0.6950145959854126,0.7131106853485107,0.0,0.0,0.0,0.0,320.07073974609375,0.0
1.9000000000000001,2.633333444595337,-0.743145293252893,-0.66913008684117,0.0,1.0,1.0,1.0,0.696575403213501,-0.275168240070343,0.6205757260322571,-0.027523040771484375,-0.01939535140991211,0.023583870381116867,0.1897645890712738,-0.26485762000083923,-0.042854923754930496,0.18347540497779846,-0.4089268147945404,0.7487057447433472,-0.4613642692565918,-0.3013330399990082,2.716701030731201,0.47632622718811035,-0.16456519067287445,0.27003559470176697,-0.24131731688976288,-0.21769610047340393,0.5595539212226868,0.2664499878883362,-0.06399595737457275,-0.1292843371629715,0.2142135202884674,0.012842703610658646,-0.22825394570827484,0.22989892959594727,-0.09109664708375931,0.0,-0.4000000059604645,-0.05000000074505806,0.3100000023841858,0.49000000953674316,-0.20999999344348907,0.0,-1.9775807857513428,-1.1037993431091309,-0.7982040643692017,1.5623276233673096,-0.3114204704761505,2.3833203315734863,2.40336275100708,1.8940023183822632,-0.8979230523109436,-5.168554782867432,2.505563497543335,9.6861572265625,0.010931834578514099,0.007968738675117493,0.15586216747760773,0.7641635537147522,-0.04679315164685249,-0.06362996250391006,59.36387634277344,89.14076232910156,0.5,0.0,0.0,0.6402797698974609,0.0,0.7169199585914612,0.3259143829345703,0.0,0.0,0.0,0.0,432.9236145019531,0.0
1.9100000000000001,2.644444704055786,-0.7880117578641548,-0.6156601899325996,0.0,1.0,0.0,0.0,0.6990728378295898,-0.27707430720329285,0.6196761131286621,-0.029671669006347656,-0.016765594482421875,0.0317002534866333,0.17609275877475739,-0.26758795976638794,-0.14428776502609253,0.32490500807762146,-0.20362024009227753,0.8509563207626343,-0.4634346663951874,-0.3112647235393524,2.67596697807312,0.48696357011795044,-0.14863650500774384,0.13471923768520355,-0.23322740197181702,-0.20343349874019623,0.5546332597732544,0.24225904047489166,-0.005910929758101702,0.0035418712068349123,0.2029971182346344,0.010599423199892044,-0.22331872582435608,0.21419596672058105,-0.08391815423965454,0.0,-0.4000000059604645,-0.05000000074505806,0.3100000023841858,0.49000000953674316,-0.20999999344348907,0.0,0.12364083528518677,-0.8554869294166565,-3.7262346744537354,1.138309359550476,1.4673151969909668,-10.247969627380371,0.5717957019805908,1.2891011238098145,-0.8709786534309387,-1.8023812770843506,6.294547080993652,10.243289947509766,0.011017009615898132,0.005924753844738007,0.4119011163711548,0.33929139375686646,-0.08090588450431824,-0.15862859785556793,0.0,0.0,0.5,0.0,0.0,0.5965381860733032,0.0,0.7025502324104309,0.23498038947582245,0.0,0.0,0.0,0.0,469.89764404296875,0.0
1.92,2.6555559635162354,-0.8290390059273214,-0.5591907784030766,0.0,1.0,0.0,1.0,0.7014365792274475,-0.2788121700286865,0.618171751499176,-0.03171825408935547,-0.013439655303955078,0.039372142404317856,0.15905839204788208,-0.26492616534233093,-0.1392688900232315,0.31814679503440857,-0.2092619687318802,0.7622648477554321,-0.4666826128959656,-0.31581300497055054,2.6529154777526855,0.5020174384117126,-0.08234577625989914,0.020268891006708145,-0.23336011171340942,-0.20277167856693268,0.5461206436157227,0.25176098942756653,0.022117512300610542,0.013856761157512665,0.19274021685123444,0.008548043668270111,-0.2188057005405426,0.19983631372451782,-0.07735373079776764,0.0,-0.4000000059604645,-0.05000000074505806,0.3100000023841858,0.49000000953674316,-0.20999999344348907,0.0,-0.16331776976585388,-0.32557275891304016,-2.153874397277832,1.6971904039382935,6.559309959411621,-10.099207878112793,0.22533158957958221,-0.6272969245910645,-1.0984132289886475,1.5809097290039062,-1.1674306392669678,-7.838635444641113,0.01071159541606903,0.004218898713588715,0.6004514098167419,-0.0647772029042244,-0.4379538297653198,0.07557131350040436,0.0,611.77392578125,0.5,0.0,0.0,0.5878301858901978,0.0,0.6887657046318054,0.31283000111579895,0.0,0.0,0.0,0.0,484.25909423828125,0.0
1.93,2.6666669845581055,-0.86602640246812,-0.4999982702251334,0.0,1.0,0.0,1.0,0.703362226486206,-0.28065767884254456,0.6168711185455322,-0.03266572952270508,-0.011392593383789062,0.045621659606695175,0.14633621275424957,-0.23605872690677643,-0.13286489248275757,0.1270052194595337,-0.04059950262308121,0.5138642191886902,-0.46686965227127075,-0.3188368082046509,2.633946657180786,0.5237942337989807,-0.13854321837425232,-0.09375031292438507,-0.23677079379558563,-0.20854362845420837,0.5421451330184937,0.2686639130115509,0.01269708015024662,-0.0074394880793988705,0.18349336087703705,0.006698671728372574,-0.21473708748817444,0.18689072132110596,-0.07143574953079224,0.0,-0.4000000059604645,-0.05000000074505806,0.3100000023841858,0.49000000953674316,-0.20999999344348907,0.0,0.12470339983701706,-0.28511470556259155,-1.6255604028701782,1.9105466604232788,-6.234128475189209,-10.088330268859863,-0.6314364671707153,-0.7356080412864685,-0.40620121359825134,1.9125031232833862,-0.6692637801170349,-1.9034481048583984,0.010638054460287094,0.0032696612179279327,0.47321417927742004,-0.007900030352175236,-0.35767027735710144,0.013291312381625175,0.0,391.7537536621094,0.5,0.0,0.0,0.5991368293762207,0.0,0.6965583562850952,0.5897167921066284,0.0,0.0,0.0,0.0,197.6831817626953,0.0
1.94,2.6777780055999756,-0.8987946738042236,-0.43836986021071184,0.0,1.0,1.0,1.0,0.7047709226608276,-0.2824436128139496,0.6158016920089722,-0.03229999542236328,-0.00958108901977539,0.048661280423402786,0.13134567439556122,-0.23599740862846375,-0.09128941595554352,0.2227897197008133,0.061507612466812134,0.20021943747997284,-0.4540334939956665,-0.3152289390563965,2.622605085372925,0.5184068083763123,-0.13940918445587158,-0.10950852930545807,-0.2502458393573761,-0.21773608028888702,0.5456162095069885,0.2965056300163269,-0.0006932021933607757,-0.01645282283425331,0.17530126869678497,0.005060251802206039,-0.21113255620002747,0.17542177438735962,-0.06619280576705933,0.0,-0.4000000059604645,-0.05000000074505806,0.3100000023841858,0.49000000953674316,-0.20999999344348907,0.0,0.970414936542511,-0.002431044355034828,-1.0554108619689941,-0.8891250491142273,0.5755106210708618,3.3959290981292725,-1.5105446577072144,-0.8742194175720215,0.4712647795677185,2.8906967639923096,-1.3496371507644653,-0.1328449845314026,0.00939244031906128,0.003074243664741516,-0.0006698562065139413,-0.0043451981619000435,0.007958599366247654,-0.009403820149600506,259.384033203125,306.6421813964844,0.5,0.0,0.0,0.6355568170547485,0.0,0.6816754937171936,0.922954261302948,0.0,0.0,0.0,0.0,95.27406311035156,0.0
1.95,2.688889265060425,-0.9271847399676594,-0.3746044019643973,0.0,1.0,0.0,1.0,0.7060791254043579,-0.28424033522605896,0.6146721839904785,-0.03185749053955078,-0.007760524749755859,0.04780158773064613,0.12735696136951447,-0.22584973275661469,-0.13708926737308502,0.16665571928024292,0.06324730068445206,-0.27334386110305786,-0.45413368940353394,-0.312473326921463,2.6281816959381104,0.5160267949104309,-0.1653425097465515,-0.010116539895534515,-0.2619651257991791,-0.2302662432193756,0.5669584274291992,0.320089191198349,-0.002867333358153701,-0.02903154492378235,0.1682037115097046,0.0036407411098480225,-0.20800963044166565,0.1654852032661438,-0.061650365591049194,0.0,-0.4000000059604645,-0.05000000074505806,0.3100000023841858,0.49000000953674316,-0.20999999344348907,0.0,-0.11732534319162369,0.5218013525009155,0.34753507375717163,-0.2793116271495819,-2.261306047439575,8.84587574005127,-1.1306082010269165,-1.3811935186386108,2.1148056983947754,2.0057473182678223,3.144930839538574,-3.2838785648345947,0.008419990539550781,0.002940729260444641,-0.2124042510986328,0.1070920005440712,-0.3332252502441406,0.04649824649095535,0.0,206.0776824951172,0.5,0.0,0.0,0.6800574064254761,0.0,0.6840379238128662,0.8611955046653748,0.0,0.0,0.0,0.0,135.5172882080078,0.0
1.96,2.700000286102295,-0.9510570717929909,-0.3090152847231702,0.0,1.0,1.0,1.0,0.7072540521621704,-0.2857631742954254,0.6131837964057922,-0.031235218048095703,-0.005107879638671875,0.04530330374836922,0.1147473156452179,-0.22340792417526245,-0.14067214727401733,0.2189353108406067,0.11148019134998322,-0.3246696889400482,-0.435925155878067,-0.3037601411342621,2.6152737140655518,0.4924529790878296,-0.1908831000328064,0.10480184853076935,-0.26764151453971863,-0.23901662230491638,0.5840944051742554,0.3296543061733246,-0.0020050997845828533,-0.13168847560882568,0.16223563253879547,0.002447124570608139,-0.20538368821144104,0.15712988376617432,-0.057830795645713806,0.0,-0.4000000059604645,-0.05000000074505806,0.3100000023841858,0.49000000953674316,-0.20999999344348907,0.0,2.062755823135376,0.4887358844280243,-0.6978896856307983,-2.510763645172119,4.421140193939209,10.07616901397705,-1.2820996046066284,-0.7800680994987488,0.9717468023300171,2.281597375869751,-1.363549828529358,1.2801456451416016,0.005905028432607651,0.0019583702087402344,-0.030267953872680664,0.006650544237345457,0.03948385268449783,-0.025638846680521965,140.6564178466797,555.146240234375,0.5,0.0,0.0,0.7078609466552734,0.0,0.6725617051124573,0.8099192380905151,0.0,0.0,0.0,0.0,460.81329345703125,0.0
1.97,2.711111307144165,-0.9702960242533635,-0.24192070047459094,0.0,1.0,1.0,1.0,0.7080298662185669,-0.2879420220851898,0.6122376918792725,-0.029030799865722656,-0.0046138763427734375,0.0411389023065567,0.13011442124843597,-0.2354958951473236,-0.0561961904168129,-0.026698898524045944,0.38386332988739014,-0.43823832273483276,-0.43540239334106445,-0.3073994517326355,2.625757932662964,0.48501071333885193,-0.14367477595806122,0.16181190311908722,-0.2770850360393524,-0.24892118573188782,0.5921490788459778,0.3449561297893524,-0.006621863692998886,-0.13445889949798584,0.15742602944374084,0.0014852061867713928,-0.20326745510101318,0.1503964364528656,-0.0547526478767395,0.0,-0.4000000059604645,-0.05000000074505806,0.3100000023841858,0.49000000953674316,-0.20999999344348907,0.0,-0.2559221684932709,-0.4821808338165283,1.3439019918441772,-0.19668854773044586,3.2087903022766113,2.4950618743896484,-0.9992231130599976,-1.1127760410308838,0.812452495098114,1.2689743041992188,-0.40296611189842224,-1.4039578437805176,0.005093023180961609,0.0019178912043571472,0.01106075756251812,-0.006707904394716024,0.05930689349770546,0.008155973628163338,304.549072265625,396.5994567871094,0.5,0.0,0.0,0.7620344161987305,0.0,0.6807587146759033,0.6810594797134399,0.0,0.0,0.0,0.0,272.0596008300781,0.0
1.98,2.7222225666046143,-0.9848081287530219,-0.17364604672140274,0.0,1.0,1.0,1.0,0.7086659669876099,-0.28999173641204834,0.6117703914642334,-0.026014328002929688,-0.0036935806274414062,0.038616228848695755,0.13169656693935394,-0.22939614951610565,-0.0502469576895237,0.14421391487121582,0.2733842134475708,-0.21567121148109436,-0.4303364157676697,-0.3088832497596741,2.6263623237609863,0.47815701365470886,-0.1214376762509346,0.1737954020500183,-0.27258819341659546,-0.2485874742269516,0.6013126373291016,0.3281857669353485,-0.011935852468013763,-0.0989486426115036,0.1537979692220688,0.0007595941424369812,-0.20167110860347748,0.1453171670436859,-0.052430689334869385,0.0,-0.4000000059604645,-0.05000000074505806,0.3100000023841858,0.49000000953674316,-0.20999999344348907,0.0,0.5429514646530151,3.887433558702469e-05,-0.05259566009044647,-0.6621297597885132,1.6241710186004639,0.47250089049339294,0.5688602328300476,0.31964656710624695,0.5454387068748474,-1.6402283906936646,1.817879319190979,1.8028866052627563,0.004655003547668457,0.0009557008743286133,-0.0036057517863810062,0.06385409086942673,0.01582370512187481,-0.06258118152618408,158.33456420898438,99.39930725097656,0.5,0.0,0.0,0.7565269470214844,0.0,0.6862316727638245,0.9111678600311279,0.0,0.0,0.0,0.0,89.14830017089844,0.0
1.99,2.7333335876464844,-0.9945220623926853,-0.10452687412431225,0.0,1.0,1.0,1.0,0.7098739743232727,-0.2921222150325775,0.6112349629402161,-0.025243759155273438,-0.0034842491149902344,0.036306001245975494,0.1302376091480255,-0.21347787976264954,-0.0552644357085228,-0.054851554334163666,-0.019341815263032913,-0.282595694065094,-0.4439253807067871,-0.3152729272842407,2.612044095993042,0.48507794737815857,-0.05778256058692932,0.09450651705265045,-0.2604621648788452,-0.24654901027679443,0.5964042544364929,0.30864426493644714,0.007776902988553047,-0.096601203083992,0.15136948227882385,0.0002738945186138153,-0.20060257613658905,0.14191728830337524,-0.050876468420028687,0.0,-0.4000000059604645,-0.05000000074505806,0.3100000023841858,0.49000000953674316,-0.20999999344348907,0.0,-2.0695362091064453,-0.7609186768531799,-1.547711968421936,1.0567271709442139,2.6632981300354004,-7.350059509277344,1.3738691806793213,0.0640370175242424,-0.7456022500991821,-1.8709311485290527,2.0538523197174072,-1.131415843963623,0.004601437598466873,-0.00012192130088806152,-0.12569653987884521,0.011913718655705452,-0.2262895107269287,0.016485432162880898,32.45366668701172,363.97711181640625,0.5,0.0,0.0,0.7369241714477539,0.0,0.6944785118103027,0.8523818850517273,0.0,0.0,0.0,0.0,163.9215087890625,0.0
2.0,2.7444448471069336,-0.9993909153117299,-0.034896968240565304,0.0,1.0,1.0,1.0,0.710893452167511,-0.29457759857177734,0.6113929152488708,-0.02415752410888672,-0.0056247711181640625,0.03619767725467682,0.12026309967041016,-0.18128743767738342,0.046020638197660446,-0.3045865595340729,0.1086832731962204,0.16863936185836792,-0.4409225583076477,-0.32296642661094666,2.5713460445404053,0.48599973320961,-0.09665340930223465,-0.022186296060681343,-0.2501235008239746,-0.2478441745042801,0.5894985198974609,0.29288333654403687,0.015509502030909061,-0.09657979756593704,0.1501522660255432,3.0450522899627686e-05,-0.20006699860095978,0.14021319150924683,-0.050097450613975525,0.0,-0.4000000059604645,-0.05000000074505806,0.3100000023841858,0.49000000953674316,-0.20999999344348907,0.0,0.8292158246040344,-0.5938938856124878,-3.4635391235351562,-0.1766975373029709,-6.38210916519165,-10.564109802246094,1.2620518207550049,-0.12315206229686737,-0.8697130680084229,-1.8495221138000488,0.2771759033203125,-0.0709572434425354,0.004376038908958435,1.0579824447631836e-06,0.04345301166176796,-0.004464086145162582,-0.13374434411525726,-0.006970245391130447,40.746124267578125,466.2293395996094,0.5,0.0,0.0,0.7395082712173462,0.0,0.7017833590507507,0.9447088837623596,0.0,0.0,0.0,0.0,235.81222534179688,0.0
2.0100000000000002,2.7555558681488037,-0.9993907584717194,0.034901459587270256,0.0,1.0,1.0,1.0,0.7116712331771851,-0.2970716059207916,0.6120353937149048,-0.02250957489013672,-0.008365631103515625,0.038382429629564285,0.10676436126232147,-0.18075840175151825,0.06602589786052704,-0.22327010333538055,0.16784736514091492,0.32231298089027405,-0.4309866726398468,-0.3300080895423889,2.5532848834991455,0.48082804679870605,-0.08750174194574356,-0.016405902802944183,-0.24854536354541779,-0.2525046467781067,0.5849824547767639,0.28915321826934814,0.018883023411035538,-0.07915855199098587,0.15030455589294434,6.0908496379852295e-05,-0.2001340091228485,0.1404263973236084,-0.05019490420818329,0.0,-0.4000000059604645,-0.05000000074505806,0.3100000023841858,0.49000000953674316,-0.20999999344348907,0.0,1.024686574935913,-0.8559775352478027,-1.7960747480392456,0.02444589138031006,-5.089735984802246,1.8493435382843018,-0.114162378013134,-0.4461405575275421,-0.37755680084228516,-0.11799652874469757,0.9908683896064758,2.5728728771209717,0.00452379509806633,0.0011229142546653748,0.06170203164219856,0.03434649109840393,-0.04494073614478111,-0.028400670737028122,185.3321533203125,280.846435546875,0.5,0.0,0.0,0.7657177448272705,0.0,0.6875534057617188,0.8123928308486938,0.0,0.0,0.0,0.0,166.34756469726562,0.0
2.02,2.766666889190674,-0.9945217492198298,0.10452985376785714,0.0,1.0,1.0,1.0,0.7124958634376526,-0.2992824614048004,0.612755537033081,-0.021444320678710938,-0.00995635986328125,0.04368583858013153,0.09372818470001221,-0.1875026524066925,0.06514643877744675,-0.08174498379230499,0.048116058111190796,0.6655410528182983,-0.4197969138622284,-0.3383421003818512,2.530632972717285,0.4801119267940521,-0.11100668460130692,-0.02108372561633587,-0.2475525587797165,-0.2555151879787445,0.5772881507873535,0.2872723639011383,0.024662142619490623,-0.06702161580324173,0.15273168683052063,0.0005463361740112305,-0.20120194554328918,0.14382436871528625,-0.05174827575683594,0.0,-0.4000000059604645,-0.05000000074505806,0.3100000023841858,0.49000000953674316,-0.20999999344348907,0.0,0.904757559299469,-0.7555339932441711,-2.3840854167938232,-0.05797286331653595,0.3536190390586853,-1.3505516052246094,0.16891813278198242,-0.23478710651397705,-0.8782694339752197,-0.26869016885757446,1.460595726966858,0.6924982070922852,0.0051563456654548645,0.002192176878452301,0.07385449856519699,0.03159178048372269,-0.06927824765443802,0.006207182537764311,102.0960922241211,200.87161254882812,0.5,0.0,0.0,0.7842373251914978,0.0,0.6700331568717957,0.41234713792800903,0.0,0.0,0.0,0.0,74.10981750488281,0.0
2.0300000000000002,2.777778148651123,-0.9848073483630978,0.17365047253043742,0.0,1.0,1.0,1.0,0.7133835554122925,-0.301315039396286,0.6134742498397827,-0.020971298217773438,-0.011060237884521484,0.050501223653554916,0.08432725816965103,-0.17608268558979034,0.0759994238615036,-0.09124183654785156,0.044883985072374344,0.7345765233039856,-0.4209040701389313,-0.34902629256248474,2.5227434635162354,0.4916640520095825,-0.14940741658210754,-0.001222467515617609,-0.2495703548192978,-0.2586562931537628,0.571564257144928,0.2923952639102936,0.016958575695753098,-0.04020494967699051,0.15753862261772156,0.0015077218413352966,-0.20331698656082153,0.1505540907382965,-0.05482470989227295,0.0,-0.4000000059604645,-0.05000000074505806,0.3100000023841858,0.49000000953674316,-0.20999999344348907,0.0,-0.1399281919002533,-1.1235265731811523,-0.7910608053207397,1.1762512922286987,-3.585594654083252,1.6201119422912598,-0.3347209393978119,-0.311818927526474,-0.659949541091919,0.5275341868400574,0.4879522919654846,2.8337979316711426,0.006577283143997192,0.003315873444080353,0.0745905414223671,0.02948121167719364,-0.039858654141426086,-0.0285676047205925,76.22968292236328,345.3954772949219,0.5,0.0,0.0,0.8033572435379028,0.0,0.665259599685669,0.33986547589302063,0.0,0.0,0.0,0.0,172.9961395263672,0.0
2.04,2.788889169692993,-0.9702952994409875,0.24192360753495032,0.0,1.0,1.0,1.0,0.7143691778182983,-0.30297815799713135,0.6142002940177917,-0.021310806274414062,-0.011312007904052734,0.05851711705327034,0.07062599062919617,-0.16122472286224365,0.056978918612003326,0.05415879935026169,-0.12166068702936172,0.7897929549217224,-0.41095831990242004,-0.3541445732116699,2.5022621154785156,0.4932129681110382,-0.17460228502750397,0.02961571142077446,-0.24950538575649261,-0.2601345479488373,0.5634453296661377,0.2961128354072571,0.013833682984113693,-0.02302151918411255,0.16463175415992737,0.002926349639892578,-0.20643797516822815,0.1604844629764557,-0.05936431884765625,0.0,-0.4000000059604645,-0.05000000074505806,0.3100000023841858,0.49000000953674316,-0.20999999344348907,0.0,1.0514520406723022,-0.11764626204967499,-1.9764076471328735,0.02152118645608425,-1.8896700143814087,2.408881902694702,-0.020263761281967163,-0.023094486445188522,-0.9528018832206726,0.5293411612510681,-0.2260209619998932,1.7677123546600342,0.007405325770378113,0.004268378019332886,0.05608055368065834,0.013221751898527145,-0.2279074341058731,-0.025804588571190834,22.963939666748047,183.3572235107422,0.5,0.0,0.0,0.8052319884300232,0.0,0.6565799117088318,0.28720879554748535,0.0,0.0,0.0,0.0,52.31462478637695,0.0
2.05,2.8000001907348633,-0.9510561459615544,0.3090181341422451,0.0,1.0,0.0,1.0,0.7156354784965515,-0.30416393280029297,0.6143011450767517,-0.023191452026367188,-0.009815692901611328,0.06475981324911118,0.0641421228647232,-0.16562366485595703,-0.029856644570827484,0.2513442635536194,-0.2651226818561554,0.5623631477355957,-0.40272843837738037,-0.3487643301486969,2.49314546585083,0.48418402671813965,-0.07333751767873764,0.12497376650571823,-0.25074902176856995,-0.2662177085876465,0.5790149569511414,0.31074008345603943,0.05696628615260124,-0.10659173876047134,0.17387309670448303,0.004774618893861771,-0.21050415933132172,0.17342233657836914,-0.06527876853942871,0.0,-0.4000000059604645,-0.05000000074505806,0.3100000023841858,0.49000000953674316,-0.20999999344348907,0.0,0.5368194580078125,0.9079199433326721,-0.9648178219795227,-0.7839605212211609,10.018041610717773,7.908245086669922,0.02579840086400509,-0.627916693687439,1.9298263788223267,1.5053552389144897,2.321342945098877,-6.9052228927612305,0.007111348211765289,0.004747048020362854,-0.0585658885538578,0.024256888777017593,-0.5958272814750671,-0.17707706987857819,0.0,48.34302520751953,0.5,0.0,0.0,0.7803695201873779,0.0,0.6473898887634277,0.5312595367431641,0.0,0.0,0.0,0.0,97.333984375,0.0
2.06,2.8111114501953125,-0.9271830564545201,0.3746085688070335,0.0,1.0,1.0,1.0,0.7178081274032593,-0.3044649362564087,0.6137555837631226,-0.028716564178466797,-0.005809783935546875,0.07036425918340683,0.06140268221497536,-0.1470467746257782,-0.06045546010136604,0.48455551266670227,-0.6358839273452759,0.5014413595199585,-0.40745076537132263,-0.33138149976730347,2.482908248901367,0.4793069660663605,-0.1621401309967041,0.0283373836427927,-0.2352302521467209,-0.26004913449287415,0.5862054824829102,0.3067138195037842,-0.022260934114456177,-0.16556581854820251,0.1850830465555191,0.007016606628894806,-0.21543654799461365,0.18911626935005188,-0.07245314121246338,0.0,-0.4000000059604645,-0.05000000074505806,0.3100000023841858,0.49000000953674316,-0.20999999344348907,0.0,-0.5423402786254883,1.6810956001281738,-0.08211629092693329,-1.4110732078552246,3.8233590126037598,-2.2397379875183105,1.3419365882873535,1.3222171068191528,-0.9876580238342285,-0.2435581088066101,-4.117961406707764,6.020806312561035,0.006075039505958557,0.00317276269197464,-0.10177195817232132,-0.0008428532746620476,-0.24654167890548706,-0.1020246297121048,369.1498718261719,315.75250244140625,0.5,0.0,0.0,0.7500009536743164,0.0,0.6518239974975586,0.6047821640968323,0.0,0.0,0.0,0.0,268.7254638671875,0.0
2.07,2.8222224712371826,-0.8987933604194404,0.4383725530481233,0.0,1.0,1.0,1.0,0.7197626829147339,-0.3048034906387329,0.6129428148269653,-0.03337669372558594,-0.0017604827880859375,0.07205425947904587,0.0732833668589592,-0.15510237216949463,-0.08965647965669632,0.3843398690223694,-0.31967151165008545,-0.019047478213906288,-0.42575377225875854,-0.3194271922111511,2.4924540519714355,0.47880059480667114,-0.10473955422639847,-0.049751974642276764,-0.22802628576755524,-0.25471076369285583,0.5966449975967407,0.3063168525695801,-0.003832750953733921,-0.14032532274723053,0.1980428248643875,0.009608563035726547,-0.2211388349533081,0.20725995302200317,-0.08074739575386047,0.0,-0.4000000059604645,-0.05000000074505806,0.3100000023841858,0.49000000953674316,-0.20999999344348907,0.0,-1.9455074071884155,0.8875717520713806,2.1951661109924316,0.2492801398038864,4.4646196365356445,1.584723949432373,0.3085777759552002,0.43771544098854065,0.9315919280052185,0.3330593407154083,-0.49541181325912476,3.639021873474121,0.00550861656665802,0.001569695770740509,-0.09375803172588348,0.10153979063034058,-0.2555311322212219,-0.09485673159360886,319.55474853515625,242.27622985839844,0.5,0.0,0.0,0.6921288371086121,0.0,0.6621338129043579,0.9992746710777283,0.0,0.0,0.0,0.0,142.1851348876953,0.0
2.08,2.8333334922790527,-0.8660249044413024,0.5000008648866848,0.0,1.0,1.0,1.0,0.7211466431617737,-0.3052123785018921,0.6120847463607788,-0.035910606384277344,0.0021709073334932327,0.07156077027320862,0.06459631770849228,-0.14921057224273682,-0.0809934064745903,0.32628461718559265,-0.27488386631011963,-0.17343227565288544,-0.42028510570526123,-0.3060062527656555,2.4834470748901367,0.4616839289665222,-0.13066881895065308,0.02058693766593933,-0.22543877363204956,-0.25063854455947876,0.5967456698417664,0.30891576409339905,-4.1914918256225064e-05,-0.11966066062450409,0.21250048279762268,0.0125000961124897,-0.22750021517276764,0.22750067710876465,-0.09000030159950256,0.0,-0.4000000059604645,-0.05000000074505806,0.3100000023841858,0.49000000953674316,-0.20999999344348907,0.0,0.5913732647895813,1.3831039667129517,-0.647020161151886,-2.0701489448547363,0.3647890090942383,5.824799060821533,0.2563329041004181,0.35129988193511963,-0.002081446349620819,0.3584776222705841,-0.23558054864406586,2.952226161956787,0.004096612334251404,0.00018952041864395142,-0.254395455121994,0.02436879463493824,-0.14695213735103607,-0.041139788925647736,94.5587387084961,299.03948974609375,0.5,0.0,0.0,0.657208263874054,0.0,0.6546331644058228,0.9416161775588989,0.0,0.0,0.0,0.0,105.4393081665039,0.0
2.09,2.844444751739502,-0.8290364928684298,0.5591945041686425,0.0,1.0,1.0,1.0,0.7229030132293701,-0.3063020706176758,0.6116496324539185,-0.03951072692871094,0.00317595642991364,0.06717213988304138,0.07920444011688232,-0.14072921872138977,1.3846030924469233e-05,0.0060618240386247635,-0.33054468035697937,-0.5057632327079773,-0.45031386613845825,-0.30291736125946045,2.4989588260650635,0.4696289598941803,-0.07471561431884766,-0.04768037050962448,-0.21997736394405365,-0.2531657814979553,0.5981391072273254,0.31359100341796875,-0.00370943290181458,-0.11265076696872711,0.2281745821237564,0.015634916722774506,-0.2343968152999878,0.24944442510604858,-0.10003172606229782,0.0,-0.4000000059604645,-0.05000000074505806,0.3100000023841858,0.49000000953674316,-0.20999999344348907,0.0,-3.393476963043213,-0.2589675784111023,2.3785433769226074,1.1155328750610352,0.6259281635284424,-2.4068822860717773,0.7898406386375427,-0.21677620708942413,-0.04161226749420166,0.028194621205329895,-0.44552040100097656,0.21437829732894897,0.004251714795827866,-9.671598672866821e-05,-0.10081866383552551,-0.0029357776511460543,-0.026491418480873108,-0.01050725020468235,242.51608276367188,319.4902648925781,0.5,0.0,0.0,0.6462254524230957,0.0,0.6745246052742004,0.5995398163795471,0.0,0.0,0.0,0.0,131.00006103515625,0.0
2.1,2.855555772781372,-0.7880099133080748,0.6156625508573674,0.0,1.0,1.0,1.0,0.7240628004074097,-0.3073185384273529,0.6120216846466064,-0.040497779846191406,0.004218360874801874,0.06283275783061981,0.09296783059835434,-0.1267039179801941,0.05640900507569313,0.12340628355741501,0.027764281257987022,-0.45678213238716125,-0.46063584089279175,-0.3021714687347412,2.4996650218963623,0.4734119474887848,-0.11340951919555664,-0.05790063366293907,-0.2128424495458603,-0.2525322735309601,0.5980898141860962,0.3076961934566498,-0.0029371066484600306,-0.11367648094892502,0.24476009607315063,0.0189520176500082,-0.24169445037841797,0.2726641297340393,-0.11064645648002625,0.0,-0.4000000059604645,-0.05000000074505806,0.3100000023841858,0.49000000953674316,-0.20999999344348907,0.0,-0.2610309422016144,0.3025740683078766,0.12175516784191132,0.07912743836641312,-4.640381336212158,-0.8252704739570618,0.5671110153198242,0.20101171731948853,0.2348591387271881,-0.7341089248657227,-0.1815047711133957,0.9298970699310303,0.005004294216632843,2.1841377019882202e-05,-0.004675542935729027,-0.0032497714273631573,-0.051243241876363754,-0.013326285406947136,171.98199462890625,320.207763671875,0.5,0.0,0.0,0.6308873295783997,0.0,0.6952678561210632,0.6588233709335327,0.0,0.0,0.0,0.0,62.02029037475586,0.0
2.11,2.866666793823242,-0.7431442908763793,0.669131200092959,0.0,1.0,0.0,1.0,0.7242418527603149,-0.3081185817718506,0.6123009920120239,-0.03757953643798828,0.006131861824542284,0.057365838438272476,0.09245622903108597,-0.12121987342834473,0.00234424602240324,0.1967075765132904,0.4049086272716522,-0.6463348865509033,-0.44585156440734863,-0.298954039812088,2.4859941005706787,0.46578365564346313,-0.04666855186223984,0.03722696006298065,-0.2168496996164322,-0.25392377376556396,0.6097231507301331,0.3088911771774292,-0.003463457804173231,-0.11129838973283768,0.26193416118621826,0.022386834025382996,-0.24925103783607483,0.2967078685760498,-0.12163786590099335,0.0,-0.4000000059604645,-0.05000000074505806,0.3100000023841858,0.49000000953674316,-0.20999999344348907,0.0,1.7032207250595093,0.431785523891449,-1.3790333271026611,-0.4148670434951782,6.843384742736816,7.937800407409668,-0.6947397589683533,-0.19121062755584717,1.2143278121948242,0.25578773021698,0.18553656339645386,0.19943273067474365,0.005075402557849884,0.00019576400518417358,0.07139798253774643,0.007701024878770113,-0.4247368574142456,-0.010363147594034672,0.0,162.7303924560547,0.5,0.0,0.0,0.6386001706123352,0.0,0.6965801119804382,0.4336586892604828,0.0,0.0,0.0,0.0,41.3007926940918,0.0
2.12,2.8777780532836914,-0.6946571252414095,0.7193410028292152,0.0,1.0,0.0,1.0,0.7244703769683838,-0.30894115567207336,0.6123723983764648,-0.03461408615112305,0.007088705897331238,0.053232233971357346,0.09235553443431854,-0.09532642364501953,0.028241757303476334,-0.1069812923669815,0.26963311433792114,-0.34709566831588745,-0.42868468165397644,-0.2969132661819458,2.452540636062622,0.46974560618400574,-0.12412659078836441,-0.040335763245821,-0.21236927807331085,-0.2512960433959961,0.611391007900238,0.2946600317955017,0.009181446395814419,-0.11578052490949631,0.27936306595802307,0.025872614234685898,-0.2569197416305542,0.32110831141471863,-0.13279235363006592,0.0,-0.4000000059604645,-0.05000000074505806,0.3100000023841858,0.49000000953674316,-0.20999999344348907,0.0,1.8433250188827515,-0.004485471174120903,-3.2335915565490723,0.1670655459165573,-8.29477596282959,-5.80262565612793,0.3407644033432007,-0.08451727032661438,0.13487064838409424,-1.0919806957244873,0.8754445314407349,-0.17861652374267578,0.005020361393690109,-0.00023071467876434326,0.21563196182250977,0.0016680342378094792,-0.23984427750110626,0.0038720970042049885,0.0,903.12158203125,0.5,0.0,0.0,0.6320898532867432,0.0,0.7043201923370361,0.7858802676200867,0.0,0.0,0.0,0.0,63.12532424926758,0.0
2.13,2.8888890743255615,-0.6427867171424619,0.7660451920514982,0.0,1.0,0.0,1.0,0.7247456312179565,-0.3102319538593292,0.6126952171325684,-0.031929969787597656,0.005421650595963001,0.05097326263785362,0.0906338170170784,-0.07646740972995758,0.033619415014982224,-0.20160572230815887,0.2714711129665375,-0.13103456795215607,-0.41422411799430847,-0.3011288046836853,2.4264650344848633,0.4789799451828003,-0.11476952582597733,-0.033448558300733566,-0.20858260989189148,-0.2524523138999939,0.6118469834327698,0.2839002013206482,0.01136484183371067,-0.11490999162197113,0.29670652747154236,0.029341306537389755,-0.2645508646965027,0.34538915753364563,-0.14389216899871826,0.0,-0.4000000059604645,-0.05000000074505806,0.3100000023841858,0.49000000953674316,-0.20999999344348907,0.0,1.4673925638198853,-0.5356441140174866,-2.6261990070343018,1.3123639822006226,2.214273452758789,0.5791987180709839,0.41777747869491577,-0.11272703856229782,0.002614930272102356,-1.127205729484558,0.06340658664703369,0.07867413759231567,0.005266144871711731,0.0001121722161769867,0.39936456084251404,-0.0038179175462573767,-0.6126219034194946,-0.0064632343128323555,0.0,374.06573486328125,0.5,0.0,0.0,0.6478254795074463,0.0,0.7069071531295776,0.9662428498268127,0.0,0.0,0.0,0.0,38.99089431762695,0.0
2.14,2.9000000953674316,-0.5877847675202884,0.8090173465823342,0.0,1.0,1.0,1.0,0.7249968647956848,-0.31149131059646606,0.6131666898727417,-0.029230594635009766,0.0035125375725328922,0.04923650622367859,0.09290602803230286,-0.08291201293468475,0.06153331696987152,-0.24455107748508453,0.24179817736148834,-0.1844208836555481,-0.3911306858062744,-0.2986253499984741,2.4025542736053467,0.4687180817127228,-0.12023328244686127,-0.05845321714878082,-0.20912598073482513,-0.2589870095252991,0.6141482591629028,0.28373727202415466,0.006149281747639179,-0.14087948203086853,0.31362754106521606,0.0327255055308342,-0.2719961106777191,0.36907854676246643,-0.15472161769866943,0.0,-0.4000000059604645,-0.05000000074505806,0.3100000023841858,0.49000000953674316,-0.20999999344348907,0.0,1.601151466369629,0.014686517417430878,-1.8619036674499512,-1.4953391551971436,2.66549015045166,-1.2274894714355469,-0.1893775910139084,-0.9384981989860535,-0.3344874083995819,0.2026878446340561,-0.6638620495796204,-9.147397994995117,0.004658445715904236,0.001158095896244049,0.06084714084863663,0.07193348556756973,-0.06951693445444107,0.00852388795465231,136.22039794921875,102.27591705322266,0.5,0.0,0.0,0.6865304112434387,0.0,0.7080788612365723,0.9342398047447205,0.0,0.0,0.0,0.0,224.73684692382812,0.0
2.15,2.911111354827881,-0.5299179656015849,0.8480489076301423,0.0,1.0,1.0,1.0,0.7255672216415405,-0.3126632869243622,0.6137564182281494,-0.027548789978027344,0.0018047608900815248,0.0490880087018013,0.10015663504600525,-0.07797698676586151,0.060020092874765396,-0.12040264904499054,0.13440094888210297,0.13558155298233032,-0.38228824734687805,-0.30251672863960266,2.3884470462799072,0.46319758892059326,-0.07790776342153549,-0.04305341839790344,-0.20680442452430725,-0.25808727741241455,0.6098301410675049,0.2733474373817444,0.01747710071504116,-0.08485569804906845,0.329796701669693,0.03595934063196182,-0.27911055088043213,0.3917153775691986,-0.16506987810134888,0.0,-0.4000000059604645,-0.05000000074505806,0.3100000023841858,0.49000000953674316,-0.20999999344348907,0.0,0.6515269875526428,-0.523473858833313,-0.9808118939399719,-0.4781726896762848,2.8603758811950684,2.7201006412506104,0.42419958114624023,0.14710232615470886,-0.4536746144294739,-1.0790843963623047,1.3595914840698242,1.952884554862976,0.004809260368347168,0.00172511488199234,0.03925328329205513,0.031640470027923584,0.043982867151498795,-0.016774142161011696,143.86778259277344,267.10858154296875,0.5,0.0,0.0,0.6959614753723145,0.0,0.7175517082214355,0.9639029502868652,0.0,0.0,0.0,0.0,149.4145965576172,0.0
2.16,2.922222375869751,-0.4694707103916894,0.8829480460844353,0.0,1.0,1.0,1.0,0.7267792224884033,-0.31355908513069153,0.6144174337387085,-0.028222084045410156,0.0009064545738510787,0.05196347087621689,0.0996774360537529,-0.07298363000154495,0.07567107677459717,-0.023277340456843376,-0.19834083318710327,0.3919660747051239,-0.3812682330608368,-0.3067457377910614,2.3763022422790527,0.46710503101348877,-0.13102634251117706,-0.059306465089321136,-0.1953887790441513,-0.2568196654319763,0.6017219424247742,0.26307031512260437,0.0034451186656951904,-0.10347843170166016,0.3448992967605591,0.03897986188530922,-0.2857556939125061,0.4128590226173401,-0.17473554611206055,0.0,-0.4000000059604645,-0.05000000074505806,0.3100000023841858,0.49000000953674316,-0.20999999344348907,0.0,-0.2715532183647156,-0.3752869665622711,-0.8748523592948914,0.3301278054714203,-1.7029929161071777,-0.15841323137283325,1.4824947118759155,0.23883408308029175,-0.8837556838989258,-1.1549701690673828,-1.6069998741149902,-2.4459547996520996,0.005552254617214203,0.0022066906094551086,0.08290944248437881,-0.032186418771743774,-0.02063637226819992,0.015326217748224735,162.96836853027344,251.3095245361328,0.5,0.0,0.0,0.6851062774658203,0.0,0.7180834412574768,0.7354485392570496,0.0,0.0,0.0,0.0,131.77467346191406,0.0
2.17,2.933333396911621,-0.4067362781379594,0.9135456201233085,0.0,1.0,1.0,1.0,0.7276492118835449,-0.314039945602417,0.6147290468215942,-0.027689456939697266,0.0018465460743755102,0.0550629161298275,0.09719647467136383,-0.07896949350833893,0.0031919311732053757,0.1907881498336792,0.19309832155704498,0.23702098429203033,-0.3681495785713196,-0.3069225251674652,2.3598105907440186,0.46263042092323303,-0.04621836915612221,-0.0008934536017477512,-0.19134226441383362,-0.2589678466320038,0.6168631911277771,0.26237520575523376,0.015968559309840202,-0.16987071931362152,0.35864144563674927,0.04172828420996666,-0.29180222749710083,0.43209800124168396,-0.1835305094718933,0.0,-0.4000000059604645,-0.05000000074505806,0.3100000023841858,0.49000000953674316,-0.20999999344348907,0.0,1.9060070514678955,0.17310886085033417,-1.5587629079818726,-0.48583391308784485,3.2561733722686768,8.054156303405762,-0.2897511422634125,-0.11582010984420776,0.7679772973060608,0.295023113489151,1.2688379287719727,-0.5422717928886414,0.005739025771617889,0.002417471259832382,0.11775227636098862,0.00696957390755415,-0.16734495759010315,0.01469647977501154,113.67123413085938,129.9586944580078,0.5,0.0,0.0,0.6838566064834595,0.0,0.7139276266098022,0.8937243819236755,0.0,0.0,0.0,0.0,105.72814178466797,0.0
2.18,2.9444446563720703,-0.34201889204895336,0.9396930762124441,0.0,1.0,1.0,1.0,0.7290720343589783,-0.31391802430152893,0.6147688627243042,-0.029245376586914062,0.0042401584796607494,0.058283913880586624,0.0994468629360199,-0.06132768839597702,0.021229777485132217,0.30380141735076904,-0.31218233704566956,0.41821393370628357,-0.3657638728618622,-0.30208176374435425,2.3490991592407227,0.4672475755214691,-0.13606862723827362,-0.07471989840269089,-0.18068169057369232,-0.24891720712184906,0.60689377784729,0.24874021112918854,0.008058027364313602,-0.13181792199611664,0.3707558810710907,0.0441511794924736,-0.29713258147239685,0.4490582346916199,-0.19128376245498657,0.0,-0.4000000059604645,-0.05000000074505806,0.3100000023841858,0.49000000953674316,-0.20999999344348907,0.0,0.3341543972492218,0.14427754282951355,-0.4665984511375427,-0.7106865048408508,7.311235427856445,10.830155372619629,1.406017541885376,1.4350947141647339,-0.8251674175262451,-1.5262521505355835,-1.2518428564071655,6.4387102127075195,0.006084367632865906,0.0014332793653011322,0.06054353341460228,0.03702057898044586,-0.0011355919996276498,-0.0895477831363678,659.4033203125,221.12672424316406,0.5,0.0,0.0,0.6350880861282349,0.0,0.7200693488121033,0.7048249840736389,0.0,0.0,0.0,0.0,333.15631103515625,0.0
2.19,2.9555556774139404,-0.2756366198184289,0.961261906982208,0.0,1.0,1.0,1.0,0.7304211258888245,-0.31380170583724976,0.6147733926773071,-0.03064250946044922,0.006761499680578709,0.06175418570637703,0.09988468140363693,-0.05946693569421768,-0.009837181307375431,0.27092888951301575,-0.05138484388589859,0.3357768952846527,-0.3643842339515686,-0.3057388663291931,2.3454926013946533,0.4769574999809265,-0.0427524670958519,0.02900957688689232,-0.17844431102275848,-0.24453413486480713,0.6016131043434143,0.25056177377700806,0.008415861055254936,-0.11514793336391449,0.38100624084472656,0.04620124772191048,-0.3016427457332611,0.4634087383747101,-0.1978439837694168,0.0,-0.4000000059604645,-0.05000000074505806,0.3100000023841858,0.49000000953674316,-0.20999999344348907,0.0,0.2795565724372864,-0.3941323757171631,-0.28535622358322144,1.6855744123458862,0.988336443901062,10.256314277648926,-0.023935087025165558,0.18899917602539062,-0.3750261962413788,0.5242500305175781,-0.057891666889190674,-0.46893709897994995,0.007006317377090454,0.000957932323217392,0.25190243124961853,0.0026500343810766935,-0.27759137749671936,0.007804722059518099,122.92079162597656,278.857421875,0.5,0.0,0.0,0.6083681583404541,0.0,0.7208983302116394,0.798123300075531,0.0,0.0,0.0,0.0,50.03337097167969,0.0
2.2,2.9666671752929688,-0.20790856485914266,0.9781482651716006,0.0,1.0,0.0,1.0,0.7319191098213196,-0.31333670020103455,0.6147787570953369,-0.03264617919921875,0.009933714754879475,0.06332014501094818,0.09805119037628174,-0.03365885838866234,0.007860997691750526,0.2488970309495926,-0.2898868918418884,0.03171320632100105,-0.35287824273109436,-0.29011955857276917,2.337113857269287,0.46001461148262024,-0.1312735676765442,-0.07144195586442947,-0.17529451847076416,-0.2440226823091507,0.5980203747749329,0.2559153139591217,0.017315279692411423,-0.15147711336612701,0.38919350504875183,0.04783870279788971,-0.30524513125419617,0.4748709201812744,-0.2030838280916214,0.0,-0.4000000059604645,-0.05000000074505806,0.3100000023841858,0.49000000953674316,-0.20999999344348907,0.0,1.049220323562622,2.114938735961914,-0.3653148412704468,-2.6455886363983154,-10.000876426696777,-9.316896438598633,0.17983055114746094,0.15764902532100677,-0.13491302728652954,0.8785344362258911,-0.7646071910858154,0.8045446872711182,0.00623534619808197,0.0007804818451404572,0.046223800629377365,0.007827172987163067,0.15864337980747223,-0.007743655703961849,0.0,372.9880065917969,0.5,0.0,0.0,0.5879340767860413,0.0,0.7222445011138916,0.997990608215332,0.0,0.0,0.0,0.0,127.38850402832031,0.0
2.21,2.977778196334839,-0.13917049668173886,0.9902684347455278,0.0,1.0,0.0,1.0,0.7333589196205139,-0.31328025460243225,0.6146371960639954,-0.03393077850341797,0.011077403090894222,0.06276153773069382,0.11686690151691437,-0.02705148234963417,-0.0254244152456522,0.05555744841694832,0.060889698565006256,-0.13465264439582825,-0.3591665029525757,-0.2841974198818207,2.3465378284454346,0.4682416021823883,-0.1137961894273758,-0.09274592995643616,-0.17191705107688904,-0.24264658987522125,0.6014081835746765,0.25694066286087036,0.009165620431303978,-0.12339511513710022,0.39515790343284607,0.0490315817296505,-0.30786949396133423,0.4832210838794708,-0.20690104365348816,0.0,-0.4000000059604645,-0.05000000074505806,0.3100000023841858,0.49000000953674316,-0.20999999344348907,0.0,-0.4604286253452301,0.21630413830280304,0.6460055708885193,1.7557933330535889,3.7876317501068115,-1.6923508644104004,0.09444263577461243,0.007290588226169348,0.05772574990987778,0.05850958451628685,0.1152920350432396,-0.05812114477157593,0.006422124803066254,0.0003937259316444397,0.3632366359233856,-3.001778168254532e-05,-0.5869472622871399,0.00010520231444388628,0.0,320.6591796875,0.5,0.0,0.0,0.5720129013061523,0.0,0.7444977164268494,0.9643869996070862,0.0,0.0,0.0,0.0,30.048978805541992,0.0
2.22,2.988889217376709,-0.06975441482181172,0.9975641942315626,1.0,1.0,0.0,1.0,0.7345956563949585,-0.31318220496177673,0.6144534349441528,-0.03444051742553711,0.011712835170328617,0.06263807415962219,0.10763424634933472,-0.0050954632461071014,-0.024001087993383408,0.04540055990219116,-0.19141001999378204,-0.00955374538898468,-0.35241496562957764,-0.2779742181301117,2.3344552516937256,0.4760776162147522,-0.19992601871490479,-0.004700853489339352,-0.16740547120571136,-0.24111521244049072,0.5981855392456055,0.2543623149394989,0.013272731564939022,-0.12841391563415527,0.4000000059604645,0.05000000074505806,-0.3100000023841858,0.49000000953674316,-0.20999999344348907,0.0,-0.4000000059604645,-0.05000000074505806,0.3100000023841858,0.49000000953674316,-0.20999999344348907,0.0,0.4146209955215454,0.9265236258506775,-1.2919305562973022,0.2577531039714813,-9.377252578735352,6.875352382659912,0.6963537931442261,0.19053401052951813,-0.49165624380111694,-0.29672154784202576,0.47252219915390015,-0.18605037033557892,0.00635480135679245,1.5877187252044678e-05,-0.06863594800233841,0.009216886013746262,-0.48668137192726135,0.00860365480184555,0.0,315.3221130371094,0.5,0.0,0.0,0.6820378303527832,0.0,0.7349494099617004,0.9998174905776978,0.0,0.0,0.0,0.0,39.523040771484375,0.0
2.23,3.000000476837158,2.9960562272603183e-06,0.9999999999955118,1.0,1.0,0.0,1.0,0.7356827259063721,-0.3131924271583557,0.6140002012252808,-0.03419685363769531,0.01158777717500925,0.05977988988161087,0.11531220376491547,0.0025323813315480947,-0.04741131514310837,-0.15290603041648865,0.20939373970031738,-0.43581533432006836,-0.3497098386287689,-0.26794400811195374,2.334254503250122,0.4728573262691498,-0.093361496925354,0.015952056273818016,-0.16910776495933533,-0.24431386590003967,0.6053509712219238,0.26071834564208984,0.013138288632035255,-0.13034255802631378,0.4000000059604645,0.05000000074505806,-0.3100000023841858,0.49000000953674316,-0.20999999344348907,0.0,-0.4000000059604645,-0.05000000074505806,0.3100000023841858,0.49000000953674316,-0.20999999344348907,0.0,0.4921169579029083,0.7637070417404175,0.05656667798757553,0.07756343483924866,10.062968254089355,1.3931673765182495,-0.8080202341079712,-0.7407022714614868,0.8470017910003662,1.2693564891815186,-0.45637571811676025,-0.0969158411026001,0.005422487854957581,-0.00021460652351379395,0.23474086821079254,-0.0044146254658699036,-0.7634921669960022,-0.0024059705901890993,0.0,460.95928955078125,0.5,0.0,0.0,0.6777418851852417,0.0,0.743800699710846,0.6839503645896912,0.0,0.0,0.0,0.0,205.02682495117188,0.0
2.24,3.0111114978790283,0.0697588979587295,0.9975638807392655,1.0,1.0,1.0,1.0,0.7367053031921387,-0.3136996924877167,0.6138317584991455,-0.03338289260864258,0.008951175026595592,0.05551048368215561,0.12369513511657715,0.0049145217053592205,0.01703246496617794,-0.3715326189994812,0.0008828914724290371,-0.4336532950401306,-0.34548479318618774,-0.25864171981811523,2.33065128326416,0.4677906036376953,-0.16282278299331665,-0.06330299377441406,-0.16846099495887756,-0.25071078538894653,0.6084900498390198,0.2638346552848816,0.009525476954877377,-0.1452186405658722,0.4000000059604645,0.05000000074505806,-0.3100000023841858,0.49000000953674316,-0.20999999344348907,0.0,-0.4000000059604645,-0.05000000074505806,0.3100000023841858,0.49000000953674316,-0.20999999344348907,0.0,0.01963779702782631,0.10376664996147156,0.44087862968444824,-1.3733174800872803,2.291516065597534,1.1860815286636353,0.46962910890579224,-0.7576302886009216,0.07815870642662048,0.014010211452841759,-0.47327721118927,-2.7409539222717285,0.004327833652496338,0.00024198740720748901,0.031133685261011124,-0.028483817353844643,0.0100221186876297,0.0294661745429039,286.0699768066406,371.2018127441406,0.5,0.0,0.0,0.6788557767868042,0.0,0.7533246874809265,0.6865265965461731,0.0,0.0,0.0,0.0,155.1481475830078,0.0
2.25,3.0222225189208984,0.13917494703019723,0.9902678092915782,1.0,0.0,1.0,1.0,0.7374963164329529,-0.31453657150268555,0.6137961149215698,-0.031466007232666016,0.0055008092895150185,0.05091753229498863,0.1284315437078476,0.002314971061423421,-0.00703836465254426,-0.3062119483947754,0.28938591480255127,-0.49008604884147644,-0.34843873977661133,-0.2680104076862335,2.331179618835449,0.47873491048812866,-0.10263064503669739,0.022600194439291954,-0.17210811376571655,-0.25867760181427,0.6184926629066467,0.27102410793304443,-0.005623711738735437,-0.12209632992744446,0.4000000059604645,0.05000000074505806,-0.3100000023841858,0.49000000953674316,-0.20999999344348907,0.0,-0.43479403853416443,-0.05695880949497223,0.3253093659877777,0.538711667060852,-0.23226818442344666,0.0,-0.18461407721042633,-1.0695136785507202,0.22375622391700745,1.1796940565109253,0.895643949508667,6.847657203674316,-0.5751392245292664,-0.7754785418510437,0.8741831183433533,0.7688230872154236,-1.1452524662017822,0.5915001630783081,0.004475731402635574,0.0009728744626045227,0.10694415122270584,-0.0063377730548381805,-0.1153128519654274,-0.01646905392408371,129.03004455566406,257.7992858886719,0.5,0.0,0.0,0.7311234474182129,0.0,0.7587090730667114,0.6185553073883057,0.0,0.0,0.0,0.0,117.17263793945312,0.0
2.2600000000000002,3.0333337783813477,0.20791442602980875,0.97814701934254,1.0,0.0,1.0,1.0,0.7382056713104248,-0.3150523900985718,0.6138437390327454,-0.029202938079833984,0.0031346811447292566,0.04591717571020126,0.12775307893753052,0.015526658855378628,0.016217511147260666,-0.2964761555194855,0.138708233833313,-0.5637957453727722,-0.33326512575149536,-0.2627822160720825,2.307634115219116,0.46153461933135986,-0.13996605575084686,-0.05748496949672699,-0.17562057077884674,-0.2688418924808502,0.6226414442062378,0.2777464687824249,0.009888892993330956,-0.17915327847003937,0.4000000059604645,0.05000000074505806,-0.3100000023841858,0.49000000953674316,-0.20999999344348907,0.0,-0.4519785940647125,-0.06039571762084961,0.33287057280540466,0.5627700090408325,-0.2432662844657898,0.0,1.5088775157928467,1.2091563940048218,-1.6985536813735962,-2.453378915786743,-5.433615207672119,-6.423675537109375,-0.4489973187446594,-1.034820795059204,0.6960967183113098,1.1517515182495117,-0.4951413571834564,-2.1677942276000977,0.003134656697511673,0.0020162761211395264,-0.004099435172975063,-0.01662881299853325,-0.07634219527244568,0.02170635387301445,90.47258758544922,306.4534606933594,0.5,0.0,0.0,0.743679404258728,0.0,0.7575863599777222,0.5295481085777283,0.0,0.0,0.0,0.0,240.7184295654297,0.0
2.27,3.0444447994232178,0.27563949981191355,0.9612610811550826,1.0,0.0,1.0,1.0,0.7393449544906616,-0.31549564003944397,0.6140140295028687,-0.028070926666259766,0.000804069684818387,0.04014549031853676,0.1518634706735611,0.013880245387554169,0.01560523547232151,-0.20693770051002502,0.19398532807826996,-0.5842797160148621,-0.3450905382633209,-0.2672092914581299,2.3181161880493164,0.4735635221004486,-0.1574201136827469,-0.0690588727593422,-0.17145955562591553,-0.2678202688694,0.6278515458106995,0.26642608642578125,0.00182042655069381,-0.10434363037347794,0.4000000059604645,0.05000000074505806,-0.3100000023841858,0.49000000953674316,-0.20999999344348907,0.0,-0.46890988945961,-0.0637819766998291,0.340320348739624,0.586473822593689,-0.25410231947898865,0.0,-1.7141504287719727,-0.8623942732810974,0.67135089635849,1.987950325012207,0.40841811895370483,-4.750121116638184,0.37032848596572876,0.07238613069057465,0.10839058458805084,-1.065108060836792,1.9412167072296143,1.9134306907653809,0.003665320575237274,0.0020603984594345093,0.06931038200855255,0.0299281757324934,-0.1609932780265808,-0.012444297783076763,100.5358657836914,307.72509765625,0.5,0.0,0.0,0.7680200338363647,0.0,0.784441351890564,0.5052178502082825,0.0,0.0,0.0,0.0,197.49993896484375,0.0
2.2800000000000002,3.055555820465088,0.34202170742071036,0.9396920515003956,1.0,0.0,1.0,1.0,0.7403388023376465,-0.31552714109420776,0.6142910122871399,-0.026350021362304688,0.00014333963918033987,0.03686296567320824,0.14284592866897583,0.013631421141326427,0.032316695898771286,-0.050544124096632004,0.06659132987260818,-0.24007804691791534,-0.3322947919368744,-0.26395371556282043,2.2949929237365723,0.4581628739833832,-0.13947679102420807,-0.06398477405309677,-0.1685263067483902,-0.27065014839172363,0.6202844381332397,0.26410868763923645,0.0014431929448619485,-0.1886763721704483,0.4000000059604645,0.05000000074505806,-0.3100000023841858,0.49000000953674316,-0.20999999344348907,0.0,-0.48550549149513245,-0.06710109859704971,0.34762242436408997,0.6097076535224915,-0.2647235095500946,0.0,1.5449978113174438,0.855233907699585,-2.205462694168091,-2.1872470378875732,-0.3295496702194214,-0.30825886130332947,0.11922546476125717,-0.4449857175350189,-0.21587738394737244,0.25495317578315735,1.3401952981948853,-4.438956260681152,0.002986632287502289,0.0026441216468811035,-0.021053049713373184,-0.011686159297823906,0.0152228819206357,0.06759762763977051,99.68816375732422,282.5954284667969,0.5,0.0,0.0,0.734056830406189,0.0,0.7745370864868164,0.8911211490631104,0.0,0.0,0.0,0.0,151.03042602539062,0.0
2.29,3.066667079925537,0.4067390151701773,0.9135444015144497,1.0,0.0,1.0,1.0,0.741285502910614,-0.31541013717651367,0.6142671704292297,-0.024266719818115234,0.0002572691591922194,0.034847699105739594,0.15532776713371277,0.0016667613526806235,-0.028797511011362076,0.09063994139432907,0.3128083348274231,-0.19240064918994904,-0.3214677572250366,-0.26444223523139954,2.28537917137146,0.4534911811351776,-0.10728994011878967,0.018764553591609,-0.1686038076877594,-0.27054405212402344,0.6258024573326111,0.2598554790019989,-0.011558914557099342,-0.14222532510757446,0.4000000059604645,0.05000000074505806,-0.3100000023841858,0.49000000953674316,-0.20999999344348907,0.0,-0.5016849637031555,-0.07033699005842209,0.3547413647174835,0.6323589086532593,-0.27507835626602173,0.0,0.9504734873771667,-0.19147823750972748,-0.629801332950592,-0.012754576280713081,0.564373791217804,5.321035385131836,-0.24636849761009216,0.27424973249435425,0.5506942868232727,-0.3797062933444977,0.19272829592227936,3.529728889465332,0.0027144253253936768,0.0025155916810035706,0.09174519777297974,0.05927306041121483,0.062309108674526215,0.030167117714881897,150.77740478515625,52.96549606323242,0.5,0.0,0.0,0.7358434796333313,0.0,0.7885152697563171,0.9286382794380188,0.0,0.0,0.0,0.0,52.5736083984375,0.0
2.3000000000000003,3.0777781009674072,0.4694733557515735,0.8829466395198275,1.0,0.0,1.0,1.0,0.7426797151565552,-0.31489935517311096,0.6140231490135193,-0.02353382110595703,0.00181834667455405,0.03407563641667366,0.16024383902549744,0.008251617662608624,-0.005351195577532053,0.2377851903438568,-0.029291626065969467,-0.007768420036882162,-0.31840720772743225,-0.2608194947242737,2.2794501781463623,0.45254209637641907,-0.16492487490177155,-0.022408345714211464,-0.162098228931427,-0.26770979166030884,0.6192135214805603,0.25158050656318665,0.010839290916919708,-0.1818174421787262,0.4000000059604645,0.05000000074505806,-0.3100000023841858,0.49000000953674316,-0.20999999344348907,0.0,-0.5173685550689697,-0.07347371429204941,0.36164218187332153,0.6543160080909729,-0.2851158678531647,0.0,-0.06326332688331604,0.46452319622039795,0.018084362149238586,-0.03364302217960358,-1.5795187950134277,1.8449288606643677,0.560596764087677,0.5294710993766785,-0.4358702301979065,-0.558698296546936,1.4477702379226685,-0.4945272207260132,0.0025778785347938538,0.001941777765750885,0.04258659854531288,0.02028976008296013,-0.0014653030084446073,0.02668178454041481,259.5389404296875,296.6190185546875,0.5,0.0,0.0,0.7445837259292603,0.0,0.7937357425689697,0.9998793005943298,0.0,0.0,0.0,0.0,123.87962341308594,0.0
2.31,3.0888891220092773,0.5299205064014165,0.8480473199623156,1.0,0.0,1.0,1.0,0.7438587546348572,-0.31412068009376526,0.6137583255767822,-0.022022247314453125,0.004461676813662052,0.03522799536585808,0.1647702306509018,-0.005814502015709877,-0.022894196212291718,0.269928514957428,0.20423559844493866,0.21920277178287506,-0.3135737180709839,-0.26412540674209595,2.264741897583008,0.4627721607685089,-0.1239120289683342,0.04096558317542076,-0.16571465134620667,-0.26144319772720337,0.6179441809654236,0.2529202699661255,0.015508659183979034,-0.1153063178062439,0.4000000059604645,0.05000000074505806,-0.3100000023841858,0.49000000953674316,-0.20999999344348907,0.0,-0.5324803590774536,-0.07649607211351395,0.36829137802124023,0.6754724979400635,-0.2947874367237091,0.0,0.1700749397277832,-0.5317330956459045,-1.2611868381500244,1.317868947982788,0.26601654291152954,0.8487393856048584,-0.3745502829551697,0.001128915697336197,0.16523729264736176,0.8368701338768005,-0.7541629076004028,-2.279958724975586,0.003212541341781616,0.0009916983544826508,0.08797691017389297,-0.016900137066841125,0.014356669038534164,0.03126755729317665,207.10537719726562,357.6490478515625,0.5,0.0,0.0,0.7924630641937256,0.0,0.7986555099487305,0.9083734750747681,0.0,0.0,0.0,0.0,98.9080810546875,0.0
2.32,3.1000003814697266,0.587787191379106,0.8090155855424926,1.0,0.0,1.0,1.0,0.7451755404472351,-0.31338417530059814,0.6137295961380005,-0.02073192596435547,0.00675283744931221,0.03901106119155884,0.16836126148700714,0.016637388616800308,0.030206162482500076,0.10237888991832733,0.04742937907576561,0.4224696159362793,-0.29896625876426697,-0.2590155303478241,2.233323097229004,0.449880450963974,-0.13923415541648865,-0.06554621458053589,-0.1630416363477707,-0.25828614830970764,0.6099979281425476,0.25049570202827454,0.013346636667847633,-0.16283544898033142,0.4000000059604645,0.05000000074505806,-0.3100000023841858,0.49000000953674316,-0.20999999344348907,0.0,-0.5469467639923096,-0.07938934862613678,0.3746565580368042,0.6957254409790039,-0.3040459156036377,0.0,0.9518518447875977,0.6580016016960144,-1.2294411659240723,-1.1811127662658691,0.7163026928901672,-0.022141456604003906,0.3134589195251465,0.3707728981971741,-0.5197485685348511,-0.16297851502895355,-0.3265402019023895,0.7077377438545227,0.0027702078223228455,0.0006067380309104919,0.028351420536637306,0.00974330771714449,-0.0005779265775345266,-0.007791508920490742,254.78536987304688,448.7003173828125,0.5,0.0,0.0,0.7775542736053467,0.0,0.802099883556366,0.699799656867981,0.0,0.0,0.0,0.0,60.765052795410156,0.0
2.33,3.1111114025115967,0.6427890122540417,0.7660432662229161,1.0,0.0,1.0,1.0,0.7467239499092102,-0.31278616189956665,0.6139068603515625,-0.020276546478271484,0.007937985472381115,0.04271920025348663,0.16961678862571716,0.024313777685165405,0.01909521408379078,0.1584865003824234,0.05978374928236008,0.3815200626850128,-0.29994654655456543,-0.2566543221473694,2.2436280250549316,0.4586276710033417,-0.17583829164505005,0.04010501876473427,-0.16310550272464752,-0.25525984168052673,0.6069920659065247,0.2544478476047516,2.4753075194894336e-05,-0.13820166885852814,0.4000000059604645,0.05000000074505806,-0.3100000023841858,0.49000000953674316,-0.20999999344348907,0.0,-0.5606972575187683,-0.08213944733142853,0.380706787109375,0.7149761915206909,-0.31284624338150024,0.0,-0.2796850800514221,0.08499153703451157,1.0756100416183472,0.9707882404327393,1.592911720275879,7.837612628936768,-0.01725953072309494,0.19525329768657684,-0.3255241811275482,0.48006516695022583,-0.6101433634757996,-0.22525036334991455,0.0034777000546455383,0.0004588291049003601,0.06871050596237183,-0.0006783533608540893,-0.23090341687202454,0.0029369695112109184,116.2599868774414,325.40325927734375,0.5,0.0,0.0,0.802478015422821,0.0,0.8029294610023499,0.7474296689033508,0.0,0.0,0.0,0.0,154.00064086914062,0.0
2.34,3.122222423553467,0.6946592804243796,0.7193389215941837,1.0,0.0,1.0,1.0,0.7483299374580383,-0.3121660351753235,0.6142269372940063,-0.019763946533203125,0.008823970332741737,0.047060031443834305,0.1829906702041626,0.03459068015217781,0.04731481149792671,0.022776439785957336,0.028833551332354546,0.4053834080696106,-0.2940434217453003,-0.25111642479896545,2.2224385738372803,0.45111969113349915,-0.13316436111927032,-0.06485389918088913,-0.15948763489723206,-0.25408831238746643,0.6016321182250977,0.25461506843566895,-0.001611236366443336,-0.1601569652557373,0.4000000059604645,0.05000000074505806,-0.3100000023841858,0.49000000953674316,-0.20999999344348907,0.0,-0.5736648440361023,-0.08473297208547592,0.38641253113746643,0.7331308126449585,-0.32114550471305847,0.0,0.14399808645248413,0.7783706188201904,-0.8806865215301514,-0.6386944651603699,-4.014703750610352,-5.591456413269043,0.46486425399780273,-0.0008592365775257349,-0.8897067308425903,-0.17025937139987946,0.09295320510864258,-4.976992130279541,0.003464195877313614,0.0006439089775085449,-0.0444842129945755,0.03822007402777672,-0.07873556017875671,0.04019724205136299,187.88201904296875,163.63311767578125,0.5,0.0,0.0,0.7876123189926147,0.0,0.8159657716751099,0.7198795080184937,0.0,0.0,0.0,0.0,244.2874755859375,0.0
2.35,3.133333683013916,0.7431462956277399,0.6691289735878785,1.0,0.0,1.0,1.0,0.7497724890708923,-0.311816543340683,0.6144826412200928,-0.018228530883789062,0.008395030163228512,0.05043964460492134,0.18864549696445465,0.04285919666290283,0.013020122423768044,-0.06304225325584412,0.25107094645500183,0.28685012459754944,-0.29536089301109314,-0.25049179792404175,2.2264857292175293,0.4613349735736847,-0.1268591731786728,0.04448864609003067,-0.15949811041355133,-0.2540026903152466,0.6025577187538147,0.2570611834526062,-0.013096326030790806,-0.13716886937618256,0.4000000059604645,0.05000000074505806,-0.3100000023841858,0.49000000953674316,-0.20999999344348907,0.0,-0.5857867002487183,-0.08715733885765076,0.3917461633682251,0.7501013875007629,-0.3289034962654114,0.0,-0.008691603317856789,-0.09400048106908798,0.36200669407844543,1.4962910413742065,-3.2051212787628174,9.161304473876953,-0.15159660577774048,-0.031363390386104584,-0.15156078338623047,0.22097371518611908,-0.652040958404541,0.1945628523826599,0.004132930189371109,0.0008702129125595093,-0.03241465985774994,-0.0006904287147335708,-0.4155566692352295,-0.007374439854174852,57.31605529785156,269.5961608886719,0.5,0.0,0.0,0.8175265789031982,0.0,0.8207333087921143,0.848261833190918,0.0,0.0,0.0,0.0,121.14955139160156,0.0
2.36,3.144444704055786,0.7880117578641548,0.6156601899325997,1.0,0.0,0.0,1.0,0.7514691352844238,-0.3113974332809448,0.6146303415298462,-0.017251014709472656,0.007609089836478233,0.052644386887550354,0.19841144979000092,0.06438914686441422,0.01606757938861847,-0.15167874097824097,0.030637050047516823,0.18473491072654724,-0.29636678099632263,-0.24033580720424652,2.2257065773010254,0.45435383915901184,-0.16501952707767487,-0.07743823528289795,-0.15369977056980133,-0.2552083432674408,0.5998880863189697,0.2558366060256958,-0.026031699031591415,-0.1644773781299591,0.4000000059604645,0.05000000074505806,-0.3100000023841858,0.49000000953674316,-0.20999999344348907,0.0,-0.5970031023025513,-0.08940061926841736,0.39668136835098267,0.7658042907714844,-0.33608198165893555,0.0,-0.2058793157339096,1.1930756568908691,0.13773807883262634,-1.182448148727417,-4.114048957824707,-10.151802062988281,0.567578136920929,0.15709486603736877,0.35015544295310974,0.3248032033443451,-6.604734420776367,2.8767294883728027,0.0037300586700439453,0.0011302679777145386,-0.011775394901633263,-0.050355151295661926,-0.13187190890312195,-0.08679242432117462,0.0,281.29168701171875,0.5,0.0,0.0,0.7998872995376587,0.0,0.8267911076545715,0.9340232014656067,0.0,0.0,0.0,0.0,333.38177490234375,0.0
2.37,3.1555557250976562,0.829038168242883,0.5591920203261892,1.0,0.0,1.0,1.0,0.7531230449676514,-0.3111399710178375,0.614559531211853,-0.016057491302490234,0.005883573554456234,0.052003007382154465,0.20019090175628662,0.060671258717775345,-0.021471889689564705,-0.11633690446615219,0.16846612095832825,-0.18036024272441864,-0.3089323937892914,-0.23704159259796143,2.249725341796875,0.4650095999240875,-0.13380029797554016,0.015523089095950127,-0.15860994160175323,-0.2574874758720398,0.6043206453323364,0.26278388500213623,-0.007661808282136917,-0.11502959579229355,0.4000000059604645,0.05000000074505806,-0.3100000023841858,0.49000000953674316,-0.20999999344348907,0.0,-0.6072596907615662,-0.09145194292068481,0.4011942744255066,0.780163586139679,-0.34264618158340454,0.0,-1.3388526439666748,0.298157274723053,2.344326972961426,1.4350731372833252,-2.752699613571167,6.757382392883301,-0.7464569211006165,-0.4576702415943146,0.28524237871170044,1.4087649583816528,-0.3325333595275879,1.2612941265106201,0.004002563655376434,0.001320432871580124,-0.11277425289154053,0.009115657769143581,-0.45980995893478394,-0.016833238303661346,83.79547119140625,238.57301330566406,0.5,0.0,0.0,0.8280839323997498,0.0,0.8293334245681763,0.9370115995407104,0.0,0.0,0.0,0.0,184.18492126464844,0.0
2.38,3.1666669845581055,0.86602640246812,0.4999982702251335,1.0,0.0,1.0,1.0,0.7548313140869141,-0.3108559250831604,0.6144274473190308,-0.014439582824707031,0.004041737411171198,0.05085257813334465,0.22248438000679016,0.07520530372858047,0.0071874381974339485,-0.2986545264720917,0.17449626326560974,-0.16420292854309082,-0.31118378043174744,-0.2302446812391281,2.2430036067962646,0.4603577256202698,-0.1637324094772339,-0.10173502564430237,-0.15508019924163818,-0.26125773787498474,0.6088513135910034,0.262057900428772,-0.030111920088529587,-0.1724993884563446,0.4000000059604645,0.05000000074505806,-0.3100000023841858,0.49000000953674316,-0.20999999344348907,0.0,-0.6165065765380859,-0.09330131113529205,0.40526288747787476,0.7931091785430908,-0.3485642075538635,0.0,-0.2171046882867813,0.762714684009552,-0.1382841020822525,-0.729013204574585,-6.602242469787598,-9.562422752380371,0.3064788281917572,-0.1588921695947647,0.5622639656066895,0.3124229907989502,-5.370569229125977,2.238269090652466,0.0034232214093208313,0.0015181154012680054,-0.04013334587216377,-0.03925512731075287,-0.11253279447555542,-0.0743207186460495,129.83946228027344,390.2275390625,0.5,0.0,0.0,0.8226803541183472,0.0,0.8476041555404663,0.9475029706954956,0.0,0.0,0.0,0.0,484.9925537109375,0.0
2.39,3.1777780055999756,0.8987946738042236,0.43836986021071195,1.0,0.0,1.0,1.0,0.7565140724182129,-0.31063762307167053,0.6143187880516052,-0.012541770935058594,0.0015192300779744983,0.047525059431791306,0.2201640009880066,0.0771600604057312,-0.02305619791150093,-0.20091626048088074,0.17482028901576996,-0.36690032482147217,-0.32248857617378235,-0.22508656978607178,2.272264242172241,0.4671286344528198,-0.20386815071105957,0.002021228428930044,-0.16062268614768982,-0.2634078562259674,0.613952100276947,0.2677578926086426,-0.013685883954167366,-0.1090126782655716,0.4000000059604645,0.05000000074505806,-0.3100000023841858,0.49000000953674316,-0.20999999344348907,0.0,-0.6246986389160156,-0.09493973851203918,0.40886741876602173,0.8045781254768372,-0.35380715131759644,0.0,-1.4326509237289429,0.3690355718135834,2.968963384628296,0.8475611209869385,2.5682153701782227,6.960047721862793,-0.6661014556884766,-0.5262618660926819,0.5965494513511658,1.2024306058883667,0.30941998958587646,2.1307120323181152,0.0033891499042510986,0.0016772374510765076,-0.07298073172569275,0.03325635567307472,-0.44458577036857605,-0.01680549420416355,120.31088256835938,241.45730590820312,0.5,0.0,0.0,0.8439788818359375,0.0,0.8449112176895142,0.7639662027359009,0.0,0.0,0.0,0.0,205.63693237304688,0.0
2.4,3.1888890266418457,0.927184178798694,0.3746057909127828,1.0,0.0,1.0,1.0,0.7584906220436096,-0.3102770745754242,0.6140302419662476,-0.01120758056640625,-0.000537872314453125,0.04468124359846115,0.23994238674640656,0.08242078870534897,-0.019092712551355362,-0.2328190803527832,0.19427573680877686,-0.35577595233917236,-0.3283092677593231,-0.21818795800209045,2.2703518867492676,0.4615897238254547,-0.17317965626716614,-0.10403858870267868,-0.15366695821285248,-0.2678951621055603,0.6131712198257446,0.26246413588523865,-0.014479747042059898,-0.19353263080120087,0.4000000059604645,0.05000000074505806,-0.3100000023841858,0.49000000953674316,-0.20999999344348907,0.0,-0.6317960619926453,-0.09635920822620392,0.41199028491973877,0.8145145177841187,-0.358349472284317,0.0,-0.3552931845188141,0.7632704973220825,0.7611801028251648,-0.3876296281814575,-7.031789779663086,-5.960904121398926,0.47865480184555054,-0.3775317668914795,-0.13458332419395447,-1.10413658618927,7.548570156097412,-0.6398276090621948,0.002693764865398407,0.0018373280763626099,-0.003930987790226936,0.007963210344314575,-0.10750128328800201,0.17485357820987701,301.1835632324219,547.4934692382812,0.5,0.0,0.0,0.8369460105895996,0.0,0.861701488494873,0.7763490676879883,0.0,0.0,0.0,0.0,434.3853759765625,0.0
2.41,3.200000286102295,0.9510570717929909,0.3090152847231703,1.0,0.0,1.0,1.0,0.760108470916748,-0.3097172975540161,0.6134358644485474,-0.008598804473876953,-0.001865386962890625,0.04085969179868698,0.22960369288921356,0.08614456653594971,-0.0787259042263031,-0.06576120853424072,0.259008526802063,-0.45252910256385803,-0.32810547947883606,-0.21353334188461304,2.2720582485198975,0.4639016389846802,-0.1785045564174652,-0.008410759270191193,-0.15965954959392548,-0.27151811122894287,0.6226261258125305,0.27237722277641296,-0.025728430598974228,-0.1238771378993988,0.4000000059604645,0.05000000074505806,-0.3100000023841858,0.49000000953674316,-0.20999999344348907,0.0,-0.6377643346786499,-0.09755286574363708,0.41461628675460815,0.8228700160980225,-0.36216914653778076,0.0,-0.28977304697036743,0.48474085330963135,0.21463719010353088,0.45047059655189514,-3.279710531234741,-0.7779310345649719,-1.0691834688186646,-0.23571474850177765,0.8555952310562134,1.3014224767684937,1.466570258140564,4.861664772033691,0.002132333815097809,0.0015595480799674988,-0.020330466330051422,0.06507758796215057,-0.23599781095981598,-0.04352105036377907,171.25828552246094,120.29926300048828,0.5,0.0,0.0,0.8582155108451843,0.0,0.8512324094772339,0.6639388799667358,0.0,0.0,0.0,0.0,107.009521484375,0.0
2.42,3.211111307144165,0.9702960242533635,0.24192070047459105,1.0,0.0,1.0,1.0,0.7623060941696167,-0.30896562337875366,0.6126934289932251,-0.00782632827758789,-0.0027914047241210938,0.03808313608169556,0.24902349710464478,0.09107590466737747,-0.041537992656230927,-0.09534291177988052,0.0402366928756237,-0.23637224733829498,-0.3310090899467468,-0.20790767669677734,2.263951063156128,0.45956435799598694,-0.1804926097393036,-0.0899728536605835,-0.15192033350467682,-0.2703258693218231,0.6148416996002197,0.2635519206523895,-0.015028056688606739,-0.1773972511291504,0.4000000059604645,0.05000000074505806,-0.3100000023841858,0.49000000953674316,-0.20999999344348907,0.0,-0.6425740718841553,-0.09851481020450592,0.4167325794696808,0.8296036720275879,-0.36524736881256104,0.0,-0.5778812170028687,0.2872495949268341,0.8596621751785278,-0.25569039583206177,-0.18701735138893127,1.5683001279830933,0.6970131993293762,0.43576088547706604,0.01151588186621666,-0.6876322031021118,-0.020891591906547546,3.210085391998291,0.0012388825416564941,0.000770866870880127,0.021715102717280388,0.02435697428882122,-0.00029326032381504774,-0.037559624761343,308.4200134277344,462.63134765625,0.5,0.0,0.0,0.8557586669921875,0.0,0.8671285510063171,0.8942734599113464,0.0,0.0,0.0,0.0,119.40290832519531,0.0
2.43,3.2222225666046143,0.9848081287530219,0.17364604672140285,1.0,0.0,1.0,1.0,0.7642954587936401,-0.3079282343387604,0.6122452616691589,-0.006312847137451172,-0.0023031234741210938,0.035409774631261826,0.24324791133403778,0.07549626380205154,-0.02108360454440117,0.16655929386615753,0.17064158618450165,-0.25979718565940857,-0.330532431602478,-0.2032308727502823,2.267122983932495,0.45624226331710815,-0.17907249927520752,-0.04275672137737274,-0.15747278928756714,-0.2708800733089447,0.6202489137649536,0.2761186361312866,-0.023193566128611565,-0.14181767404079437,0.4000000059604645,0.05000000074505806,-0.3100000023841858,0.49000000953674316,-0.20999999344348907,0.0,-0.6462020874023438,-0.09924042224884033,0.4183289408683777,0.8346829414367676,-0.36756932735443115,0.0,-0.21095341444015503,0.6045603156089783,0.3436080515384674,-0.21692906320095062,0.22802457213401794,-0.530454695224762,-0.8553550839424133,-0.29849350452423096,0.9431255459785461,1.930159568786621,-1.093202829360962,0.8413638472557068,0.0007431209087371826,0.00035910308361053467,0.0007347844657488167,-0.0007858729222789407,0.0029914972838014364,0.00828518159687519,324.572509765625,162.28436279296875,0.5,0.0,0.0,0.8673809766769409,0.0,0.8665437698364258,0.8737254738807678,0.0,0.0,0.0,0.0,68.41764068603516,0.0
2.44,3.2333338260650635,0.9945222189757652,0.10452538430218739,1.0,0.0,1.0,1.0,0.7665172815322876,-0.3068026006221771,0.6123037338256836,-0.005088329315185547,-0.0014123916625976562,0.03526890650391579,0.270005464553833,0.08200038969516754,0.04352852702140808,0.039661090821027756,0.13504089415073395,0.11996742337942123,-0.3285483419895172,-0.1980438381433487,2.253795623779297,0.4502180814743042,-0.17747505009174347,-0.08916378766298294,-0.15196645259857178,-0.2663286626338959,0.6176984310150146,0.27087414264678955,-0.02731962688267231,-0.15589232742786407,0.4000000059604645,0.05000000074505806,-0.3100000023841858,0.49000000953674316,-0.20999999344348907,0.0,-0.6486305594444275,-0.0997261106967926,0.4193974435329437,0.8380827903747559,-0.36912354826927185,0.0,0.04350591450929642,0.5270836353302002,-0.11076822876930237,-0.5208256244659424,-0.332213819026947,-0.2727625370025635,0.8696582317352295,0.7087500691413879,-0.36431726813316345,-0.9626084566116333,-1.28070068359375,1.3621361255645752,0.0007745847105979919,-5.2131712436676025e-05,0.008224389515817165,-0.0007992956088855863,-0.00775953009724617,-0.028539327904582024,296.0926513671875,322.66796875,0.5,0.0,0.0,0.8789888024330139,0.0,0.8875920176506042,0.9716259837150574,0.0,0.0,0.0,0.0,96.36544799804688,0.0
2.45,3.2444448471069336,0.9993909153117299,0.03489696824056543,1.0,0.0,1.0,1.0,0.7686468362808228,-0.3057098984718323,0.6128413677215576,-0.0034999847412109375,-0.00042629241943359375,0.03695939853787422,0.25239503383636475,0.07235927879810333,0.0750177726149559,0.20157136023044586,0.1109093427658081,0.2644994556903839,-0.3261244297027588,-0.19487549364566803,2.2500228881835938,0.44901180267333984,-0.184552401304245,-0.03973108157515526,-0.15509718656539917,-0.265295147895813,0.6184567213058472,0.2802061438560486,-0.03446919843554497,-0.14100368320941925,0.4000000059604645,0.05000000074505806,-0.3100000023841858,0.49000000953674316,-0.20999999344348907,0.0,-0.6498477458953857,-0.09996955096721649,0.4199329912662506,0.8397868275642395,-0.3699025511741638,0.0,0.03746045380830765,0.30355194211006165,-0.2869946360588074,0.11559953540563583,-0.47991836071014404,1.9844609498977661,-0.5026183724403381,0.12966233491897583,0.09243682026863098,1.3499126434326172,-0.9652431011199951,1.6029080152511597,0.0014495104551315308,0.0004176199436187744,0.03278214484453201,0.013644043356180191,0.01466983463615179,-0.016252100467681885,246.71966552734375,274.17108154296875,0.5,0.0,0.0,0.9009884595870972,0.0,0.875387966632843,0.8694278597831726,0.0,0.0,0.0,0.0,140.9169158935547,0.0
2.46,3.2555558681488037,0.9993907584717193,-0.03490145958727013,1.0,0.0,1.0,1.0,0.7710250020027161,-0.30451565980911255,0.6134582757949829,-0.0027227401733398438,0.0009499975712969899,0.04053521156311035,0.26790526509284973,0.07366490364074707,0.07305189967155457,0.08475193381309509,0.07652243971824646,0.37946754693984985,-0.32246825098991394,-0.19125822186470032,2.228097915649414,0.4435492753982544,-0.1726009100675583,-0.12128208577632904,-0.1513195037841797,-0.2622477114200592,0.6122128963470459,0.2803167998790741,-0.03993070125579834,-0.17794586718082428,0.4000000059604645,0.05000000074505806,-0.3100000023841858,0.49000000953674316,-0.20999999344348907,0.0,-0.6496954560279846,-0.09993909299373627,0.41986599564552307,0.8395736217498779,-0.36980509757995605,0.0,0.3089439570903778,0.21673135459423065,-1.8916490077972412,-0.7246972918510437,2.856795310974121,-3.7498607635498047,0.53972327709198,0.33887195587158203,-0.6163095831871033,-0.10557916760444641,-0.6859641671180725,-1.006326675415039,0.002152062952518463,0.0007953457534313202,0.030349692329764366,-0.009469835087656975,0.08714336156845093,0.011381732299923897,148.59986877441406,246.63514709472656,0.5,0.0,0.0,0.9107556343078613,0.0,0.8881728053092957,0.7497681379318237,0.0,0.0,0.0,0.0,142.3203125,0.0
2.47,3.266667127609253,0.9945215926300541,-0.10453134358928183,1.0,0.0,1.0,1.0,0.773190438747406,-0.30330219864845276,0.6138827204704285,-0.0011343955993652344,0.0025286164600402117,0.04464180767536163,0.25789573788642883,0.07100704312324524,0.03761686757206917,0.20488020777702332,0.1953231394290924,0.44265279173851013,-0.3121124505996704,-0.18922840058803558,2.2133278846740723,0.4410600960254669,-0.17643359303474426,-0.01748635619878769,-0.15294820070266724,-0.2592560648918152,0.6114479899406433,0.2876680791378021,-0.04681174084544182,-0.13116146624088287,0.4000000059604645,0.05000000074505806,-0.3100000023841858,0.49000000953674316,-0.20999999344348907,0.0,-0.6472682952880859,-0.09945365786552429,0.41879802942276,0.8361755609512329,-0.3682516813278198,0.0,1.5272265672683716,0.3514955937862396,-1.5177956819534302,-0.13652563095092773,-4.928810119628906,8.418965339660645,-0.4580230116844177,0.22703389823436737,-0.20184361934661865,0.996143639087677,-0.39195185899734497,0.8556375503540039,0.002597641199827194,0.0009898841381072998,0.14670626819133759,0.013644886203110218,-0.006720545701682568,-0.006408568471670151,146.88717651367188,203.49191284179688,0.5,0.0,0.0,0.9127438068389893,0.0,0.8804581165313721,0.6757832169532776,0.0,0.0,0.0,0.0,252.06674194335938,0.0
2.48,3.277778148651123,0.9848073483630978,-0.17365047253043728,1.0,0.0,1.0,1.0,0.775855541229248,-0.30225852131843567,0.6140047311782837,-0.0010061264038085938,0.0032505386043339968,0.04845261946320534,0.2807891368865967,0.07587933540344238,0.002215241314843297,0.020550668239593506,-0.02181815914809704,0.2704469859600067,-0.3169068694114685,-0.1905493587255478,2.200836420059204,0.4509497582912445,-0.21110987663269043,-0.12768656015396118,-0.14372004568576813,-0.2570728361606598,0.6076276898384094,0.2852061092853546,-0.0666092038154602,-0.15984134376049042,0.4000000059604645,0.05000000074505806,-0.3100000023841858,0.49000000953674316,-0.20999999344348907,0.0,-0.6424612998962402,-0.09849225729703903,0.4166829586029053,0.8294458389282227,-0.36517518758773804,0.0,-1.5076667070388794,-0.38937461376190186,-0.5849443674087524,1.0566375255584717,2.5714540481567383,-7.030028343200684,1.0249242782592773,0.22630561888217926,-0.29413414001464844,-0.3863423764705658,-0.7502198815345764,-0.9890918731689453,0.0035899169743061066,0.0009626783430576324,-0.027359945699572563,-0.033006470650434494,-0.012158299796283245,0.03642755746841431,177.7773895263672,130.28688049316406,0.5,0.0,0.0,0.9467905759811401,0.0,0.8979668617248535,0.8639130592346191,0.0,0.0,0.0,0.0,189.7223663330078,0.0
2.49,3.288889169692993,0.9702952994409876,-0.24192360753495018,1.0,0.0,1.0,1.0,0.7783334255218506,-0.3009416162967682,0.6138420701026917,-0.0002903938293457031,0.004828240256756544,0.05050181597471237,0.26803892850875854,0.07742279767990112,-0.017597120255231857,0.2435978502035141,0.08864456415176392,0.1642538160085678,-0.31799808144569397,-0.18669995665550232,2.1991822719573975,0.4468090832233429,-0.15559788048267365,-0.04538268968462944,-0.14369821548461914,-0.2555898129940033,0.6090059876441956,0.29282572865486145,-0.059854429215192795,-0.14012999832630157,0.4000000059604645,0.05000000074505806,-0.3100000023841858,0.49000000953674316,-0.20999999344348907,0.0,-0.6353681087493896,-0.09707361459732056,0.41356194019317627,0.8195153474807739,-0.36063557863235474,0.0,0.5042031407356262,0.5634714365005493,-0.6142048239707947,-0.3049667477607727,-1.3950165510177612,4.465485572814941,-0.2618043124675751,0.18592305481433868,-0.10924284160137177,1.1189384460449219,-0.48305487632751465,-0.2357339859008789,0.0035491660237312317,0.0007175877690315247,0.07145486772060394,0.00219616387039423,0.018105097115039825,0.004324096255004406,200.54888916015625,192.9213409423828,0.5,0.0,0.0,0.9394640922546387,0.0,0.8872748613357544,0.9474712610244751,0.0,0.0,0.0,0.0,136.60833740234375,0.0
2.5,3.3000004291534424,0.9510556830426352,-0.3090195588507412,1.0,0.0,1.0,1.0,0.7811229825019836,-0.2998034656047821,0.6134204268455505,-0.0003018379211425781,0.005505801178514957,0.05108333379030228,0.29411476850509644,0.08543923497200012,-0.03544717654585838,-0.03214122727513313,0.02166462503373623,-0.06449801474809647,-0.3302723169326782,-0.186555415391922,2.203838586807251,0.45880571007728577,-0.22532127797603607,-0.13761569559574127,-0.1360974907875061,-0.25392305850982666,0.6111371517181396,0.2905052900314331,-0.06815497577190399,-0.16372546553611755,0.4000000059604645,0.05000000074505806,-0.3100000023841858,0.49000000953674316,-0.20999999344348907,0.0,-0.626126766204834,-0.09522534906864166,0.4094957709312439,0.8065774440765381,-0.3547211289405823,0.0,-2.2384281158447266,-0.37211763858795166,1.4634454250335693,1.5884144306182861,0.014606252312660217,-4.993785381317139,0.643740713596344,0.26412564516067505,-0.43919792771339417,-0.3094228506088257,0.6588647365570068,0.5383106470108032,0.004209313541650772,0.00012642890214920044,-0.04560299962759018,0.019208453595638275,-0.02167828008532524,0.0024510398507118225,233.94046020507812,237.74290466308594,0.5,0.0,0.0,0.9098608493804932,0.0,0.9054011702537537,0.9917145371437073,0.0,0.0,0.0,0.0,161.80838012695312,0.0
2.5100000000000002,3.3111114501953125,0.9271830564545201,-0.3746085688070334,1.0,0.0,1.0,1.0,0.7837381362915039,-0.2985515296459198,0.6130518913269043,0.0003245415282435715,0.006348621100187302,0.05002415180206299,0.28025028109550476,0.091082364320755,-0.028002452105283737,0.16180235147476196,0.01644967682659626,-0.12104868143796921,-0.3361806571483612,-0.1825372874736786,2.205313205718994,0.4537995457649231,-0.1556061953306198,-0.05405769124627113,-0.1385006457567215,-0.25481104850769043,0.6141180396080017,0.3030353784561157,-0.07367508858442307,-0.15547770261764526,0.4000000059604645,0.05000000074505806,-0.3100000023841858,0.49000000953674316,-0.20999999344348907,0.0,-0.6149170398712158,-0.09298340976238251,0.4045635163784027,0.7908838987350464,-0.34754690527915955,0.0,-0.1768943816423416,0.6404023766517639,0.12040863931179047,-0.34686511754989624,-0.6848036050796509,2.312370538711548,-0.2731996178627014,-0.1020708680152893,0.2546560764312744,1.5478026866912842,-1.2402609586715698,-0.4036705791950226,0.0039633773267269135,-1.1436641216278076e-05,0.04185611382126808,-0.002861551707610488,0.01295714732259512,0.006709562614560127,186.44650268554688,280.3209228515625,0.5,0.0,0.0,0.8967479467391968,0.0,0.8929972052574158,0.9711197018623352,0.0,0.0,0.0,0.0,83.671142578125,0.0
2.52,3.3222224712371826,0.8987933604194405,-0.43837255304812317,1.0,0.0,1.0,1.0,0.7868310809135437,-0.29748114943504333,0.6126716732978821,-0.0006175041198730469,0.005963294766843319,0.04778954014182091,0.2977776527404785,0.10566739737987518,-0.028881680220365524,-0.19612661004066467,-0.1437680423259735,-0.29978543519973755,-0.35028496384620667,-0.17927442491054535,2.211864948272705,0.4584556818008423,-0.225807324051857,-0.15022854506969452,-0.13249418139457703,-0.2556779384613037,0.6161999702453613,0.3067297637462616,-0.07906720042228699,-0.1613885760307312,0.4000000059604645,0.05000000074505806,-0.3100000023841858,0.49000000953674316,-0.20999999344348907,0.0,-0.6019573211669922,-0.09039146453142166,0.39886122941970825,0.7727402448654175,-0.33925265073776245,0.0,-2.121943950653076,0.04720034822821617,1.2087138891220093,0.29472821950912476,1.865106225013733,-5.739724636077881,0.9750925898551941,-0.21506302058696747,0.5185632705688477,-0.12626121938228607,-0.27007561922073364,-0.019086748361587524,0.0042586550116539,-0.00018046051263809204,-0.04725369065999985,0.047818515449762344,-0.004690311849117279,0.030217017978429794,140.44154357910156,99.28984069824219,0.5,0.0,0.0,0.8701303601264954,0.0,0.9011180996894836,0.8354852199554443,0.0,0.0,0.0,0.0,120.6083984375,0.0
2.5300000000000002,3.333333730697632,0.866024155424979,-0.5000021622157765,1.0,0.0,1.0,1.0,0.7894593477249146,-0.2965737283229828,0.6122057437896729,0.00030373019399121404,0.004718841519206762,0.04457568749785423,0.2923785448074341,0.11246073246002197,-0.0592416487634182,-0.0837179496884346,0.17595408856868744,-0.36778226494789124,-0.3503575623035431,-0.17421339452266693,2.208246946334839,0.4443769156932831,-0.16202761232852936,-0.06865441799163818,-0.1329958587884903,-0.2588937282562256,0.6195688247680664,0.31633344292640686,-0.08752629905939102,-0.16091139614582062,0.4000000059604645,0.05000000074505806,-0.3100000023841858,0.49000000953674316,-0.20999999344348907,0.0,-0.5874992609024048,-0.08749984949827194,0.3924996852874756,0.752498984336853,-0.32999950647354126,0.0,0.2310604453086853,0.7406054735183716,0.3565503656864166,-0.7893109321594238,-2.775155782699585,2.051374912261963,-0.25292301177978516,-0.3316078186035156,0.4476500153541565,1.0818716287612915,-0.8459085822105408,-0.4309965968132019,0.003116317093372345,-0.00012101233005523682,0.05330619588494301,-0.004432511981576681,-0.029870061203837395,0.00370111595839262,147.92208862304688,181.4251708984375,0.5,0.0,0.0,0.9113636016845703,0.0,0.8944841027259827,0.762976884841919,0.0,0.0,0.0,0.0,72.70467376708984,0.0
2.54,3.344444751739502,0.8290364928684298,-0.5591945041686424,1.0,0.0,1.0,1.0,0.7925247550010681,-0.295961856842041,0.6116206049919128,-0.00019311904907226562,0.0019031192641705275,0.041083987802267075,0.29808494448661804,0.12503233551979065,-0.05653955414891243,-0.420192688703537,-0.1757470667362213,-0.37125587463378906,-0.360510915517807,-0.17326873540878296,2.2004501819610596,0.4455054700374603,-0.16398124396800995,-0.1586228907108307,-0.12558488547801971,-0.2614234685897827,0.6188299655914307,0.3167394697666168,-0.09206288307905197,-0.165047749876976,0.4000000059604645,0.05000000074505806,-0.3100000023841858,0.49000000953674316,-0.20999999344348907,0.0,-0.5718251466751099,-0.08436502516269684,0.38560307025909424,0.7305551767349243,-0.3199680745601654,0.0,-1.6182953119277954,-0.16917407512664795,-0.49807116389274597,0.3782339096069336,-1.8923728466033936,-4.432194709777832,1.0651390552520752,-0.3514331579208374,-0.43110066652297974,-0.16622394323349,-0.1677984744310379,-0.4410358667373657,0.0028019100427627563,-0.0002195797860622406,-0.05599518492817879,0.003232408780604601,-0.11311989277601242,0.00345154688693583,46.40787887573242,429.9043884277344,0.5,0.0,0.0,0.9255226850509644,0.0,0.8933243751525879,0.759069561958313,0.0,0.0,0.0,0.0,35.677146911621094,0.0
2.5500000000000003,3.355555772781372,0.7880099133080749,-0.6156625508573674,1.0,0.0,1.0,1.0,0.7954844832420349,-0.2955681085586548,0.6109583377838135,-0.0003819465637207031,-0.0020208358764648438,0.03712962195277214,0.29710882902145386,0.12863099575042725,-0.06505267322063446,-0.3476395905017853,0.031625352799892426,-0.42090004682540894,-0.3659777045249939,-0.17260965704917908,2.198350191116333,0.4417872428894043,-0.18188248574733734,-0.08564799278974533,-0.12158079445362091,-0.2668178379535675,0.6197279691696167,0.32205384969711304,-0.09858980774879456,-0.16325408220291138,0.4000000059604645,0.05000000074505806,-0.3100000023841858,0.49000000953674316,-0.20999999344348907,0.0,-0.5552395582199097,-0.0810479149222374,0.37830543518066406,0.7073354125022888,-0.3093533217906952,0.0,-0.7289498448371887,0.25221171975135803,0.1910969763994217,-0.6369512677192688,0.5374849438667297,-3.645803928375244,0.3129326403141022,-0.497480183839798,0.1836756020784378,0.5671042203903198,-0.752718448638916,0.01561374869197607,0.0017701461911201477,-3.7103891372680664e-05,0.033196646720170975,-0.0011737053282558918,-0.015780139714479446,-0.0031118157785385847,351.61688232421875,220.3872833251953,0.5,0.0,0.0,0.9408644437789917,0.0,0.8909904956817627,0.7016547918319702,0.0,0.0,0.0,0.0,81.90473937988281,0.0
2.56,3.3666670322418213,0.7431432884981971,-0.6691323133432473,1.0,0.0,1.0,1.0,0.7983919382095337,-0.295168936252594,0.610257625579834,4.098207500646822e-05,-0.006089210510253906,0.03343268483877182,0.3142012059688568,0.13432294130325317,-0.05813223496079445,-0.3934171795845032,0.050483789294958115,-0.3708752691745758,-0.3740772306919098,-0.17499780654907227,2.1864445209503174,0.44235527515411377,-0.18447506427764893,-0.1647016406059265,-0.11499962210655212,-0.2706134021282196,0.6191603541374207,0.3213440775871277,-0.10208290070295334,-0.16684302687644958,0.4000000059604645,0.05000000074505806,-0.3100000023841858,0.49000000953674316,-0.20999999344348907,0.0,-0.538065493106842,-0.07761310040950775,0.3707488179206848,0.6832916736602783,-0.2983618974685669,0.0,-1.3848835229873657,-0.45488107204437256,0.8374812602996826,0.6181574463844299,-0.30087435245513916,0.14006257057189941,0.7767485976219177,-0.3055152893066406,-0.09997998178005219,-0.2370557188987732,-0.4742629826068878,-0.6064537763595581,0.0011548250913619995,-8.445605635643005e-05,0.0008095117518678308,-0.0039008224848657846,-0.015056521631777287,0.0016100367065519094,307.6421203613281,231.29066467285156,0.5,0.0,0.0,0.8997600674629211,0.0,0.9002095460891724,0.7594985365867615,0.0,0.0,0.0,0.0,45.139644622802734,0.0
2.57,3.3777780532836914,0.6946571252414095,-0.7193410028292151,1.0,0.0,1.0,1.0,0.8010052442550659,-0.2943609654903412,0.6100482940673828,0.0018559166928753257,-0.008266448974609375,0.031120698899030685,0.31691205501556396,0.11919799447059631,0.022334018722176552,-0.04818810895085335,0.22049881517887115,-0.13898570835590363,-0.37405458092689514,-0.17357522249221802,2.1869850158691406,0.4375454783439636,-0.1798822283744812,-0.12004008889198303,-0.1137334331870079,-0.2726841866970062,0.6209449768066406,0.3252882659435272,-0.10872267186641693,-0.16159145534038544,0.4000000059604645,0.05000000074505806,-0.3100000023841858,0.49000000953674316,-0.20999999344348907,0.0,-0.5206371545791626,-0.07412742078304291,0.36308032274246216,0.6588919758796692,-0.2872077524662018,0.0,-0.16721388697624207,0.48063045740127563,0.29904207587242126,-0.4266928434371948,-0.043741315603256226,-0.3051990270614624,0.008735408075153828,0.041416287422180176,0.2065216302871704,0.46049606800079346,-0.7453252077102661,0.8713215589523315,0.0006003454327583313,0.00016341730952262878,0.00931177381426096,0.006633511744439602,-0.005686694290488958,-0.01213576178997755,433.0360107421875,230.67918395996094,0.5,0.0,0.0,0.8952131271362305,0.0,0.9089558720588684,0.9621027708053589,0.0,0.0,0.0,0.0,52.39935302734375,0.0
2.58,3.3888890743255615,0.642786717142462,-0.7660451920514981,1.0,0.0,1.0,1.0,0.8037534356117249,-0.2933703362941742,0.6104182004928589,0.0036430538166314363,-0.009521484375,0.030776022002100945,0.32939866185188293,0.12810730934143066,0.06938348710536957,-0.1748943328857422,0.19929514825344086,0.07583305984735489,-0.38389769196510315,-0.17658916115760803,2.1802682876586914,0.4472196400165558,-0.1904495358467102,-0.19168464839458466,-0.11095303297042847,-0.27200520038604736,0.6199543476104736,0.32630422711372375,-0.11329955607652664,-0.15304192900657654,0.4000000059604645,0.05000000074505806,-0.3100000023841858,0.49000000953674316,-0.20999999344348907,0.0,-0.5032936334609985,-0.07065872848033905,0.35544919967651367,0.6346110701560974,-0.27610790729522705,0.0,-1.1439119577407837,-0.46082788705825806,0.43046456575393677,1.207419753074646,-1.348851203918457,-2.806945323944092,0.1380506455898285,-0.051601435989141464,-0.0919007807970047,0.36009740829467773,-0.9229156970977783,1.2260288000106812,0.001981012523174286,0.0007239021360874176,0.013744866475462914,0.004224186763167381,-0.021272333338856697,-0.017832424491643906,229.22511291503906,341.23944091796875,0.5,0.0,0.0,0.8354339599609375,0.0,0.912988007068634,0.9885646104812622,0.0,0.0,0.0,0.0,132.8260498046875,0.0
2.59,3.4000003337860107,0.5877835555888976,-0.8090182270995342,1.0,0.0,1.0,1.0,0.8058375120162964,-0.29200682044029236,0.6111907958984375,0.007978053763508797,-0.009365081787109375,0.03232356160879135,0.3256133198738098,0.12025035172700882,0.09648684412240982,0.1649242341518402,0.4843849241733551,0.15008996427059174,-0.3707951009273529,-0.17403952777385712,2.1705007553100586,0.4410770833492279,-0.17958283424377441,-0.10376434028148651,-0.1180420070886612,-0.27165254950523376,0.6218031644821167,0.3354475200176239,-0.11459922790527344,-0.13793905079364777,0.4000000059604645,0.05000000074505806,-0.3100000023841858,0.49000000953674316,-0.20999999344348907,0.0,-0.486372172832489,-0.06727443635463715,0.3480037450790405,0.6109210252761841,-0.2652781903743744,0.0,1.5399516820907593,0.7626314759254456,-1.1110100746154785,-0.8321860432624817,-1.7027716636657715,3.602940082550049,-0.8466780781745911,0.23804152011871338,-0.35531991720199585,0.6891988515853882,3.1836962699890137,-1.3477752208709717,0.002358563244342804,0.0017123594880104065,0.07009832561016083,0.03193291276693344,-0.0048987483605742455,-0.014158886857330799,324.1954345703125,195.09982299804688,0.5,0.0,0.0,0.8358367681503296,0.0,0.9141672849655151,0.9559458494186401,0.0,0.0,0.0,0.0,246.48098754882812,0.0
2.6,3.411111354827881,0.529917965601585,-0.8480489076301421,1.0,0.0,1.0,1.0,0.8085799813270569,-0.29042115807533264,0.6118081212043762,0.009977714158594608,-0.008190631866455078,0.03440481796860695,0.3279927968978882,0.11722955107688904,0.05776970088481903,0.08621735125780106,0.04539313167333603,0.2594285309314728,-0.3650088906288147,-0.16715875267982483,2.145425319671631,0.4320549964904785,-0.2170935720205307,-0.18384523689746857,-0.11256547272205353,-0.270332932472229,0.6216985583305359,0.33560290932655334,-0.10201945155858994,-0.1803838461637497,0.4000000059604645,0.05000000074505806,-0.3100000023841858,0.49000000953674316,-0.20999999344348907,0.0,-0.4702030420303345,-0.06404060125350952,0.3408893346786499,0.5882842540740967,-0.25492992997169495,0.0,0.04886624589562416,0.1032576858997345,-2.4313347339630127,-0.2885996103286743,0.41999202966690063,-4.9153618812561035,1.065494179725647,0.4136736989021301,-0.21109750866889954,-0.49056169390678406,0.27610206604003906,-2.0217270851135254,0.00321834534406662,0.0024069882929325104,0.05200162157416344,-0.03899314999580383,0.12617170810699463,-0.0064785112626850605,89.33499908447266,63.11446762084961,0.5,0.0,0.0,0.8204663991928101,0.0,0.9169901609420776,0.8740599751472473,0.0,0.0,0.0,0.0,118.11727142333984,0.0
2.61,3.422222375869751,0.46947071039168947,-0.8829480460844353,1.0,0.0,1.0,1.0,0.8113055229187012,-0.28874021768569946,0.6121824979782104,0.011762670241296291,-0.006596565246582031,0.03707599639892578,0.3243052065372467,0.11644672602415085,0.043886877596378326,0.23141612112522125,0.23594538867473602,0.31109392642974854,-0.358094185590744,-0.16605308651924133,2.1336052417755127,0.42903074622154236,-0.1798444241285324,-0.0809415653347969,-0.11036484688520432,-0.2642473578453064,0.6243021488189697,0.3385791480541229,-0.12358634918928146,-0.13227838277816772,0.4000000059604645,0.05000000074505806,-0.3100000023841858,0.49000000953674316,-0.20999999344348907,0.0,-0.4551004469394684,-0.06102008745074272,0.3342441916465759,0.5671405792236328,-0.24526426196098328,0.0,0.9191255569458008,0.37906956672668457,-0.7272719144821167,0.26778444647789,-4.2992844581604,7.543251991271973,0.1995033472776413,0.6692800521850586,-0.258593887090683,0.06432810425758362,-1.0927964448928833,0.9697701334953308,0.0036377906799316406,0.002449188381433487,0.13203467428684235,0.006951532792299986,-0.014190374873578548,-0.01513187400996685,204.28826904296875,184.79324340820312,0.5,0.0,0.0,0.8140816688537598,0.0,0.9149764180183411,0.8240213394165039,0.0,0.0,0.0,0.0,303.61639404296875,0.0
2.62,3.4333336353302,0.40673490962048237,-0.9135462294246622,1.0,0.0,1.0,1.0,0.8142570853233337,-0.2872275114059448,0.6123033165931702,0.012866837903857231,-0.005816459655761719,0.03853515163064003,0.33006468415260315,0.12316939234733582,0.0005250217509455979,-0.03222450241446495,0.058262161910533905,0.004568424075841904,-0.36129045486450195,-0.16379164159297943,2.122875928878784,0.4334305226802826,-0.245615616440773,-0.18145416676998138,-0.10416124761104584,-0.2603890001773834,0.6241116523742676,0.3377382755279541,-0.13594107329845428,-0.12338823825120926,0.4000000059604645,0.05000000074505806,-0.3100000023841858,0.49000000953674316,-0.20999999344348907,0.0,-0.441358357667923,-0.05827166885137558,0.3281976580619812,0.5479016900062561,-0.2364693284034729,0.0,-1.1474193334579468,0.01501226145774126,-0.8093063831329346,0.8154805898666382,-2.6359243392944336,-10.038896560668945,0.6365939378738403,0.18624311685562134,-0.4969506561756134,-0.10685274004936218,0.42361754179000854,-0.8522385954856873,0.004662938416004181,0.0024670474231243134,0.030629217624664307,-0.001977926818653941,-0.004124377388507128,0.017219414934515953,81.44087982177734,200.22207641601562,0.5,0.0,0.0,0.7718916535377502,0.0,0.915671706199646,0.999958336353302,0.0,0.0,0.0,0.0,88.09811401367188,0.0
2.63,3.4444446563720703,0.34201889204895347,-0.9396930762124441,1.0,0.0,1.0,1.0,0.8171428442001343,-0.2858457863330841,0.61225426197052,0.01367573905736208,-0.005712032318115234,0.038252003490924835,0.31168293952941895,0.12673476338386536,0.012051844969391823,0.07451785355806351,-0.012074549682438374,0.0018898193957284093,-0.36262843012809753,-0.1581125110387802,2.123647451400757,0.4241957664489746,-0.17121565341949463,-0.08958692848682404,-0.10983589291572571,-0.2644416093826294,0.6252813935279846,0.35660693049430847,-0.1371215134859085,-0.123985655605793,0.4000000059604645,0.05000000074505806,-0.3100000023841858,0.49000000953674316,-0.20999999344348907,0.0,-0.4292442202568054,-0.05584884434938431,0.3228674530982971,0.530941903591156,-0.22871629893779755,0.0,-0.4154517352581024,0.9065820574760437,0.41518157720565796,-0.6186511516571045,-0.4680057764053345,0.770417332649231,-0.5430730581283569,-0.41439399123191833,0.6047549247741699,2.4893157482147217,-3.0911383628845215,1.6660852432250977,0.004486549645662308,0.0033520683646202087,0.008239834569394588,-0.01794617436826229,-0.04805504158139229,-0.010423536412417889,171.7136688232422,383.02044677734375,0.5,0.0,0.0,0.7717088460922241,0.0,0.9020818471908569,0.999992847442627,0.0,0.0,0.0,0.0,270.48834228515625,0.0
2.64,3.4555556774139404,0.275636619818429,-0.9612619069822079,1.0,0.0,0.0,1.0,0.8205340504646301,-0.28468331694602966,0.6121801137924194,0.012419776059687138,-0.006770610809326172,0.03640321269631386,0.3105577826499939,0.13073278963565826,-0.006306688766926527,-0.2514193654060364,-0.1820116937160492,-0.2645213305950165,-0.3829835057258606,-0.16100287437438965,2.1260039806365967,0.44195571541786194,-0.22088024020195007,-0.23178783059120178,-0.11291709542274475,-0.2681993842124939,0.6289849281311035,0.37746375799179077,-0.16111215949058533,-0.08898304402828217,0.4000000059604645,0.05000000074505806,-0.3100000023841858,0.49000000953674316,-0.20999999344348907,0.0,-0.41899386048316956,-0.053798772394657135,0.31835728883743286,0.5165914297103882,-0.22215606272220612,0.0,-2.272820234298706,-0.6700859069824219,1.068400263786316,2.444544792175293,-7.8455610275268555,-10.424436569213867,-0.05406053736805916,-0.8727102875709534,0.46274685859680176,2.3666393756866455,-3.431401252746582,0.983445942401886,0.006228186190128326,0.0043677352368831635,0.25895658135414124,-0.040553346276283264,-0.029358739033341408,-0.021654842421412468,-4.036118507385254,567.6250610351562,0.5,0.0,0.0,0.7103495597839355,0.0,0.8994616270065308,0.8694077134132385,0.0,0.0,0.0,0.0,464.71124267578125,0.0
2.65,3.4666669368743896,0.20791003015250864,-0.9781479537176281,1.0,0.0,1.0,1.0,0.8235601186752319,-0.28390562534332275,0.6122809648513794,0.011802440509200096,-0.009463310241699219,0.03289870545268059,0.2848527431488037,0.1369120329618454,0.0235089473426342,-0.2756371796131134,-0.1097409650683403,-0.38715165853500366,-0.3892171382904053,-0.16181744635105133,2.13535213470459,0.438838928937912,-0.14922299981117249,-0.11922997981309891,-0.13066525757312775,-0.28260576725006104,0.6396059989929199,0.4203251898288727,-0.17402440309524536,-0.043183133006095886,0.4000000059604645,0.05000000074505806,-0.3100000023841858,0.49000000953674316,-0.20999999344348907,0.0,-0.4108065664768219,-0.052161313593387604,0.3147549033164978,0.5051292181015015,-0.21691618859767914,0.0,-1.0118026733398438,-0.10401641577482224,1.7253724336624146,0.40893903374671936,-1.82539963722229,5.97386360168457,-1.8592276573181152,-1.5778878927230835,1.2024799585342407,4.5686445236206055,-1.1193392276763916,5.2703399658203125,0.005939662456512451,0.006980620324611664,0.13536947965621948,0.05002792552113533,-0.0029937459621578455,-0.033145155757665634,179.47537231445312,348.3562927246094,0.5,0.0,0.0,0.7162643074989319,0.0,0.8780370950698853,0.7409865260124207,0.0,0.0,0.0,0.0,655.3392333984375,0.0
2.66,3.477778196334839,0.139170496681739,-0.9902684347455278,1.0,0.0,1.0,1.0,0.826920747756958,-0.28312385082244873,0.6121852993965149,0.00945190154016018,-0.012517452239990234,0.02680472657084465,0.27814218401908875,0.14456848800182343,-0.021284783259034157,-0.31868746876716614,-0.28521108627319336,-0.6928479671478271,-0.407839298248291,-0.1549280434846878,2.1719119548797607,0.4360475242137909,-0.25031375885009766,-0.22313879430294037,-0.150929793715477,-0.30291810631752014,0.6486210227012634,0.47236430644989014,-0.16069932281970978,-0.023229582235217094,0.4000000059604645,0.05000000074505806,-0.3100000023841858,0.49000000953674316,-0.20999999344348907,0.0,-0.4048420190811157,-0.05096840113401413,0.31213048100471497,0.49677881598472595,-0.21309888362884521,0.0,-1.9659597873687744,0.695044994354248,3.661284923553467,-0.4306182265281677,2.4628591537475586,6.073022842407227,-2.004868268966675,-2.226867914199829,0.8417878150939941,5.454082489013672,1.4397780895233154,0.9558019638061523,0.005836255848407745,0.010427907109260559,-0.0037514297291636467,0.03675752878189087,-0.11425420641899109,0.030388088896870613,250.0546112060547,209.4787139892578,0.5,0.0,0.0,0.7124373912811279,0.0,0.8691480159759521,0.3828635513782501,0.0,0.0,0.0,0.0,185.93231201171875,0.0
2.67,3.488889455795288,0.06975292044252333,-0.9975642987245178,1.0,1.0,1.0,1.0,0.830348014831543,-0.2817058861255646,0.6120938062667847,0.006671185605227947,-0.013129234313964844,0.020463714376091957,0.28366950154304504,0.1464688628911972,0.006291439291089773,0.1666320413351059,-0.36773887276649475,-0.8274999260902405,-0.4054611325263977,-0.1456538587808609,2.1716930866241455,0.41533806920051575,-0.2014026939868927,-0.11039478331804276,-0.15732868015766144,-0.31240078806877136,0.6603161096572876,0.4929768145084381,-0.10701824724674225,-0.17573045194149017,0.4000000059604645,0.05000000074505806,-0.3100000023841858,0.49000000953674316,-0.20999999344348907,0.0,-0.4000000059604645,-0.05000000074505806,0.3100000023841858,0.49000000953674316,-0.20999999344348907,0.0,-0.6543967723846436,1.2975330352783203,0.23307567834854126,-2.0482523441314697,8.238751411437988,3.688371419906616,-0.3341646194458008,-0.45406192541122437,2.300041437149048,2.101341724395752,-0.06725120544433594,-7.369466304779053,0.004650771617889404,0.011639006435871124,0.014363370835781097,0.46762576699256897,0.143737331032753,-0.2471984326839447,620.3577880859375,77.031005859375,0.5,0.0,0.0,0.6454502940177917,0.0,0.8724027872085571,0.25423094630241394,0.0,0.0,0.0,0.0,793.591552734375,0.0
2.68,3.500000476837158,-2.9960562271378535e-06,-0.9999999999955118,1.0,1.0,1.0,1.0,0.8345808386802673,-0.27935320138931274,0.6124519109725952,0.001835203031077981,-0.010618209838867188,0.015476305969059467,0.32119762897491455,0.16459921002388,0.0643390417098999,0.35083895921707153,-0.5220257043838501,-0.4012017846107483,-0.41098296642303467,-0.13151054084300995,2.167078971862793,0.4006945490837097,-0.1841069757938385,-0.08599091321229935,-0.13719676434993744,-0.302575021982193,0.6750386953353882,0.4590104818344116,-0.15104039013385773,-0.3045661747455597,0.4000000059604645,0.05000000074505806,-0.3100000023841858,0.49000000953674316,-0.20999999344348907,0.0,-0.4000000059604645,-0.05000000074505806,0.3100000023841858,0.49000000953674316,-0.20999999344348907,0.0,-0.7089022397994995,1.3312212228775024,-0.4584820866584778,-1.277380347251892,2.2491955757141113,4.638087749481201,2.0206780433654785,0.9753580689430237,1.5468976497650146,-3.1364939212799072,-8.210494995117188,-9.459386825561523,0.005296692252159119,0.009244486689567566,0.0442354716360569,1.0577565431594849,0.14621460437774658,0.27633172273635864,290.74859619140625,152.01199340820312,0.5,0.0,0.0,0.7118799090385437,0.0,0.8885837197303772,0.7247520089149475,0.0,0.0,0.0,0.0,719.806396484375,0.0
2.69,3.5111114978790283,-0.06975889795872937,-0.9975638807392655,1.0,1.0,1.0,1.0,0.8390719890594482,-0.27608752250671387,0.6136741638183594,-0.002918243408203125,-0.004988670349121094,0.013481663540005684,0.3488920331001282,0.175862118601799,0.1840277463197708,0.7065272927284241,-0.5008289813995361,-0.09319018572568893,-0.4096766412258148,-0.10872673988342285,2.155841827392578,0.3806537687778473,-0.18884341418743134,-0.05990415811538696,-0.11634540557861328,-0.2836925983428955,0.6670952439308167,0.4337059557437897,-0.17312118411064148,-0.31799301505088806,0.4000000059604645,0.05000000074505806,-0.3100000023841858,0.49000000953674316,-0.20999999344348907,0.0,-0.4000000059604645,-0.05000000074505806,0.3100000023841858,0.49000000953674316,-0.20999999344348907,0.0,0.2531167268753052,2.998885154724121,-2.1519534587860107,-4.058849334716797,11.661008834838867,-3.371073007583618,2.6509828567504883,2.2759993076324463,-1.1856142282485962,-2.018519163131714,-1.2571685314178467,-0.1869664192199707,0.0070976316928863525,0.008133038878440857,-0.04242432489991188,0.0009747114381752908,0.1240977868437767,0.01098115835338831,816.5352172851562,247.86830139160156,0.5,0.0,0.0,0.7825579643249512,0.0,0.8980565667152405,0.982781171798706,0.0,0.0,0.0,0.0,857.9415283203125,0.0
2.7,3.5222227573394775,-0.13917643047905787,-0.990267600802484,0.0,1.0,0.0,1.0,0.8441686630249023,-0.2732636630535126,0.6150416135787964,-0.008799552917480469,-0.0010528564453125,0.015589450486004353,0.36829885840415955,0.17160065472126007,0.10162531584501266,0.24299860000610352,-0.6041734218597412,0.4015437960624695,-0.4237518906593323,-0.11183680593967438,2.1446151733398438,0.3990287780761719,-0.23053666949272156,-0.06290753185749054,-0.07906200736761093,-0.25897863507270813,0.6598870754241943,0.3717966675758362,-0.10706423968076706,-0.16286756098270416,0.36520564556121826,0.043041128665208817,-0.29469048976898193,0.44128790497779846,-0.18773160874843597,0.0,-0.4000000059604645,-0.05000000074505806,0.3100000023841858,0.49000000953674316,-0.20999999344348907,0.0,-1.2869904041290283,-1.1691218614578247,-1.1147617101669312,2.121422290802002,-3.538884162902832,-0.014367139898240566,3.437305450439453,1.9422191381454468,-0.1966084986925125,-4.771313190460205,-7.184347152709961,10.671798706054688,0.010306186974048615,0.005596917122602463,0.5435140132904053,0.5770988464355469,0.43690845370292664,0.46998679637908936,0.0,286.3109436035156,0.5,0.0,0.0,0.8917789459228516,0.0,0.9106615781784058,0.7243542075157166,0.0,0.0,0.0,0.0,553.6515502929688,0.0
2.71,3.5333337783813477,-0.2079144260298086,-0.97814701934254,0.0,1.0,0.0,1.0,0.8487692475318909,-0.27114465832710266,0.6158599853515625,-0.01274871826171875,0.00047654539230279624,0.019891126081347466,0.3596615195274353,0.16577211022377014,0.0730842798948288,0.08388558775186539,-0.28801998496055603,0.5785504579544067,-0.4312889873981476,-0.12599396705627441,2.138436794281006,0.42069923877716064,-0.11690270900726318,-0.18454743921756744,-0.06881897896528244,-0.2507602870464325,0.6545050144195557,0.3753724992275238,-0.13383080065250397,-0.08407872170209885,0.34802111983299255,0.039604224264621735,-0.287129282951355,0.417229562997818,-0.17673350870609283,0.0,-0.4000000059604645,-0.05000000074505806,0.3100000023841858,0.49000000953674316,-0.20999999344348907,0.0,-0.24193735420703888,-1.7300444841384888,-0.3693828880786896,2.7702224254608154,10.093427658081055,-10.14492130279541,0.7339059710502625,0.7091533541679382,-0.8446754813194275,0.6886612772941589,-2.8578760623931885,6.650020599365234,0.01192384958267212,0.006263207644224167,1.2414947748184204,0.04375816136598587,0.06877176463603973,-0.09329456835985184,0.0,307.18231201171875,0.5,0.0,0.0,0.867640495300293,0.0,0.9099637269973755,0.5119945406913757,0.0,0.0,0.0,0.0,745.157958984375,0.0
2.72,3.5444447994232178,-0.27563949981191344,-0.9612610811550826,0.0,1.0,1.0,1.0,0.8530001640319824,-0.2692088782787323,0.6165633201599121,-0.015420913696289062,0.0011484484421089292,0.024860303848981857,0.35699498653411865,0.17071911692619324,0.06840603798627853,0.10048487037420273,-0.2616148293018341,0.40642350912094116,-0.43300390243530273,-0.1382080763578415,2.1377854347229004,0.44461357593536377,-0.08195120096206665,-0.27451658248901367,-0.06580764055252075,-0.24981574714183807,0.6450958847999573,0.3900032043457031,-0.14123676717281342,-0.0648081824183464,0.3310897946357727,0.036217961460351944,-0.2796795070171356,0.39352571964263916,-0.16589747369289398,0.0,-0.4000000059604645,-0.05000000074505806,0.3100000023841858,0.49000000953674316,-0.20999999344348907,0.0,0.0416593924164772,-0.8981649875640869,-3.587899684906006,1.5535728931427002,-0.6381862759590149,-3.4937055110931396,-0.11545412242412567,0.17912809550762177,-1.465785026550293,1.6872785091400146,-1.5070855617523193,0.7939462065696716,0.01328190416097641,0.007813535630702972,0.44347208738327026,0.13828571140766144,0.09462132304906845,-0.008411422371864319,260.7708740234375,205.60427856445312,0.5,0.0,0.0,0.8082327246665955,0.0,0.9055697917938232,0.7186648845672607,0.0,0.0,0.0,0.0,198.10177612304688,0.0
2.73,3.555556058883667,-0.3420231151054365,-0.9396915391412085,0.0,1.0,1.0,1.0,0.8573735356330872,-0.2672003507614136,0.6173399686813354,-0.018605709075927734,0.0019191213650628924,0.024836324155330658,0.3620326519012451,0.17584998905658722,0.07152190059423447,0.09588005393743515,-0.271247923374176,-0.1482473611831665,-0.4538952112197876,-0.14549027383327484,2.140626907348633,0.46922388672828674,-0.05961785092949867,-0.28405964374542236,-0.07349695265293121,-0.253403902053833,0.647964358329773,0.42516687512397766,-0.16906218230724335,0.000113252732262481,0.31449422240257263,0.03289884328842163,-0.27237746119499207,0.37029191851615906,-0.15527629852294922,0.0,-0.4000000059604645,-0.05000000074505806,0.3100000023841858,0.49000000953674316,-0.20999999344348907,0.0,-2.218461275100708,-0.4326474368572235,1.1913204193115234,2.5632100105285645,1.0935014486312866,-5.982992649078369,-1.1869611740112305,-0.3525904417037964,0.9927908778190613,3.9629783630371094,-2.210308074951172,12.384380340576172,0.016279540956020355,0.010303322225809097,0.3268740177154541,0.01352626457810402,-0.06168453395366669,-0.08634385466575623,24.69574546813965,296.91131591796875,0.5,0.0,0.0,0.715735673904419,0.0,0.904913067817688,0.9569974541664124,0.0,0.0,0.0,0.0,890.5032958984375,0.0
2.74,3.566667079925537,-0.4067390151701772,-0.9135444015144497,0.0,1.0,1.0,1.0,0.8614760637283325,-0.26501694321632385,0.6180851459503174,-0.02087545394897461,0.0030627467203885317,0.020276613533496857,0.3581865727901459,0.18802359700202942,0.06293078511953354,0.11409652978181839,-0.20388446748256683,-0.6362847685813904,-0.47524434328079224,-0.14425218105316162,2.151677131652832,0.48450496792793274,-0.05037409067153931,-0.3062918782234192,-0.09060521423816681,-0.2630494236946106,0.66267329454422,0.4739084839820862,-0.18506406247615814,0.06549521535634995,0.29831522703170776,0.02966304123401642,-0.26525869965553284,0.3476412892341614,-0.14492172002792358,0.0,-0.4000000059604645,-0.05000000074505806,0.3100000023841858,0.49000000953674316,-0.20999999344348907,0.0,-2.4582924842834473,0.391414999961853,1.717090129852295,1.8812038898468018,-0.28754639625549316,-2.7026615142822266,-1.9569611549377441,-1.1820645332336426,1.5451537370681763,5.052362442016602,0.38880395889282227,5.081498622894287,0.01918133720755577,0.013586938381195068,0.010119233280420303,0.09567740559577942,-0.13591815531253815,-0.02136719785630703,54.85838317871094,281.8194580078125,0.5,0.0,0.0,0.6163076162338257,0.0,0.8950033187866211,0.44498416781425476,0.0,0.0,0.0,0.0,358.5626525878906,0.0
2.75,3.5777781009674072,-0.46947335575157345,-0.8829466395198275,0.0,1.0,0.0,0.0,0.8650094866752625,-0.26229673624038696,0.6185222268104553,-0.02068805694580078,0.005720676388591528,0.012515721842646599,0.3669220507144928,0.20569099485874176,-0.0034469023812562227,0.29827791452407837,0.1975303292274475,-0.9082176089286804,-0.48032140731811523,-0.12621119618415833,2.1807491779327393,0.46682995557785034,-0.07634198665618896,-0.1619257777929306,-0.10726924985647202,-0.2713658809661865,0.6899632215499878,0.504085123538971,-0.18580320477485657,-0.06384838372468948,0.2826315760612488,0.0265263170003891,-0.2583579123020172,0.32568424940109253,-0.13488420844078064,0.0,-0.4000000059604645,-0.05000000074505806,0.3100000023841858,0.49000000953674316,-0.20999999344348907,0.0,0.1361275166273117,1.979312777519226,2.837214946746826,-2.400789976119995,-3.57563853263855,10.315072059631348,-1.9632571935653687,-0.684055507183075,3.6549150943756104,2.393450975418091,-0.17805546522140503,-10.209020614624023,0.019450325518846512,0.01510058343410492,-0.11755836755037308,0.8488205671310425,0.41062110662460327,-0.13326117396354675,0.0,0.0,0.5,0.0,0.0,0.5844835042953491,0.0,0.8868875503540039,0.19210399687290192,0.0,0.0,0.0,0.0,595.5791625976562,0.0
2.7600000000000002,3.5888893604278564,-0.5299217767995477,-0.8480465261255483,0.0,1.0,0.0,0.0,0.8680338263511658,-0.25925225019454956,0.6184160709381104,-0.01796579360961914,0.00882691890001297,0.005455995909869671,0.37934526801109314,0.23022188246250153,-0.050834402441978455,0.2617465555667877,0.34676119685173035,-0.7285748720169067,-0.46288445591926575,-0.10603209584951401,2.1767361164093018,0.42370811104774475,-0.19442006945610046,-0.018212951719760895,-0.10703475028276443,-0.2681187093257904,0.7181731462478638,0.479138046503067,-0.17651471495628357,-0.25940608978271484,0.26751935482025146,0.023503873497247696,-0.2517085075378418,0.3045271039009094,-0.1252123862504959,0.0,-0.4000000059604645,-0.05000000074505806,0.3100000023841858,0.49000000953674316,-0.20999999344348907,0.0,1.8324954509735107,1.8066213130950928,-0.7271205186843872,-4.729958534240723,-10.128887176513672,10.307287216186523,0.2864966094493866,0.3364430069923401,3.699118137359619,-3.1278955936431885,-0.06818682700395584,-10.69545841217041,0.017490141093730927,0.012355178594589233,-0.28548499941825867,1.1676050424575806,1.0603113174438477,0.34668922424316406,0.0,0.0,0.5,0.0,0.0,0.6722623109817505,0.0,0.8736116886138916,0.3458871841430664,0.0,0.0,0.0,0.0,1463.562255859375,0.0
2.77,3.6000003814697266,-0.5877871913791058,-0.8090155855424928,0.0,1.0,1.0,1.0,0.8709312081336975,-0.25652503967285156,0.617688000202179,-0.014482975006103516,0.01043103076517582,-0.0007848739624023438,0.38710346817970276,0.23366230726242065,-0.07356753945350647,0.09816562384366989,0.2981954514980316,-0.5800941586494446,-0.45163288712501526,-0.09964402765035629,2.15714168548584,0.40037521719932556,-0.23425376415252686,0.09284050017595291,-0.1042294129729271,-0.2619328200817108,0.7228663563728333,0.45720136165618896,-0.20516368746757507,-0.3637988567352295,0.2530530095100403,0.020610598847270012,-0.24534332752227783,0.2842741906642914,-0.11595390737056732,0.0,-0.4000000059604645,-0.05000000074505806,0.3100000023841858,0.49000000953674316,-0.20999999344348907,0.0,0.596091091632843,0.23738034069538116,-1.6550008058547974,-0.1894264668226242,3.44756817817688,6.314481735229492,0.8793318867683411,0.7345001697540283,-0.3815302848815918,-1.3345706462860107,-7.385750770568848,-8.584532737731934,0.016079135239124298,0.009953826665878296,0.05962296575307846,0.2524912655353546,0.09696069359779358,0.19180892407894135,286.4866638183594,235.73654174804688,0.5,0.0,0.0,0.7485334873199463,0.0,0.8739890456199646,0.510166347026825,0.0,0.0,0.0,0.0,786.8309326171875,0.0
2.7800000000000002,3.6111114025115967,-0.6427890122540416,-0.7660432662229162,0.0,1.0,1.0,0.0,0.8743383288383484,-0.2537257969379425,0.6174036264419556,-0.012166023254394531,0.011623905971646309,-0.004917144775390625,0.4117526710033417,0.2515633702278137,-0.019619353115558624,0.22055493295192719,0.23835021257400513,-0.3117782175540924,-0.4491884410381317,-0.09528075903654099,2.1501758098602295,0.3995603621006012,-0.21447594463825226,0.13987545669078827,-0.08537802845239639,-0.24010491371154785,0.722091794013977,0.40814757347106934,-0.1928628534078598,-0.24712978303432465,0.23930251598358154,0.017860502004623413,-0.23929309844970703,0.26502352952957153,-0.10715360194444656,0.0,-0.4000000059604645,-0.05000000074505806,0.3100000023841858,0.49000000953674316,-0.20999999344348907,0.0,-0.01238647848367691,0.9613534212112427,0.36149469017982483,-0.084096759557724,-0.5262545943260193,2.081488847732544,2.1904051303863525,2.6511824131011963,-0.06374258548021317,-5.872012615203857,-0.479583740234375,10.070091247558594,0.016388479620218277,0.006386511027812958,0.07207386195659637,0.48440486192703247,0.0158939640969038,0.39962345361709595,428.5653076171875,0.0,0.5,0.0,0.0,0.8087770938873291,0.0,0.8674968481063843,0.8233191967010498,0.0,0.0,0.0,0.0,231.95668029785156,0.0
2.79,3.622222661972046,-0.6946603580135269,-0.7193378809742461,0.0,1.0,0.0,1.0,0.8777085542678833,-0.25129708647727966,0.6167387366294861,-0.009011268615722656,0.011716342531144619,-0.006095409393310547,0.41981950402259827,0.24100027978420258,-0.10479585081338882,-0.12299471348524094,0.37643834948539734,0.04681819677352905,-0.45823609828948975,-0.10557259619235992,2.146064519882202,0.4268933832645416,-0.11674576997756958,0.02583613246679306,-0.06374435126781464,-0.2153041511774063,0.7097491025924683,0.3449837565422058,-0.14539578557014465,-0.1046016588807106,0.22633492946624756,0.015266984701156616,-0.2335873693227768,0.24686890840530396,-0.09885434806346893,0.0,-0.4000000059604645,-0.05000000074505806,0.3100000023841858,0.49000000953674316,-0.20999999344348907,0.0,-0.8003131747245789,-1.6613292694091797,-0.3542260229587555,3.030182123184204,10.009127616882324,-10.085533142089844,2.0387163162231445,2.117453098297119,-1.3715355396270752,-4.68452262878418,-5.866774082183838,10.513505935668945,0.01772790402173996,0.002305310219526291,0.5795084834098816,0.22732119262218475,-0.08032561838626862,0.3099365830421448,0.0,189.85386657714844,0.5,0.0,0.0,0.6929844617843628,0.0,0.8789562582969666,0.9956257343292236,0.0,0.0,0.0,0.0,728.0669555664062,0.0
2.8000000000000003,3.633333683013916,-0.7431462956277398,-0.6691289735878786,0.0,1.0,1.0,1.0,0.8804979920387268,-0.24936921894550323,0.6157209873199463,-0.0037889480590820312,0.010153253562748432,-0.005783557891845703,0.4114137291908264,0.23523105680942535,-0.09632538259029388,-0.1561150848865509,0.5403069257736206,0.04741349443793297,-0.45961254835128784,-0.11609774082899094,2.147796869277954,0.44516870379447937,-0.05155450850725174,-0.09735428541898727,-0.06115463376045227,-0.21224331855773926,0.7097408771514893,0.3413853943347931,-0.15847373008728027,-0.11458322405815125,0.21421341598033905,0.012842681258916855,-0.22825390100479126,0.22989878058433533,-0.09109658002853394,0.0,-0.4000000059604645,-0.05000000074505806,0.3100000023841858,0.49000000953674316,-0.20999999344348907,0.0,-0.3157981038093567,-0.6074344515800476,0.5390393137931824,1.3663345575332642,2.401911497116089,-10.158376693725586,-0.16545060276985168,-0.01699690707027912,0.08977891504764557,0.2895488739013672,-0.3457169532775879,-1.549678087234497,0.017548292875289917,0.0014439672231674194,0.38316455483436584,-0.011048554442822933,0.04259059950709343,0.022294510155916214,138.17552185058594,338.0052185058594,0.5,0.0,0.0,0.7285740375518799,0.0,0.8812954425811768,0.9955139756202698,0.0,0.0,0.0,0.0,270.1398010253906,0.0
2.81,3.644444704055786,-0.7880117578641547,-0.6156601899325999,0.0,1.0,1.0,1.0,0.883563220500946,-0.24749082326889038,0.6148900389671326,3.18183665513061e-05,0.008382881060242653,-0.005968570709228516,0.3986722528934479,0.23619882762432098,-0.07048230618238449,-0.1793956607580185,0.2617875337600708,0.01531333290040493,-0.47743311524391174,-0.12326213717460632,2.166193962097168,0.46929338574409485,-0.00800060760229826,-0.2162814736366272,-0.06916270405054092,-0.2165469080209732,0.7158638834953308,0.36025336384773254,-0.18132230639457703,-0.0963778868317604,0.20299701392650604,0.010599400848150253,-0.2233186960220337,0.21419581770896912,-0.08391807973384857,0.0,-0.4000000059604645,-0.05000000074505806,0.3100000023841858,0.49000000953674316,-0.20999999344348907,0.0,-2.222256898880005,-0.6602910757064819,1.7855463027954102,2.4723668098449707,4.535707473754883,-10.248977661132812,-0.8121199607849121,-0.5714470744132996,0.4015620946884155,2.167689085006714,-1.419524073600769,1.4850578308105469,0.018828872591257095,0.0017414651811122894,0.1477564424276352,0.02379911206662655,-0.1131388247013092,-0.01935257948935032,92.5892562866211,412.8191223144531,0.5,0.0,0.0,0.7877691388130188,0.0,0.8762407898902893,0.9995311498641968,0.0,0.0,0.0,0.0,506.99578857421875,0.0
2.82,3.6555559635162354,-0.8290390059273213,-0.5591907784030767,0.0,1.0,0.0,1.0,0.8864389657974243,-0.24557988345623016,0.6142009496688843,0.0037675390485674143,0.006571957375854254,-0.006663799285888672,0.3737451434135437,0.24484917521476746,-0.0638815313577652,-0.17818273603916168,0.39218568801879883,-0.043711818754673004,-0.49299535155296326,-0.12750163674354553,2.1931207180023193,0.49771812558174133,-0.06659460812807083,-0.30877211689949036,-0.09456977248191833,-0.23292049765586853,0.7281928658485413,0.40843722224235535,-0.18831485509872437,-0.07404027134180069,0.19274012744426727,0.008548025041818619,-0.21880565583705902,0.19983619451522827,-0.07735367119312286,0.0,-0.4000000059604645,-0.05000000074505806,0.3100000023841858,0.49000000953674316,-0.20999999344348907,0.0,-0.9565755128860474,-0.20269420742988586,2.8119630813598633,2.5187325477600098,-5.736358642578125,-8.138364791870117,-3.0217080116271973,-2.0072383880615234,0.9011216163635254,5.146364688873291,3.943592071533203,0.3027704358100891,0.020336929708719254,0.0036893226206302643,0.5113540887832642,0.07444212585687637,-0.15607260167598724,0.0586366131901741,0.0,436.747314453125,0.5,0.0,0.0,0.9047711491584778,0.0,0.8591748476028442,0.996185839176178,0.0,0.0,0.0,0.0,527.608154296875,0.0
2.83,3.6666669845581055,-0.86602640246812,-0.4999982702251336,0.0,1.0,0.0,1.0,0.8894106149673462,-0.2435944676399231,0.6136923432350159,0.006509542930871248,0.0042672595009207726,-0.006013393402099609,0.36041903495788574,0.2699001729488373,-0.04642632231116295,-0.2887941598892212,0.19604161381721497,0.17909571528434753,-0.5002244114875793,-0.12506674230098724,2.2347922325134277,0.5125936269760132,-0.17204561829566956,-0.33565714955329895,-0.12278418242931366,-0.25245288014411926,0.7408128976821899,0.46569767594337463,-0.20305794477462769,-0.03606666624546051,0.18349327147006989,0.0066986531019210815,-0.21473704278469086,0.18689057230949402,-0.07143568992614746,0.0,-0.4000000059604645,-0.05000000074505806,0.3100000023841858,0.49000000953674316,-0.20999999344348907,0.0,-0.5118671655654907,0.26262280344963074,4.192796230316162,1.0466331243515015,-10.03675651550293,-2.030494213104248,-2.5799560546875,-1.7350670099258423,0.9765061140060425,5.449983596801758,-2.113809823989868,5.890804290771484,0.020295675843954086,0.006702236831188202,0.6255623698234558,0.04668127000331879,0.07710766792297363,-0.0700903907418251,0.0,369.63250732421875,0.5,0.0,0.0,0.7979632019996643,0.0,0.8313887119293213,0.937863826751709,0.0,0.0,0.0,0.0,691.3792114257812,0.0
2.84,3.6777780055999756,-0.8987946738042235,-0.4383698602107121,0.0,1.0,0.0,1.0,0.8922737240791321,-0.24168427288532257,0.6128990650177002,0.009255116805434227,0.0013073490699753165,-0.005748271942138672,0.35474565625190735,0.2682611048221588,-0.11742325872182846,-0.3447246253490448,0.3017611801624298,-0.10667535662651062,-0.493811696767807,-0.1144220232963562,2.2783799171447754,0.4958163797855377,-0.27661505341529846,-0.17557868361473083,-0.14905399084091187,-0.27493298053741455,0.7600595355033875,0.5210901498794556,-0.19521556794643402,-0.01726227067410946,0.1753012090921402,0.005060240626335144,-0.21113252639770508,0.17542168498039246,-0.06619276106357574,0.0,-0.4000000059604645,-0.05000000074505806,0.3100000023841858,0.49000000953674316,-0.20999999344348907,0.0,0.6138272285461426,1.1729283332824707,3.9754128456115723,-2.2223191261291504,-9.986215591430664,10.430758476257324,-2.545559883117676,-2.4294228553771973,2.1766550540924072,5.359402656555176,2.090001344680786,1.1932770013809204,0.017254017293453217,0.009774744510650635,0.0932110995054245,0.11484691500663757,0.3795405626296997,-0.057796042412519455,0.0,91.35530853271484,0.5,0.0,0.0,0.6661462783813477,0.0,0.8301692605018616,0.9774978160858154,0.0,0.0,0.0,0.0,609.5179443359375,0.0
2.85,3.688889265060425,-0.9271847399676593,-0.3746044019643976,0.0,1.0,1.0,0.0,0.8957401514053345,-0.23955191671848297,0.6118924021720886,0.010173233225941658,-0.001499176025390625,-0.0034875869750976562,0.37924104928970337,0.2904835343360901,-0.08515256643295288,-0.18813014030456543,-0.08400969952344894,0.16168273985385895,-0.4735105633735657,-0.10077749937772751,2.2597413063049316,0.4515036940574646,-0.3080085813999176,-0.07008954882621765,-0.1392577439546585,-0.27683237195014954,0.7721793055534363,0.4990726113319397,-0.21911849081516266,-0.19021070003509521,0.16820383071899414,0.0036407634615898132,-0.20800969004631042,0.16548538208007812,-0.061650440096855164,0.0,-0.4000000059604645,-0.05000000074505806,0.3100000023841858,0.49000000953674316,-0.20999999344348907,0.0,0.7177894115447998,1.2276216745376587,-1.6750104427337646,-3.2327563762664795,8.629919052124023,0.1112978458404541,1.889129638671875,0.40173137187957764,2.436955213546753,-3.5481619834899902,-4.779796600341797,-10.522188186645508,0.013411127030849457,0.007649444043636322,-0.012842155061662197,1.0196515321731567,0.11234568059444427,0.19854821264743805,665.9278564453125,0.0,0.5,0.0,0.0,0.6882104277610779,0.0,0.8204298615455627,0.9490606188774109,0.0,0.0,0.0,0.0,1181.0086669921875,0.0
2.86,3.700000286102295,-0.9510570717929908,-0.30901528472317047,0.0,1.0,1.0,1.0,0.900002658367157,-0.23667922616004944,0.6115899085998535,0.008604618720710278,-0.0017032623291015625,0.00047412238200195134,0.39436987042427063,0.29572752118110657,0.024617496877908707,0.04853970929980278,-0.2650146782398224,0.5164908170700073,-0.45818427205085754,-0.08737050741910934,2.2258875370025635,0.41722506284713745,-0.23651249706745148,-0.02735762856900692,-0.11576307564973831,-0.26210540533065796,0.767915666103363,0.4587884247303009,-0.23236213624477386,-0.25384679436683655,0.16223573684692383,0.00244714692234993,-0.20538371801376343,0.15713003277778625,-0.057830870151519775,0.0,-0.4000000059604645,-0.05000000074505806,0.3100000023841858,0.49000000953674316,-0.20999999344348907,0.0,1.4386354684829712,1.5180363655090332,-3.534513235092163,-3.396653175354004,6.418393611907959,5.560298442840576,3.159104108810425,1.8228514194488525,-1.4677550792694092,-3.258765459060669,-4.654903888702393,-4.46016263961792,0.011779636144638062,0.004944160580635071,0.03310737386345863,0.09577791392803192,0.059990886598825455,0.077926866710186,517.0658569335938,240.08705139160156,0.5,0.0,0.0,0.7770651578903198,0.0,0.8210059404373169,0.5865334272384644,0.0,0.0,0.0,0.0,1275.78759765625,0.0
2.87,3.711111307144165,-0.9702960242533633,-0.24192070047459116,0.0,1.0,1.0,1.0,0.9051041007041931,-0.2333989143371582,0.6127523183822632,0.004846641328185797,-0.0012364387512207031,0.006442258600145578,0.42729806900024414,0.31997165083885193,0.1735452115535736,0.09304957091808319,-0.40799108147621155,0.7086518406867981,-0.45202139019966125,-0.07067511975765228,2.2058215141296387,0.38948920369148254,-0.20919732749462128,0.014141920022666454,-0.085008904337883,-0.23656755685806274,0.7450722455978394,0.41488856077194214,-0.2065959870815277,-0.21472610533237457,0.15742598474025726,0.0014851950109004974,-0.2032674252986908,0.15039637684822083,-0.054752618074417114,0.0,-0.4000000059604645,-0.05000000074505806,0.3100000023841858,0.49000000953674316,-0.20999999344348907,0.0,0.7969318628311157,2.1961309909820557,-1.4645566940307617,-3.516784906387329,2.239037275314331,4.07271146774292,3.950883626937866,2.9180171489715576,-2.6110875606536865,-5.053969860076904,0.38795942068099976,1.068299412727356,0.012428641319274902,0.00369185209274292,0.06858667731285095,0.1081186980009079,0.043190062046051025,-0.008609010837972164,481.31243896484375,176.03268432617188,0.5,0.0,0.0,0.9075635075569153,0.0,0.8062714338302612,0.36627352237701416,0.0,0.0,0.0,0.0,1002.2598876953125,0.0
2.88,3.7222225666046143,-0.9848081287530218,-0.17364604672140296,0.0,1.0,0.0,1.0,0.9108473062515259,-0.23117053508758545,0.6140373945236206,8.55848120409064e-05,-0.004815101623535156,0.015974169597029686,0.4642101228237152,0.3091108202934265,0.11756650358438492,-0.6210492253303528,-0.45968306064605713,1.2151877880096436,-0.4778977632522583,-0.08805565536022186,2.213369846343994,0.4326021671295166,-0.24663901329040527,-0.09154363721609116,-0.040115728974342346,-0.20649969577789307,0.7217298746109009,0.34476861357688904,-0.19407536089420319,-0.08928009122610092,0.1537979394197464,0.0007595866918563843,-0.20167109370231628,0.14531710743904114,-0.05243067443370819,0.0,-0.4000000059604645,-0.05000000074505806,0.3100000023841858,0.49000000953674316,-0.20999999344348907,0.0,-3.0179693698883057,-3.2087743282318115,0.8291224241256714,5.498426914215088,-1.4516427516937256,-10.032267570495605,5.103391647338867,2.7704250812530518,-3.7311508655548096,-6.370026111602783,-4.993465423583984,5.622833728790283,0.015847735106945038,0.001981861889362335,0.9727407097816467,0.12209464609622955,0.0258313175290823,-0.1560530960559845,0.0,434.9425964355469,0.5,0.0,0.0,0.8611863255500793,0.0,0.8239372968673706,0.052163995802402496,0.0,0.0,0.0,0.0,1175.337890625,0.0
2.89,3.7333338260650635,-0.9945222189757651,-0.10452538430218751,0.0,1.0,0.0,1.0,0.9159350991249084,-0.22971674799919128,0.6151109933853149,-0.00218963623046875,-0.01093149185180664,0.02495172992348671,0.43946602940559387,0.2908564805984497,0.10213246196508408,-0.6039787530899048,-0.15659983456134796,0.8336408734321594,-0.49437519907951355,-0.10579834878444672,2.2407147884368896,0.45703551173210144,-0.1319657266139984,-0.229869082570076,-0.02482723258435726,-0.20692013204097748,0.6993305683135986,0.33869510889053345,-0.1709737926721573,-0.0735837072134018,0.15136942267417908,0.0002738833427429199,-0.20060254633426666,0.14191719889640808,-0.050876423716545105,0.0,-0.4000000059604645,-0.05000000074505806,0.3100000023841858,0.49000000953674316,-0.20999999344348907,0.0,-0.9583762288093567,-1.319880723953247,3.205901622772217,2.140759229660034,10.076436042785645,-10.264877319335938,0.25471827387809753,-0.9358507394790649,-2.293919801712036,0.7830111384391785,8.027545928955078,-1.1729700565338135,0.016670256853103638,0.004190303385257721,1.3272457122802734,0.07717015594244003,-0.16422832012176514,0.08124981075525284,0.0,365.152587890625,0.5,0.0,0.0,0.8560925722122192,0.0,0.8381789326667786,0.24909667670726776,0.0,0.0,0.0,0.0,1076.8197021484375,0.0
2.9,3.7444448471069336,-0.99939091531173,-0.03489696824056555,0.0,1.0,1.0,1.0,0.9202480316162109,-0.22840256989002228,0.6160253286361694,-0.0022077560424804688,-0.01746225357055664,0.031119678169488907,0.4280543327331543,0.2939985990524292,0.09523957222700119,-0.5887280702590942,0.02028823271393776,0.5031670331954956,-0.5091680884361267,-0.12518520653247833,2.28096342086792,0.5053081512451172,-0.059216760098934174,-0.33942854404449463,-0.03970259055495262,-0.2253894805908203,0.7005845308303833,0.38131994009017944,-0.1816931515932083,-0.022298458963632584,0.1501522660255432,3.0450522899627686e-05,-0.20006699860095978,0.14021319150924683,-0.050097450613975525,0.0,-0.4000000059604645,-0.05000000074505806,0.3100000023841858,0.49000000953674316,-0.20999999344348907,0.0,-1.4471969604492188,-1.5885579586029053,4.08138370513916,5.11530876159668,-1.1942540407180786,-9.829550743103027,-1.8769551515579224,-1.6875743865966797,0.256100058555603,4.429224491119385,0.6288647055625916,7.7886762619018555,0.018509261310100555,0.008347827941179276,1.5010370016098022,0.06638628244400024,-0.44076433777809143,-0.05720441788434982,92.85682678222656,347.49169921875,0.5,0.0,0.0,0.7480127215385437,0.0,0.8325827121734619,0.6026889085769653,0.0,0.0,0.0,0.0,853.9679565429688,0.0
2.91,3.755556106567383,-0.9993907061872302,0.034902956702685686,0.0,1.0,1.0,1.0,0.9244956374168396,-0.22651106119155884,0.616892397403717,-0.0027151107788085938,-0.02232503890991211,0.030540160834789276,0.4199375808238983,0.3030940890312195,0.08338505774736404,-0.3938077688217163,-0.23651273548603058,-0.4790568947792053,-0.5340047478675842,-0.13136354088783264,2.322303056716919,0.5433194041252136,-0.08128020912408829,-0.43918609619140625,-0.07438787072896957,-0.2482258379459381,0.7105969786643982,0.4522813558578491,-0.1902976781129837,0.06272879242897034,0.15030455589294434,6.0908496379852295e-05,-0.2001340091228485,0.1404263973236084,-0.05019490420818329,0.0,-0.4000000059604645,-0.05000000074505806,0.3100000023841858,0.49000000953674316,-0.20999999344348907,0.0,-4.466682434082031,-0.16603946685791016,4.005780220031738,3.766557455062866,1.1243281364440918,-9.992589950561523,-3.3711681365966797,-2.489342212677002,1.9135522842407227,7.705416679382324,-0.7023003101348877,10.001981735229492,0.021630607545375824,0.013602890074253082,0.20793019235134125,0.1843940168619156,-0.29124245047569275,-0.10098674893379211,92.79383850097656,324.01141357421875,0.5,0.0,0.0,0.5744781494140625,0.0,0.8215585947036743,0.6319209337234497,0.0,0.0,0.0,0.0,1144.52734375,0.0
2.92,3.766667127609253,-0.9945215926300541,0.1045313435892817,0.0,1.0,1.0,1.0,0.9286595582962036,-0.22400157153606415,0.617497444152832,-0.0032978057861328125,-0.024614810943603516,0.0222746804356575,0.41212207078933716,0.2942262887954712,0.03950684145092964,-0.11350029706954956,0.08973158150911331,-1.0993362665176392,-0.5724903345108032,-0.13466383516788483,2.375190019607544,0.5798009634017944,-0.037784166634082794,-0.33734050393104553,-0.10985640436410904,-0.27269744873046875,0.7414306998252869,0.5304685235023499,-0.20236678421497345,0.17506088316440582,0.15273171663284302,0.0005463436245918274,-0.20120194554328918,0.14382439851760864,-0.05174829065799713,0.0,-0.4000000059604645,-0.05000000074505806,0.3100000023841858,0.49000000953674316,-0.20999999344348907,0.0,-3.692054510116577,-0.33877354860305786,5.10401725769043,4.359751224517822,0.84550940990448,10.172308921813965,-3.772631883621216,-2.570397138595581,3.5430080890655518,8.080660820007324,-1.1897480487823486,10.509968757629395,0.02539476752281189,0.019170306622982025,0.18889524042606354,0.1618146151304245,-0.23123690485954285,-0.09931526333093643,131.78927612304688,266.6822204589844,0.5,0.0,0.0,0.45988908410072327,0.0,0.8281315565109253,0.08918161690235138,0.0,0.0,0.0,0.0,1223.3427734375,0.0
2.93,3.777778148651123,-0.9848073483630978,0.17365047253043717,0.0,1.0,0.0,0.0,0.932195782661438,-0.21986021101474762,0.6181026697158813,-0.0010695457458496094,-0.021938800811767578,0.00937762763351202,0.43425557017326355,0.35171186923980713,0.044455476105213165,0.3317814767360687,0.41362130641937256,-1.5811433792114258,-0.5551854968070984,-0.10484764724969864,2.410489082336426,0.5267466902732849,-0.15910743176937103,-0.1390732079744339,-0.12151726335287094,-0.2817404270172119,0.786932647228241,0.5522553324699402,-0.30297207832336426,-0.012418869882822037,0.15753866732120514,0.001507733017206192,-0.20331701636314392,0.15055415034294128,-0.05482473969459534,0.0,-0.4000000059604645,-0.05000000074505806,0.3100000023841858,0.49000000953674316,-0.20999999344348907,0.0,2.789745807647705,3.6465446949005127,2.8973019123077393,-7.603908061981201,-10.154549598693848,10.753251075744629,-0.9503165483474731,-0.9227445721626282,6.191074371337891,0.7761181592941284,-10.092915534973145,-10.635397911071777,0.022545069456100464,0.02029416337609291,-0.4427221417427063,1.1942799091339111,1.2625148296356201,0.3102372884750366,0.0,0.0,0.5,0.0,0.0,0.4699957072734833,0.0,0.7741054892539978,0.006737754214555025,0.0,0.0,0.0,0.0,2443.911376953125,0.0
2.94,3.7888894081115723,-0.9702949370315338,0.24192506106431436,0.0,1.0,0.0,0.0,0.9356799125671387,-0.21484868228435516,0.6183986067771912,0.001627154997549951,-0.017415523529052734,-0.0024895668029785156,0.42640069127082825,0.3940679430961609,0.004937442950904369,0.5352850556373596,0.1749967485666275,-1.1919987201690674,-0.5137068629264832,-0.07616861909627914,2.3664236068725586,0.4484166204929352,-0.2791747748851776,0.03024103306233883,-0.1107013002038002,-0.2660876512527466,0.7985535264015198,0.4919359087944031,-0.2090834230184555,-0.16772954165935516,0.16463208198547363,0.0029264166951179504,-0.2064381241798401,0.1604849100112915,-0.059364527463912964,0.0,-0.4000000059604645,-0.05000000074505806,0.3100000023841858,0.49000000953674316,-0.20999999344348907,0.0,3.6776182651519775,2.9682183265686035,-5.563518047332764,-7.756929397583008,-10.147493362426758,10.499524116516113,1.5076204538345337,1.886271357536316,0.8465846180915833,-6.494958877563477,9.405251502990723,-10.39477825164795,0.019408155232667923,0.015137247741222382,-0.789925217628479,1.0514309406280518,1.2241342067718506,0.8686827421188354,0.0,0.0,0.5,0.0,0.0,0.6072776317596436,0.0,0.7251238822937012,0.05832514539361,0.0,0.0,0.0,0.0,1504.2413330078125,0.0
2.95,3.8000004291534424,-0.9510556830426352,0.30901955885074106,0.0,1.0,1.0,1.0,0.9395286440849304,-0.20858117938041687,0.6184805631637573,0.0027389293536543846,-0.009242057800292969,-0.014779090881347656,0.4153539836406708,0.4336514472961426,0.06266297399997711,1.0355037450790405,0.011507128365337849,-1.1785155534744263,-0.46893349289894104,-0.03386499732732773,2.307201385498047,0.37344565987586975,-0.2394966185092926,0.09991060197353363,-0.10493981838226318,-0.2429177612066269,0.7851724624633789,0.45011910796165466,-0.1652466505765915,-0.2670060098171234,0.17387346923351288,0.00477469339966774,-0.21050432324409485,0.17342287302017212,-0.06527900695800781,0.0,-0.4000000059604645,-0.05000000074505806,0.3100000023841858,0.49000000953674316,-0.20999999344348907,0.0,4.984871864318848,5.5660400390625,-3.9200072288513184,-7.967325210571289,6.089348793029785,5.440823078155518,0.8656237125396729,2.7296524047851562,-1.3254386186599731,-2.481266498565674,-5.430484771728516,-6.353061199188232,0.01820286363363266,0.011204753071069717,0.11965557187795639,0.4916810095310211,0.11735781282186508,0.5420040488243103,560.217041015625,231.95968627929688,0.5,0.0,0.0,0.7930977940559387,0.0,0.6767610311508179,0.06217527016997337,0.0,0.0,0.0,0.0,1917.279296875,0.0
2.96,3.8111114501953125,-0.9271830564545201,0.3746085688070333,0.0,1.0,1.0,1.0,0.9438647627830505,-0.20287291705608368,0.6193329095840454,0.003396738786250353,-0.0033884048461914062,-0.020652294158935547,0.45381462574005127,0.4467511475086212,0.14005017280578613,0.3199401795864105,0.21203625202178955,-0.10953526943922043,-0.4585426151752472,-0.030010955408215523,2.2703278064727783,0.3788737952709198,-0.23335671424865723,0.22256475687026978,-0.08481892943382263,-0.20919477939605713,0.7583832144737244,0.394568532705307,-0.20238801836967468,-0.2773335576057434,0.18508316576480865,0.007016632705926895,-0.21543659269809723,0.1891164481639862,-0.07245321571826935,0.0,-0.4000000059604645,-0.05000000074505806,0.3100000023841858,0.49000000953674316,-0.20999999344348907,0.0,0.392080694437027,-1.407674789428711,-4.668832778930664,2.725792169570923,-4.651641845703125,10.394454956054688,1.3124911785125732,2.7194175720214844,-2.056530475616455,-2.953184127807617,-10.490111351013184,9.518259048461914,0.020390283316373825,0.008065715432167053,0.2836461365222931,0.2295418083667755,0.4466082751750946,0.38048091530799866,292.63104248046875,431.540283203125,0.5,0.0,0.0,0.8947436809539795,0.0,0.6680185794830322,0.976289689540863,0.0,0.0,0.0,0.0,1392.2181396484375,0.0
2.97,3.8222227096557617,-0.8987927037240239,0.43837389946535216,0.0,1.0,0.0,1.0,0.9493260979652405,-0.19885589182376862,0.6204570531845093,0.0012124330969527364,-0.0049343109130859375,-0.01982593536376953,0.4928302764892578,0.45453593134880066,0.09908080846071243,-0.47254401445388794,-0.3812495172023773,0.4445810616016388,-0.4896737039089203,-0.05306001007556915,2.296135187149048,0.43445223569869995,-0.20906081795692444,0.04967967048287392,-0.05637536197900772,-0.18485213816165924,0.7392125725746155,0.33802151679992676,-0.12721988558769226,-0.10759850591421127,0.19804295897483826,0.009608589112758636,-0.22113889455795288,0.2072601616382599,-0.08074748516082764,0.0,-0.4000000059604645,-0.05000000074505806,0.3100000023841858,0.49000000953674316,-0.20999999344348907,0.0,-3.230563163757324,-2.7958061695098877,3.2306110858917236,5.7680206298828125,3.3519532680511475,-10.53897762298584,3.1803038120269775,2.0296761989593506,-2.0880396366119385,-4.8707170486450195,1.3829476833343506,10.995561599731445,0.024009600281715393,0.006538838148117065,1.320863962173462,0.367888480424881,0.16501669585704803,0.20067942142486572,0.0,296.5814514160156,0.5,0.0,0.0,0.7896013855934143,0.0,0.6614580750465393,0.673474907875061,0.0,0.0,0.0,0.0,1692.6143798828125,0.0
2.98,3.833333730697632,-0.866024155424979,0.5000021622157764,0.0,1.0,0.0,1.0,0.9551438093185425,-0.19553224742412567,0.6213645935058594,-0.002155303955078125,-0.009374141693115234,-0.015037059783935547,0.48475030064582825,0.46234017610549927,0.09388107806444168,-0.4451623857021332,-0.34194493293762207,0.6751378774642944,-0.5100464820861816,-0.0659976378083229,2.351163387298584,0.4691915810108185,-0.09349176287651062,-0.06395339220762253,-0.04599343612790108,-0.17706364393234253,0.7294907569885254,0.34178197383880615,-0.15669390559196472,0.011845038272440434,0.21250060200691223,0.012500118464231491,-0.22750025987625122,0.22750085592269897,-0.09000037610530853,0.0,-0.4000000059604645,-0.05000000074505806,0.3100000023841858,0.49000000953674316,-0.20999999344348907,0.0,-1.513583779335022,-1.0641107559204102,5.85990571975708,3.591815233230591,10.110734939575195,-10.086979866027832,0.979701578617096,0.697620689868927,-1.369141936302185,0.5791071653366089,-3.0357348918914795,10.72972583770752,0.02500855177640915,0.0083484947681427,1.9002422094345093,0.0972926989197731,-0.14542366564273834,-0.14113464951515198,0.0,379.4244689941406,0.5,0.0,0.0,0.7823140025138855,0.0,0.6518231630325317,0.40187177062034607,0.0,0.0,0.0,0.0,1447.5146484375,0.0
2.99,3.844444751739502,-0.82903649286843,0.5591945041686424,0.0,1.0,0.0,1.0,0.9604878425598145,-0.1924406886100769,0.6221919059753418,-0.0042171478271484375,-0.01469564437866211,-0.008986949920654297,0.4676722288131714,0.4542524218559265,0.08394680917263031,-0.5288753509521484,-0.17740099132061005,0.6295232772827148,-0.5259340405464172,-0.08340425789356232,2.409634590148926,0.5234976410865784,0.007015539798885584,-0.16964301466941833,-0.051897332072257996,-0.18480686843395233,0.7248907089233398,0.37506935000419617,-0.18069611489772797,0.0844922661781311,0.22817473113536835,0.015634946525096893,-0.23439687490463257,0.2494446337223053,-0.10003182291984558,0.0,-0.4000000059604645,-0.05000000074505806,0.3100000023841858,0.49000000953674316,-0.20999999344348907,0.0,-1.1655354499816895,-1.768511176109314,5.747961521148682,5.6930670738220215,9.982311248779297,-10.026094436645508,-0.894144594669342,-1.2267159223556519,0.5430839657783508,3.916104316711426,-1.5695576667785645,7.415093421936035,0.026560388505458832,0.011806569993495941,2.457592487335205,0.07682395726442337,-0.32580307126045227,-0.05287259444594383,0.0,439.4842834472656,0.5,0.0,0.0,0.8493788838386536,0.0,0.6604851484298706,0.4526667296886444,0.0,0.0,0.0,0.0,857.2294921875,0.0
3.0,3.855556011199951,-0.7880089910273819,0.6156637313176794,0.0,1.0,0.0,1.0,0.9654906392097473,-0.18936505913734436,0.6231499910354614,-0.005507469177246094,-0.020788192749023438,-0.0024738311767578125,0.45537862181663513,0.47416919469833374,0.10538496822118759,-0.6801477670669556,-0.12594306468963623,0.7027447819709778,-0.5313464403152466,-0.09611432254314423,2.492604970932007,0.5723573565483093,-0.10094255208969116,-0.13594746589660645,-0.06646786630153656,-0.20001785457134247,0.7320858240127563,0.4211571514606476,-0.1911897212266922,0.17056362330913544,0.24476072192192078,0.01895214430987835,-0.24169471859931946,0.27266502380371094,-0.11064685136079788,0.0,-0.4000000059604645,-0.05000000074505806,0.3100000023841858,0.49000000953674316,-0.20999999344348907,0.0,-0.040624506771564484,-1.180996060371399,8.286784172058105,3.864575147628784,-10.070773124694824,2.2940666675567627,-1.723689079284668,-1.5221517086029053,0.5184479355812073,4.664506435394287,-0.5322978496551514,9.646825790405273,0.02716267853975296,0.01627829670906067,2.418889284133911,0.15241247415542603,0.3534413278102875,-0.1022128164768219,0.0,379.8788757324219,0.5,0.0,0.0,0.6909167766571045,0.0,0.6353018879890442,0.372432142496109,0.0,0.0,0.0,0.0,963.142822265625,0.0
3.0100000000000002,3.8666670322418213,-0.7431432884981971,0.6691323133432472,0.0,1.0,1.0,0.0,0.9701434969902039,-0.18678520619869232,0.623843789100647,-0.0066585540771484375,-0.02855825424194336,0.00024028492043726146,0.4250028729438782,0.44918397068977356,0.02966706082224846,-0.7814760208129883,-0.2715051472187042,-0.129900261759758,-0.5466303825378418,-0.11018799990415573,2.533484935760498,0.609123170375824,-0.15692801773548126,-0.0271222535520792,-0.09784039855003357,-0.2228948324918747,0.7490800023078918,0.4871364235877991,-0.1734032928943634,0.3064918518066406,0.2619348168373108,0.022386962547898293,-0.2492513209581375,0.29670876264572144,-0.12163827568292618,0.0,-0.4000000059604645,-0.05000000074505806,0.3100000023841858,0.49000000953674316,-0.20999999344348907,0.0,-2.9606361389160156,-0.7404269576072693,3.6503734588623047,3.666773557662964,-10.338859558105469,6.076320648193359,-2.701422929763794,-2.1822049617767334,2.1180260181427,6.004948616027832,8.77845573425293,11.467605590820312,0.028617478907108307,0.021840393543243408,0.523303747177124,0.23410311341285706,-0.12431266903877258,-0.3428899347782135,45.401023864746094,-45.401023864746094,0.5,0.0,0.0,0.5029045343399048,0.0,0.6604844927787781,0.9668149948120117,0.0,0.0,0.0,0.0,1939.5474853515625,0.0
3.02,3.8777780532836914,-0.6946571252414097,0.719341002829215,0.0,1.0,0.0,0.0,0.9743964672088623,-0.18369947373867035,0.6240100264549255,-0.006574153900146484,-0.03455495834350586,-0.0025091171264648438,0.43203333020210266,0.46849897503852844,-0.012014604173600674,-0.5942288637161255,0.1951507180929184,-0.4470471441745758,-0.5297448039054871,-0.09634953737258911,2.5551412105560303,0.5723561644554138,-0.2658974528312683,0.13700750470161438,-0.11656408756971359,-0.24187064170837402,0.7967078685760498,0.5290576219558716,-0.2699146866798401,0.1700856238603592,0.279363214969635,0.025872644037008286,-0.256919801235199,0.32110852003097534,-0.13279244303703308,0.0,-0.4000000059604645,-0.05000000074505806,0.3100000023841858,0.49000000953674316,-0.20999999344348907,0.0,2.548548460006714,1.7783219814300537,1.7428618669509888,-5.167313098907471,-10.176377296447754,10.44721508026123,-1.8865656852722168,-1.8862305879592896,5.984152793884277,3.1998355388641357,-10.060750961303711,-10.222530364990234,0.02497360110282898,0.025155700743198395,-0.05388054996728897,1.2578668594360352,0.5332391262054443,-0.37299808859825134,0.0,0.0,0.5,0.0,0.0,0.41149193048477173,0.0,0.6387631893157959,0.6705196499824524,0.0,0.0,0.0,0.0,1555.96337890625,0.0
3.0300000000000002,3.8888893127441406,-0.6427855695845053,0.7660461549632133,0.0,1.0,1.0,0.0,0.9785342216491699,-0.17991012334823608,0.6240456104278564,-0.005726814270019531,-0.038935184478759766,-0.0032362937927246094,0.4422495365142822,0.500885009765625,0.040709998458623886,-0.20456556975841522,-0.004268292803317308,-0.05521342158317566,-0.48583754897117615,-0.07668892294168472,2.5123941898345947,0.5000689029693604,-0.31358954310417175,0.22875361144542694,-0.10801202803850174,-0.23967455327510834,0.8259779810905457,0.48842954635620117,-0.17587798833847046,-0.0006994340801611543,0.2967067062854767,0.02934134006500244,-0.26455095410346985,0.34538939595222473,-0.1438922882080078,0.0,-0.4000000059604645,-0.05000000074505806,0.3100000023841858,0.49000000953674316,-0.20999999344348907,0.0,3.1114513874053955,2.3065288066864014,-3.164585590362549,-5.887783050537109,7.532238006591797,-0.3842014670372009,1.4773727655410767,0.7419343590736389,2.7595770359039307,-4.687653541564941,9.997992515563965,-10.512911796569824,0.020073384046554565,0.022208884358406067,-0.03603530302643776,1.161086916923523,0.10822425037622452,0.26345694065093994,586.8264770507812,0.0,0.5,0.0,0.0,0.4486584961414337,0.0,0.6014320254325867,0.9939214587211609,0.0,0.0,0.0,0.0,1410.7840576171875,0.0
3.04,3.9000003337860107,-0.5877835555888977,0.8090182270995341,0.0,1.0,1.0,0.0,0.9828643202781677,-0.17417284846305847,0.6250518560409546,-0.005348682403564453,-0.0365142822265625,-0.002857208251953125,0.43930763006210327,0.5108203291893005,0.18109449744224548,0.5773435831069946,0.09315158426761627,0.08782445639371872,-0.4470762312412262,-0.043980661779642105,2.475363254547119,0.4385899603366852,-0.26917654275894165,0.2263837307691574,-0.09851507842540741,-0.22076468169689178,0.8280181884765625,0.43867817521095276,-0.12842799723148346,-0.13515160977840424,0.313627690076828,0.032725535333156586,-0.2719962000846863,0.36907875537872314,-0.1547217071056366,0.0,-0.4000000059604645,-0.05000000074505806,0.3100000023841858,0.49000000953674316,-0.20999999344348907,0.0,4.497432708740234,3.960655689239502,-3.746924638748169,-6.516749382019043,3.0907227993011475,0.8621007800102234,0.522857666015625,2.3612804412841797,0.018500089645385742,-4.8552727699279785,2.7084057331085205,-10.232421875,0.019013166427612305,0.01927151530981064,0.04491272568702698,1.3060272932052612,0.05740807577967644,0.5945860743522644,730.7057495117188,0.0,0.5,0.0,0.0,0.56693434715271,0.0,0.589051365852356,0.9846920967102051,0.0,0.0,0.0,0.0,1178.7686767578125,0.0
3.0500000000000003,3.911111354827881,-0.5299179656015851,0.8480489076301421,0.0,1.0,1.0,0.0,0.9868641495704651,-0.16687151789665222,0.627219021320343,-0.003573894500732422,-0.028389453887939453,-0.0015850067138671875,0.4409804046154022,0.5146548748016357,0.27913376688957214,0.9704184532165527,0.26869699358940125,0.13926470279693604,-0.39964139461517334,-0.0023172390647232533,2.4341204166412354,0.37618884444236755,-0.25523361563682556,0.2600606679916382,-0.09426186233758926,-0.18960976600646973,0.8195791840553284,0.37877538800239563,-0.15461505949497223,-0.2591521143913269,0.32979685068130493,0.03595936670899391,-0.2791106104850769,0.3917155861854553,-0.16506996750831604,0.0,-0.4000000059604645,-0.05000000074505806,0.3100000023841858,0.49000000953674316,-0.20999999344348907,0.0,5.234286785125732,4.238208770751953,-4.469913482666016,-6.431187629699707,1.5418200492858887,6.804994583129883,0.004358300939202309,3.2953274250030518,-0.5823842883110046,-6.103466033935547,-3.3219797611236572,-10.157367706298828,0.020320530980825424,0.016414925456047058,0.16360165178775787,1.6958212852478027,0.10191067308187485,0.8720133900642395,640.739501953125,0.0,0.5,0.0,0.0,0.7435154914855957,0.0,0.5846710205078125,0.9619534015655518,0.0,0.0,0.0,0.0,1516.5576171875,0.0
3.06,3.92222261428833,-0.4694693877101682,0.8829487493637667,0.0,1.0,0.0,1.0,0.9914117455482483,-0.16041100025177002,0.6291316747665405,-0.0033059120178222656,-0.02253437042236328,0.0016619233647361398,0.4629930853843689,0.4856938421726227,0.1675257831811905,0.4570884108543396,0.02346005290746689,0.5610020160675049,-0.40844491124153137,-0.006993913557380438,2.424309492111206,0.42502251267433167,-0.35243451595306396,0.3588919937610626,-0.08003462851047516,-0.1491873860359192,0.7832658886909485,0.29616010189056396,-0.11589562147855759,-0.27749454975128174,0.34489983320236206,0.038979966193437576,-0.2857559323310852,0.4128597676753998,-0.174735888838768,0.0,-0.4000000059604645,-0.05000000074505806,0.3100000023841858,0.49000000953674316,-0.20999999344348907,0.0,-1.4663516283035278,-2.0290799140930176,-1.2592406272888184,6.2882609367370605,-10.019908905029297,10.027297019958496,1.929654836654663,4.405797958374023,-4.312572002410889,-8.043197631835938,0.3454729914665222,2.266319513320923,0.026075713336467743,0.013282254338264465,0.7794597148895264,1.2142748832702637,0.3258902430534363,0.513351321220398,0.0,77.03632354736328,0.5,0.0,0.0,0.5956432223320007,0.0,0.6221736073493958,0.5328866839408875,0.0,0.0,0.0,0.0,1182.76025390625,0.0
3.0700000000000003,3.9333336353302,-0.40673490962048253,0.9135462294246622,0.0,1.0,0.0,1.0,0.9964076280593872,-0.15546564757823944,0.6302622556686401,-0.004282474517822266,-0.02185964584350586,0.005210502073168755,0.4796348512172699,0.47191157937049866,0.09980388730764389,-0.2566564083099365,-0.18569710850715637,0.4903944432735443,-0.436318963766098,-0.024153683334589005,2.4549806118011475,0.47491365671157837,-0.2649877071380615,0.18674911558628082,-0.07154843211174011,-0.13530591130256653,0.7892991304397583,0.2727130651473999,-0.02886105142533779,-0.10732036828994751,0.3586418926715851,0.04172837734222412,-0.29180243611335754,0.4320986568927765,-0.1835308074951172,0.0,-0.4000000059604645,-0.05000000074505806,0.3100000023841858,0.49000000953674316,-0.20999999344348907,0.0,-2.796414375305176,-2.02195405960083,3.467496871948242,4.704537868499756,9.597856521606445,-10.533487319946289,0.9377980828285217,0.697881281375885,0.3840928077697754,-0.6945409774780273,0.6410800218582153,11.104209899902344,0.0297124981880188,0.01328985020518303,1.3163036108016968,0.29445797204971313,0.3999265730381012,0.15432722866535187,0.0,338.826171875,0.5,0.0,0.0,0.5692422389984131,0.0,0.6400362253189087,0.6181813478469849,0.0,0.0,0.0,0.0,1328.4171142578125,0.0
3.08,3.9444446563720703,-0.34201889204895364,0.9396930762124441,0.0,1.0,0.0,1.0,1.0012284517288208,-0.15161286294460297,0.6308228373527527,-0.004968166351318359,-0.02506256103515625,0.00821978971362114,0.4590599238872528,0.4562477767467499,0.03290335461497307,-0.4251338541507721,-0.1121646836400032,0.24190329015254974,-0.45456263422966003,-0.03660283610224724,2.478163719177246,0.5085932016372681,-0.1590900421142578,0.06201859936118126,-0.08313681185245514,-0.13998080790042877,0.8054792284965515,0.304613322019577,-0.025779012590646744,0.025459017604589462,0.37075600028038025,0.044151198118925095,-0.2971326410770416,0.4490583837032318,-0.19128382205963135,0.0,-0.4000000059604645,-0.05000000074505806,0.3100000023841858,0.49000000953674316,-0.20999999344348907,0.0,-2.092125654220581,-1.1469861268997192,2.7386341094970703,3.7379579544067383,10.04802417755127,-10.180689811706543,-1.2108107805252075,-1.1165889501571655,1.6893366575241089,4.2895426750183105,-3.0285398960113525,7.008153438568115,0.0317353829741478,0.015575617551803589,1.2206438779830933,0.13371093571186066,0.00045331715955398977,-0.18218909204006195,0.0,383.451171875,0.5,0.0,0.0,0.5958230495452881,0.0,0.6572595834732056,0.8895546197891235,0.0,0.0,0.0,0.0,993.2753295898438,0.0
3.09,3.9555559158325195,-0.27563517982076,0.9612623198925346,0.0,1.0,0.0,1.0,1.0057498216629028,-0.14872755110263824,0.6308417916297913,-0.005198001861572266,-0.0314936637878418,0.008589573204517365,0.43976855278015137,0.45048052072525024,-0.005521387327462435,-0.7640107870101929,0.031216200441122055,-0.041454970836639404,-0.48274511098861694,-0.054096948355436325,2.520732879638672,0.5693756937980652,-0.25682562589645386,-0.07563672214746475,-0.10542246699333191,-0.16317680478096008,0.8351016640663147,0.36396658420562744,-0.05294029787182808,0.13013651967048645,0.3810063302516937,0.04620126262307167,-0.3016427755355835,0.46340885758399963,-0.1978440284729004,0.0,-0.4000000059604645,-0.05000000074505806,0.3100000023841858,0.49000000953674316,-0.20999999344348907,0.0,-2.5148749351501465,-1.8777952194213867,4.45457124710083,5.732423305511475,-10.034729957580566,-10.264726638793945,-2.485353469848633,-2.6511528491973877,2.77433443069458,6.142205238342285,-1.9853001832962036,10.488149642944336,0.034983448684215546,0.019222132861614227,1.4095709323883057,0.14282555878162384,0.24960140883922577,-0.10703825205564499,0.0,312.171875,0.5,0.0,0.0,0.6893346309661865,0.0,0.6615822315216064,0.9965688586235046,0.0,0.0,0.0,0.0,1140.2008056640625,0.0
3.1,3.9666669368743896,-0.20791003015250875,0.9781479537176281,0.0,1.0,0.0,1.0,1.0099570751190186,-0.1469007134437561,0.6305456161499023,-0.004982471466064453,-0.04165220260620117,0.00744200823828578,0.42142045497894287,0.42896798253059387,-0.0581933856010437,-1.2578701972961426,0.007095380686223507,-0.18402129411697388,-0.5039488077163696,-0.06998196244239807,2.5708281993865967,0.6102489829063416,-0.3669120669364929,-0.057678449898958206,-0.12516507506370544,-0.19085155427455902,0.8671321868896484,0.41712868213653564,-0.0706033855676651,0.2508457899093628,0.3891933858394623,0.04783867672085762,-0.3052451014518738,0.4748707413673401,-0.20308375358581543,0.0,-0.4000000059604645,-0.05000000074505806,0.3100000023841858,0.49000000953674316,-0.20999999344348907,0.0,-2.0959227085113525,-1.4422050714492798,4.517401218414307,3.3910977840423584,-10.065964698791504,1.426679253578186,-1.3839718103408813,-2.8264353275299072,3.081547737121582,4.299579620361328,-0.9732444286346436,11.913975715637207,0.035781241953372955,0.023124173283576965,0.9024749994277954,0.194154754281044,0.038429949432611465,-0.14489971101284027,0.0,252.57940673828125,0.5,0.0,0.0,0.6024832725524902,0.0,0.6836039423942566,0.9345149397850037,0.0,0.0,0.0,0.0,1016.4735107421875,0.0
3.11,3.9777779579162598,-0.13917198013153684,0.9902682262631004,0.0,1.0,1.0,1.0,1.0134148597717285,-0.14636830985546112,0.6295475959777832,-0.003407001495361328,-0.05507993698120117,0.0008154477691277862,0.3860805332660675,0.38231444358825684,-0.14243003726005554,-1.4206122159957886,0.1952771097421646,-0.9638943076133728,-0.5138839483261108,-0.0774444043636322,2.598773241043091,0.6150927543640137,-0.353392094373703,0.08363649994134903,-0.15617142617702484,-0.23156633973121643,0.9141486883163452,0.48866918683052063,-0.06754346936941147,0.3594015836715698,0.3951578140258789,0.049031563103199005,-0.30786943435668945,0.4832209348678589,-0.20690099895000458,0.0,-0.4000000059604645,-0.05000000074505806,0.3100000023841858,0.49000000953674316,-0.20999999344348907,0.0,-1.4729933738708496,-0.5284063816070557,2.6906259059906006,0.6105285882949829,5.228321552276611,11.082366943359375,-2.7669670581817627,-4.4261040687561035,5.084524631500244,7.055691242218018,0.7886048555374146,1.1330947875976562,0.033491939306259155,0.028162769973278046,0.11742060631513596,0.4173657298088074,-0.5573163628578186,-0.5840550661087036,74.53706359863281,183.4189910888672,0.5,0.0,0.0,0.3771727681159973,0.0,0.7273962497711182,0.15595552325248718,0.0,0.0,0.0,0.0,892.5498046875,0.0
3.12,3.988889217376709,-0.06975441482181197,0.9975641942315624,1.0,1.0,0.0,0.0,1.0161179304122925,-0.14469648897647858,0.6284456253051758,0.0005312832072377205,-0.06506919860839844,-0.007177829742431641,0.38569778203964233,0.44731518626213074,-0.13036082684993744,-0.8928813338279724,0.5684785842895508,-0.919592559337616,-0.46795177459716797,-0.05699382722377777,2.5779099464416504,0.54184490442276,-0.45899924635887146,0.2798244059085846,-0.1596744805574417,-0.24197423458099365,0.9528607726097107,0.4881000816822052,-0.17410895228385925,0.16727957129478455,0.4000000059604645,0.05000000074505806,-0.3100000023841858,0.49000000953674316,-0.20999999344348907,0.0,-0.4000000059604645,-0.05000000074505806,0.3100000023841858,0.49000000953674316,-0.20999999344348907,0.0,4.980373382568359,2.6294422149658203,-2.498396635055542,-7.93436336517334,-10.1607027053833,10.75950813293457,-0.039815064519643784,-0.633010983467102,5.220152378082275,-1.4124879837036133,-10.038893699645996,-10.674254417419434,0.02642253041267395,0.02830551564693451,-0.6305598020553589,1.0573720932006836,-0.12033077329397202,-0.14550477266311646,0.0,0.0,0.5,0.0,0.0,0.34114664793014526,0.0,0.6529127955436707,0.18427962064743042,0.0,0.0,0.0,0.0,2358.559326171875,0.0
3.13,4.000000476837158,2.996056227015389e-06,0.9999999999955118,1.0,1.0,1.0,0.0,1.0185682773590088,-0.14140358567237854,0.6280864477157593,0.005516719538718462,-0.0693979263305664,-0.0134124755859375,0.37058594822883606,0.4432225525379181,0.04887815937399864,-0.08585884422063828,0.6140395998954773,-0.3497714400291443,-0.42609676718711853,-0.03989727795124054,2.539241075515747,0.47587597370147705,-0.35762736201286316,0.25601086020469666,-0.15690110623836517,-0.231649711728096,0.9565016031265259,0.45110321044921875,-0.0962258130311966,0.03052135556936264,0.4000000059604645,0.05000000074505806,-0.3100000023841858,0.49000000953674316,-0.20999999344348907,0.0,-0.4000000059604645,-0.05000000074505806,0.3100000023841858,0.49000000953674316,-0.20999999344348907,0.0,5.097469806671143,1.5886344909667969,-5.42388916015625,-6.276243686676025,9.132524490356445,5.069108486175537,0.2010509967803955,1.3768255710601807,-0.23826156556606293,-3.463327407836914,8.299959182739258,-10.255261421203613,0.021921508014202118,0.026098616421222687,-0.05230271816253662,0.4007076621055603,0.14603126049041748,0.1834419071674347,648.6736450195312,0.0,0.5,0.0,0.0,0.40089717507362366,0.0,0.6528626680374146,0.7829549312591553,0.0,0.0,0.0,0.0,1648.92041015625,0.0
3.14,4.011111736297607,0.06976039233738805,0.9975637762373559,1.0,1.0,1.0,0.0,1.0206835269927979,-0.13621941208839417,0.6289892196655273,0.011858866550028324,-0.06687736511230469,-0.015691280364990234,0.37112969160079956,0.4492886960506439,0.19557246565818787,0.529308557510376,0.7003843784332275,-0.038441888988018036,-0.3764258921146393,-0.013843834400177002,2.4963037967681885,0.4172591269016266,-0.30853623151779175,0.2702805697917938,-0.15583306550979614,-0.21486207842826843,0.9446825385093689,0.4224584400653839,-0.11688791215419769,-0.10108663886785507,0.4000000059604645,0.05000000074505806,-0.3100000023841858,0.49000000953674316,-0.20999999344348907,0.0,-0.4000000059604645,-0.05000000074505806,0.3100000023841858,0.49000000953674316,-0.20999999344348907,0.0,5.369108200073242,3.472510576248169,-3.82576322555542,-6.083133697509766,1.7442677021026611,0.669499933719635,0.0031880810856819153,1.962996006011963,-1.056541085243225,-2.976557493209839,-3.0559017658233643,-10.218316078186035,0.02071307599544525,0.025021031498908997,0.04726560413837433,0.4293224513530731,0.030481891706585884,0.5570946931838989,752.7985229492188,0.0,0.5,0.0,0.0,0.4679507315158844,0.0,0.6460129618644714,0.9970487952232361,0.0,0.0,0.0,0.0,1083.0423583984375,0.0
3.15,4.022222518920898,0.13917494703019698,0.9902678092915783,1.0,0.0,1.0,0.0,1.0232433080673218,-0.1299421340227127,0.6308939456939697,0.017733696848154068,-0.060307979583740234,-0.013568878173828125,0.3964061439037323,0.45555588603019714,0.2571958899497986,0.836829662322998,0.6257233023643494,0.4934159219264984,-0.3535144627094269,-0.005152773577719927,2.4666061401367188,0.41094183921813965,-0.2992067039012909,0.37008050084114075,-0.13997137546539307,-0.17268705368041992,0.9126685857772827,0.347333163022995,-0.2195298671722412,-0.1692613661289215,0.4000000059604645,0.05000000074505806,-0.3100000023841858,0.49000000953674316,-0.20999999344348907,0.0,-0.43479374051094055,-0.056958746165037155,0.32530924677848816,0.5387111902236938,-0.23226797580718994,0.0,1.628171443939209,-0.09107659757137299,-3.054908275604248,0.618035078048706,5.306839942932129,12.836228370666504,1.5362831354141235,3.9528255462646484,-2.79211163520813,-6.838688373565674,-10.019105911254883,-4.404594898223877,0.023485586047172546,0.02217607945203781,0.26041874289512634,0.6502734422683716,0.4971243441104889,0.9538883566856384,438.44769287109375,0.0,0.5,0.0,0.0,0.5281943082809448,0.0,0.646277904510498,0.614517092704773,0.0,0.0,0.0,0.0,1388.8853759765625,0.0
3.16,4.033333778381348,0.2079144260298085,0.9781470193425401,1.0,0.0,0.0,0.0,1.027425765991211,-0.12387487292289734,0.6323299407958984,0.018482664600014687,-0.0544276237487793,-0.007114410400390625,0.4225195050239563,0.453495055437088,0.13797597587108612,0.4803983271121979,-0.20910030603408813,0.9952151775360107,-0.3901594579219818,-0.02401108294725418,2.498570203781128,0.48306605219841003,-0.40384095907211304,0.18650026619434357,-0.10341369360685349,-0.13807830214500427,0.8936771750450134,0.27079448103904724,-0.09211820363998413,-0.04581191763281822,0.4000000059604645,0.05000000074505806,-0.3100000023841858,0.49000000953674316,-0.20999999344348907,0.0,-0.45197874307632446,-0.060395747423172,0.3328706622123718,0.5627702474594116,-0.24326638877391815,0.0,-3.956698417663574,-2.581987142562866,3.4912455081939697,7.332108020782471,-9.966109275817871,-10.620180130004883,4.621313095092773,3.402106761932373,-2.1326963901519775,-7.371832370758057,10.21027660369873,10.166667938232422,0.029521331191062927,0.019675716757774353,1.1201918125152588,-0.0964602380990982,1.1580249071121216,0.8303145170211792,0.0,0.0,0.5,0.0,0.0,0.4020756483078003,0.0,0.6548677682876587,0.13794413208961487,0.0,0.0,0.0,0.0,2846.97119140625,0.0
3.17,4.044445037841797,0.27564093980772675,0.9612606682382846,1.0,0.0,0.0,1.0,1.0315828323364258,-0.11852714419364929,0.632732629776001,0.019106268882751465,-0.05032157897949219,0.0014944719150662422,0.41298672556877136,0.4313415288925171,0.04127855226397514,0.2823774516582489,0.11478465795516968,0.9468562602996826,-0.40988674759864807,-0.03811126947402954,2.5559630393981934,0.5106279850006104,-0.2969112694263458,0.037763334810733795,-0.08980405330657959,-0.13628844916820526,0.906673789024353,0.2810225188732147,0.02062828652560711,0.047877274453639984,0.4000000059604645,0.05000000074505806,-0.3100000023841858,0.49000000953674316,-0.20999999344348907,0.0,-0.4689105153083801,-0.06378210335969925,0.3403206169605255,0.5864747166633606,-0.2541027069091797,0.0,-1.2465969324111938,-1.4476770162582397,6.25075101852417,2.1977829933166504,10.055795669555664,-10.352044105529785,0.4958433210849762,-0.31854817271232605,-0.1687549501657486,2.581556797027588,-1.2303657531738281,-3.579411506652832,0.029904045164585114,0.02032724767923355,1.4742586612701416,-0.21761521697044373,1.462289571762085,0.1580481380224228,0.0,319.2818908691406,0.5,0.0,0.0,0.4145572781562805,0.0,0.6789188385009766,0.16644778847694397,0.0,0.0,0.0,0.0,781.9932250976562,0.0
3.18,4.055556297302246,0.342024522789395,0.9396910267799128,1.0,0.0,0.0,1.0,1.0351403951644897,-0.1138765811920166,0.6325176954269409,0.021121079102158546,-0.048542022705078125,0.010682761669158936,0.384165495634079,0.4279748201370239,-0.0036933438386768103,0.12013901770114899,0.11177441477775574,0.9986361861228943,-0.42821580171585083,-0.06369967013597488,2.604491710662842,0.5627108812332153,-0.22505828738212585,-0.0758361890912056,-0.1022791713476181,-0.14959898591041565,0.9306313991546631,0.33315566182136536,0.00472696777433157,0.06819147616624832,0.4000000059604645,0.05000000074505806,-0.3100000023841858,0.49000000953674316,-0.20999999344348907,0.0,-0.4855060875415802,-0.06710121780633926,0.34762266278266907,0.6097084879875183,-0.26472386717796326,0.0,-1.6558746099472046,-2.739967107772827,4.435139179229736,5.645705699920654,6.629456043243408,-10.083944320678711,-1.6801129579544067,-1.4302350282669067,2.0850045680999756,5.5052971839904785,-1.873522162437439,3.9963390827178955,0.031096450984477997,0.022486187517642975,1.9934680461883545,0.10811373591423035,1.1977295875549316,-0.0985613614320755,0.0,315.902099609375,0.5,0.0,0.0,0.3855704665184021,0.0,0.6749206781387329,0.13607507944107056,0.0,0.0,0.0,0.0,817.228759765625,0.0
3.19,4.066667079925537,0.406739015170177,0.9135444015144498,1.0,0.0,0.0,1.0,1.03892982006073,-0.10991077125072479,0.6318621635437012,0.021269259974360466,-0.04938030242919922,0.019649142399430275,0.3684965670108795,0.42116859555244446,-0.05420912057161331,-0.23211878538131714,-0.14166823029518127,0.932708740234375,-0.4585269093513489,-0.09575246274471283,2.666652202606201,0.6364040374755859,-0.33201679587364197,-0.19207724928855896,-0.12100531905889511,-0.1776524931192398,0.9782392382621765,0.4086504876613617,-0.018785620108246803,0.13709282875061035,0.4000000059604645,0.05000000074505806,-0.3100000023841858,0.49000000953674316,-0.20999999344348907,0.0,-0.5016850829124451,-0.07033701986074448,0.3547414541244507,0.6323591470718384,-0.2750784456729889,0.0,-3.2415003776550293,-3.447676181793213,6.227531433105469,6.927835941314697,-10.064033508300781,-10.108804702758789,-1.6155649423599243,-3.173910140991211,4.714025497436523,7.691239833831787,-1.8530150651931763,7.728509426116943,0.033715568482875824,0.026121757924556732,1.946799635887146,0.22560922801494598,1.6302107572555542,-0.24745894968509674,0.0,286.5523681640625,0.5,0.0,0.0,0.32351452112197876,0.0,0.677495539188385,0.17553949356079102,0.0,0.0,0.0,0.0,1115.0162353515625,0.0
3.2,4.077778339385986,0.4694746784299341,0.8829459362345521,1.0,0.0,0.0,1.0,1.042798399925232,-0.10689494758844376,0.6309798955917358,0.02015286684036255,-0.053793907165527344,0.02871323563158512,0.34569406509399414,0.40684548020362854,-0.09476204216480255,-0.7189257144927979,-0.2671302556991577,0.8091674447059631,-0.4757540822029114,-0.12491683661937714,2.7207651138305664,0.6709124445915222,-0.44683215022087097,-0.07017837464809418,-0.14065870642662048,-0.21304522454738617,1.0209357738494873,0.4862460792064667,-0.036294788122177124,0.24889488518238068,0.4000000059604645,0.05000000074505806,-0.3100000023841858,0.49000000953674316,-0.20999999344348907,0.0,-0.5173686742782593,-0.0734737366437912,0.3616422414779663,0.6543161869049072,-0.28511595726013184,0.0,-2.0009055137634277,-2.452152729034424,4.831371784210205,2.392144203186035,-10.097500801086426,10.142472267150879,-1.4516983032226562,-3.859210729598999,4.124066352844238,7.2451605796813965,-0.688950777053833,11.022029876708984,0.03281456232070923,0.030738569796085358,0.8763890862464905,0.3958635926246643,1.150451898574829,-0.20716272294521332,0.0,252.11029052734375,0.5,0.0,0.0,0.3117116391658783,0.0,0.6847735047340393,0.2699539363384247,0.0,0.0,0.0,0.0,1127.54931640625,0.0
3.21,4.088889122009277,0.5299205064014163,0.8480473199623157,1.0,0.0,1.0,0.0,1.0459836721420288,-0.10497874021530151,0.6298670172691345,0.02115330472588539,-0.06201982498168945,0.03576916828751564,0.3408246636390686,0.3971448838710785,-0.13180212676525116,-1.066003441810608,0.1656610369682312,0.4440676271915436,-0.43899866938591003,-0.12828095257282257,2.729100465774536,0.607506513595581,-0.550862193107605,0.12593403458595276,-0.15305718779563904,-0.2539008557796478,1.0663466453552246,0.5400469899177551,-0.14713363349437714,0.11710100620985031,0.4000000059604645,0.05000000074505806,-0.3100000023841858,0.49000000953674316,-0.20999999344348907,0.0,-0.5324801206588745,-0.07649601995944977,0.3682912588119507,0.6754721403121948,-0.2947872579097748,0.0,3.5286865234375,0.2242850363254547,0.050237298011779785,-6.8908514976501465,0.9722213745117188,2.052332878112793,-1.1328128576278687,-4.57656717300415,5.309666633605957,4.545711040496826,-10.060232162475586,-10.238895416259766,0.023940660059452057,0.03416042774915695,-0.1573079377412796,1.2085564136505127,0.6959493160247803,0.302488774061203,248.48622131347656,0.0,0.5,0.0,0.0,0.4676721692085266,0.0,0.6934184432029724,0.6740897297859192,0.0,0.0,0.0,0.0,1450.710205078125,0.0
3.22,4.100000381469727,0.5877871913791057,0.8090155855424928,1.0,0.0,1.0,0.0,1.0486483573913574,-0.10196028649806976,0.6296449303627014,0.023691533133387566,-0.06662130355834961,0.043290238827466965,0.31600508093833923,0.42192354798316956,0.06320272386074066,-0.0908888578414917,0.22617386281490326,0.8137004375457764,-0.3910270631313324,-0.11777369678020477,2.6790544986724854,0.5368869304656982,-0.42599543929100037,0.11237276345491409,-0.14967425167560577,-0.2518935203552246,1.078572154045105,0.5137330889701843,-0.20964549481868744,-0.014958457089960575,0.4000000059604645,0.05000000074505806,-0.3100000023841858,0.49000000953674316,-0.20999999344348907,0.0,-0.5469468832015991,-0.07938937842845917,0.374656617641449,0.695725679397583,-0.30404600501060486,0.0,5.568447589874268,2.068744421005249,-5.32843542098999,-7.343541145324707,10.114252090454102,-1.1376595497131348,0.6952256560325623,1.2884299755096436,1.5066909790039062,-3.8528616428375244,-7.774918556213379,-10.22950267791748,0.018082760274410248,0.03242792934179306,-0.14358124136924744,1.0571521520614624,0.03279140219092369,0.5930018424987793,544.1990966796875,0.0,0.5,0.0,0.0,0.5494073629379272,0.0,0.6545893549919128,0.26601120829582214,0.0,0.0,0.0,0.0,1830.875732421875,0.0
3.23,4.111111640930176,0.6427901598076683,0.7660423033060462,1.0,0.0,1.0,0.0,1.0507882833480835,-0.09771109372377396,0.6302213072776794,0.026774946600198746,-0.0663294792175293,0.050746817141771317,0.27962547540664673,0.40255895256996155,0.11429525166749954,0.13476094603538513,0.274431049823761,0.7010923624038696,-0.33282405138015747,-0.10122900456190109,2.614574432373047,0.4651298522949219,-0.3102380037307739,0.13654844462871552,-0.1509132981300354,-0.240488201379776,1.0775989294052124,0.47762519121170044,-0.19226378202438354,-0.13112273812294006,0.4000000059604645,0.05000000074505806,-0.3100000023841858,0.49000000953674316,-0.20999999344348907,0.0,-0.5606977343559265,-0.08213955163955688,0.3807070255279541,0.7149768471717834,-0.3128465414047241,0.0,5.8770060539245605,1.7480158805847168,-6.608462333679199,-6.889904499053955,9.916878700256348,5.120752334594727,-0.5208991765975952,1.0207189321517944,-0.44663217663764954,-3.097235679626465,2.7066171169281006,-10.098048210144043,0.014284677803516388,0.030186034739017487,-0.04112457484006882,0.9104959964752197,0.1413298398256302,0.6881653666496277,488.5735168457031,0.0,0.5,0.0,0.0,0.395896852016449,0.0,0.6562343835830688,0.37416404485702515,0.0,0.0,0.0,0.0,1658.2056884765625,0.0
3.24,4.122222900390625,0.6946614356011178,0.7193368403526919,1.0,0.0,1.0,0.0,1.0529910326004028,-0.09264451265335083,0.6314710974693298,0.028869712725281715,-0.06326532363891602,0.057582609355449677,0.28154996037483215,0.41232573986053467,0.2083011418581009,0.46602776646614075,0.2142324596643448,0.712432324886322,-0.295156866312027,-0.08291499316692352,2.5722482204437256,0.42162853479385376,-0.26529496908187866,0.16963206231594086,-0.1484605222940445,-0.2131991982460022,1.0573418140411377,0.41789641976356506,-0.277427613735199,-0.24966385960578918,0.4000000059604645,0.05000000074505806,-0.3100000023841858,0.49000000953674316,-0.20999999344348907,0.0,-0.5736656785011292,-0.08473312854766846,0.3864128887653351,0.7331319451332092,-0.32114601135253906,0.0,3.9112391471862793,2.4862453937530518,-3.8063912391662598,-4.256908416748047,1.2965198755264282,1.4304989576339722,0.14408765733242035,3.411949396133423,-1.9717234373092651,-6.835738182067871,-10.024727821350098,-10.119001388549805,0.013868957757949829,0.027096621692180634,0.03858138248324394,1.2636191844940186,0.042159345000982285,1.0571414232254028,617.2164916992188,0.0,0.5,0.0,0.0,0.3583794832229614,0.0,0.6469631791114807,0.36235904693603516,0.0,0.0,0.0,0.0,764.3970336914062,0.0
3.25,4.133333683013916,0.7431462956277398,0.6691289735878787,1.0,0.0,0.0,0.0,1.056334137916565,-0.0882747545838356,0.6323280334472656,0.027184460312128067,-0.06242179870605469,0.06334672123193741,0.306412935256958,0.3895324766635895,0.06852654367685318,-0.04185746610164642,-0.2838662266731262,0.6800885796546936,-0.3349358141422272,-0.09964554756879807,2.592334032058716,0.4909893870353699,-0.31067660450935364,0.27538591623306274,-0.1352331042289734,-0.17723295092582703,1.0427325963974,0.33580201864242554,-0.18149521946907043,-0.14503802359104156,0.4000000059604645,0.05000000074505806,-0.3100000023841858,0.49000000953674316,-0.20999999344348907,0.0,-0.5857868194580078,-0.08715736120939255,0.3917461931705475,0.7501015663146973,-0.32890355587005615,0.0,-4.907314300537109,-3.0181326866149902,1.4582232236862183,8.013349533081055,-1.874173879623413,10.115936279296875,1.6466968059539795,3.859396457672119,-1.6397968530654907,-8.015616416931152,9.965667724609375,10.03306770324707,0.01923118531703949,0.023387007415294647,0.605496346950531,0.7788597941398621,0.22219783067703247,0.47220802307128906,0.0,0.0,0.5,0.0,0.0,0.49510738253593445,0.0,0.6849406957626343,0.3965151906013489,0.0,0.0,0.0,0.0,1048.350341796875,0.0
3.2600000000000002,4.144444942474365,0.7880126801395447,0.6156590094681402,1.0,0.0,0.0,0.0,1.059945821762085,-0.0847136378288269,0.6320593953132629,0.024568848311901093,-0.0640573501586914,0.06921935826539993,0.30729973316192627,0.3750215172767639,-0.04641193896532059,-0.33009791374206543,-0.35663720965385437,0.6241360902786255,-0.37405481934547424,-0.11908841878175735,2.6172308921813965,0.5438939332962036,-0.39631083607673645,0.09818229079246521,-0.12676425278186798,-0.16423609852790833,1.0586543083190918,0.3065146803855896,-0.054141148924827576,-0.011553577147424221,0.4000000059604645,0.05000000074505806,-0.3100000023841858,0.49000000953674316,-0.20999999344348907,0.0,-0.5970032215118408,-0.08940063416957855,0.39668139815330505,0.7658044695854187,-0.3360820412635803,0.0,-3.445265769958496,-1.846846342086792,3.2238595485687256,4.279272079467773,-9.029452323913574,-10.56851863861084,0.9565132856369019,0.4995307922363281,1.4877554178237915,-1.820369839668274,10.208083152770996,10.2350435256958,0.02213425189256668,0.02207600325345993,0.7098661661148071,0.3807530701160431,0.8446695804595947,0.17865240573883057,0.0,0.0,0.5,0.0,0.0,0.6232037544250488,0.0,0.7007885575294495,0.4588225781917572,0.0,0.0,0.0,0.0,1275.23046875,0.0
3.27,4.155555725097656,0.8290381682428829,0.5591920203261894,1.0,0.0,0.0,1.0,1.0637303590774536,-0.08205227553844452,0.6306959390640259,0.021312721073627472,-0.06811714172363281,0.07512538135051727,0.30152639746665955,0.35337117314338684,-0.13846464455127716,-0.5428032279014587,-0.3761022388935089,0.6004515886306763,-0.40626397728919983,-0.13532769680023193,2.655292510986328,0.5753024816513062,-0.3029124140739441,-0.04235799238085747,-0.12818244099617004,-0.18021030724048615,1.0822675228118896,0.34111088514328003,0.022363577038049698,0.10206364095211029,0.4000000059604645,0.05000000074505806,-0.3100000023841858,0.49000000953674316,-0.20999999344348907,0.0,-0.6072595119476318,-0.09145190566778183,0.40119418501853943,0.7801633477210999,-0.342646062374115,0.0,-3.0208873748779297,-1.6982452869415283,3.962124824523926,3.1184446811676025,9.998465538024902,-10.287359237670898,-0.3039534389972687,-2.094083786010742,0.7363398671150208,4.575649261474609,-3.9052863121032715,6.0105085372924805,0.02193751186132431,0.022977694869041443,1.0983723402023315,0.12859733402729034,0.6171342134475708,-0.10293514281511307,0.0,377.0748596191406,0.5,0.0,0.0,0.5617356300354004,0.0,0.7199843525886536,0.48622480034828186,0.0,0.0,0.0,0.0,804.1563720703125,0.0
3.2800000000000002,4.1666669845581055,0.86602640246812,0.49999827022513366,1.0,0.0,0.0,1.0,1.067314863204956,-0.08006392419338226,0.6288276314735413,0.018446262925863266,-0.07428884506225586,0.08011230081319809,0.28467273712158203,0.3471452295780182,-0.17871247231960297,-0.6548787355422974,-0.33168715238571167,0.4549964666366577,-0.43621185421943665,-0.15336203575134277,2.696178674697876,0.6196592450141907,-0.3777579367160797,-0.16708455979824066,-0.13753533363342285,-0.21787533164024353,1.1238903999328613,0.41409847140312195,-0.014025745913386345,0.191905677318573,0.4000000059604645,0.05000000074505806,-0.3100000023841858,0.49000000953674316,-0.20999999344348907,0.0,-0.6165066361427307,-0.09330132603645325,0.40526291728019714,0.7931092977523804,-0.3485642373561859,0.0,-2.6100683212280273,-1.6699703931808472,4.10837984085083,4.120884418487549,-8.322912216186523,-10.167197227478027,-0.9904593229293823,-4.1243414878845215,4.141488552093506,7.695701599121094,-3.080212116241455,9.378655433654785,0.022325851023197174,0.025886908173561096,1.1830201148986816,0.2909466624259949,0.6740748286247253,-0.21660685539245605,0.0,324.9474792480469,0.5,0.0,0.0,0.46074751019477844,0.0,0.7162319421768188,0.6609721779823303,0.0,0.0,0.0,0.0,1073.7149658203125,0.0
