t,phase,sin_pos,cos_pos,stance_l,stance_r,contact_l,contact_r,base_x,base_y,base_z,base_pitch,base_roll,base_yaw,base_vx,base_vy,base_vz,base_wx,base_wy,base_wz,dof_lhp,dof_lhr,dof_lhy,dof_lkp,dof_lap,dof_lar,dof_rhp,dof_rhr,dof_rhy,dof_rkp,dof_rap,dof_rar,ref_lhp,ref_lhr,ref_lhy,ref_lkp,ref_lap,ref_lar,ref_rhp,ref_rhr,ref_rhy,ref_rkp,ref_rap,ref_rar,dvel_lhp,dvel_lhr,dvel_lhy,dvel_lkp,dvel_lap,dvel_lar,dvel_rhp,dvel_rhr,dvel_rhy,dvel_rkp,dvel_rap,dvel_rar,foot_z_l,foot_z_r,foot_vx_l,foot_vx_r,foot_vy_l,foot_vy_r,cfz_l,cfz_r,cmd_vx,cmd_vy,cmd_wz,rew_stability,rew_swing_foot_forward,rew_tracking_lin_vel,rew_tracking_ang_vel,rew_ref_joint_pos,rew_feet_contact_number,rew_feet_clearance,rew_foot_slip,rew_efficiency,rew_collision
0.0,0.5222222208976746,-0.13917309271867956,-0.9902680698998213,0.0,1.0,0.0,0.0,5.631730891764164e-05,0.00019589136354625225,0.6979507803916931,-0.00021409988403320312,0.0006053851684555411,-0.00020933151245117188,-2.4094040782074444e-05,0.0024941256269812584,-0.1948777139186859,0.05397335812449455,-0.015900978818535805,-0.028527718037366867,0.4641886055469513,0.045626744627952576,-0.3037490248680115,0.4561969041824341,-0.21227502822875977,-0.015880875289440155,-0.3648432493209839,-0.1167667806148529,0.2833560109138489,0.5152247548103333,-0.18515531718730927,-0.011784207075834274,0.3652067184448242,0.04304134473204613,-0.29469096660614014,0.44128942489624023,-0.1877322942018509,0.0,-0.4000000059604645,-0.05000000074505806,0.3100000023841858,0.49000000953674316,-0.20999999344348907,0.0,-0.11947678029537201,0.12172111868858337,0.011371791362762451,0.190315380692482,0.37382858991622925,0.387387216091156,-0.0030528148636221886,0.1996195763349533,0.08564695715904236,-0.2086101919412613,-0.6140031814575195,0.5789116024971008,0.08715809136629105,0.09057096391916275,-0.07922233641147614,0.06866931915283203,-0.009737858548760414,-0.04504554718732834,0.0,0.0,0.5,0.0,0.0,0.8783671855926514,0.0,0.6064939498901367,0.9983736276626587,0.0,0.0,0.0,0.0,1.0164233446121216,0.0
0.01,0.5333333611488342,-0.2079118617685598,-0.9781475643970758,0.0,1.0,0.0,0.0,0.00010480196215212345,0.0003885200712829828,0.6954598426818848,-0.000408172607421875,0.0012292719911783934,-0.000553131103515625,-0.00023895017511676997,0.0028010366950184107,-0.29264435172080994,0.07040680199861526,-0.024062298238277435,-0.04169594496488571,0.4626908600330353,0.04705047607421875,-0.3041258454322815,0.45845115184783936,-0.2114991545677185,-0.013640426099300385,-0.36508870124816895,-0.11448392271995544,0.28433817625045776,0.513179361820221,-0.18956761062145233,-0.007665752433240414,0.3480220139026642,0.03960439935326576,-0.287129670381546,0.4172308146953583,-0.1767340749502182,0.0,-0.4000000059604645,-0.05000000074505806,0.3100000023841858,0.49000000953674316,-0.20999999344348907,0.0,-0.1981116086244583,0.13973137736320496,0.02223280258476734,0.18526692688465118,0.33557915687561035,0.22908271849155426,-0.038684338331222534,0.2517235279083252,0.10444813966751099,-0.2003062516450882,-0.3179223835468292,0.3016236424446106,0.08481629937887192,0.08779440075159073,-0.09501651674509048,0.07217361032962799,-0.012035170570015907,-0.06679176539182663,0.0,0.0,0.5,0.0,0.0,0.883108377456665,0.0,0.6062312722206116,0.9965289235115051,0.0,0.0,0.0,0.0,0.9673048257827759,0.0
0.02,0.5444444417953491,-0.275637339817032,-0.9612617005262356,0.0,1.0,0.0,0.0,0.00016898848116397858,0.0006207276601344347,0.6919897794723511,-0.0006690025329589844,0.001987818628549576,-0.0010128021240234375,-0.00048499106196686625,0.0027754888869822025,-0.39055100083351135,0.08151523768901825,-0.029755685478448868,-0.05205647647380829,0.4605303108692169,0.048596322536468506,-0.3044055104255676,0.4606407880783081,-0.21099472045898438,-0.012525219470262527,-0.3656895160675049,-0.11174595355987549,0.28543633222579956,0.5112786889076233,-0.19176112115383148,-0.0055398354306817055,0.33109062910079956,0.03621812164783478,-0.2796798646450043,0.3935268819332123,-0.16589799523353577,0.0,-0.4000000059604645,-0.05000000074505806,0.3100000023841858,0.49000000953674316,-0.20999999344348907,0.0,-0.254854291677475,0.14718244969844818,0.03057049587368965,0.17792771756649017,0.31495553255081177,0.14729692041873932,-0.0717996135354042,0.2916118800640106,0.11185218393802643,-0.1846633106470108,-0.15361431241035461,0.15455055236816406,0.08150038123130798,0.08402139693498611,-0.10661249607801437,0.07494372129440308,-0.0105800935998559,-0.08212655037641525,0.0,0.0,0.5,0.0,0.0,0.88753342628479,0.0,0.6059330105781555,0.994594931602478,0.0,0.0,0.0,0.0,0.891553521156311,0.0
0.03,0.5555555820465088,-0.3420202997352155,-0.9396925638574744,0.0,1.0,0.0,0.0,0.00024361326359212399,0.0008787496481090784,0.6875404715538025,-0.0009732246398925781,0.0028325803577899933,-0.0015606880187988281,-0.0007598905940540135,0.002402722602710128,-0.48855146765708923,0.08764120936393738,-0.03327415883541107,-0.059680573642253876,0.4579015076160431,0.050198376178741455,-0.3045801520347595,0.46275532245635986,-0.21064287424087524,-0.009798064827919006,-0.3665885925292969,-0.10867533087730408,0.28658396005630493,0.5095270276069641,-0.19282083213329315,-0.004469585604965687,0.31449490785598755,0.032898981124162674,-0.27237775921821594,0.37029287219047546,-0.15527673065662384,0.0,-0.4000000059604645,-0.05000000074505806,0.3100000023841858,0.49000000953674316,-0.20999999344348907,0.0,-0.29171037673950195,0.14703302085399628,0.014825678430497646,0.17065249383449554,0.30493488907814026,0.025790758430957794,-0.09817997366189957,0.31829360127449036,0.11558790504932404,-0.17114542424678802,-0.0733853355050087,0.07526926696300507,0.07720714062452316,0.07926217466592789,-0.11450708657503128,0.07763012498617172,-0.006539220456033945,-0.09291760623455048,0.0,0.0,0.5,0.0,0.0,0.8918447494506836,0.0,0.6056019067764282,0.9929017424583435,0.0,0.0,0.0,0.0,0.8126910328865051,0.0
0.04,0.5666666626930237,-0.40673662026718693,-0.9135454677976493,0.0,1.0,0.0,0.0,-0.0011638004798442125,-7.134117186069489e-05,0.6818716526031494,0.004640474915504456,0.0006473928806371987,-0.006136417388916016,0.015094757080078125,-0.05674237012863159,-0.6257640719413757,-0.397605299949646,0.9742529392242432,-0.4828473925590515,0.4972342550754547,0.019388170912861824,-0.19008024036884308,0.48728376626968384,-0.3128965198993683,-0.11036790907382965,-0.37613117694854736,-0.12914787232875824,0.38880953192710876,0.5108788013458252,-0.29601722955703735,0.10842462629079819,0.2983158230781555,0.029663164168596268,-0.2652589678764343,0.3476421535015106,-0.14492210745811462,0.0,-0.4000000059604645,-0.05000000074505806,0.3100000023841858,0.49000000953674316,-0.20999999344348907,0.0,6.372323036193848,-4.307279109954834,14.764039993286133,3.2151122093200684,-10.011287689208984,-9.788442611694336,-1.135329246520996,-2.602837324142456,12.3464994430542,-0.7127708792686462,-10.031477928161621,10.071791648864746,0.07275129109621048,0.07358110696077347,0.5307822823524475,0.5612676739692688,-0.6329199075698853,-0.6728434562683105,0.0,0.0,0.5,0.0,0.0,0.8767077922821045,0.0,0.6208252906799316,0.6273296475410461,0.0,0.0,0.0,0.0,889.594970703125,0.0
0.05,0.5777778029441833,-0.4694717024021403,-0.882947518623636,0.0,1.0,0.0,0.0,-0.0029248057398945093,-0.0013434982392936945,0.6751015186309814,0.011586484499275684,-0.0028247833251953125,-0.009180068969726562,0.010574404150247574,-0.03567397594451904,-0.7231394052505493,-0.34403714537620544,0.4460945427417755,-0.30660930275917053,0.5504027009010315,-0.01560500729829073,-0.09384506195783615,0.5172749161720276,-0.35338589549064636,-0.06774873286485672,-0.3888738751411438,-0.141495943069458,0.4644894599914551,0.5194482803344727,-0.4025062322616577,0.21451766788959503,0.28263208270072937,0.02652641385793686,-0.2583581209182739,0.32568490505218506,-0.1348845213651657,0.0,-0.4000000059604645,-0.05000000074505806,0.3100000023841858,0.49000000953674316,-0.20999999344348907,0.0,4.405706882476807,-3.672684669494629,8.066889762878418,2.7191457748413086,-2.3721091747283936,3.950153112411499,-0.9018276333808899,-0.6827849745750427,6.026678085327148,1.3560163974761963,-10.041624069213867,10.034903526306152,0.06771659106016159,0.06751347333192825,0.1663697063922882,-0.07177156209945679,0.2233496606349945,-0.7248267531394958,0.0,0.0,0.5,0.0,0.0,0.7867432832717896,0.0,0.6177816987037659,0.8285993337631226,0.0,0.0,0.0,0.0,436.15704345703125,0.0
0.06,0.5888888835906982,-0.529919236002096,-0.84804811379718,0.0,1.0,0.0,0.0,-0.005084984935820103,-0.0030458734836429358,0.667197585105896,0.02001567743718624,-0.007557392120361328,-0.013823509216308594,0.027246279641985893,-0.0503513403236866,-0.8492597341537476,-0.5229211449623108,1.0209280252456665,-0.5416437983512878,0.6100138425827026,-0.05284428969025612,-0.05215344950556755,0.5416335463523865,-0.33281275629997253,-0.16004988551139832,-0.410300612449646,-0.16282516717910767,0.5656374096870422,0.5496228933334351,-0.509361743927002,0.10140430182218552,0.2675201892852783,0.023504037410020828,-0.25170889496803284,0.30452826619148254,-0.1252129077911377,0.0,-0.4000000059604645,-0.05000000074505806,0.3100000023841858,0.49000000953674316,-0.20999999344348907,0.0,6.5090556144714355,-3.90766978263855,3.534236192703247,2.048820972442627,1.9288225173950195,-7.280200481414795,-2.3623616695404053,-2.20255184173584,10.988059997558594,2.796861171722412,-10.037734031677246,-10.085271835327148,0.06126575917005539,0.062065787613391876,0.42303404211997986,0.21218538284301758,0.5800386667251587,-1.587978720664978,0.0,0.0,0.5,0.0,0.0,0.6332395076751709,0.0,0.6363142728805542,0.5561284422874451,0.0,0.0,0.0,0.0,661.4535522460938,0.0
0.07,0.6000000238418579,-0.5877853734854867,-0.8090169063230552,0.0,1.0,0.0,0.0,-0.006669857073575258,-0.004883203189820051,0.6584659218788147,0.026511069387197495,-0.013082027435302734,-0.019322872161865234,0.04046846181154251,-0.03611525893211365,-0.9254271984100342,-0.5916024446487427,0.49565592408180237,-0.5586528182029724,0.6581340432167053,-0.10089930146932602,0.021373581141233444,0.5518845319747925,-0.36652201414108276,-0.05679655447602272,-0.4208415150642395,-0.16838251054286957,0.6300988793373108,0.5611258149147034,-0.6166831851005554,0.07617175579071045,0.25305360555648804,0.02061072364449501,-0.24534359574317932,0.2842750549316406,-0.11595430970191956,0.0,-0.4000000059604645,-0.05000000074505806,0.3100000023841858,0.49000000953674316,-0.20999999344348907,0.0,4.543278694152832,-5.24569034576416,7.331927299499512,0.9258127808570862,-3.5365636348724365,10.007261276245117,-0.6279458403587341,-0.09968215972185135,5.174208164215088,0.9876192212104797,-10.048129081726074,-1.3230583667755127,0.053171515464782715,0.05485045909881592,0.3694206178188324,-0.047180622816085815,1.062351942062378,-1.3709542751312256,0.0,0.0,0.5,0.0,0.0,0.5408956408500671,0.0,0.653804361820221,0.535697340965271,0.0,0.0,0.0,0.0,374.38238525390625,0.0
0.08,0.6111111044883728,-0.64278757780998,-0.7660444698665863,0.0,1.0,0.0,0.0,-0.007897772826254368,-0.0069558341056108475,0.6486974358558655,0.0315987803041935,-0.019620418548583984,-0.02533102035522461,0.05261014774441719,-0.026804594323039055,-1.0349689722061157,-0.6543264389038086,0.5153242349624634,-0.6452257633209229,0.7110944986343384,-0.1549285352230072,0.08416034281253815,0.5661073327064514,-0.39456117153167725,0.024663470685482025,-0.4274715781211853,-0.1677791327238083,0.6795200109481812,0.5680931806564331,-0.7186053395271301,0.06070971116423607,0.2393031120300293,0.017860621213912964,-0.23929336667060852,0.2650243639945984,-0.107153981924057,0.0,-0.4000000059604645,-0.05000000074505806,0.3100000023841858,0.49000000953674316,-0.20999999344348907,0.0,5.5415544509887695,-5.596635818481445,5.979093074798584,1.3878154754638672,-1.926221251487732,6.136815071105957,-0.7158782482147217,0.1907297968864441,4.8395094871521,0.5755205154418945,-10.00693130493164,-1.2000950574874878,0.04444499313831329,0.04669007658958435,0.33696165680885315,0.02672150731086731,1.152528166770935,-1.4595630168914795,0.0,0.0,0.5,0.0,0.0,0.46250903606414795,0.0,0.6691464185714722,0.4349029064178467,0.0,0.0,0.0,0.0,140.77645874023438,0.0
0.09,0.6222222447395325,-0.6946584722314966,-0.7193397020580772,0.0,1.0,0.0,0.0,-0.008034824393689632,-0.00882824044674635,0.6380394101142883,0.032278526574373245,-0.025850772857666016,-0.031679630279541016,0.04789586365222931,-0.003826518077403307,-1.1141417026519775,-0.5890888571739197,-0.179612934589386,-0.6405995488166809,0.744352400302887,-0.20923544466495514,0.15509963035583496,0.5791122913360596,-0.4993893504142761,0.14815951883792877,-0.42668935656547546,-0.154246985912323,0.6893736124038696,0.5622147917747498,-0.6757328510284424,0.1706964075565338,0.22633536159992218,0.01526707038283348,-0.23358756303787231,0.2468695044517517,-0.09885462373495102,0.0,-0.4000000059604645,-0.05000000074505806,0.3100000023841858,0.49000000953674316,-0.20999999344348907,0.0,2.1910600662231445,-5.237061023712158,6.703094482421875,1.2916592359542847,-10.048471450805664,10.159233093261719,0.5274595618247986,1.4786100387573242,-0.26714760065078735,-0.23589317500591278,5.720948696136475,10.058516502380371,0.034588493406772614,0.036856167018413544,0.0012754853814840317,-0.5628501772880554,0.9603787660598755,-1.0073444843292236,0.0,0.0,0.5,0.0,0.0,0.4257696270942688,0.0,0.6644300818443298,0.4401077926158905,0.0,0.0,0.0,0.0,380.38330078125,0.0
0.1,0.6333333253860474,-0.7431447920648445,-0.6691306434672524,0.0,1.0,1.0,1.0,-0.00927185919135809,-0.011988982558250427,0.628381609916687,0.03548688068985939,-0.036486148834228516,-0.042888641357421875,-0.019550278782844543,-0.05321193486452103,-0.8050413727760315,-1.5012667179107666,0.7330136299133301,-1.8174711465835571,0.7743548154830933,-0.23172235488891602,0.14110831916332245,0.5833641290664673,-0.38925832509994507,0.040018778294324875,-0.4449215829372406,-0.16759523749351501,0.6779659986495972,0.5670908093452454,-0.6073475480079651,0.11244173347949982,0.2142137736082077,0.012842752039432526,-0.2282540500164032,0.22989928722381592,-0.09109681099653244,0.0,-0.4000000059604645,-0.05000000074505806,0.3100000023841858,0.49000000953674316,-0.20999999344348907,0.0,2.89864182472229,-1.545016884803772,-2.2679479122161865,0.12592408061027527,12.275887489318848,-9.415438652038574,-2.8153469562530518,-2.7155895233154297,-0.9481313228607178,0.1696806699037552,12.526496887207031,-2.475282669067383,0.024223215878009796,0.028958581387996674,-0.20373733341693878,0.24178670346736908,-0.798694372177124,-0.19302082061767578,395.3840637207031,986.9547729492188,0.5,0.0,0.0,0.3543941378593445,0.0,0.579535722732544,0.001351685612462461,0.0,0.0,0.0,0.0,711.5684814453125,0.0
0.11,0.644444465637207,-0.7880108355869995,-0.6156613703956738,0.0,1.0,1.0,1.0,-0.011452795937657356,-0.01690095290541649,0.6218521595001221,0.03890955448150635,-0.05223274230957031,-0.0654911994934082,-0.05939987674355507,-0.13718648254871368,-0.5977368354797363,-1.4857137203216553,0.16648530960083008,-2.634035110473633,0.7950227856636047,-0.24752770364284515,0.1380886733531952,0.5736615061759949,-0.2624414563179016,0.12048935890197754,-0.45463278889656067,-0.18092679977416992,0.6725844144821167,0.5652464628219604,-0.5248318910598755,0.13819056749343872,0.20299725234508514,0.010599449276924133,-0.22331878542900085,0.21419614553451538,-0.08391822874546051,0.0,-0.4000000059604645,-0.05000000074505806,0.3100000023841858,0.49000000953674316,-0.20999999344348907,0.0,1.8223919868469238,-1.9711447954177856,-1.5919076204299927,-0.6940702795982361,11.63094711303711,-6.361016750335693,-0.34683045744895935,-0.8588030934333801,-0.7056748867034912,-0.212947279214859,7.903296947479248,1.9434705972671509,0.015264153480529785,0.02456042915582657,0.13206416368484497,-0.5132648944854736,-0.6871099472045898,-0.9616156220436096,832.5542602539062,427.97222900390625,0.5,0.0,0.0,0.2763594388961792,0.0,0.5150471925735474,9.410385359842621e-07,0.0,0.0,0.0,0.0,639.4073486328125,0.0
0.12,0.6555556058883667,-0.829037749399968,-0.5591926412872722,0.0,1.0,1.0,1.0,-0.01387225091457367,-0.022749654948711395,0.6162252426147461,0.041181329637765884,-0.0696873664855957,-0.09460973739624023,-0.05320358648896217,-0.1651288866996765,-0.6102480292320251,-1.732527732849121,0.5484474301338196,-3.100727081298828,0.8292186856269836,-0.2671717703342438,0.11211539804935455,0.582349419593811,-0.1981218010187149,-0.024129698053002357,-0.4725992977619171,-0.2002268135547638,0.6547992825508118,0.5789793729782104,-0.5047316551208496,0.1006268635392189,0.1927405446767807,0.008548106998205185,-0.21880584955215454,0.19983676075935364,-0.07735393941402435,0.0,-0.4000000059604645,-0.05000000074505806,0.3100000023841858,0.49000000953674316,-0.20999999344348907,0.0,4.114588737487793,-2.358376979827881,-1.744337558746338,0.9877855777740479,7.03380823135376,-10.44986343383789,-2.6356990337371826,-2.8714234828948975,-1.4866509437561035,1.689359426498413,3.1546645164489746,0.148115336894989,0.007999345660209656,0.022376328706741333,0.16736286878585815,-0.10243429243564606,-1.0937594175338745,-0.41991230845451355,181.90231323242188,259.2108459472656,0.5,0.0,0.0,0.19869986176490784,0.0,0.5134495496749878,4.45598669074343e-09,0.0,0.0,0.0,0.0,666.718994140625,0.0
0.13,0.6666666865348816,-0.8660254662022696,-0.49999989188912974,0.0,1.0,1.0,1.0,-0.016224602237343788,-0.028933826833963394,0.6109015941619873,0.042025428265333176,-0.08678627014160156,-0.12700271606445312,-0.03892912343144417,-0.22482743859291077,-0.5770965218544006,-1.4076087474822998,0.20784996449947357,-3.29300594329834,0.8701305985450745,-0.29691082239151,0.09992604702711105,0.5851916670799255,-0.11283658444881439,-0.004522743169218302,-0.4861804246902466,-0.2264823317527771,0.652458667755127,0.5958583354949951,-0.474043071269989,0.06714297086000443,0.18349364399909973,0.006698727607727051,-0.214737206697464,0.186891108751297,-0.07143592834472656,0.0,-0.4000000059604645,-0.05000000074505806,0.3100000023841858,0.49000000953674316,-0.20999999344348907,0.0,4.390082836151123,-3.052356481552124,-1.2502292394638062,-0.5069785714149475,14.084785461425781,13.684892654418945,-0.7233796715736389,-2.1908955574035645,0.17364265024662018,1.7075830698013306,2.521453619003296,-3.1249587535858154,0.001220516860485077,0.020733240991830826,0.2485196441411972,-0.5834107995033264,-0.09701365977525711,-0.7938753962516785,835.4058837890625,71.4778060913086,0.5,0.0,0.0,0.14174890518188477,0.0,0.505612850189209,3.811696513977836e-10,0.0,0.0,0.0,0.0,895.751708984375,0.0
0.14,0.6777777671813965,-0.8987940171128403,-0.4383712066299096,0.0,1.0,1.0,1.0,-0.0183732733130455,-0.03509337082505226,0.608282208442688,0.04079462215304375,-0.09752416610717773,-0.16272592544555664,-0.04971499368548393,-0.5042992234230042,-0.09933854639530182,-0.2940331697463989,0.16938084363937378,-3.8139824867248535,0.9338653087615967,-0.33203333616256714,0.061549216508865356,0.6147007942199707,-0.10654080659151077,-0.004053248558193445,-0.5014282464981079,-0.23681151866912842,0.643580436706543,0.6167595982551575,-0.4919576644897461,0.08807068318128586,0.1753014773130417,0.0050602927803993225,-0.21113264560699463,0.1754220724105835,-0.06619293987751007,0.0,-0.4000000059604645,-0.05000000074505806,0.3100000023841858,0.49000000953674316,-0.20999999344348907,0.0,4.183442115783691,-3.56778621673584,-1.0752609968185425,2.2033023834228516,-0.2506065368652344,-5.367923259735107,-2.2256195545196533,-0.43422168493270874,-1.2810547351837158,2.7589893341064453,-3.810765504837036,0.2969665229320526,-3.5002827644348145e-05,0.021361541002988815,0.13035240769386292,-0.5924764275550842,-0.08293600380420685,-0.7373253703117371,148.68435668945312,189.5680694580078,0.5,0.0,0.0,0.11036339402198792,0.0,0.3285689949989319,2.317947537470305e-13,0.0,0.0,0.0,0.0,447.9627380371094,0.0
0.15,0.6888889074325562,-0.9271838982134304,-0.3746064853866613,0.0,1.0,1.0,0.0,-0.019010234624147415,-0.03958280384540558,0.6082063913345337,0.034291233867406845,-0.09710502624511719,-0.1995983123779297,-0.03590324521064758,-0.513138473033905,-0.03763403743505478,0.42871296405792236,-0.512520968914032,-3.577026128768921,0.9200140237808228,-0.36670973896980286,0.10174894332885742,0.6181185245513916,-0.11483044177293777,-0.012706768698990345,-0.5053420066833496,-0.2267293632030487,0.6380894184112549,0.6278165578842163,-0.4889063239097595,0.1332838386297226,0.16820400953292847,0.003640800714492798,-0.2080097645521164,0.16548562049865723,-0.061650559306144714,0.0,-0.4000000059604645,-0.05000000074505806,0.3100000023841858,0.49000000953674316,-0.20999999344348907,0.0,-2.627380609512329,-3.275803804397583,4.519662857055664,0.44438013434410095,-1.0379878282546997,-1.6700440645217896,0.4958842098712921,1.6297228336334229,-0.1412481665611267,0.9229963421821594,0.21044541895389557,3.2686986923217773,0.00022908300161361694,0.02233317494392395,-0.006232960615307093,-0.9951231479644775,0.004880775231868029,-0.8930981755256653,322.4734191894531,0.0,0.5,0.0,0.0,0.1087927371263504,0.0,0.33253613114356995,7.696688772429461e-12,0.0,0.0,0.0,0.0,247.50210571289062,0.0
0.16,0.7000000476837158,-0.95105660887834,-0.3090167094330537,0.0,1.0,1.0,1.0,-0.019935140386223793,-0.043481238186359406,0.607818603515625,0.030193373560905457,-0.09374523162841797,-0.2326197624206543,-0.0013664657017216086,-0.5181533098220825,-0.0823502168059349,0.49273237586021423,0.16104289889335632,-3.198837995529175,0.9236118793487549,-0.3913351595401764,0.11277996748685837,0.633041501045227,-0.12977290153503418,-0.042915813624858856,-0.5126374959945679,-0.215900719165802,0.6463841795921326,0.6466708779335022,-0.5451332330703735,0.12676557898521423,0.16223584115505219,0.002447165548801422,-0.2053837776184082,0.1571301817893982,-0.05783092975616455,0.0,-0.4000000059604645,-0.05000000074505806,0.3100000023841858,0.49000000953674316,-0.20999999344348907,0.0,0.789944589138031,-2.0467143058776855,0.8750127553939819,1.3968982696533203,-3.1815314292907715,-2.828413486480713,-1.671985149383545,0.8626939654350281,0.8462284207344055,1.9250092506408691,-2.2754974365234375,1.9692976474761963,0.001651167869567871,0.023350484669208527,0.12046341598033905,-0.744125247001648,-0.017841944471001625,-0.8250131011009216,159.35560607910156,140.029052734375,0.5,0.0,0.0,0.10890325903892517,0.0,0.3535598814487457,1.2945147176424143e-09,0.0,0.0,0.0,0.0,281.08526611328125,0.0
0.17,0.7111111283302307,-0.9702957524497433,-0.2419217906224798,0.0,1.0,1.0,1.0,-0.02110341377556324,-0.046762511134147644,0.6073530912399292,0.028884250670671463,-0.08821249008178711,-0.26071977615356445,0.021549958735704422,-0.5132935643196106,-0.08376860618591309,0.7741177678108215,0.11419975757598877,-2.5714759826660156,0.9217914938926697,-0.4030570983886719,0.12721949815750122,0.6404799818992615,-0.13538968563079834,0.0019985544495284557,-0.5160599946975708,-0.1980704516172409,0.6437543630599976,0.6384329199790955,-0.49306607246398926,0.01291071716696024,0.15742604434490204,0.0014852061867713928,-0.20326745510101318,0.150396466255188,-0.054752662777900696,0.0,-0.4000000059604645,-0.05000000074505806,0.3100000023841858,0.49000000953674316,-0.20999999344348907,0.0,-0.4030922055244446,-0.813326895236969,0.8098923563957214,0.9401099681854248,-1.9798353910446167,0.43140238523483276,0.012262595817446709,2.1071932315826416,0.0032236892729997635,-1.1877723932266235,5.220239162445068,-10.272375106811523,0.0027434304356575012,0.02178465574979782,0.12747272849082947,-0.7579092383384705,-0.05717531591653824,-0.9997672438621521,205.23281860351562,17.23957633972168,0.5,0.0,0.0,0.12178532779216766,0.0,0.37352535128593445,1.8049502159556141e-06,0.0,0.0,0.0,0.0,221.17697143554688,0.0
0.18,0.7222222685813904,-0.9848078035929707,-0.17364789080892623,0.0,1.0,1.0,1.0,-0.021618077531456947,-0.04926829785108566,0.6065313816070557,0.02703096531331539,-0.07884931564331055,-0.2851557731628418,0.04494592174887657,-0.512070894241333,-0.1226666122674942,1.0746341943740845,0.019777342677116394,-2.245922565460205,0.8850469589233398,-0.41293829679489136,0.17334114015102386,0.6368312239646912,-0.14397816359996796,-0.019807618111371994,-0.5161716938018799,-0.17150597274303436,0.6589364409446716,0.6366603970527649,-0.49936723709106445,0.09502846002578735,0.15379804372787476,0.000759609043598175,-0.20167113840579987,0.14531725645065308,-0.052430734038352966,0.0,-0.4000000059604645,-0.05000000074505806,0.3100000023841858,0.49000000953674316,-0.20999999344348907,0.0,-3.7747814655303955,-0.8838164806365967,4.8788838386535645,-0.1881599873304367,-0.36387789249420166,-0.5142883062362671,0.11990358680486679,2.998152494430542,1.5223495960235596,-0.016239672899246216,-0.6336917877197266,6.461933612823486,0.0029442384839057922,0.020279869437217712,0.039623040705919266,-1.1684030294418335,-0.020769396796822548,-0.946459174156189,125.25776672363281,6.979091644287109,0.5,0.0,0.0,0.1411125361919403,0.0,0.3911823034286499,4.1561514080967754e-05,0.0,0.0,0.0,0.0,202.62794494628906,0.0
0.19,0.7333333492279053,-0.9945219058073734,-0.10452836394620216,0.0,1.0,1.0,0.0,-0.021190352737903595,-0.05149589851498604,0.6052576899528503,0.022974003106355667,-0.06703376770019531,-0.3053135871887207,0.05589205026626587,-0.518083393573761,-0.15201514959335327,1.3151307106018066,-0.41309213638305664,-1.8477845191955566,0.8288081288337708,-0.422323614358902,0.24130651354789734,0.6319261789321899,-0.1384991556406021,-0.018514037132263184,-0.5065730810165405,-0.1344536989927292,0.6596911549568176,0.6359477639198303,-0.4619652032852173,0.20343424379825592,0.15136952698230743,0.0002739056944847107,-0.20060259103775024,0.14191734790802002,-0.05087648332118988,0.0,-0.4000000059604645,-0.05000000074505806,0.3100000023841858,0.49000000953674316,-0.20999999344348907,0.0,-5.820094108581543,-0.8513609766960144,6.759396553039551,-0.21244066953659058,0.48671936988830566,-0.013186242431402206,1.6125993728637695,3.9329121112823486,-0.5392066240310669,0.19849319756031036,3.7704687118530273,10.04487419128418,0.002809666097164154,0.018239542841911316,0.020275304093956947,-1.7097885608673096,-0.00026331632398068905,-0.5294094681739807,174.1516876220703,0.0,0.5,0.0,0.0,0.17157050967216492,0.0,0.39404723048210144,0.0010823558550328016,0.0,0.0,0.0,0.0,314.08221435546875,0.0
0.2,0.7444444894790649,-0.9993908368942477,-0.03489921391400607,0.0,1.0,1.0,1.0,-0.021242190152406693,-0.053511686623096466,0.6034243106842041,0.021958714351058006,-0.05463123321533203,-0.322176456451416,0.07756344228982925,-0.5094438195228577,-0.1938074827194214,1.2594596147537231,0.24456506967544556,-1.599690318107605,0.7969015836715698,-0.42861413955688477,0.2994733452796936,0.6280922889709473,-0.11594535410404205,-0.09713685512542725,-0.5120197534561157,-0.10705714672803879,0.6556352972984314,0.6524547934532166,-0.4843027591705322,0.23472829163074493,0.1501522958278656,3.045797348022461e-05,-0.20006701350212097,0.1402132213115692,-0.05009746551513672,0.0,-0.4000000059604645,-0.05000000074505806,0.3100000023841858,0.49000000953674316,-0.20999999344348907,0.0,-2.0893256664276123,-0.6089250445365906,6.133780002593994,-0.29625728726387024,2.817598342895508,-7.0518293380737305,-2.0175130367279053,1.9812482595443726,-0.23909352719783783,1.825158953666687,1.438429832458496,0.5977699160575867,0.002710893750190735,0.016795773059129715,0.5843133926391602,-0.8280894756317139,-0.22188729047775269,-0.3018887937068939,98.74537658691406,257.3209228515625,0.5,0.0,0.0,0.20242953300476074,0.0,0.41645732522010803,0.005987878423184156,0.0,0.0,0.0,0.0,467.20458984375,0.0
0.21,0.7555556297302246,-0.9993908107539656,0.03489996247178119,0.0,1.0,1.0,0.0,-0.021140698343515396,-0.05559884384274483,0.6011931896209717,0.021233586594462395,-0.04282712936401367,-0.3334174156188965,0.08496668189764023,-0.4976411759853363,-0.2570575475692749,1.2089595794677734,-0.19539299607276917,-0.870425820350647,0.7876222133636475,-0.4330480992794037,0.3518524765968323,0.635949969291687,-0.12587301433086395,0.0017110315384343266,-0.5101394057273865,-0.07413835823535919,0.628468930721283,0.6425681114196777,-0.38332468271255493,0.3223382830619812,0.15030452609062195,6.090477108955383e-05,-0.20013399422168732,0.14042633771896362,-0.050194889307022095,0.0,-0.4000000059604645,-0.05000000074505806,0.3100000023841858,0.49000000953674316,-0.20999999344348907,0.0,-0.6510348320007324,-0.4412608742713928,3.983774423599243,1.0596479177474976,4.970113277435303,6.479557037353516,1.2820898294448853,3.6326029300689697,-3.5310957431793213,-1.1601102352142334,9.989892959594727,7.05336332321167,0.0028947144746780396,0.012537896633148193,0.36357036232948303,-1.1720716953277588,-0.21758721768856049,0.040030814707279205,204.9318389892578,0.0,0.5,0.0,0.0,0.2514408230781555,0.0,0.4317973852157593,0.2197461575269699,0.0,0.0,0.0,0.0,221.9254150390625,0.0
0.22,0.7666666507720947,-0.9945219058073733,0.1045283639462018,0.0,1.0,1.0,1.0,-0.021220600232481956,-0.057590410113334656,0.5983035564422607,0.02202668786048889,-0.030673980712890625,-0.341977596282959,0.10453180223703384,-0.49696022272109985,-0.2977087199687958,1.2592170238494873,0.28552481532096863,-0.80671226978302,0.7901650667190552,-0.43653497099876404,0.38591188192367554,0.6461000442504883,-0.1192370131611824,-0.06655959039926529,-0.5113893151283264,-0.04816707968711853,0.6163210272789001,0.6456941366195679,-0.3702242076396942,0.28152281045913696,0.15273155272006989,0.0005463100969791412,-0.2012018859386444,0.14382418990135193,-0.051748186349868774,0.0,-0.4000000059604645,-0.05000000074505806,0.3100000023841858,0.49000000953674316,-0.20999999344348907,0.0,0.6595622301101685,-0.2805832326412201,3.429368734359741,1.0933785438537598,0.859865665435791,-2.6708929538726807,-0.9517108201980591,2.1789872646331787,-0.37364906072616577,0.3112989068031311,3.3332417011260986,-4.340247631072998,0.0029084384441375732,0.008792828768491745,0.5896891355514526,-0.718978762626648,-0.2508825361728668,-0.3136059641838074,128.8398895263672,203.03150939941406,0.5,0.0,0.0,0.2994316518306732,0.0,0.4463155269622803,0.2721044421195984,0.0,0.0,0.0,0.0,241.24771118164062,0.0
0.23,0.7777777910232544,-0.9848077385605463,0.1736482596263574,0.0,1.0,1.0,1.0,-0.021084029227495193,-0.059559132903814316,0.5952740907669067,0.022658487781882286,-0.018551349639892578,-0.3489532470703125,0.11189938336610794,-0.48678112030029297,-0.30086401104927063,1.222103476524353,-0.05285817012190819,-0.661424994468689,0.7809144854545593,-0.44032421708106995,0.4317719638347626,0.6512641310691833,-0.10944753885269165,0.027320221066474915,-0.5120024681091309,-0.031347811222076416,0.5964397192001343,0.6436268091201782,-0.36698412895202637,0.15455637872219086,0.15753847360610962,0.001507692039012909,-0.20331692695617676,0.1505538821220398,-0.054824620485305786,0.0,-0.4000000059604645,-0.05000000074505806,0.3100000023841858,0.49000000953674316,-0.20999999344348907,0.0,-1.3634576797485352,-0.3978062868118286,3.6886839866638184,0.6709541082382202,2.603147029876709,5.676218509674072,0.16839106380939484,0.8646127581596375,-1.2675234079360962,-0.2270408719778061,1.4427639245986938,-12.141602516174316,0.0024136677384376526,0.003686375916004181,0.19653525948524475,-0.12067779898643494,0.02842451073229313,0.12148892879486084,147.79335021972656,142.23020935058594,0.5,0.0,0.0,0.3577027916908264,0.0,0.46063196659088135,0.4168761670589447,0.0,0.0,0.0,0.0,242.70639038085938,0.0
0.24,0.7888889312744141,-0.9702956618482644,0.24192215400504102,0.0,1.0,1.0,1.0,-0.020719043910503387,-0.06178053095936775,0.5921566486358643,0.022584233433008194,-0.007557392120361328,-0.35460996627807617,0.11524786800146103,-0.45894941687583923,-0.2629491984844208,0.9040048718452454,0.11659760773181915,-0.4925304055213928,0.7675803303718567,-0.4496098458766937,0.47566136717796326,0.6582441329956055,-0.11146803200244904,-0.028273195028305054,-0.5230641961097717,-0.03021431714296341,0.6048414707183838,0.6553403735160828,-0.3306594491004944,0.12974925339221954,0.16463162004947662,0.002926323562860489,-0.20643791556358337,0.16048428416252136,-0.05936422944068909,0.0,-0.4000000059604645,-0.05000000074505806,0.3100000023841858,0.49000000953674316,-0.20999999344348907,0.0,-0.5033635497093201,-1.1151446104049683,4.142882347106934,0.8052422404289246,0.8014728426933289,-0.2917647659778595,-4.214548587799072,-1.5013341903686523,3.329411268234253,5.810089111328125,-2.950251340866089,-1.4941339492797852,0.00189962238073349,-0.0003289319574832916,0.30216705799102783,-0.002691609086468816,-0.012879392132163048,0.000913941184990108,121.52300262451172,2628.830810546875,0.5,0.0,0.0,0.39731431007385254,0.0,0.4880499243736267,0.6155910491943359,0.0,0.0,0.0,0.0,384.37237548828125,0.0
0.25,0.800000011920929,-0.9510564931493437,0.30901706561041664,0.0,1.0,1.0,1.0,-0.01958085224032402,-0.06502124667167664,0.5908331871032715,0.018409939482808113,-0.0019478797912597656,-0.3562197685241699,0.11338639259338379,-0.3795546591281891,-0.04079010337591171,0.4084084928035736,-0.7352089285850525,0.002391096903011203,0.7584970593452454,-0.465589314699173,0.5143080949783325,0.6726241111755371,-0.10241672396659851,0.04610311985015869,-0.5311815142631531,-0.036131810396909714,0.6123501658439636,0.6838572025299072,-0.34497103095054626,0.1194324865937233,0.1738729029893875,0.0047745779156684875,-0.21050408482551575,0.17342206835746765,-0.06527864933013916,0.0,-0.4000000059604645,-0.05000000074505806,0.3100000023841858,0.49000000953674316,-0.20999999344348907,0.0,-1.3937209844589233,-1.8720492124557495,3.613370895385742,1.7607108354568481,0.03786132484674454,4.686906337738037,0.6727597117424011,-0.14321313798427582,-0.5288795232772827,1.8629732131958008,-1.6887229681015015,-1.045870065689087,0.0028581395745277405,-0.00021928176283836365,0.055294182151556015,-0.0068316347897052765,-0.1436741054058075,0.008529149927198887,209.4580078125,553.1090087890625,0.5,0.0,0.0,0.42046454548835754,0.0,0.5559573769569397,0.9999885559082031,0.0,0.0,0.0,0.0,267.61529541015625,0.0
0.26,0.8111111521720886,-0.927183757920604,0.3746068326235209,0.0,1.0,1.0,1.0,-0.01816089265048504,-0.06875252723693848,0.5901546478271484,0.013082122430205345,0.0008845429983921349,-0.3547344207763672,0.13587017357349396,-0.36798447370529175,-0.07332981377840042,0.20068688690662384,-0.4094780385494232,0.24472124874591827,0.7541070580482483,-0.48405152559280396,0.541685938835144,0.683276891708374,-0.12947963178157806,-0.04303077608346939,-0.5281533598899841,-0.039597682654857635,0.6072120666503906,0.7039211392402649,-0.3652738630771637,0.11253038793802261,0.1850825548171997,0.007016509771347046,-0.21543632447719574,0.18911558389663696,-0.07245282828807831,0.0,-0.4000000059604645,-0.05000000074505806,0.3100000023841858,0.49000000953674316,-0.20999999344348907,0.0,0.3218136429786682,-1.944653868675232,2.5493507385253906,0.900332510471344,1.0685633420944214,-5.767159461975098,0.21013984084129333,-0.48083287477493286,-0.5110552310943604,1.9308421611785889,-1.817137360572815,-0.6118347644805908,0.00410422682762146,0.0002696886658668518,0.44834470748901367,-0.007006594445556402,-0.113268181681633,0.0025902604684233665,93.1953125,200.02484130859375,0.5,0.0,0.0,0.45155954360961914,0.0,0.5850802659988403,0.8871182203292847,0.0,0.0,0.0,0.0,202.27001953125,0.0
0.27,0.8222222328186035,-0.8987940171128406,0.4383712066299093,0.0,1.0,1.0,1.0,-0.016462037339806557,-0.07291385531425476,0.5894327163696289,0.006624429486691952,0.0022464715875685215,-0.3531069755554199,0.13572154939174652,-0.35939446091651917,-0.0461667999625206,0.1144229918718338,-0.8102646470069885,-0.005280149634927511,0.7533038258552551,-0.501668393611908,0.5650848150253296,0.6949440836906433,-0.13176900148391724,0.06284448504447937,-0.5126768946647644,-0.043123867362737656,0.6004552841186523,0.7111660242080688,-0.36733508110046387,0.10479550063610077,0.1980423778295517,0.009608473628759384,-0.22113865613937378,0.20725932717323303,-0.08074711263179779,0.0,-0.4000000059604645,-0.05000000074505806,0.3100000023841858,0.49000000953674316,-0.20999999344348907,0.0,-0.4084276258945465,-1.9374750852584839,1.5608872175216675,1.466959834098816,0.9285950660705566,6.66257381439209,1.6028122901916504,-0.2174086719751358,-1.305216908454895,1.0304789543151855,-1.318925142288208,-0.6671596169471741,0.005145743489265442,-0.000200565904378891,0.07549061626195908,0.003281477140262723,-0.07768969237804413,0.009324070997536182,204.87033081054688,202.26548767089844,0.5,0.0,0.0,0.49995434284210205,0.0,0.592309296131134,0.999944269657135,0.0,0.0,0.0,0.0,254.2938232421875,0.0
0.28,0.8333333730697632,-0.8660252789487355,0.5000002162217179,0.0,1.0,1.0,1.0,-0.014438048005104065,-0.07700174301862717,0.5888502597808838,-0.0006251335144042969,0.003447591094300151,-0.35393476486206055,0.15091067552566528,-0.3338276743888855,-0.06069234386086464,0.08823753148317337,-0.6319400072097778,-0.06896449625492096,0.7347468137741089,-0.5231027603149414,0.5986543893814087,0.7044158577919006,-0.15624094009399414,-0.0296018123626709,-0.5015059113502502,-0.0461813248693943,0.592022180557251,0.7248457074165344,-0.3784865438938141,0.10811572521924973,0.21250009536743164,0.012500017881393433,-0.2275000512599945,0.22750014066696167,-0.09000005573034286,0.0,-0.4000000059604645,-0.05000000074505806,0.3100000023841858,0.49000000953674316,-0.20999999344348907,0.0,-1.3362743854522705,-2.2262535095214844,3.2002601623535156,0.9446597695350647,0.8790852427482605,-4.615508079528809,0.8721705675125122,-0.43834710121154785,-0.760900616645813,1.547367811203003,-1.4294540882110596,-0.17731019854545593,0.006122767925262451,0.000177871435880661,0.2956920266151428,-0.003273460315540433,-0.07336302101612091,-0.006437228061258793,94.50198364257812,273.8921203613281,0.5,0.0,0.0,0.5254159569740295,0.0,0.6271255612373352,0.9905328750610352,0.0,0.0,0.0,0.0,135.85247802734375,0.0
0.29,0.8444445133209229,-0.8290373305565872,0.5591932622480423,0.0,1.0,1.0,1.0,-0.012763525359332561,-0.08116860687732697,0.5880597829818726,-0.006377220153808594,0.0036458787508308887,-0.35408449172973633,0.15793415904045105,-0.3408101201057434,-0.07904881238937378,0.016275959089398384,-0.6276159882545471,-0.08090981841087341,0.7433140873908997,-0.5380156636238098,0.6004233956336975,0.7128913402557373,-0.14631842076778412,0.06968482583761215,-0.4859112501144409,-0.056192547082901,0.5952085852622986,0.7373630404472351,-0.40129876136779785,0.08329760283231735,0.22817428410053253,0.01563485711812973,-0.23439669609069824,0.24944400787353516,-0.1000315323472023,0.0,-0.4000000059604645,-0.05000000074505806,0.3100000023841858,0.49000000953674316,-0.20999999344348907,0.0,0.2881850600242615,-1.6465578079223633,0.5377470850944519,0.6913684010505676,2.722349166870117,8.447653770446777,1.9472342729568481,-1.069531798362732,0.5735984444618225,1.2615264654159546,-4.387356758117676,-0.15304739773273468,0.006865441799163818,0.00042963773012161255,0.127831369638443,-0.03858155384659767,0.01856249012053013,-0.05433816462755203,93.14627838134766,158.998046875,0.5,0.0,0.0,0.48507440090179443,0.0,0.627305805683136,0.9869925379753113,0.0,0.0,0.0,0.0,264.755615234375,0.0
0.3,0.8555555939674377,-0.7880106050174337,0.6156616655112271,0.0,1.0,1.0,1.0,-0.011117753572762012,-0.08517730981111526,0.5870966911315918,-0.011194229125976562,0.004142591264098883,-0.3574094772338867,0.18093015253543854,-0.3272283673286438,-0.11098656058311462,0.06141173839569092,-0.37741366028785706,-0.4756605625152588,0.7426414489746094,-0.5562659502029419,0.593152642250061,0.726387083530426,-0.17352212965488434,-0.03750717639923096,-0.47741979360580444,-0.06618532538414001,0.6050241589546204,0.7525959014892578,-0.41534334421157837,0.08908656239509583,0.24475990235805511,0.018951980397105217,-0.2416943609714508,0.2726638615131378,-0.1106463298201561,0.0,-0.4000000059604645,-0.05000000074505806,0.3100000023841858,0.49000000953674316,-0.20999999344348907,0.0,-0.5304966568946838,-2.011693239212036,-0.3760407567024231,1.508111596107483,-1.8262091875076294,-9.989304542541504,0.5500472784042358,-0.924622654914856,1.0079107284545898,1.4838787317276,-1.8394389152526855,0.48481279611587524,0.007651418447494507,0.0008441656827926636,-0.09982486069202423,-0.010614226572215557,0.03918161988258362,-0.1560036987066269,96.261474609375,153.6962890625,0.5,0.0,0.0,0.44033849239349365,0.0,0.6585150361061096,0.6360322833061218,0.0,0.0,0.0,0.0,226.40127563476562,0.0
0.31,0.8666666746139526,-0.7431447920648447,0.669130643467252,0.0,1.0,1.0,1.0,-0.009670686908066273,-0.0889093428850174,0.5860072374343872,-0.014400482177734375,0.005158384796231985,-0.3620724678039551,0.18631204962730408,-0.31883862614631653,-0.10659293085336685,0.1683095395565033,-0.3110930323600769,-0.5274354815483093,0.7419042587280273,-0.5717869400978088,0.603938102722168,0.7367303967475891,-0.1663036048412323,0.05141154304146767,-0.46697601675987244,-0.07589559257030487,0.6120457649230957,0.7600508332252502,-0.41675665974617004,0.07397899031639099,0.26193398237228394,0.022386794909834862,-0.24925094842910767,0.2967075705528259,-0.1216377392411232,0.0,-0.4000000059604645,-0.05000000074505806,0.3100000023841858,0.49000000953674316,-0.20999999344348907,0.0,0.024258166551589966,-1.2270898818969727,0.29775625467300415,0.8445181846618652,1.8073487281799316,5.230241775512695,0.9353127479553223,-0.5979821681976318,0.37669986486434937,0.8378986716270447,-2.325444221496582,1.331928014755249,0.00815436989068985,0.00020181015133857727,0.05159783735871315,-0.03473345935344696,-0.032805394381284714,0.0022959872148931026,152.19178771972656,208.5360565185547,0.5,0.0,0.0,0.4127095639705658,0.0,0.6702420711517334,0.5732826590538025,0.0,0.0,0.0,0.0,187.3972930908203,0.0
0.32,0.8777778148651123,-0.6946582028336742,0.7193399622125064,0.0,1.0,1.0,1.0,-0.00845281034708023,-0.09229402244091034,0.5849148035049438,-0.015957355499267578,0.006425980944186449,-0.3692021369934082,0.20417922735214233,-0.29401543736457825,-0.11405013501644135,0.0626089945435524,-0.1040930300951004,-0.7976284623146057,0.7401043176651001,-0.5821421146392822,0.5929980874061584,0.7414975166320801,-0.17836154997348785,-0.062022723257541656,-0.4705826938152313,-0.08684080094099045,0.6221928000450134,0.7803568243980408,-0.4336565136909485,0.08318213373422623,0.2793624997138977,0.025872496888041496,-0.2569195032119751,0.32110750675201416,-0.13279199600219727,0.0,-0.4000000059604645,-0.05000000074505806,0.3100000023841858,0.49000000953674316,-0.20999999344348907,0.0,-0.4914054274559021,-1.0794332027435303,-1.016535997390747,0.4757571518421173,-0.47853371500968933,-10.195491790771484,-0.5150557160377502,-1.2098333835601807,1.4665762186050415,2.13567852973938,-2.205111265182495,1.030312180519104,0.00827065110206604,0.0008314177393913269,0.017230922356247902,-0.0038169045001268387,-0.0016585207777097821,-0.10159588605165482,55.575687408447266,227.6194610595703,0.5,0.0,0.0,0.3918988108634949,0.0,0.7061624526977539,0.28015217185020447,0.0,0.0,0.0,0.0,280.47454833984375,0.0
0.33,0.888888955116272,-0.642787290920897,0.7660447105949979,0.0,1.0,1.0,1.0,-0.007411342579871416,-0.09545248746871948,0.5838936567306519,-0.0159149169921875,0.007743145804852247,-0.3775978088378906,0.22228194773197174,-0.2797926366329193,-0.0963878408074379,0.1704133152961731,0.06295671314001083,-0.8679544925689697,0.732429027557373,-0.589543342590332,0.6061069369316101,0.7425088882446289,-0.1681993454694748,0.0006538809975609183,-0.47325071692466736,-0.10086033493280411,0.6377370953559875,0.7983731031417847,-0.452293336391449,0.05039524286985397,0.2967061996459961,0.029341241344809532,-0.26455074548721313,0.3453887104988098,-0.14389196038246155,0.0,-0.4000000059604645,-0.05000000074505806,0.3100000023841858,0.49000000953674316,-0.20999999344348907,0.0,-0.6358292698860168,-0.5954022407531738,1.3520456552505493,0.120912566781044,0.9974582195281982,7.28146505355835,-0.37671297788619995,-0.9501484036445618,1.3136767148971558,1.9765516519546509,-6.280242443084717,0.99861741065979,0.007982224225997925,0.0012969747185707092,0.10506905615329742,-0.05924828350543976,-0.0602143295109272,-0.029433604329824448,138.6634063720703,254.5431671142578,0.5,0.0,0.0,0.383228063583374,0.0,0.7328439950942993,0.2216423898935318,0.0,0.0,0.0,0.0,228.65017700195312,0.0
0.34,0.9000000357627869,-0.587785070502928,0.8090171264527518,0.0,1.0,1.0,1.0,-0.006321007385849953,-0.09858161211013794,0.5830114483833313,-0.015336036682128906,0.008411451242864132,-0.38643836975097656,0.24252812564373016,-0.25892484188079834,-0.08851518481969833,-0.03263046592473984,0.04729573428630829,-0.8926051259040833,0.7317989468574524,-0.5971274375915527,0.5916076898574829,0.7443351149559021,-0.16163849830627441,-0.09134315699338913,-0.4776310622692108,-0.11077482998371124,0.650658905506134,0.8115018010139465,-0.4478115141391754,0.08857183903455734,0.3136272132396698,0.03272544592618942,-0.2719959616661072,0.3690780997276306,-0.15472140908241272,0.0,-0.4000000059604645,-0.05000000074505806,0.3100000023841858,0.49000000953674316,-0.20999999344348907,0.0,0.368647038936615,-1.1147270202636719,-1.4624322652816772,0.2215033918619156,1.3410111665725708,-6.02005672454834,-0.3581800162792206,-1.0698001384735107,0.8301889896392822,1.3158035278320312,-0.2548264265060425,1.2622381448745728,0.00799097865819931,0.0015808269381523132,0.031245173886418343,0.00833861529827118,0.06927192956209183,-0.03647730126976967,110.19853210449219,248.98751831054688,0.5,0.0,0.0,0.3811345100402832,0.0,0.7659276127815247,0.2032155990600586,0.0,0.0,0.0,0.0,180.66189575195312,0.0
0.35000000000000003,0.9111111760139465,-0.5299189184020804,0.8480483122555985,0.0,1.0,1.0,1.0,-0.004800267517566681,-0.10143732279539108,0.5823110938072205,-0.015414714813232422,0.010338976979255676,-0.395662784576416,0.25059542059898376,-0.25001534819602966,-0.06591067463159561,0.2994329035282135,-0.008846127428114414,-0.9414010643959045,0.6994481682777405,-0.6019425392150879,0.6305628418922424,0.7406893968582153,-0.15635259449481964,-0.0025407930370420218,-0.4731932282447815,-0.11799976229667664,0.656419038772583,0.8130197525024414,-0.43613365292549133,0.04166733846068382,0.3297964930534363,0.03595929965376854,-0.27911046147346497,0.3917151093482971,-0.16506975889205933,0.0,-0.4000000059604645,-0.05000000074505806,0.3100000023841858,0.49000000953674316,-0.20999999344348907,0.0,-3.0278677940368652,-0.22278425097465515,3.8169913291931152,-0.2704196870326996,1.2369954586029053,10.1384916305542,0.08351390808820724,-0.49859797954559326,1.011769413948059,0.7431202530860901,-0.5712835788726807,1.0956213474273682,0.007527105510234833,0.0005691424012184143,0.14014625549316406,0.006363881751894951,-0.08185842633247375,-0.007949192076921463,179.74266052246094,306.9090270996094,0.5,0.0,0.0,0.3745870292186737,0.0,0.7792521119117737,0.16991247236728668,0.0,0.0,0.0,0.0,151.58297729492188,0.0
0.36,0.9222222566604614,-0.46947137173205616,0.882947694444026,0.0,1.0,1.0,1.0,-0.0033563761971890926,-0.10415591299533844,0.5815659165382385,-0.014544963836669922,0.012108386494219303,-0.40401697158813477,0.2699938416481018,-0.22815820574760437,-0.07356473803520203,0.08734588325023651,0.09539218246936798,-0.8093084096908569,0.6960446834564209,-0.6032847762107849,0.6184622049331665,0.7362940907478333,-0.1469036191701889,-0.09876453131437302,-0.4754197597503662,-0.12581898272037506,0.6660946011543274,0.826085090637207,-0.45871108770370483,0.055556103587150574,0.3448992371559143,0.038979846984148026,-0.2857556641101837,0.4128589332103729,-0.17473550140857697,0.0,-0.4000000059604645,-0.05000000074505806,0.3100000023841858,0.49000000953674316,-0.20999999344348907,0.0,-0.671951949596405,-0.3249654173851013,-0.815526008605957,-0.38319605588912964,1.6746776103973389,-7.536206245422363,-0.3431284725666046,-0.9435505270957947,0.7436734437942505,1.5089815855026245,-1.5834635496139526,-0.6492791175842285,0.007352516055107117,0.0009376257658004761,0.1533387154340744,-0.009844694286584854,-0.016523806378245354,0.0004405211948323995,82.48089599609375,280.53350830078125,0.5,0.0,0.0,0.3689576983451843,0.0,0.8106507658958435,0.2698307931423187,0.0,0.0,0.0,0.0,216.93724060058594,0.0
0.37,0.9333333969116211,-0.40673627813796054,0.913545620123308,0.0,1.0,1.0,1.0,-0.0011681515024974942,-0.1067793071269989,0.5810703039169312,-0.01570415496826172,0.014807337895035744,-0.41214942932128906,0.27997568249702454,-0.2213023453950882,-0.04139876365661621,0.3400983512401581,-0.25757259130477905,-0.8215509057044983,0.6558607816696167,-0.6055027842521667,0.6628046035766602,0.7321376800537109,-0.1333347111940384,9.13830372155644e-05,-0.467659592628479,-0.12830707430839539,0.6687324047088623,0.8259684443473816,-0.444806307554245,0.045241814106702805,0.35864144563674927,0.04172828793525696,-0.29180222749710083,0.43209803104400635,-0.1835305243730545,0.0,-0.4000000059604645,-0.05000000074505806,0.3100000023841858,0.49000000953674316,-0.20999999344348907,0.0,-4.431790351867676,-0.5926350951194763,4.763192653656006,-0.032844722270965576,3.149867057800293,6.148669719696045,0.8749670386314392,0.15168936550617218,0.18737438321113586,0.10389767587184906,-0.27184540033340454,1.0791537761688232,0.007046792656183243,3.3117830753326416e-05,0.12861739099025726,0.0001631525083212182,-0.04864603653550148,-0.024910643696784973,258.1898498535156,221.69802856445312,0.5,0.0,0.0,0.35233497619628906,0.0,0.8230232000350952,0.25926831364631653,0.0,0.0,0.0,0.0,222.79669189453125,0.0
0.38,0.9444445371627808,-0.3420195958921803,0.9396928200352228,0.0,1.0,1.0,1.0,0.0012050541117787361,-0.10938870161771774,0.5805604457855225,-0.017100811004638672,0.017486698925495148,-0.41852617263793945,0.2920899987220764,-0.2018931359052658,-0.05415897071361542,0.20304134488105774,-0.13588930666446686,-0.5239872336387634,0.629006028175354,-0.605383038520813,0.6702302694320679,0.7253201007843018,-0.14029228687286377,-0.09887882322072983,-0.46644163131713867,-0.13231275975704193,0.6730268597602844,0.841637909412384,-0.4731975495815277,0.04728802293539047,0.370755672454834,0.04415113478899002,-0.2971324920654297,0.449057936668396,-0.19128362834453583,0.0,-0.4000000059604645,-0.05000000074505806,0.3100000023841858,0.49000000953674316,-0.20999999344348907,0.0,-2.9617397785186768,0.10218296200037003,0.7242016196250916,-0.857930600643158,0.26917433738708496,-9.695375442504883,0.02837464027106762,-0.5234948396682739,0.2990841865539551,1.7982707023620605,-2.936081886291504,-0.4531368911266327,0.006980821490287781,0.0009912177920341492,0.22408637404441833,-0.022430678829550743,0.002523656701669097,0.0019387713400647044,81.49858093261719,237.08392333984375,0.5,0.0,0.0,0.3304305672645569,0.0,0.845375120639801,0.5774547457695007,0.0,0.0,0.0,0.0,177.16844177246094,0.0
0.39,0.9555556178092957,-0.2756369798177499,0.9612618037542892,0.0,1.0,1.0,1.0,0.004013700410723686,-0.111918605864048,0.580166757106781,-0.019455432891845703,0.02085493877530098,-0.4242062568664551,0.3027321398258209,-0.20121429860591888,-0.035446543246507645,0.40513527393341064,-0.29634055495262146,-0.5864124894142151,0.581721842288971,-0.6061094403266907,0.7173491716384888,0.7221489548683167,-0.12820951640605927,-0.02391084097325802,-0.4582945704460144,-0.1344834268093109,0.6724027991294861,0.8473576307296753,-0.4642823040485382,0.017957793548703194,0.38100606203079224,0.04620121046900749,-0.30164265632629395,0.463408499956131,-0.19784386456012726,0.0,-0.4000000059604645,-0.05000000074505806,0.3100000023841858,0.49000000953674316,-0.20999999344348907,0.0,-5.160682201385498,-0.32282373309135437,4.878311634063721,0.06624889373779297,1.1393051147460938,3.5226898193359375,0.7110767960548401,0.07166605442762375,0.04666471853852272,0.8168808817863464,-0.9159934520721436,-0.7594753503799438,0.0068797096610069275,0.0008334740996360779,0.08331667631864548,-0.0007624040590599179,-0.034316904842853546,0.0041556935757398605,259.1573181152344,208.11827087402344,0.5,0.0,0.0,0.3059592843055725,0.0,0.8531638979911804,0.5027012825012207,0.0,0.0,0.0,0.0,112.66567993164062,0.0
0.4,0.9666666984558105,-0.2079114954454082,0.9781476422614606,0.0,1.0,1.0,1.0,0.0067701153457164764,-0.1142992377281189,0.5796979665756226,-0.020814895629882812,0.02426942065358162,-0.4274258613586426,0.32137396931648254,-0.18898840248584747,-0.054983824491500854,0.2509109079837799,-0.08827739953994751,-0.18224890530109406,0.5487228035926819,-0.6035568118095398,0.7372696399688721,0.7112458944320679,-0.12103025615215302,-0.12420230358839035,-0.4558148980140686,-0.13192202150821686,0.6743342280387878,0.8588566780090332,-0.49751755595207214,0.05681970342993736,0.38919323682785034,0.04783864691853523,-0.3052450120449066,0.4748705327510834,-0.20308366417884827,0.0,-0.4000000059604645,-0.05000000074505806,0.3100000023841858,0.49000000953674316,-0.20999999344348907,0.0,-2.365694046020508,0.20466990768909454,1.5245404243469238,-1.2949551343917847,4.480719089508057,-0.5245790481567383,0.19535499811172485,-0.11408323794603348,-0.021683864295482635,1.342629075050354,-2.2292234897613525,0.5274405479431152,0.006653457880020142,0.0015290193259716034,0.2882464528083801,-0.020636778324842453,0.047873251140117645,-0.01913352869451046,247.18048095703125,245.42800903320312,0.5,0.0,0.0,0.28455379605293274,0.0,0.8734995126724243,0.9357290863990784,0.0,0.0,0.0,0.0,187.40406799316406,0.0
0.41000000000000003,0.9777778387069702,-0.13917272185631788,0.9902681220210533,0.0,1.0,1.0,1.0,0.010042284615337849,-0.11676813662052155,0.5791977643966675,-0.02364349365234375,0.028111839666962624,-0.4310789108276367,0.32785099744796753,-0.18801522254943848,-0.05431195721030235,0.45597749948501587,-0.39382773637771606,-0.48000773787498474,0.5089665651321411,-0.6045196056365967,0.7783196568489075,0.7125145196914673,-0.11873146146535873,-0.030547749251127243,-0.44330087304115295,-0.12857629358768463,0.6701791286468506,0.8565371632575989,-0.47971677780151367,0.020969277247786522,0.39515775442123413,0.04903154820203781,-0.30786940455436707,0.4832208454608917,-0.206900954246521,0.0,-0.4000000059604645,-0.05000000074505806,0.3100000023841858,0.49000000953674316,-0.20999999344348907,0.0,-4.430211544036865,-0.5174556374549866,4.331620693206787,0.713651716709137,1.3833346366882324,5.166027069091797,1.2104688882827759,0.6229246854782104,-0.3357943296432495,0.15977907180786133,-0.7458207607269287,0.903286874294281,0.006817366927862167,0.00045449286699295044,0.09663400799036026,-0.0034959563054144382,-0.04755142331123352,-0.021753914654254913,251.45550537109375,217.18646240234375,0.5,0.0,0.0,0.2618381679058075,0.0,0.8781217336654663,0.6307694911956787,0.0,0.0,0.0,0.0,144.56680297851562,0.0
0.42,0.9888889789581299,-0.06975590920093967,0.9975640897363689,1.0,1.0,1.0,1.0,0.013047962449491024,-0.11909113079309464,0.5785169005393982,-0.02471160888671875,0.032059766352176666,-0.43461084365844727,0.3515295088291168,-0.18826241791248322,-0.08352851122617722,0.2986586093902588,0.01385802123695612,-0.2572949230670929,0.4685733914375305,-0.603647768497467,0.816318929195404,0.7020618915557861,-0.10826168209314346,-0.1391535848379135,-0.44313690066337585,-0.1291525810956955,0.6726495027542114,0.8742809295654297,-0.5114548206329346,0.024057233706116676,0.4000000059604645,0.05000000074505806,-0.3100000023841858,0.49000000953674316,-0.20999999344348907,0.0,-0.4000000059604645,-0.05000000074505806,0.3100000023841858,0.49000000953674316,-0.20999999344348907,0.0,-3.4893648624420166,0.04686300456523895,3.6799256801605225,-1.3145396709442139,4.487406253814697,-8.788430213928223,-0.12873588502407074,-0.5425586104393005,0.22521747648715973,1.9823384284973145,-2.3255341053009033,-2.4702513217926025,0.006542272865772247,0.0015872195363044739,0.4943699538707733,-0.009943061508238316,-0.0909772664308548,0.035921454429626465,102.3426742553711,187.21002197265625,0.5,0.0,0.0,0.23688066005706787,0.0,0.8913907408714294,0.8759893774986267,0.0,0.0,0.0,0.0,441.8111572265625,0.0
0.43,1.0,-2.4492935982947064e-16,1.0,1.0,1.0,1.0,1.0,0.01627819612622261,-0.1216190904378891,0.5776328444480896,-0.026315689086914062,0.03551577776670456,-0.4377593994140625,0.35669323801994324,-0.18497218191623688,-0.10069872438907623,0.3948415517807007,-0.2959246337413788,-0.41079968214035034,0.45081034302711487,-0.606752336025238,0.8377062678337097,0.7095192074775696,-0.11301752179861069,-0.0365237332880497,-0.43046560883522034,-0.12741105258464813,0.6713964939117432,0.8705415725708008,-0.4970932900905609,0.022807907313108444,0.4000000059604645,0.05000000074505806,-0.3100000023841858,0.49000000953674316,-0.20999999344348907,0.0,-0.4000000059604645,-0.05000000074505806,0.3100000023841858,0.49000000953674316,-0.20999999344348907,0.0,-2.131500005722046,-0.690530002117157,1.9850091934204102,1.238847017288208,1.347203016281128,6.003023624420166,1.5838202238082886,0.4964829981327057,0.013598314486443996,-0.42153167724609375,-0.32909440994262695,3.3946244716644287,0.006810378283262253,3.644078969955444e-05,0.097672238945961,0.028979336842894554,-0.05316569283604622,-0.01526075229048729,209.19680786132812,163.35153198242188,0.5,0.0,0.0,0.22057636082172394,0.0,0.8962793946266174,0.7135428786277771,0.0,0.0,0.0,0.0,183.48509216308594,0.0
0.44,1.0111112594604492,0.06975740357991196,0.9975639852389365,1.0,1.0,1.0,1.0,0.01931591145694256,-0.12396886944770813,0.5765078067779541,-0.02635478973388672,0.0392560251057148,-0.44162559509277344,0.3807534873485565,-0.1796487271785736,-0.12774153053760529,0.29330185055732727,0.12280324846506119,-0.3259009122848511,0.419514536857605,-0.6082260608673096,0.8709107637405396,0.7017660140991211,-0.09803581237792969,-0.14978696405887604,-0.43194881081581116,-0.12947651743888855,0.675631582736969,0.8897719979286194,-0.5290356278419495,0.025338025763630867,0.4000000059604645,0.05000000074505806,-0.3100000023841858,0.49000000953674316,-0.20999999344348907,0.0,-0.4000000059604645,-0.05000000074505806,0.3100000023841858,0.49000000953674316,-0.20999999344348907,0.0,-2.392545700073242,-0.21972458064556122,2.9383370876312256,-0.9464452862739563,5.126394271850586,-9.847122192382812,-0.5002856254577637,-0.502164363861084,0.5841731429100037,2.303586959838867,-3.616197109222412,-0.07188952714204788,0.006449565291404724,0.0009900331497192383,0.5541123747825623,-0.02957228384912014,-0.08617991209030151,0.001340560964308679,87.13268280029297,228.45176696777344,0.5,0.0,0.0,0.20639988780021667,0.0,0.9112055897712708,0.8086227774620056,0.0,0.0,0.0,0.0,473.9327392578125,0.0
0.45,1.0222222805023193,0.13917346358102195,0.9902680177784505,1.0,0.0,1.0,1.0,0.022578027099370956,-0.12660515308380127,0.5752555131912231,-0.026919841766357422,0.04211821407079697,-0.44615888595581055,0.39053764939308167,-0.17303526401519775,-0.12694059312343597,0.2977871596813202,-0.21118751168251038,-0.6153438687324524,0.40071892738342285,-0.614335298538208,0.8981279730796814,0.7112976908683777,-0.1037522405385971,-0.04140755906701088,-0.4243205189704895,-0.13057681918144226,0.6752405166625977,0.8937143087387085,-0.5193339586257935,0.013594181276857853,0.4000000059604645,0.05000000074505806,-0.3100000023841858,0.49000000953674316,-0.20999999344348907,0.0,-0.4347933530807495,-0.056958671659231186,0.32530906796455383,0.5387107133865356,-0.23226773738861084,0.0,-2.372227668762207,-0.9065385460853577,2.2553699016571045,1.3475016355514526,1.3794957399368286,5.650950908660889,0.8792746663093567,0.20923350751399994,-0.06206011772155762,0.5119220018386841,-0.9161901473999023,1.0447325706481934,0.006536506116390228,7.308274507522583e-05,0.08943376690149307,-0.004913080018013716,-0.04548761248588562,-0.02444649487733841,209.8376922607422,230.14097595214844,0.5,0.0,0.0,0.19213934242725372,0.0,0.9195724129676819,0.4689326584339142,0.0,0.0,0.0,0.0,201.148193359375,0.0
0.46,1.0333333015441895,0.20791149544540774,0.9781476422614607,1.0,0.0,1.0,1.0,0.025708841159939766,-0.129285529255867,0.5739290118217468,-0.02635049819946289,0.04443499445915222,-0.45090198516845703,0.4196627140045166,-0.1657869666814804,-0.14465495944023132,0.12769156694412231,0.15890121459960938,-0.37635958194732666,0.37885940074920654,-0.6180707216262817,0.9182238578796387,0.7046942710876465,-0.0871645137667656,-0.15594810247421265,-0.42499586939811707,-0.1344943791627884,0.6789586544036865,0.91243976354599,-0.552164614200592,0.0166391059756279,0.4000000059604645,0.05000000074505806,-0.3100000023841858,0.49000000953674316,-0.20999999344348907,0.0,-0.4519779086112976,-0.060395583510398865,0.3328702747821808,0.5627690553665161,-0.24326585233211517,0.0,-1.4441156387329102,-0.49178415536880493,1.6341608762741089,-0.8118888139724731,5.061922550201416,-9.998104095458984,-0.2273094803094864,-0.6807529926300049,0.43674513697624207,2.0435585975646973,-3.298638343811035,-0.038427211344242096,0.0061230771243572235,0.0010612532496452332,0.5481877326965332,-0.027552276849746704,-0.05044366046786308,0.0018271493026986718,85.44471740722656,245.5421905517578,0.5,0.0,0.0,0.18538199365139008,0.0,0.9343737363815308,0.7532989978790283,0.0,0.0,0.0,0.0,449.52166748046875,0.0
0.47000000000000003,1.0444445610046387,0.2756380598154803,0.9612614940697239,1.0,0.0,1.0,1.0,0.029225770384073257,-0.1323460191488266,0.572563111782074,-0.026975154876708984,0.045877229422330856,-0.4560980796813965,0.4316447377204895,-0.1637621372938156,-0.1290031224489212,0.12719041109085083,-0.27405214309692383,-0.7036299109458923,0.3623073697090149,-0.6258617639541626,0.9422876834869385,0.7130900621414185,-0.08119623363018036,-0.031817253679037094,-0.41370484232902527,-0.1366586536169052,0.6790347695350647,0.9123585224151611,-0.5391891598701477,0.010898779146373272,0.4000000059604645,0.05000000074505806,-0.3100000023841858,0.49000000953674316,-0.20999999344348907,0.0,-0.4689095914363861,-0.06378191709518433,0.3403202295303345,0.5864734053611755,-0.25410211086273193,0.0,-2.210315465927124,-1.2799465656280518,2.3037734031677246,1.4394588470458984,2.7182776927948,8.986804008483887,1.043792963027954,-0.32645538449287415,-0.29026302695274353,1.0644887685775757,-1.4758288860321045,-1.638612151145935,0.005997449159622192,-0.00020094960927963257,0.1343473345041275,-0.005959777627140284,-0.0527629628777504,0.013832357712090015,157.42054748535156,299.8102722167969,0.5,0.0,0.0,0.179066464304924,0.0,0.9389613270759583,0.37150606513023376,0.0,0.0,0.0,0.0,435.842041015625,0.0
0.48,1.0555555820465088,0.3420202997352154,0.9396925638574744,1.0,0.0,1.0,1.0,0.03285900503396988,-0.13544780015945435,0.5711946487426758,-0.02730417251586914,0.04728877916932106,-0.4624452590942383,0.4565335810184479,-0.15305820107460022,-0.15853245556354523,0.06785935163497925,0.07500603795051575,-0.5632733702659607,0.32495611906051636,-0.6307321786880493,0.9792094826698303,0.706203043460846,-0.07615713775157928,-0.14667834341526031,-0.41089895367622375,-0.14264877140522003,0.6816006302833557,0.9323629140853882,-0.5757638812065125,0.006073754280805588,0.4000000059604645,0.05000000074505806,-0.3100000023841858,0.49000000953674316,-0.20999999344348907,0.0,-0.4855051636695862,-0.06710103154182434,0.347622275352478,0.609707236289978,-0.2647233009338379,0.0,-2.863861560821533,-0.42951950430870056,3.1477251052856445,-1.0771045684814453,5.737969398498535,-9.886112213134766,0.04658680409193039,-0.7639250755310059,0.41166678071022034,2.106544256210327,-3.7414369583129883,-0.16360542178153992,0.005404029041528702,0.0011902302503585815,0.6458680629730225,-0.031429488211870193,-0.1209377646446228,-0.001906295889057219,66.0348892211914,203.16644287109375,0.5,0.0,0.0,0.17387421429157257,0.0,0.9506281614303589,0.5301720499992371,0.0,0.0,0.0,0.0,422.7830810546875,0.0
0.49,1.0666667222976685,0.4067369623963564,0.9135453154718625,1.0,0.0,1.0,1.0,0.03677966073155403,-0.13890528678894043,0.5697269439697266,-0.0285491943359375,0.04778620973229408,-0.46937036514282227,0.4702683687210083,-0.14788219332695007,-0.13495191931724548,0.008485519327223301,-0.3050556480884552,-0.8110281229019165,0.3044625222682953,-0.6414209604263306,1.003544569015503,0.7161179780960083,-0.05804552882909775,-0.03475575894117355,-0.39730316400527954,-0.14591988921165466,0.6821633577346802,0.9307440519332886,-0.5600023865699768,-8.703883941052482e-05,0.4000000059604645,0.05000000074505806,-0.3100000023841858,0.49000000953674316,-0.20999999344348907,0.0,-0.501684308052063,-0.07033686339855194,0.35474109649658203,0.6323580741882324,-0.2750779390335083,0.0,-3.23820161819458,-1.8465508222579956,3.006129026412964,1.8612077236175537,3.1924619674682617,4.923856735229492,1.4045406579971313,-0.3119070827960968,-0.479494571685791,0.6311880350112915,-1.1327357292175293,-1.2842248678207397,0.005441293120384216,-0.00020498037338256836,0.14609599113464355,0.005048534832894802,-0.023787712678313255,0.0011413681786507368,362.27197265625,261.16314697265625,0.5,0.0,0.0,0.16952131688594818,0.0,0.9555136561393738,0.2683311998844147,0.0,0.0,0.0,0.0,300.9907531738281,0.0
0.5,1.0777778625488281,0.46947203307215885,0.8829473428031218,1.0,0.0,0.0,1.0,0.040703244507312775,-0.14208808541297913,0.5683603286743164,-0.028641223907470703,0.04892189800739288,-0.4757218360900879,0.4899185597896576,-0.12769417464733124,-0.15798047184944153,0.10391976684331894,0.1484302431344986,-0.5045073628425598,0.2685109078884125,-0.6464226841926575,1.0365396738052368,0.7079289555549622,-0.05097578465938568,-0.16199375689029694,-0.39485931396484375,-0.14872054755687714,0.680581271648407,0.9466155171394348,-0.5846958160400391,-0.007998418062925339,0.4000000059604645,0.05000000074505806,-0.3100000023841858,0.49000000953674316,-0.20999999344348907,0.0,-0.5173680782318115,-0.07347360998392105,0.36164194345474243,0.6543152928352356,-0.2851155400276184,0.0,-2.447564125061035,-0.0504797101020813,3.274420976638794,-1.6234512329101562,-0.0454164519906044,-10.189667701721191,-0.5793170928955078,-0.27101168036460876,0.43377527594566345,1.597434401512146,2.162686347961426,5.540794372558594,0.004987873136997223,0.0008190348744392395,0.9603614211082458,0.01432038564234972,-0.06947683542966843,-0.02460683137178421,0.0,320.5896911621094,0.5,0.0,0.0,0.1657431721687317,0.0,0.9677176475524902,0.601063072681427,0.0,0.0,0.0,0.0,337.4134521484375,0.0
0.51,1.0888888835906982,0.5299192360020959,0.84804811379718,1.0,0.0,1.0,1.0,0.04469221457839012,-0.1455611288547516,0.5667691230773926,-0.028864383697509766,0.04907901957631111,-0.48223161697387695,0.5074399709701538,-0.1424957513809204,-0.16563721001148224,-0.0603632852435112,-0.15912872552871704,-0.781069278717041,0.25658583641052246,-0.6560291647911072,1.0530287027359009,0.7161981463432312,-0.036442361772060394,-0.04430563375353813,-0.383369117975235,-0.1525522768497467,0.6815205812454224,0.9483139514923096,-0.5799885988235474,-0.00943082571029663,0.4000000059604645,0.05000000074505806,-0.3100000023841858,0.49000000953674316,-0.20999999344348907,0.0,-0.5324798822402954,-0.07649597525596619,0.36829113960266113,0.675471842288971,-0.29478710889816284,0.0,-1.9444241523742676,-2.0459539890289307,1.9145570993423462,2.270970344543457,2.8073649406433105,6.394867897033691,1.9529608488082886,-0.4891866147518158,-0.11298021674156189,-0.04821014404296875,-1.775155782699585,-0.2844510078430176,0.004748210310935974,-0.00011465698480606079,0.1384580135345459,0.00901748612523079,-0.05300815403461456,0.005839555058628321,306.1879577636719,172.1114501953125,0.5,0.0,0.0,0.16434995830059052,0.0,0.9600971937179565,0.2951892912387848,0.0,0.0,0.0,0.0,388.20245361328125,0.0
0.52,1.100000023841858,0.5877853734854862,0.8090169063230556,1.0,0.0,1.0,1.0,0.04844978079199791,-0.14852619171142578,0.5651185512542725,-0.02659893035888672,0.05054250732064247,-0.4883537292480469,0.5276449918746948,-0.12423965334892273,-0.1930169016122818,0.1701720952987671,0.4503275752067566,-0.4591667354106903,0.22914838790893555,-0.6584209203720093,1.0810084342956543,0.7043558955192566,-0.016666509211063385,-0.18625544011592865,-0.3856199085712433,-0.15113332867622375,0.6778551936149597,0.9611419439315796,-0.6011155843734741,-0.0125422403216362,0.4000000059604645,0.05000000074505806,-0.3100000023841858,0.49000000953674316,-0.20999999344348907,0.0,-0.5469464063644409,-0.07938928157091141,0.37465640902519226,0.6957249641418457,-0.3040456771850586,0.0,1.1474920511245728,0.17696374654769897,-0.6783401966094971,-1.7570728063583374,7.973544120788574,-7.20912504196167,-1.1758886575698853,0.4810747802257538,-0.5214151740074158,1.5549907684326172,-2.445615530014038,0.18544316291809082,0.003821779042482376,0.0002967566251754761,0.7748042345046997,-0.055651020258665085,-0.08728527277708054,-0.06333714723587036,180.2170867919922,159.04095458984375,0.5,0.0,0.0,0.16349582374095917,0.0,0.9681198000907898,0.6559516787528992,0.0,0.0,0.0,0.0,367.0606384277344,0.0
0.53,1.1111111640930176,0.6427878646989729,0.7660442291380669,1.0,0.0,1.0,1.0,0.05233617499470711,-0.15183547139167786,0.5633711814880371,-0.024840831756591797,0.05090271681547165,-0.4939560890197754,0.5378609299659729,-0.12769296765327454,-0.1646471470594406,-0.09166684746742249,0.04575138911604881,-0.5757817625999451,0.22172464430332184,-0.6661426424980164,1.092873454093933,0.7120180130004883,-0.01323010865598917,-0.06990835070610046,-0.3788301646709442,-0.15340963006019592,0.6760846972465515,0.9662530422210693,-0.6043189167976379,-0.016963040456175804,0.4000000059604645,0.05000000074505806,-0.3100000023841858,0.49000000953674316,-0.20999999344348907,0.0,-0.5606970191001892,-0.08213940262794495,0.38070666790008545,0.7149758338928223,-0.3128460645675659,0.0,3.149200677871704,-1.6614577770233154,-4.744146823883057,2.1026926040649414,2.5721592903137207,5.048701286315918,0.9390361309051514,-0.49578770995140076,-0.3161041736602783,0.641010046005249,-0.7881479859352112,-0.7057356238365173,0.0032946541905403137,-0.00020755082368850708,0.04748950153589249,0.009350820444524288,0.008912208490073681,-0.006525465752929449,315.4429016113281,340.66412353515625,0.5,0.0,0.0,0.16457076370716095,0.0,0.9651440978050232,0.5152776837348938,0.0,0.0,0.0,0.0,505.2215576171875,0.0
0.54,1.1222223043441772,0.6946587416292218,0.7193394419035468,1.0,0.0,1.0,1.0,0.05591518059372902,-0.15453770756721497,0.561707615852356,-0.020279407501220703,0.05256776511669159,-0.4995112419128418,0.5605995059013367,-0.11547967046499252,-0.2012895792722702,0.19679713249206543,0.7832211256027222,-0.47294050455093384,0.2030869871377945,-0.6660228967666626,1.1120543479919434,0.700133740901947,0.011343310587108135,-0.18299229443073273,-0.3885541558265686,-0.1497315913438797,0.6705060601234436,0.9784232378005981,-0.6172392964363098,-0.02222156524658203,0.4000000059604645,0.05000000074505806,-0.3100000023841858,0.49000000953674316,-0.20999999344348907,0.0,-0.5736647248268127,-0.08473294228315353,0.38641247153282166,0.7331305742263794,-0.3211454153060913,0.0,5.03798246383667,0.12013329565525055,-5.463754653930664,-0.1546574831008911,-3.498248815536499,-5.232872009277344,-2.062603235244751,0.575126588344574,-0.42712482810020447,1.4297599792480469,-1.1845623254776,0.32716646790504456,0.002191588282585144,3.6284327507019043e-06,0.45698389410972595,-0.0037336598616093397,-0.007933760061860085,-0.03239765390753746,209.24481201171875,119.07877349853516,0.5,0.0,0.0,0.1653391569852829,0.0,0.9665563702583313,0.6393230557441711,0.0,0.0,0.0,0.0,556.2135009765625,0.0
0.55,1.133333444595337,0.7431452932528939,0.6691300868411691,1.0,0.0,1.0,1.0,0.059595879167318344,-0.15770423412322998,0.5600695610046387,-0.016328811645507812,0.052805181592702866,-0.5041742324829102,0.5717874765396118,-0.11414089053869247,-0.1457200050354004,-0.127351313829422,0.2436714470386505,-0.38282981514930725,0.20074482262134552,-0.6746246814727783,1.1197994947433472,0.7093496918678284,0.011320600286126137,-0.08909060060977936,-0.38541916012763977,-0.1527455449104309,0.6706671714782715,0.9845643639564514,-0.6259393095970154,-0.021681630983948708,0.4000000059604645,0.05000000074505806,-0.3100000023841858,0.49000000953674316,-0.20999999344348907,0.0,-0.5857863426208496,-0.08715726435184479,0.39174598455429077,0.75010085105896,-0.3289032578468323,0.0,5.556763648986816,-1.8430039882659912,-7.1326470375061035,2.5765762329101562,-0.8701391220092773,2.06423020362854,0.7849792242050171,-0.45271560549736023,-0.514413595199585,0.45360687375068665,-0.6552743315696716,-1.7552460432052612,0.0019480511546134949,-0.00020100921392440796,0.049476321786642075,0.0025468054227530956,0.009571409784257412,-0.0016146524576470256,298.94903564453125,327.3122863769531,0.5,0.0,0.0,0.1684246063232422,0.0,0.9642900228500366,0.7459346055984497,0.0,0.0,0.0,0.0,508.4858703613281,0.0
0.56,1.144444465637207,0.7880108355869994,0.6156613703956739,1.0,0.0,1.0,1.0,0.06297183781862259,-0.16027197241783142,0.5586221814155579,-0.009705066680908203,0.054344542324543,-0.5085797309875488,0.5941709280014038,-0.11327334493398666,-0.1631048321723938,0.21553461253643036,0.9892181158065796,-0.45871055126190186,0.19071298837661743,-0.6744168996810913,1.12998366355896,0.7005574107170105,0.019218310713768005,-0.17033590376377106,-0.399204820394516,-0.14884324371814728,0.6638521552085876,0.9956321120262146,-0.6357330679893494,-0.026746433228254318,0.4000000059604645,0.05000000074505806,-0.3100000023841858,0.49000000953674316,-0.20999999344348907,0.0,-0.5970027446746826,-0.08940054476261139,0.39668118953704834,0.7658038139343262,-0.33608174324035645,0.0,4.437358379364014,0.08882378786802292,-4.738450527191162,0.26613667607307434,0.8454773426055908,2.077911853790283,-2.763517379760742,0.6720650792121887,-0.6788870096206665,1.3422514200210571,-0.9946027994155884,0.07055802643299103,0.0011534392833709717,6.6414475440979e-05,0.016296807676553726,0.09961843490600586,0.009099804796278477,0.026286745443940163,333.68695068359375,88.88700866699219,0.5,0.0,0.0,0.16846802830696106,0.0,0.9575302004814148,0.6565012335777283,0.0,0.0,0.0,0.0,405.3613586425781,0.0
0.5700000000000001,1.1555556058883667,0.8290377493999679,0.5591926412872723,1.0,0.0,1.0,1.0,0.06672216206789017,-0.1635560393333435,0.5573676824569702,-0.005148410797119141,0.05449194088578224,-0.5117878913879395,0.5992965698242188,-0.11452294886112213,-0.09339161217212677,-0.11933392286300659,0.21824142336845398,-0.17154300212860107,0.18862713873386383,-0.6864588856697083,1.13215172290802,0.7171310782432556,0.007547601126134396,-0.11153203994035721,-0.39440008997917175,-0.14946088194847107,0.6607176661491394,0.9972720146179199,-0.6445232629776001,-0.02613659016788006,0.4000000059604645,0.05000000074505806,-0.3100000023841858,0.49000000953674316,-0.20999999344348907,0.0,-0.6072594523429871,-0.09145189076662064,0.40119415521621704,0.7801632285118103,-0.3426460325717926,0.0,7.021881103515625,-1.9836064577102661,-8.806435585021973,2.966158628463745,-0.9745197892189026,4.32802677154541,1.2882410287857056,-0.14527684450149536,-1.1918411254882812,-0.21773448586463928,-0.2893870174884796,-2.8391923904418945,0.0020238198339939117,-0.00017283111810684204,-0.053530674427747726,0.012099433690309525,0.022957243025302887,0.02295123226940632,251.888916015625,295.453857421875,0.5,0.0,0.0,0.16952839493751526,0.0,0.9550891518592834,0.9428444504737854,0.0,0.0,0.0,0.0,749.93212890625,0.0
0.58,1.1666667461395264,0.8660256534556828,0.49999956755647046,1.0,0.0,1.0,1.0,0.07014340907335281,-0.16629761457443237,0.5563233494758606,0.0017455937340855598,0.05588742345571518,-0.514533519744873,0.6152410507202148,-0.1208038181066513,-0.12198523432016373,0.17470484972000122,1.0431487560272217,-0.31140661239624023,0.19235298037528992,-0.6864410042762756,1.1255971193313599,0.7080194354057312,0.021884268149733543,-0.20140033960342407,-0.409084677696228,-0.14649513363838196,0.6535400152206421,1.0101341009140015,-0.6478142738342285,-0.020124763250350952,0.4000000059604645,0.05000000074505806,-0.3100000023841858,0.49000000953674316,-0.20999999344348907,0.0,-0.6165064573287964,-0.09330129623413086,0.40526285767555237,0.7931090593338013,-0.34856414794921875,0.0,6.9359564781188965,0.04067507013678551,-7.5873918533325195,0.21723103523254395,0.587841272354126,0.2959768772125244,-3.0462474822998047,0.42530393600463867,-0.971954345703125,1.6491268873214722,0.8343542218208313,-2.1966779232025146,0.001799270510673523,0.0008268207311630249,0.028395021334290504,0.1299126297235489,0.03188762068748474,0.06991655379533768,313.9459533691406,66.23180389404297,0.5,0.0,0.0,0.16546227037906647,0.0,0.9457773566246033,0.8237006068229675,0.0,0.0,0.0,0.0,495.95648193359375,0.0
0.59,1.1777777671813965,0.8987940171128403,0.43837120662990975,1.0,0.0,1.0,1.0,0.07415714859962463,-0.16976706683635712,0.5553164482116699,0.005569367669522762,0.056301817297935486,-0.5149021148681641,0.613939106464386,-0.12756450474262238,-0.07900229096412659,-0.06653057783842087,0.07862028479576111,0.15683460235595703,0.19374950230121613,-0.6960427761077881,1.1258984804153442,0.7207115292549133,0.010555930435657501,-0.1165083646774292,-0.4008675813674927,-0.14390696585178375,0.6442216038703918,1.00869882106781,-0.656918466091156,-0.028826739639043808,0.4000000059604645,0.05000000074505806,-0.3100000023841858,0.49000000953674316,-0.20999999344348907,0.0,-0.6246985197067261,-0.0949397087097168,0.40886735916137695,0.8045779466629028,-0.3538070321083069,0.0,8.019590377807617,-1.7649284601211548,-9.925600051879883,2.635066032409668,-0.2074599415063858,5.103809833526611,2.200274705886841,0.11813147366046906,-1.997497320175171,-0.9941704273223877,0.4502379298210144,-5.205165386199951,0.0025972723960876465,0.0006773099303245544,-0.01734921708703041,0.028259363025426865,0.009917233139276505,0.04924901947379112,278.1025085449219,244.03822326660156,0.5,0.0,0.0,0.16299434006214142,0.0,0.9431691765785217,0.9519962668418884,0.0,0.0,0.0,0.0,986.8553466796875,0.0
0.6,1.1888890266418457,0.9271841787986937,0.3746057909127832,1.0,0.0,1.0,1.0,0.07776493579149246,-0.17293603718280792,0.5542474985122681,0.011186760850250721,0.057274654507637024,-0.5154328346252441,0.6181995272636414,-0.13209319114685059,-0.11593985557556152,0.08705370873212814,0.8500958681106567,-0.12644347548484802,0.21029487252235413,-0.6984996199607849,1.1048113107681274,0.7122077345848083,0.03911004588007927,-0.2296551764011383,-0.41309651732444763,-0.14843307435512543,0.6481152176856995,1.0307389497756958,-0.6484092473983765,-0.0036934358067810535,0.4000000059604645,0.05000000074505806,-0.3100000023841858,0.49000000953674316,-0.20999999344348907,0.0,-0.6317960619926453,-0.09635921567678452,0.41199028491973877,0.8145145177841187,-0.358349472284317,0.0,8.009352684020996,-0.13438789546489716,-9.338166236877441,-0.33774399757385254,4.99952507019043,-3.704087734222412,-2.7149922847747803,-0.531405508518219,1.279198408126831,3.01188063621521,1.6833077669143677,9.266824722290039,0.0027224160730838776,0.0030639469623565674,0.1291390359401703,0.04745505377650261,0.06703823059797287,-0.07382863759994507,239.97463989257812,166.40728759765625,0.5,0.0,0.0,0.15717855095863342,0.0,0.9390942454338074,0.9685299396514893,0.0,0.0,0.0,0.0,843.5270385742188,0.0
0.61,1.2000000476837158,0.95105660887834,0.30901670943305387,1.0,0.0,1.0,1.0,0.08219420909881592,-0.1769101321697235,0.5532733798027039,0.012591219507157803,0.056920260190963745,-0.5124125480651855,0.6173546314239502,-0.12501348555088043,-0.07296881079673767,-0.14230012893676758,-0.16554497182369232,0.5659579038619995,0.2144721895456314,-0.7061924934387207,1.0997213125228882,0.7190213203430176,0.01690605655312538,-0.1260278970003128,-0.4024444818496704,-0.14898355305194855,0.6344549059867859,1.0367621183395386,-0.6533074378967285,-0.02121872827410698,0.4000000059604645,0.05000000074505806,-0.3100000023841858,0.49000000953674316,-0.20999999344348907,0.0,-0.6377642154693604,-0.0975528359413147,0.4146162271499634,0.8228698968887329,-0.362169086933136,0.0,7.878135681152344,-1.5314358472824097,-9.74553394317627,1.7715107202529907,1.6738593578338623,5.270415306091309,2.286351442337036,0.08422891795635223,-2.4214577674865723,-0.28767916560173035,0.6410577297210693,-3.1476545333862305,0.0030472539365291595,0.004371859133243561,0.08698659390211105,0.03765859082341194,-0.009153281338512897,0.026771413162350655,307.35833740234375,275.1495666503906,0.5,0.0,0.0,0.15719226002693176,0.0,0.942894458770752,0.5269673466682434,0.0,0.0,0.0,0.0,996.7264404296875,0.0
0.62,1.2111111879348755,0.970295843051086,0.24192142723988433,1.0,0.0,1.0,1.0,0.08591566979885101,-0.18057462573051453,0.5519953966140747,0.01684250310063362,0.0564531646668911,-0.5103926658630371,0.6207837462425232,-0.13177748024463654,-0.14336997270584106,-0.08961055427789688,0.7832967638969421,0.050851140171289444,0.25559648871421814,-0.7126580476760864,1.0584709644317627,0.7124974131584167,0.035933706909418106,-0.24686026573181152,-0.41844069957733154,-0.15948565304279327,0.6362392902374268,1.0708898305892944,-0.6303414702415466,-0.006285347975790501,0.4000000059604645,0.05000000074505806,-0.3100000023841858,0.49000000953674316,-0.20999999344348907,0.0,-0.6425739526748657,-0.09851479530334473,0.4167325496673584,0.8296035528182983,-0.36524733901023865,0.0,7.95199728012085,-0.5406848192214966,-7.1806206703186035,-1.1035890579223633,4.8785505294799805,-8.470674514770508,-3.1370396614074707,-1.3989341259002686,1.1584440469741821,4.184329509735107,3.388913154602051,5.903347969055176,0.003089163452386856,0.008515540510416031,0.6679379343986511,0.12931856513023376,-0.022935453802347183,-0.05520676448941231,112.87141418457031,190.41835021972656,0.5,0.0,0.0,0.15513363480567932,0.0,0.9380912780761719,0.9948416352272034,0.0,0.0,0.0,0.0,763.410400390625,0.0
0.63,1.2222223281860352,0.9848078686252574,0.17364752199146954,1.0,0.0,1.0,1.0,0.09058361500501633,-0.18519049882888794,0.5507415533065796,0.01624676026403904,0.05420700088143349,-0.5048294067382812,0.6210243701934814,-0.12180386483669281,-0.08858197927474976,-0.3332821726799011,-0.4646155834197998,0.8128659725189209,0.2589424252510071,-0.7261861562728882,1.0664681196212769,0.719387412071228,0.027415001764893532,-0.126703143119812,-0.4076310098171234,-0.16316723823547363,0.6196827292442322,1.0841519832611084,-0.629187822341919,-0.0037383611779659986,0.4000000059604645,0.05000000074505806,-0.3100000023841858,0.49000000953674316,-0.20999999344348907,0.0,-0.6462019681930542,-0.09924039244651794,0.4183288812637329,0.8346827626228333,-0.3675692677497864,0.0,8.029313087463379,-1.8450045585632324,-9.690082550048828,1.8233331441879272,0.9446163177490234,6.613228797912598,2.5568950176239014,0.03664612025022507,-2.8644707202911377,0.28922218084335327,0.2595174312591553,0.22802388668060303,0.0030996352434158325,0.0111016184091568,0.10582788288593292,0.030129175633192062,-0.0677718073129654,-0.00830598920583725,240.9650421142578,281.1119689941406,0.5,0.0,0.0,0.16231203079223633,0.0,0.9427386522293091,0.2667343020439148,0.0,0.0,0.0,0.0,891.2752685546875,0.0
0.64,1.2333333492279053,0.9945219058073734,0.10452836394620228,1.0,0.0,1.0,1.0,0.09487130492925644,-0.1896175742149353,0.5492696762084961,0.017201172187924385,0.052114833146333694,-0.5013327598571777,0.623744547367096,-0.13603369891643524,-0.1557188183069229,-0.22313009202480316,0.4330582320690155,0.13387365639209747,0.2990749180316925,-0.7354522943496704,1.0135753154754639,0.719646155834198,0.012376626953482628,-0.22732985019683838,-0.420378714799881,-0.17681194841861725,0.6132286787033081,1.1240707635879517,-0.5929690003395081,-0.021173274144530296,0.4000000059604645,0.05000000074505806,-0.3100000023841858,0.49000000953674316,-0.20999999344348907,0.0,-0.6486304998397827,-0.09972609579563141,0.41939741373062134,0.8380826711654663,-0.36912351846694946,0.0,8.042547225952148,-0.7406060695648193,-9.641779899597168,-0.14342986047267914,-0.026949480175971985,-10.032975196838379,-2.8522961139678955,-1.9613057374954224,0.4177057445049286,5.3116631507873535,3.7743265628814697,0.1714482456445694,0.003236927092075348,0.016555648297071457,0.2774038314819336,0.17746631801128387,0.01892225444316864,-0.03244366496801376,62.205963134765625,244.01004028320312,0.5,0.0,0.0,0.16776838898658752,0.0,0.934600830078125,0.9647905230522156,0.0,0.0,0.0,0.0,813.0366821289062,0.0
0.65,1.2444446086883545,0.9993908630339692,0.034898465356211134,1.0,0.0,1.0,1.0,0.09978654235601425,-0.19469308853149414,0.5479034781455994,0.015150525607168674,0.049423396587371826,-0.4989948272705078,0.6273897886276245,-0.15772829949855804,-0.10575348883867264,-0.3689635097980499,-0.490466833114624,0.3194379508495331,0.3005928695201874,-0.7493785619735718,1.0092620849609375,0.7264325022697449,0.046340491622686386,-0.1262110471725464,-0.41245168447494507,-0.18678921461105347,0.608453631401062,1.1469249725341797,-0.5807528495788574,0.021656574681401253,0.4000000059604645,0.05000000074505806,-0.3100000023841858,0.49000000953674316,-0.20999999344348907,0.0,-0.6498477458953857,-0.0999695435166359,0.4199329912662506,0.8397867679595947,-0.36990252137184143,0.0,8.002494812011719,-2.226552724838257,-9.507147789001465,1.9452462196350098,2.0776076316833496,6.258243560791016,1.9846667051315308,-1.1095077991485596,-0.8967733979225159,1.786138892173767,1.071171760559082,3.1914172172546387,0.0035533644258975983,0.020400553941726685,0.1236739307641983,0.03423302248120308,-0.0618070587515831,-0.15000946819782257,325.1146240234375,236.2838897705078,0.5,0.0,0.0,0.1786070317029953,0.0,0.9210759401321411,0.8153961896896362,0.0,0.0,0.0,0.0,1094.262939453125,0.0
0.66,1.2555556297302246,0.9993908107539655,-0.034899962471781065,1.0,0.0,1.0,0.0,0.10407475382089615,-0.1995517462491989,0.546493649482727,0.015937531366944313,0.04753262922167778,-0.5023627281188965,0.6321936249732971,-0.19618892669677734,-0.13997896015644073,-0.14028793573379517,0.42978131771087646,-0.7579243779182434,0.3034716844558716,-0.7633166909217834,0.9886699318885803,0.7374773025512695,0.04848751798272133,-0.1091613620519638,-0.41781994700431824,-0.21434694528579712,0.6374818086624146,1.176064372062683,-0.6130616068840027,-0.04794212803244591,0.4000000059604645,0.05000000074505806,-0.3100000023841858,0.49000000953674316,-0.20999999344348907,0.0,-0.6496955156326294,-0.09993909299373627,0.41986602544784546,0.8395736813545227,-0.36980509757995605,0.0,8.027067184448242,-0.969601035118103,-10.279426574707031,0.6074084043502808,1.43619704246521,2.871349573135376,-1.9806209802627563,-3.7620620727539062,5.125823497772217,2.8063900470733643,-3.048051357269287,-6.332011699676514,0.004830796271562576,0.02304045855998993,-0.0845131129026413,0.967402994632721,0.13968320190906525,-1.0019848346710205,165.1694793701172,0.0,0.5,0.0,0.0,0.18407216668128967,0.0,0.894106388092041,0.3169856667518616,0.0,0.0,0.0,0.0,1006.3677368164062,0.0
0.67,1.2666667699813843,0.9945218275138806,-0.1045291088570598,1.0,0.0,1.0,0.0,0.10775506496429443,-0.2041810154914856,0.5450320243835449,0.019783463329076767,0.046862564980983734,-0.5101656913757324,0.6470893025398254,-0.2427641600370407,-0.12651388347148895,0.013189221732318401,0.3176760673522949,-0.8761436343193054,0.3146970868110657,-0.7798402905464172,0.9683970212936401,0.7581070065498352,0.014020022936165333,-0.08960293978452682,-0.42371147871017456,-0.2531035244464874,0.6935595273971558,1.1879265308380127,-0.7234535217285156,-0.16273954510688782,0.4000000059604645,0.05000000074505806,-0.3100000023841858,0.49000000953674316,-0.20999999344348907,0.0,-0.6472684144973755,-0.09945368021726608,0.4187980890274048,0.836175799369812,-0.3682517409324646,0.0,8.019682884216309,-1.714022159576416,-8.816313743591309,2.841064453125,-8.5977201461792,3.7042479515075684,0.025685898959636688,-4.087916851043701,6.3001508712768555,0.3969864547252655,-10.083882331848145,-10.102887153625488,0.006767101585865021,0.020797807723283768,-0.01270244736224413,1.4103507995605469,-0.06815643608570099,-1.272568941116333,388.3540344238281,0.0,0.5,0.0,0.0,0.18124935030937195,0.0,0.8511734008789062,0.21540069580078125,0.0,0.0,0.0,0.0,1161.8846435546875,0.0
0.68,1.277777910232544,0.9848076084952826,-0.1736489972611482,1.0,0.0,1.0,0.0,0.11099741607904434,-0.20796550810337067,0.5435703992843628,0.027039488777518272,0.04926292970776558,-0.5197830200195312,0.656179666519165,-0.2512536942958832,-0.14776021242141724,0.38013625144958496,0.9048385620117188,-1.1350194215774536,0.2904176414012909,-0.7862114310264587,0.9813898801803589,0.7630701661109924,0.03900336101651192,-0.07988177239894867,-0.43789663910865784,-0.28546208143234253,0.7621240615844727,1.1869807243347168,-0.7641066908836365,-0.2839914858341217,0.4000000059604645,0.05000000074505806,-0.3100000023841858,0.49000000953674316,-0.20999999344348907,0.0,-0.6424614787101746,-0.09849229454994202,0.41668304800987244,0.8294460773468018,-0.36517533659935,0.0,4.683943271636963,-0.19268687069416046,-5.668580532073975,0.44044414162635803,0.42234939336776733,0.37623634934425354,-2.270414352416992,-2.7841224670410156,7.292316436767578,-0.26720213890075684,-2.369595766067505,-10.14146900177002,0.008378662168979645,0.015182740986347198,0.04970972612500191,1.4847708940505981,0.08748994767665863,-1.572780966758728,164.1881866455078,0.0,0.5,0.0,0.0,0.16289739310741425,0.0,0.8394225835800171,0.07603678107261658,0.0,0.0,0.0,0.0,549.839111328125,0.0
0.6900000000000001,1.288888931274414,0.9702956618482642,-0.24192215400504177,1.0,0.0,1.0,1.0,0.11430633813142776,-0.21091866493225098,0.5421890616416931,0.03621610626578331,0.05516252666711807,-0.5282621383666992,0.6798158288002014,-0.2691681683063507,-0.10415372252464294,0.7326642274856567,0.8101675510406494,-0.7994784116744995,0.29016703367233276,-0.7815794944763184,0.9685813188552856,0.7672864198684692,0.022419366985559464,-0.07477405667304993,-0.45833808183670044,-0.2995285987854004,0.8179743885993958,1.186755895614624,-0.715722382068634,-0.27984818816185,0.4000000059604645,0.05000000074505806,-0.3100000023841858,0.49000000953674316,-0.20999999344348907,0.0,-0.6353683471679688,-0.09707367420196533,0.4135620892047882,0.8195157051086426,-0.36063575744628906,0.0,7.961804389953613,0.5612475275993347,-9.7577486038208,0.6572854518890381,-4.672916412353516,2.0093908309936523,-1.573431372642517,-0.5950911045074463,3.8286924362182617,0.4870831072330475,5.244841575622559,-0.8005776405334473,0.009362205862998962,0.010486580431461334,-0.023938629776239395,0.49456414580345154,0.14566653966903687,-0.7698450684547424,257.8307189941406,138.5485382080078,0.5,0.0,0.0,0.13397523760795593,0.0,0.8109325170516968,0.27850160002708435,0.0,0.0,0.0,0.0,727.311279296875,0.0
0.7000000000000001,1.3000000715255737,0.9510563774202142,-0.3090174217877356,1.0,0.0,0.0,1.0,0.11758486181497574,-0.2135767638683319,0.5410637855529785,0.047168027609586716,0.062164388597011566,-0.531977653503418,0.714712917804718,-0.24821218848228455,-0.10011118650436401,0.6370609998703003,1.2843828201293945,-0.3016413450241089,0.27747559547424316,-0.775625467300415,0.9831663370132446,0.7504765391349792,0.11928874999284744,-0.21583473682403564,-0.4661468267440796,-0.29685524106025696,0.848884105682373,1.1792701482772827,-0.664812445640564,-0.12674319744110107,0.4000000059604645,0.05000000074505806,-0.3100000023841858,0.49000000953674316,-0.20999999344348907,0.0,-0.6261270642280579,-0.09522540867328644,0.40949589014053345,0.8065778613090515,-0.3547213077545166,0.0,7.8603997230529785,0.22601273655891418,-6.341231822967529,-1.8338314294815063,9.815656661987305,-10.305829048156738,-0.39072611927986145,0.3377816081047058,2.348029136657715,-0.7967550754547119,0.17000645399093628,11.31856632232666,0.010359957814216614,0.00697481632232666,0.660938560962677,0.04422835633158684,0.08951795846223831,-0.10652890056371689,0.0,203.62864685058594,0.5,0.0,0.0,0.10538244992494583,0.0,0.8062012791633606,0.8336221575737,0.0,0.0,0.0,0.0,878.9029541015625,0.0
0.71,1.3111112117767334,0.9271836176276476,-0.3746071798603281,1.0,0.0,0.0,1.0,0.1206948533654213,-0.21706946194171906,0.5398842096328735,0.05743446573615074,0.06585446745157242,-0.5280542373657227,0.7217100262641907,-0.2332409769296646,-0.08277759701013565,0.10751516371965408,0.8869444727897644,0.7197546362876892,0.31427791714668274,-0.7759829163551331,0.972287118434906,0.7295085787773132,0.10724058747291565,-0.339203417301178,-0.460463285446167,-0.29249659180641174,0.855478048324585,1.1689759492874146,-0.673852801322937,-0.04657774046063423,0.4000000059604645,0.05000000074505806,-0.3100000023841858,0.49000000953674316,-0.20999999344348907,0.0,-0.6149173378944397,-0.09298346936702728,0.4045636057853699,0.790884256362915,-0.3475470542907715,0.0,8.044650077819824,-0.23736898601055145,-4.407142162322998,-2.6606786251068115,-2.3200886249542236,-10.173575401306152,0.9172507524490356,0.4984837472438812,-1.3523492813110352,-1.2897642850875854,-1.2694816589355469,-3.283043622970581,0.010356917977333069,0.004699919372797012,1.210126280784607,-0.010493161156773567,0.05589766800403595,0.031524281948804855,0.0,322.9495544433594,0.5,0.0,0.0,0.08749446272850037,0.0,0.8129275441169739,0.35483816266059875,0.0,0.0,0.0,0.0,747.9174194335938,0.0
0.72,1.322222352027893,0.898793688766393,-0.43837187983913856,1.0,0.0,1.0,1.0,0.12344136089086533,-0.22108954191207886,0.5384852886199951,0.06791544705629349,0.06670396775007248,-0.5212922096252441,0.7303501963615417,-0.22278550267219543,-0.09368415176868439,0.012625684961676598,1.1559300422668457,0.5237282514572144,0.4004923403263092,-0.7839837670326233,0.9513102173805237,0.7118431329727173,0.12790924310684204,-0.42323434352874756,-0.4619811773300171,-0.29286375641822815,0.8506043553352356,1.1691383123397827,-0.6949053406715393,-0.033067237585783005,0.4000000059604645,0.05000000074505806,-0.3100000023841858,0.49000000953674316,-0.20999999344348907,0.0,-0.6019575595855713,-0.09039151668548584,0.3988613188266754,0.7727406024932861,-0.3392528295516968,0.0,8.051094055175781,-0.9775751829147339,-1.2378318309783936,-0.8881562948226929,-3.2870826721191406,-4.2978739738464355,-0.5030806660652161,-0.16845418512821198,-0.33935150504112244,0.2313411682844162,-1.5367012023925781,1.807504415512085,0.009119279682636261,0.004264894872903824,1.1254603862762451,-0.00847697351127863,-0.22405661642551422,-0.05079394206404686,124.1484375,331.9969177246094,0.5,0.0,0.0,0.07491984218358994,0.0,0.8143303394317627,0.5777682065963745,0.0,0.0,0.0,0.0,563.3134765625,0.0
0.73,1.3333334922790527,0.8660249044413022,-0.5000008648866852,1.0,0.0,1.0,1.0,0.12677133083343506,-0.22558079659938812,0.5376130938529968,0.0760066956281662,0.06717772781848907,-0.5136904716491699,0.7420735955238342,-0.22681845724582672,-0.012944354675710201,-0.11838622391223907,0.7166250944137573,0.9154395461082458,0.4399081766605377,-0.7891219258308411,0.9408114552497864,0.7073626518249512,0.09599421173334122,-0.39174485206604004,-0.4583607017993927,-0.28943127393722534,0.8408358693122864,1.1657217741012573,-0.7215081453323364,-0.010046547278761864,0.4000000059604645,0.05000000074505806,-0.3100000023841858,0.49000000953674316,-0.20999999344348907,0.0,-0.587499737739563,-0.0874999463558197,0.3924998939037323,0.7524996399879456,-0.32999980449676514,0.0,8.021553039550781,-0.528034508228302,-6.029081344604492,-0.7387822866439819,-3.433850049972534,1.1928415298461914,0.9129655361175537,0.14347797632217407,-1.6405284404754639,-0.6151215434074402,-1.0035122632980347,-0.607946515083313,0.009024813771247864,0.004193805158138275,0.2504693269729614,0.00047094456385821104,0.026499513536691666,-0.007684661075472832,150.0548095703125,388.115234375,0.5,0.0,0.0,0.06617897003889084,0.0,0.8024446368217468,0.18710988759994507,0.0,0.0,0.0,0.0,587.622314453125,0.0
0.74,1.3444445133209229,0.8290373305565868,-0.559193262248043,1.0,0.0,1.0,1.0,0.13012811541557312,-0.23073402047157288,0.53687584400177,0.08310490101575851,0.06566846370697021,-0.5030698776245117,0.7499943375587463,-0.22139956057071686,-0.011823589913547039,-0.33371254801750183,0.7846493124961853,1.0827157497406006,0.5056920647621155,-0.7970967888832092,0.9180076718330383,0.6989991664886475,0.07224638015031815,-0.2832168936729431,-0.4558209180831909,-0.29484787583351135,0.8240616321563721,1.1696302890777588,-0.7098798751831055,-0.024511149153113365,0.4000000059604645,0.05000000074505806,-0.3100000023841858,0.49000000953674316,-0.20999999344348907,0.0,-0.5718256235122681,-0.0843651294708252,0.38560327887535095,0.7305558919906616,-0.31996840238571167,0.0,8.015130043029785,-0.9116062521934509,-3.143514633178711,-0.9504852294921875,0.17312833666801453,8.981417655944824,0.019981974735856056,-0.8123694062232971,-1.779242992401123,0.7605122327804565,2.221774101257324,-1.238174319267273,0.008591897785663605,0.00556555762887001,0.3638821542263031,0.03698534145951271,-0.09696333110332489,0.0051293387077748775,94.64441680908203,353.24530029296875,0.5,0.0,0.0,0.0605495423078537,0.0,0.8000909686088562,0.09589064866304398,0.0,0.0,0.0,0.0,477.9862976074219,0.0
0.75,1.3555556535720825,0.7880103744477579,-0.6156619606266936,1.0,0.0,1.0,1.0,0.13401202857494354,-0.2364402711391449,0.5361534357070923,0.08742406219244003,0.06317126750946045,-0.4917292594909668,0.7429057955741882,-0.234230637550354,0.0037092752754688263,-0.4001081585884094,0.20460157096385956,0.9636178016662598,0.5107868313789368,-0.8069829344749451,0.9421173930168152,0.6959415674209595,0.06796380132436752,-0.1358899623155594,-0.45427006483078003,-0.2994285523891449,0.8046396970748901,1.1807770729064941,-0.7049487829208374,-0.0016972501762211323,0.4000000059604645,0.05000000074505806,-0.3100000023841858,0.49000000953674316,-0.20999999344348907,0.0,-0.5552401542663574,-0.08104802668094635,0.37830567359924316,0.7073361873626709,-0.30935367941856384,0.0,8.035111427307129,-1.251761555671692,-6.696177005767822,-0.3290952742099762,0.8799182176589966,10.732029914855957,0.471815824508667,-0.4359097480773926,-2.4099349975585938,1.2157951593399048,1.824533224105835,1.310349464416504,0.008528828620910645,0.008436426520347595,-0.07593943178653717,0.023289624601602554,0.016740132123231888,-0.0675865113735199,176.37826538085938,350.185302734375,0.5,0.0,0.0,0.05825433507561684,0.0,0.7963356971740723,0.1561218500137329,0.0,0.0,0.0,0.0,1039.991455078125,0.0
0.76,1.3666667938232422,0.743144290876379,-0.6691312000929592,1.0,0.0,1.0,1.0,0.13875319063663483,-0.2429496794939041,0.5354045629501343,0.0871952474117279,0.060053009539842606,-0.4843454360961914,0.7281931638717651,-0.26845839619636536,0.018927838653326035,-0.3763143718242645,-0.21260438859462738,0.4703223407268524,0.5122994184494019,-0.8244597911834717,0.9436073899269104,0.7003955245018005,0.08411022275686264,-0.07232073694467545,-0.45465371012687683,-0.3118419051170349,0.7825753688812256,1.209436297416687,-0.6683109998703003,0.0027432532515376806,0.4000000059604645,0.05000000074505806,-0.3100000023841858,0.49000000953674316,-0.20999999344348907,0.0,-0.5380658507347107,-0.07761316746473312,0.37074896693229675,0.6832921504974365,-0.298362135887146,0.0,8.057177543640137,-2.1327590942382812,-8.03365707397461,0.8258345127105713,-0.05710397660732269,5.953118324279785,0.05537448078393936,-1.5898514986038208,-2.1794943809509277,3.522303581237793,4.882500171661377,0.27415889501571655,0.010260768234729767,0.014092445373535156,-0.06654982268810272,0.07900794595479965,-0.038961540907621384,-0.024494502693414688,240.68528747558594,259.2344055175781,0.5,0.0,0.0,0.060560330748558044,0.0,0.7801383137702942,0.6424885988235474,0.0,0.0,0.0,0.0,1181.0821533203125,0.0
0.77,1.3777779340744019,0.6946576640377365,-0.7193404825210626,1.0,0.0,1.0,1.0,0.14414267241954803,-0.24983792006969452,0.5349817276000977,0.0839800238609314,0.057716161012649536,-0.48166704177856445,0.7180794477462769,-0.31138280034065247,0.07228346914052963,-0.15765926241874695,-0.5199933052062988,-0.09189160913228989,0.5103263854980469,-0.8441645503044128,0.9386611580848694,0.709354817867279,0.09747763723134995,-0.0033974535763263702,-0.4527074694633484,-0.3290634751319885,0.7702795267105103,1.2473080158233643,-0.6281013488769531,0.051656465977430344,0.4000000059604645,0.05000000074505806,-0.3100000023841858,0.49000000953674316,-0.20999999344348907,0.0,-0.5206372141838074,-0.0741274431347847,0.36308038234710693,0.6588920950889587,-0.28720778226852417,0.0,7.806707382202148,-1.9239484071731567,-9.286566734313965,0.6135993599891663,0.40171414613723755,6.060322284698486,0.5575667023658752,-1.733148455619812,-0.9317958950996399,3.8222908973693848,4.347749710083008,5.509965419769287,0.013105340301990509,0.021386079490184784,0.06109495088458061,0.1265379786491394,-0.00907133612781763,-0.11720925569534302,349.94696044921875,194.57122802734375,0.5,0.0,0.0,0.06549783796072006,0.0,0.7489854097366333,0.9832536578178406,0.0,0.0,0.0,0.0,1260.1083984375,0.0
0.78,1.3888890743255615,0.6427867171424603,-0.7660451920514996,1.0,0.0,1.0,0.0,0.1495501697063446,-0.2566581964492798,0.5348014831542969,0.08121027797460556,0.05717714503407478,-0.48943090438842773,0.719669759273529,-0.38423997163772583,0.05730687454342842,0.08947862684726715,-0.24623748660087585,-1.3066370487213135,0.5217173099517822,-0.8587573766708374,0.9069231152534485,0.7156283259391785,0.11916971951723099,0.09688779711723328,-0.4465859830379486,-0.36292508244514465,0.7939087748527527,1.2836086750030518,-0.7366259694099426,-0.049479249864816666,0.4000000059604645,0.05000000074505806,-0.3100000023841858,0.49000000953674316,-0.20999999344348907,0.0,-0.5032937526702881,-0.07065874338150024,0.35544922947883606,0.634611189365387,-0.2761079668998718,0.0,1.6816308498382568,-1.3004895448684692,-3.692384958267212,0.3238086998462677,3.96946382522583,12.955925941467285,0.5053569078445435,-3.6090660095214844,3.799433708190918,2.3927619457244873,-10.06020450592041,-9.375847816467285,0.01639997959136963,0.02663864940404892,0.25723567605018616,1.2045785188674927,-0.07641524821519852,-0.9878451824188232,399.23272705078125,0.0,0.5,0.0,0.0,0.06892155855894089,0.0,0.6758458614349365,0.032889530062675476,0.0,0.0,0.0,0.0,1817.989990234375,0.0
0.79,1.4000000953674316,0.5877847675202865,-0.8090173465823355,1.0,0.0,1.0,0.0,0.15433605015277863,-0.2630711793899536,0.534314751625061,0.08213575929403305,0.05814441666007042,-0.5089330673217773,0.7407770752906799,-0.42017650604248047,0.007925990968942642,0.35457438230514526,0.1825379580259323,-2.3923301696777344,0.5420714020729065,-0.8675446510314941,0.8572604060173035,0.7203576564788818,0.13681398332118988,0.2084207534790039,-0.44831037521362305,-0.3917372226715088,0.8384242057800293,1.2976526021957397,-0.8407787680625916,-0.2079365998506546,0.4000000059604645,0.05000000074505806,-0.3100000023841858,0.49000000953674316,-0.20999999344348907,0.0,-0.486372709274292,-0.0672745406627655,0.34800398349761963,0.6109218001365662,-0.26527851819992065,0.0,0.10205857455730438,-1.1635587215423584,-3.4968128204345703,1.586486577987671,-3.191134214401245,9.320226669311523,-0.5884206891059875,-2.9721548557281494,5.725557804107666,1.1588902473449707,-10.092231750488281,-10.415928840637207,0.01945054903626442,0.02569442242383957,0.18495234847068787,1.3923101425170898,-0.023574884980916977,-1.342663288116455,448.09649658203125,0.0,0.5,0.0,0.0,0.06713063269853592,0.0,0.6256001591682434,1.0686947462090757e-05,0.0,0.0,0.0,0.0,1336.59228515625,0.0
0.8,1.4111112356185913,0.5299186008019895,-0.8480485107138988,1.0,0.0,1.0,0.0,0.15885968506336212,-0.26825666427612305,0.533966064453125,0.08700252324342728,0.0633464828133583,-0.5330815315246582,0.7495322823524475,-0.40911704301834106,0.03914039954543114,1.0503352880477905,0.4667167663574219,-2.5283472537994385,0.5266268253326416,-0.8627097010612488,0.8125900030136108,0.727429986000061,0.09924855083227158,0.27634215354919434,-0.45540571212768555,-0.4071003794670105,0.9048019051551819,1.2849748134613037,-0.8243850469589233,-0.31453830003738403,0.4000000059604645,0.05000000074505806,-0.3100000023841858,0.49000000953674316,-0.20999999344348907,0.0,-0.47020334005355835,-0.0640406683087349,0.34088945388793945,0.5882846713066101,-0.2549301087856293,0.0,-2.305992364883423,1.952768087387085,-5.342823505401611,0.04598626494407654,-5.753061294555664,7.331286907196045,-1.0801259279251099,-0.6636945605278015,7.713864803314209,-2.0020406246185303,2.3783764839172363,-10.022745132446289,0.02327931672334671,0.01857590675354004,0.19052237272262573,1.4413508176803589,0.2008354514837265,-1.8567513227462769,135.27279663085938,0.0,0.5,0.0,0.0,0.058422382920980453,0.0,0.6317343711853027,2.802272319968324e-06,0.0,0.0,0.0,0.0,688.7528076171875,0.0
0.81,1.422222375869751,0.4694707103916907,-0.8829480460844348,1.0,0.0,0.0,1.0,0.16316170990467072,-0.27199479937553406,0.5334199666976929,0.09586779773235321,0.0725049301981926,-0.556084156036377,0.7761464715003967,-0.37997138500213623,-0.017397111281752586,1.217575192451477,0.8143644332885742,-2.4031436443328857,0.4777687191963196,-0.8452907204627991,0.8176956176757812,0.7187923192977905,0.1816643625497818,0.3468707799911499,-0.4724802076816559,-0.4049043357372284,0.9563382267951965,1.2659274339675903,-0.7342492938041687,-0.32568585872650146,0.4000000059604645,0.05000000074505806,-0.3100000023841858,0.49000000953674316,-0.20999999344348907,0.0,-0.4551007151603699,-0.0610201433300972,0.3342443108558655,0.5671409964561462,-0.2452644407749176,0.0,2.047314405441284,1.2897473573684692,-3.8036255836486816,-1.4551730155944824,9.999321937561035,3.896280288696289,-1.29556143283844,0.7441062927246094,2.2179059982299805,-0.9005076885223389,9.609081268310547,2.8815391063690186,0.02600117027759552,0.010995987802743912,0.9821252226829529,0.21837343275547028,0.005265762563794851,-0.13899706304073334,0.0,76.26560974121094,0.5,0.0,0.0,0.045519765466451645,0.0,0.6432188153266907,9.634130037738942e-06,0.0,0.0,0.0,0.0,242.43406677246094,0.0
0.8200000000000001,1.433333396911621,0.4067362781379607,-0.913545620123308,1.0,0.0,0.0,1.0,0.16759824752807617,-0.2764420807361603,0.5324666500091553,0.10467182844877243,0.07924012839794159,-0.5763330459594727,0.8415841460227966,-0.3584056794643402,-0.024529902264475822,0.613869309425354,0.715370237827301,-1.7055593729019165,0.5472005009651184,-0.8491376042366028,0.771999716758728,0.70228511095047,0.29647067189216614,0.1473141312599182,-0.4686940908432007,-0.4026128649711609,0.9835560917854309,1.2573442459106445,-0.6708646416664124,-0.16085264086723328,0.4000000059604645,0.05000000074505806,-0.3100000023841858,0.49000000953674316,-0.20999999344348907,0.0,-0.4413585960865021,-0.05827171728014946,0.32819777727127075,0.5479020476341248,-0.23646947741508484,0.0,6.747772693634033,-1.0302791595458984,-1.242395281791687,-1.5592221021652222,10.090527534484863,-10.781328201293945,0.968765914440155,-0.022034868597984314,2.5980384349823,-0.26171875,-1.3249633312225342,9.478377342224121,0.028661690652370453,0.007747158408164978,1.882664680480957,-0.003047258360311389,-0.6014725565910339,-0.21021117269992828,0.0,381.28662109375,0.5,0.0,0.0,0.03654541075229645,0.0,0.6124618053436279,0.0029739467427134514,0.0,0.0,0.0,0.0,1638.68408203125,0.0
0.8300000000000001,1.4444446563720703,0.3420188920489531,-0.9396930762124444,1.0,0.0,0.0,1.0,0.1722010225057602,-0.2830599546432495,0.5312284231185913,0.10962773114442825,0.07980864495038986,-0.586702823638916,0.8859400153160095,-0.3370838463306427,-0.01609334535896778,-0.18502357602119446,0.22529354691505432,-0.5470409393310547,0.6346521377563477,-0.8649660348892212,0.7576325535774231,0.6831722259521484,0.27970603108406067,-0.052565328776836395,-0.4508885443210602,-0.40303221344947815,0.9946184158325195,1.2519359588623047,-0.6929887533187866,-0.03668547049164772,0.4000000059604645,0.05000000074505806,-0.3100000023841858,0.49000000953674316,-0.20999999344348907,0.0,-0.42924413084983826,-0.055848825722932816,0.32286742329597473,0.5309417843818665,-0.22871622443199158,0.0,8.06739330291748,-1.8270519971847534,1.3326246738433838,-2.1632885932922363,-2.7248048782348633,-10.729491233825684,1.9086297750473022,-0.06296572834253311,-0.5826472043991089,-0.37015900015830994,-3.9630136489868164,6.021661758422852,0.02871621400117874,0.006584964692592621,2.350666046142578,-0.04876846820116043,-0.8587379455566406,-0.11668559908866882,0.0,337.49755859375,0.5,0.0,0.0,0.033551353961229324,0.0,0.5914663672447205,0.5496312975883484,0.0,0.0,0.0,0.0,1952.51171875,0.0
0.84,1.4555556774139404,0.2756366198184286,-0.9612619069822081,1.0,0.0,0.0,1.0,0.17735934257507324,-0.2913750410079956,0.5299783945083618,0.10947532206773758,0.07613438367843628,-0.5871677398681641,0.8988228440284729,-0.29904234409332275,0.019725143909454346,-0.5024235844612122,-0.229803666472435,0.35516881942749023,0.7197550535202026,-0.884457528591156,0.7887412905693054,0.6598812937736511,0.21053951978683472,-0.17771798372268677,-0.4277600646018982,-0.3994167149066925,0.9778993725776672,1.2447015047073364,-0.7464277744293213,0.01518119964748621,0.4000000059604645,0.05000000074505806,-0.3100000023841858,0.49000000953674316,-0.20999999344348907,0.0,-0.41899392008781433,-0.05379877984523773,0.31835731863975525,0.516591489315033,-0.2221560925245285,0.0,8.046842575073242,-1.917887568473816,5.090259075164795,-2.6618502140045166,-6.59010124206543,-10.172017097473145,2.7245473861694336,0.10692550241947174,-2.837235450744629,-0.7293953895568848,-2.741818428039551,-0.38188958168029785,0.026647403836250305,0.006674282252788544,2.90651798248291,-0.019769685342907906,-1.0346074104309082,-0.06782267987728119,0.0,643.70556640625,0.5,0.0,0.0,0.03507997840642929,0.0,0.6083700656890869,0.7770195603370667,0.0,0.0,0.0,0.0,932.25537109375,0.0
0.85,1.4666666984558105,0.20791149544540746,-0.9781476422614608,1.0,0.0,0.0,1.0,0.1835816502571106,-0.3006053566932678,0.5289693474769592,0.10380194336175919,0.07126183062791824,-0.5793676376342773,0.8989189267158508,-0.25646641850471497,0.05745740234851837,-0.5969617366790771,-0.746601939201355,1.2318530082702637,0.8047687411308289,-0.9025436043739319,0.850411593914032,0.6344402432441711,0.14392320811748505,-0.28859683871269226,-0.4006517827510834,-0.40101972222328186,0.9414225816726685,1.243760108947754,-0.738186776638031,0.015002766624093056,0.4000000059604645,0.05000000074505806,-0.3100000023841858,0.49000000953674316,-0.20999999344348907,0.0,-0.410806804895401,-0.052161358296871185,0.31475499272346497,0.5051295161247253,-0.21691633760929108,0.0,8.041033744812012,-1.5084739923477173,7.310863018035889,-2.5322651863098145,-5.47149133682251,-10.063055038452148,2.9827165603637695,0.23956750333309174,-3.8588523864746094,-0.011121615767478943,-2.1047024726867676,4.530063629150391,0.024768151342868805,0.008767683058977127,3.1890487670898438,0.023304900154471397,-1.1728624105453491,-0.10920978337526321,0.0,392.57476806640625,0.5,0.0,0.0,0.04064300283789635,0.0,0.637741208076477,0.04807833954691887,0.0,0.0,0.0,0.0,971.454345703125,0.0
0.86,1.4777779579162598,0.13917198013153623,-0.9902682262631004,1.0,0.0,1.0,1.0,0.1908324956893921,-0.3097779452800751,0.5283177495002747,0.09477516263723373,0.06774654984474182,-0.5657439231872559,0.8961809873580933,-0.23860950767993927,0.07905489206314087,-0.40445512533187866,-0.884871244430542,1.5290871858596802,0.8889518976211548,-0.9093917608261108,0.9190071821212769,0.6095924973487854,0.10942189395427704,-0.1813848465681076,-0.37443432211875916,-0.3954542279243469,0.8982769846916199,1.2454309463500977,-0.7430415749549866,0.054095309227705,0.4000000059604645,0.05000000074505806,-0.3100000023841858,0.49000000953674316,-0.20999999344348907,0.0,-0.40484216809272766,-0.050968434661626816,0.31213054060935974,0.49677905440330505,-0.21309897303581238,0.0,8.007434844970703,-0.24111336469650269,4.343168258666992,-2.2411060333251953,1.6948412656784058,10.29531192779541,2.311276435852051,0.7766275405883789,-4.468404293060303,0.6323239803314209,-1.9812955856323242,4.794985771179199,0.023737087845802307,0.012129679322242737,2.236006498336792,0.05365757644176483,-1.0505536794662476,-0.17550595104694366,62.7082633972168,480.58441162109375,0.5,0.0,0.0,0.048976730555295944,0.0,0.6519498229026794,0.009314199909567833,0.0,0.0,0.0,0.0,511.3426513671875,0.0
0.87,1.4888889789581299,0.06975590920093978,-0.9975640897363689,1.0,1.0,1.0,1.0,0.19856762886047363,-0.3189019560813904,0.5276238918304443,0.08422315865755081,0.06482798606157303,-0.5479755401611328,0.8990858793258667,-0.24558933079242706,0.04642743617296219,-0.4806862473487854,-1.036812663078308,2.0154638290405273,0.8771730065345764,-0.9126760363578796,0.9825400710105896,0.6077888011932373,0.06895394623279572,-0.010591434314846992,-0.36357396841049194,-0.3905203640460968,0.8488206267356873,1.263149380683899,-0.7224836945533752,0.10966625809669495,0.4000000059604645,0.05000000074505806,-0.3100000023841858,0.49000000953674316,-0.20999999344348907,0.0,-0.4000000059604645,-0.05000000074505806,0.3100000023841858,0.49000000953674316,-0.20999999344348907,0.0,-2.1701388359069824,-0.3630717396736145,4.019489288330078,-0.0941186398267746,-3.0829107761383057,12.06350040435791,0.687629222869873,0.6073351502418518,-5.387160778045654,2.4006712436676025,2.350700855255127,6.022344589233398,0.02313189208507538,0.017825838178396225,0.588240385055542,0.15843746066093445,-0.6955667734146118,-0.29354920983314514,81.96582794189453,475.5747375488281,0.5,0.0,0.0,0.05998837202787399,0.0,0.6445729732513428,0.0002962850849144161,0.0,0.0,0.0,0.0,883.5360717773438,0.0
0.88,1.5000001192092896,-7.490140557442546e-07,-0.9999999999997194,1.0,1.0,1.0,1.0,0.20687580108642578,-0.3284901976585388,0.526640772819519,0.07114128023386002,0.062427766621112823,-0.5309791564941406,0.8912613987922668,-0.3358321785926819,-0.004065742716193199,-0.3182462751865387,-1.3554861545562744,1.6525332927703857,0.855642557144165,-0.9154540300369263,0.9945604205131531,0.5945015549659729,0.08897651731967926,0.18533922731876373,-0.35847264528274536,-0.39477065205574036,0.8190458416938782,1.287703275680542,-0.6628790497779846,0.0956544354557991,0.4000000059604645,0.05000000074505806,-0.3100000023841858,0.49000000953674316,-0.20999999344348907,0.0,-0.4000000059604645,-0.05000000074505806,0.3100000023841858,0.49000000953674316,-0.20999999344348907,0.0,-3.082655906677246,-0.3484504818916321,0.6558303833007812,-1.5973186492919922,1.8741317987442017,14.995218276977539,0.3318193554878235,-0.6230685114860535,-1.95120108127594,2.428581953048706,3.8826229572296143,-2.919663906097412,0.023045875132083893,0.022472426295280457,0.24263663589954376,0.8854455351829529,-0.27779167890548706,-1.2301796674728394,408.1843566894531,325.5783386230469,0.5,0.0,0.0,0.07558979839086533,0.0,0.5875831842422485,0.004246193449944258,0.0,0.0,0.0,0.0,1356.752685546875,0.0
0.89,1.5111112594604492,-0.06975740357991274,-0.9975639852389365,1.0,1.0,1.0,0.0,0.21460875868797302,-0.33795881271362305,0.5250668525695801,0.06056427210569382,0.061774205416440964,-0.5257883071899414,0.8780422210693359,-0.45508742332458496,-0.08065744489431381,0.09354609996080399,-0.791554868221283,-0.21656908094882965,0.8404163122177124,-0.921843409538269,0.9802869558334351,0.575056254863739,0.1371515989303589,0.3133585751056671,-0.3660699427127838,-0.41778942942619324,0.8438000082969666,1.3152406215667725,-0.7782478332519531,-0.043000832200050354,0.4000000059604645,0.05000000074505806,-0.3100000023841858,0.49000000953674316,-0.20999999344348907,0.0,-0.4000000059604645,-0.05000000074505806,0.3100000023841858,0.49000000953674316,-0.20999999344348907,0.0,-1.7763736248016357,-0.9287635087966919,-2.1571974754333496,-1.4709111452102661,3.804860830307007,9.738800048828125,-1.5203722715377808,-3.7367947101593018,5.295010089874268,3.2350807189941406,-10.130427360534668,-10.281658172607422,0.024303235113620758,0.02239251881837845,0.2998273968696594,2.3131165504455566,-0.04871342331171036,-2.1452078819274902,430.65167236328125,0.0,0.5,0.0,0.0,0.0888724997639656,0.0,0.49656495451927185,0.9104609489440918,0.0,0.0,0.0,0.0,2072.0595703125,0.0
0.9,1.5222223997116089,-0.1391742053056483,-0.9902679135352922,0.0,1.0,1.0,0.0,0.2220514714717865,-0.34672996401786804,0.5233765840530396,0.05292961001396179,0.06485982239246368,-0.5353798866271973,0.8905503749847412,-0.5082727670669556,-0.08718276023864746,0.5536378622055054,-0.8045890927314758,-1.387160062789917,0.8440755009651184,-0.9388562440872192,0.9383414387702942,0.5730474591255188,0.15821895003318787,0.4059417247772217,-0.37334707379341125,-0.4503840506076813,0.9082953929901123,1.324378490447998,-0.8082765936851501,-0.1946568489074707,0.36520645022392273,0.04304128885269165,-0.2946908473968506,0.4412890374660492,-0.18773211538791656,0.0,-0.4000000059604645,-0.05000000074505806,0.3100000023841858,0.49000000953674316,-0.20999999344348907,0.0,1.1442102193832397,-2.301352024078369,-4.370587348937988,0.6344119906425476,2.253028392791748,9.36186695098877,-0.4074136018753052,-2.980970621109009,7.219943046569824,0.12981697916984558,-1.7571156024932861,-10.378437995910645,0.027213215827941895,0.015879809856414795,0.41677847504615784,2.556100606918335,-0.1226244866847992,-2.229329824447632,473.7554931640625,0.0,0.5,0.0,0.0,0.0939631313085556,0.0,0.4396652579307556,0.0213132556527853,0.0,0.0,0.0,0.0,1292.2501220703125,0.0
0.91,1.533333420753479,-0.20791222809168317,-0.9781474865325537,0.0,1.0,1.0,1.0,0.22930385172367096,-0.3549320101737976,0.5214484930038452,0.047527968883514404,0.07038311660289764,-0.5501465797424316,0.9018288850784302,-0.49928054213523865,-0.14204244315624237,0.7299180030822754,-0.5695886611938477,-1.5452089309692383,0.8144547939300537,-0.9548300504684448,0.9071128964424133,0.5882226824760437,0.11867906153202057,0.3734675943851471,-0.37854820489883423,-0.46878108382225037,0.9663169384002686,1.3146404027938843,-0.7336844801902771,-0.27419230341911316,0.34802189469337463,0.03960438072681427,-0.28712964057922363,0.41723066568374634,-0.17673400044441223,0.0,-0.4000000059604645,-0.05000000074505806,0.3100000023841858,0.49000000953674316,-0.20999999344348907,0.0,-2.8246052265167236,-0.6200562715530396,-3.064061403274536,0.7999207377433777,-1.265483021736145,-1.8758162260055542,-0.2706148326396942,-0.6442733407020569,2.1667518615722656,1.345047950744629,-3.1321401596069336,1.2817671298980713,0.03006099909543991,0.006808750331401825,0.8234922885894775,1.1409441232681274,-0.4095700681209564,-0.9354478120803833,139.5108642578125,354.63507080078125,0.5,0.0,0.0,0.09173736721277237,0.0,0.43977367877960205,0.00843520276248455,0.0,0.0,0.0,0.0,277.073486328125,0.0
0.92,1.5444445610046387,-0.2756380598154801,-0.961261494069724,0.0,1.0,1.0,1.0,0.23634853959083557,-0.3622354567050934,0.5193806290626526,0.045953962951898575,0.07819794863462448,-0.5706572532653809,0.9368868470191956,-0.4749096930027008,-0.1397310197353363,0.9809899926185608,-0.061454884707927704,-2.3473594188690186,0.8123975396156311,-0.9632409811019897,0.8616414070129395,0.5970723032951355,0.1137133538722992,0.4537314772605896,-0.38943055272102356,-0.466678649187088,0.982941746711731,1.3206926584243774,-0.7298444509506226,-0.19758646190166473,0.33109036087989807,0.0362180694937706,-0.2796797454357147,0.39352649450302124,-0.16589781641960144,0.0,-0.4000000059604645,-0.05000000074505806,0.3100000023841858,0.49000000953674316,-0.20999999344348907,0.0,-0.01334589347243309,-0.47325605154037476,-4.474093914031982,0.7803748846054077,-0.6293494701385498,8.971860885620117,-1.3573710918426514,0.6273200511932373,0.717559814453125,0.4406905174255371,2.429333448410034,4.082151412963867,0.032528333365917206,0.003453664481639862,0.7266131043434143,0.6849337816238403,-0.3195496201515198,-0.35387128591537476,162.8288116455078,125.74674987792969,0.5,0.0,0.0,0.08178122341632843,0.0,0.4348219335079193,1.6367839634767734e-05,0.0,0.0,0.0,0.0,323.4844970703125,0.0
0.93,1.5555557012557983,-0.3420210035780581,-0.9396923076791988,0.0,1.0,0.0,1.0,0.24314700067043304,-0.36941540241241455,0.5175360441207886,0.048285551369190216,0.08445210009813309,-0.5949673652648926,1.0240848064422607,-0.3944745361804962,-0.09740138053894043,0.6001565456390381,0.1413300633430481,-2.5104422569274902,0.8529728055000305,-0.9775351881980896,0.8499519228935242,0.5966925024986267,0.2190152108669281,0.2789129614830017,-0.3870287239551544,-0.45364144444465637,0.9865379333496094,1.3133419752120972,-0.7393904328346252,-0.12138452380895615,0.3144947588443756,0.032898951321840286,-0.27237769961357117,0.37029266357421875,-0.15527664124965668,0.0,-0.4000000059604645,-0.05000000074505806,0.3100000023841858,0.49000000953674316,-0.20999999344348907,0.0,6.3971052169799805,-1.8717209100723267,1.3567229509353638,-0.1290164291858673,10.049103736877441,-10.56530475616455,1.034234881401062,1.6008208990097046,-0.8712509274482727,-0.9509585499763489,-1.4217315912246704,-6.743496417999268,0.03555990755558014,1.9311904907226562e-05,2.3038628101348877,-0.04799170419573784,-1.157834529876709,-0.14437218010425568,0.0,436.9794921875,0.5,0.0,0.0,0.07175719738006592,0.0,0.4229293763637543,3.3564019759069197e-06,0.0,0.0,0.0,0.0,1061.7154541015625,0.0
0.9400000000000001,1.5666667222976685,-0.40673696239635626,-0.9135453154718625,0.0,1.0,0.0,1.0,0.2503621578216553,-0.37748804688453674,0.5162845849990845,0.04950938746333122,0.08778389543294907,-0.616234302520752,1.0658342838287354,-0.3510269522666931,-0.018706247210502625,0.3116658926010132,-0.16526076197624207,-1.77743399143219,0.9381832480430603,-0.9871072769165039,0.8446629643440247,0.5759596228599548,0.2458343356847763,0.08743906766176224,-0.36192625761032104,-0.452813982963562,0.9853044748306274,1.313527226448059,-0.7493656873703003,-0.13625435531139374,0.29831573367118835,0.029663143679499626,-0.26525890827178955,0.3476420044898987,-0.14492204785346985,0.0,-0.4000000059604645,-0.05000000074505806,0.3100000023841858,0.49000000953674316,-0.20999999344348907,0.0,8.046307563781738,-0.4626898467540741,0.898788571357727,-2.4841768741607666,0.29412513971328735,-10.669716835021973,2.9924304485321045,-0.08674846589565277,-0.42108190059661865,-0.08923819661140442,-0.9495756030082703,-0.915094256401062,0.03729148209095001,8.261948823928833e-05,2.7568070888519287,0.003559485077857971,-1.1577576398849487,-0.013471335172653198,0.0,469.0419921875,0.5,0.0,0.0,0.06692776083946228,0.0,0.4119815528392792,0.0018025679746642709,0.0,0.0,0.0,0.0,1174.2979736328125,0.0
0.9500000000000001,1.5777779817581177,-0.46947269441199835,-0.8829469911617222,0.0,1.0,0.0,1.0,0.25823479890823364,-0.38663163781166077,0.5155073404312134,0.04686705395579338,0.08843262493610382,-0.6306462287902832,1.0903209447860718,-0.2972179651260376,0.02264939621090889,-0.0037590600550174713,-0.5564008951187134,-1.09050452709198,1.0209980010986328,-0.9931089878082275,0.8605356812477112,0.5527118444442749,0.19556401669979095,-0.06469827890396118,-0.32925912737846375,-0.4533669650554657,0.9732539653778076,1.31150221824646,-0.7516840696334839,-0.14508424699306488,0.28263166546821594,0.026526331901550293,-0.2583579421043396,0.3256843388080597,-0.13488426804542542,0.0,-0.4000000059604645,-0.05000000074505806,0.3100000023841858,0.49000000953674316,-0.20999999344348907,0.0,8.010476112365723,-0.5391972661018372,2.7506353855133057,-2.441657781600952,-4.835023880004883,-10.37039852142334,3.5003902912139893,-0.09335312247276306,-1.7043813467025757,-0.22303208708763123,-0.07397491484880447,-0.02527368813753128,0.038129694759845734,0.0012130513787269592,2.8539676666259766,0.027829565107822418,-1.234804630279541,-0.023809054866433144,0.0,473.8019104003906,0.5,0.0,0.0,0.06785328686237335,0.0,0.4174315333366394,0.09269874542951584,0.0,0.0,0.0,0.0,694.2066650390625,0.0
0.96,1.5888890027999878,-0.5299198712019053,-0.8480477168799855,0.0,1.0,0.0,1.0,0.2670811116695404,-0.39690351486206055,0.5150021314620972,0.0387355275452137,0.08668150752782822,-0.6389498710632324,1.1026233434677124,-0.24310748279094696,0.04330449551343918,-0.23666463792324066,-1.1327648162841797,-0.46509405970573425,1.1029834747314453,-1.002806544303894,0.9021332859992981,0.5327202081680298,0.1317725032567978,-0.1869431436061859,-0.28988590836524963,-0.45156705379486084,0.9501875042915344,1.308598518371582,-0.7654415369033813,-0.11882687360048294,0.26752007007598877,0.02350400947034359,-0.25170883536338806,0.3045280873775482,-0.12521281838417053,0.0,-0.4000000059604645,-0.05000000074505806,0.3100000023841858,0.49000000953674316,-0.20999999344348907,0.0,8.008281707763672,-1.0385992527008057,5.133276462554932,-2.0043904781341553,-5.362453937530518,-10.147706031799316,4.292165756225586,0.29804760217666626,-2.8389744758605957,-0.42017775774002075,-1.5740081071853638,3.9467713832855225,0.03941988945007324,0.003570493310689926,2.948406219482422,0.024213654920458794,-1.3041694164276123,-0.1000538095831871,0.0,457.08685302734375,0.5,0.0,0.0,0.07513964921236038,0.0,0.4297669231891632,0.6488037109375,0.0,0.0,0.0,0.0,858.9534301757812,0.0
0.97,1.6000001430511475,-0.5877859794503564,-0.8090164660633214,0.0,1.0,0.0,1.0,0.27676576375961304,-0.4075168967247009,0.5148966312408447,0.02685718797147274,0.08485424518585205,-0.6401538848876953,1.1055171489715576,-0.20575618743896484,0.07214736938476562,-0.1517459899187088,-1.2599985599517822,0.36617928743362427,1.1858450174331665,-1.0046383142471313,0.9467678666114807,0.5107308626174927,0.12388214468955994,-0.3011041581630707,-0.25305527448654175,-0.4478786587715149,0.913977324962616,1.3102264404296875,-0.7611386775970459,-0.08383352309465408,0.2530534267425537,0.020610688254237175,-0.24534350633621216,0.2842748165130615,-0.1159541979432106,0.0,-0.4000000059604645,-0.05000000074505806,0.3100000023841858,0.49000000953674316,-0.20999999344348907,0.0,8.016440391540527,0.3491496443748474,4.599936485290527,-1.920238971710205,0.03782276064157486,-10.082429885864258,3.5658867359161377,0.5015141367912292,-3.794259548187256,0.5145812630653381,-0.37707215547561646,6.810489654541016,0.04087022691965103,0.007802210748195648,2.892106294631958,0.0349411815404892,-1.580400824546814,-0.14268215000629425,0.0,447.2729187011719,0.5,0.0,0.0,0.0845455452799797,0.0,0.44132518768310547,0.7647743225097656,0.0,0.0,0.0,0.0,905.9227905273438,0.0
0.98,1.6111112833023071,-0.6427884384766878,-0.7660437476807063,0.0,1.0,0.0,1.0,0.2866217792034149,-0.4176531136035919,0.5151576995849609,0.01496119238436222,0.08402477204799652,-0.6330151557922363,1.1035677194595337,-0.18880625069141388,0.07650696486234665,-0.06509782373905182,-1.062078595161438,1.1178311109542847,1.2422332763671875,-0.9909741282463074,1.0026955604553223,0.5001722574234009,0.025267353281378746,-0.17073757946491241,-0.22727884352207184,-0.43854501843452454,0.8647711277008057,1.3148934841156006,-0.7321178317070007,-0.05668463557958603,0.23930275440216064,0.017860550433397293,-0.23929321765899658,0.2650238573551178,-0.1071537584066391,0.0,-0.4000000059604645,-0.05000000074505806,0.3100000023841858,0.49000000953674316,-0.20999999344348907,0.0,4.847291946411133,1.970609426498413,4.353251934051514,-1.0066022872924805,-9.95247745513916,10.212064743041992,2.1188206672668457,1.1251691579818726,-5.549990653991699,0.5201960802078247,4.000853538513184,1.1672477722167969,0.04204016178846359,0.013369891792535782,2.336812734603882,0.07504790276288986,-1.524603247642517,-0.1015380397439003,0.0,397.5203552246094,0.5,0.0,0.0,0.09091490507125854,0.0,0.4493812620639801,0.08215950429439545,0.0,0.0,0.0,0.0,598.5802001953125,0.0
0.99,1.6222224235534668,-0.69465928042438,-0.7193389215941834,0.0,1.0,0.0,1.0,0.2961347997188568,-0.42792144417762756,0.5150831341743469,0.0029509426094591618,0.0815211832523346,-0.617302417755127,1.090656042098999,-0.21197649836540222,0.00998995266854763,-0.30330654978752136,-1.1703697443008423,1.9712631702423096,1.2009985446929932,-0.9685007929801941,1.0695041418075562,0.5015166401863098,-0.07875826954841614,-0.006765204481780529,-0.20893830060958862,-0.4393278956413269,0.8114702701568604,1.3324058055877686,-0.685662031173706,-0.010549316182732582,0.22633516788482666,0.015267033129930496,-0.23358747363090515,0.24686923623085022,-0.09885449707508087,0.0,-0.4000000059604645,-0.05000000074505806,0.3100000023841858,0.49000000953674316,-0.20999999344348907,0.0,-5.56538200378418,2.2361931800842285,4.71388053894043,0.07259532809257507,-10.02176284790039,10.459928512573242,2.0127687454223633,-0.43426427245140076,-5.236198425292969,2.0547373294830322,4.205455780029297,6.738923072814941,0.042037442326545715,0.021188750863075256,1.3379473686218262,0.215753436088562,-1.4567400217056274,-0.18842001259326935,0.0,319.7796325683594,0.5,0.0,0.0,0.0980006605386734,0.0,0.4549275040626526,0.0004214720393065363,0.0,0.0,0.0,0.0,1096.225830078125,0.0
1.0,1.633333444595337,-0.7431452932528932,-0.6691300868411698,0.0,1.0,1.0,0.0,0.3047644793987274,-0.4374851882457733,0.5146585702896118,-0.004954338073730469,0.0804184228181839,-0.6008477210998535,1.0707083940505981,-0.3121733069419861,-0.038769304752349854,0.028752997517585754,-0.3378312587738037,1.4997944831848145,1.1505036354064941,-0.9469791650772095,1.083894968032837,0.4926094710826874,-0.1610054224729538,0.20211182534694672,-0.20379327237606049,-0.45024511218070984,0.7977921962738037,1.3485403060913086,-0.7864919900894165,-0.1272284984588623,0.21421362459659576,0.012842722237110138,-0.22825399041175842,0.2298990786075592,-0.09109671413898468,0.0,-0.4000000059604645,-0.05000000074505806,0.3100000023841858,0.49000000953674316,-0.20999999344348907,0.0,-3.299208164215088,0.7874752283096313,1.6422665119171143,-0.9443646669387817,-5.721420764923096,11.408021926879883,-0.41689762473106384,-0.9465687870979309,0.9032339453697205,0.8204210996627808,-10.00426197052002,-10.124251365661621,0.039904430508613586,0.024439737200737,0.2720946669578552,1.522505283355713,-0.39870378375053406,-1.6408860683441162,245.799072265625,0.0,0.5,0.0,0.0,0.09998013079166412,0.0,0.42899054288864136,0.011122704483568668,0.0,0.0,0.0,0.0,1343.9625244140625,0.0
1.01,1.6444445848464966,-0.7880112967257991,-0.6156607801643084,0.0,1.0,1.0,0.0,0.3122020959854126,-0.44572433829307556,0.5140742063522339,-0.006255626678466797,0.08373770862817764,-0.5897693634033203,1.0562602281570435,-0.39187321066856384,-0.045612115412950516,0.5695589780807495,0.17361101508140564,0.8041326403617859,1.132765531539917,-0.9369823336601257,1.0786551237106323,0.4793277382850647,-0.19380591809749603,0.3381255567073822,-0.2078133076429367,-0.4602793753147125,0.8239068388938904,1.3480596542358398,-0.8868120908737183,-0.2922934591770172,0.20299707353115082,0.010599412024021149,-0.22331871092319489,0.21419590711593628,-0.08391812443733215,0.0,-0.4000000059604645,-0.05000000074505806,0.3100000023841858,0.49000000953674316,-0.20999999344348907,0.0,-1.7342309951782227,0.8680353164672852,-0.7037823796272278,-1.7950884103775024,1.046492099761963,10.134212493896484,-0.5012838244438171,-1.2173930406570435,4.1611504554748535,-0.31114643812179565,-9.849170684814453,-10.468118667602539,0.04045926779508591,0.020389556884765625,0.21849627792835236,1.8929098844528198,-0.0675584152340889,-1.7683898210525513,297.9315185546875,0.0,0.5,0.0,0.0,0.09343056380748749,0.0,0.39614298939704895,0.2743752598762512,0.0,0.0,0.0,0.0,1115.092041015625,0.0
1.02,1.6555557250976562,-0.8290381682428842,-0.5591920203261874,0.0,1.0,1.0,0.0,0.3192701041698456,-0.45292115211486816,0.5132957696914673,-0.004337787628173828,0.09105347096920013,-0.5828585624694824,1.04071044921875,-0.4142768681049347,-0.08210466802120209,0.9194568395614624,0.33385780453681946,0.5271868109703064,1.078072428703308,-0.9319301247596741,1.0798887014389038,0.47902676463127136,-0.1783745437860489,0.34329816699028015,-0.21428683400154114,-0.4656356871128082,0.8660553097724915,1.3246771097183228,-0.7997472882270813,-0.43190258741378784,0.19274045526981354,0.008548088371753693,-0.21880578994750977,0.1998366415500641,-0.07735387980937958,0.0,-0.4000000059604645,-0.05000000074505806,0.3100000023841858,0.49000000953674316,-0.20999999344348907,0.0,-5.860718727111816,0.6049697995185852,-0.09061450511217117,0.30627691745758057,1.9416890144348145,1.059335470199585,-0.9074422717094421,-0.08759567886590958,4.631520748138428,-2.70223069190979,9.454100608825684,-10.269673347473145,0.04191230237483978,0.010039113461971283,0.28203052282333374,1.9111467599868774,-0.21205179393291473,-1.708776593208313,115.44566345214844,0.0,0.5,0.0,0.0,0.08097546547651291,0.0,0.39534905552864075,0.5735834240913391,0.0,0.0,0.0,0.0,559.5719604492188,0.0
1.03,1.6666667461395264,-0.8660256534556827,-0.4999995675564705,0.0,1.0,0.0,1.0,0.325911283493042,-0.4594672620296478,0.5120791792869568,0.0008022375986911356,0.09907570481300354,-0.5771613121032715,1.0695854425430298,-0.3912816345691681,-0.11562816798686981,0.7375011444091797,0.7855941653251648,0.47039514780044556,1.0423064231872559,-0.9325443506240845,1.094923496246338,0.48705610632896423,-0.1110067367553711,0.22094939649105072,-0.22449517250061035,-0.45782703161239624,0.875263512134552,1.3115756511688232,-0.7949017882347107,-0.31655293703079224,0.18349355459213257,0.0066987089812755585,-0.2147371619939804,0.18689098954200745,-0.07143586874008179,0.0,-0.4000000059604645,-0.05000000074505806,0.3100000023841858,0.49000000953674316,-0.20999999344348907,0.0,-2.996380567550659,-0.0986444503068924,2.2641515731811523,0.9134288430213928,7.196474075317383,-10.1596097946167,-1.2335829734802246,1.2892645597457886,-0.19308169186115265,-1.527929663658142,-0.3186222314834595,10.42556381225586,0.044085465371608734,0.00438888743519783,0.6300271153450012,0.8032891154289246,-0.3382379114627838,-0.20600716769695282,0.0,146.75059509277344,0.5,0.0,0.0,0.06916746497154236,0.0,0.38478994369506836,0.6424005627632141,0.0,0.0,0.0,0.0,389.5813293457031,0.0
1.04,1.677777886390686,-0.8987943454587837,-0.4383705334204345,0.0,1.0,0.0,1.0,0.33181676268577576,-0.46550610661506653,0.5106443166732788,0.010407529771327972,0.10596325993537903,-0.5737628936767578,1.0926381349563599,-0.36170458793640137,-0.11262550950050354,0.6000868082046509,1.1333837509155273,0.13525736331939697,1.0236586332321167,-0.9370373487472534,1.1173663139343262,0.504052460193634,-0.10897146165370941,0.284447580575943,-0.23743237555027008,-0.44418948888778687,0.8684205412864685,1.3003772497177124,-0.7635688185691833,-0.2123996913433075,0.17530134320259094,0.005060266703367233,-0.21113258600234985,0.17542189359664917,-0.06619285047054291,0.0,-0.4000000059604645,-0.05000000074505806,0.3100000023841858,0.49000000953674316,-0.20999999344348907,0.0,-1.7238926887512207,-0.6691547632217407,1.8887048959732056,1.9714738130569458,0.14508065581321716,5.430704593658447,-1.0234642028808594,1.305422306060791,-1.0389267206192017,0.37909048795700073,1.5501689910888672,0.6929788589477539,0.045644231140613556,0.000757269561290741,0.034304168075323105,0.002439310774207115,-0.31763914227485657,-0.258157879114151,0.0,476.00909423828125,0.5,0.0,0.0,0.05971481651067734,0.0,0.3813261091709137,0.9640722274780273,0.0,0.0,0.0,0.0,200.14747619628906,0.0
1.05,1.6888890266418457,-0.9271841787986933,-0.3746057909127841,0.0,1.0,0.0,1.0,0.3382354974746704,-0.47253456711769104,0.5096203088760376,0.01847086101770401,0.10961698740720749,-0.5721802711486816,1.1504185199737549,-0.32413753867149353,-0.03682032600045204,0.166874960064888,0.7471962571144104,0.11168304085731506,1.0874965190887451,-0.9514728784561157,1.0956547260284424,0.5105683207511902,-0.03106633573770523,0.14573538303375244,-0.22370406985282898,-0.4388171434402466,0.8554435968399048,1.2935764789581299,-0.7808165550231934,-0.2340712547302246,0.1682039499282837,0.0036407895386219025,-0.208009734749794,0.16548553109169006,-0.06165051460266113,0.0,-0.4000000059604645,-0.05000000074505806,0.3100000023841858,0.49000000953674316,-0.20999999344348907,0.0,7.2512946128845215,-1.6951380968093872,-0.4061281383037567,0.5391327142715454,7.1498122215271,-10.277153015136719,1.9980964660644531,0.3630913197994232,-1.3510340452194214,-1.435746192932129,-0.8427864909172058,-1.2954134941101074,0.04734145849943161,0.0013176947832107544,0.6768034100532532,-0.002760964445769787,-0.40037646889686584,-0.013284805230796337,0.0,454.71826171875,0.5,0.0,0.0,0.05440265312790871,0.0,0.34776827692985535,0.9753624200820923,0.0,0.0,0.0,0.0,557.41650390625,0.0
1.06,1.7000000476837158,-0.9510566088783396,-0.3090167094330548,0.0,1.0,0.0,1.0,0.3452919125556946,-0.4809056222438812,0.5089457035064697,0.022535700350999832,0.10878998041152954,-0.5687394142150879,1.167115330696106,-0.28594037890434265,0.006162900477647781,-0.2737811505794525,0.19093866646289825,0.40121591091156006,1.162533164024353,-0.9686326384544373,1.0996767282485962,0.5087904334068298,-0.07373764365911484,0.010161393322050571,-0.19833804666996002,-0.4370311498641968,0.8355845808982849,1.2773319482803345,-0.7878854870796204,-0.2386365532875061,0.16223584115505219,0.002447165548801422,-0.2053837776184082,0.1571301817893982,-0.05783092975616455,0.0,-0.4000000059604645,-0.05000000074505806,0.3100000023841858,0.49000000953674316,-0.20999999344348907,0.0,7.510156154632568,-1.8265447616577148,1.3172338008880615,-0.7239571809768677,-5.318810939788818,-10.250017166137695,2.8093645572662354,-0.026172328740358353,-2.426177978515625,-1.5840578079223633,-0.2617935240268707,0.7443960905075073,0.04983022063970566,0.0019973665475845337,0.8125097751617432,0.020327547565102577,-0.07367108762264252,-0.03736239671707153,0.0,487.407470703125,0.5,0.0,0.0,0.05447117239236832,0.0,0.348676860332489,0.7247356176376343,0.0,0.0,0.0,0.0,501.7372131347656,0.0
1.07,1.7111111879348755,-0.9702958430510862,-0.24192142723988358,0.0,1.0,0.0,1.0,0.35328465700149536,-0.49077945947647095,0.5083971619606018,0.021179281175136566,0.10345998406410217,-0.5650277137756348,1.1898101568222046,-0.24702487885951996,0.02199734002351761,-0.6977916359901428,-0.344947874546051,0.34572115540504456,1.2351642847061157,-0.9937220215797424,1.1366146802902222,0.4996013343334198,-0.08627981692552567,-0.1229056790471077,-0.17043611407279968,-0.44048112630844116,0.8027784824371338,1.2642592191696167,-0.7715423703193665,-0.2397432178258896,0.15742601454257965,0.0014852024614810944,-0.20326745510101318,0.1503964364528656,-0.0547526478767395,0.0,-0.4000000059604645,-0.05000000074505806,0.3100000023841858,0.49000000953674316,-0.20999999344348907,0.0,7.463387966156006,-2.9008872509002686,4.821635723114014,-1.0193015336990356,-0.48080724477767944,-10.232207298278809,2.940483570098877,-0.6684685945510864,-3.3874549865722656,-0.897734522819519,1.786605715751648,2.7854137420654297,0.053810685873031616,0.004705201834440231,0.9159913659095764,0.06200816482305527,-0.041546911001205444,-0.058123525232076645,0.0,417.3155212402344,0.5,0.0,0.0,0.06075023114681244,0.0,0.3417353630065918,0.7873784899711609,0.0,0.0,0.0,0.0,732.4893798828125,0.0
1.08,1.7222223281860352,-0.9848078686252573,-0.17364752199146966,0.0,1.0,0.0,1.0,0.36289313435554504,-0.5017715096473694,0.5080230236053467,0.012889844365417957,0.09638557583093643,-0.5609297752380371,1.2009135484695435,-0.21722537279129028,0.03174121677875519,-0.7296709418296814,-1.1131372451782227,0.617072343826294,1.3148870468139648,-1.0257582664489746,1.1819888353347778,0.4912104606628418,-0.1205315962433815,-0.2405966818332672,-0.13488833606243134,-0.44553864002227783,0.7647350430488586,1.2582430839538574,-0.7688561677932739,-0.1763056069612503,0.15379804372787476,0.000759609043598175,-0.20167113840579987,0.14531725645065308,-0.052430734038352966,0.0,-0.4000000059604645,-0.05000000074505806,0.3100000023841858,0.49000000953674316,-0.20999999344348907,0.0,7.934669017791748,-3.351611614227295,4.803442478179932,-0.9175463318824768,-3.2493700981140137,-10.114730834960938,3.9562206268310547,-0.3309137523174286,-4.285201072692871,-0.604117214679718,0.3336222171783447,8.742334365844727,0.05769241601228714,0.009786706417798996,0.770939290523529,0.0369538739323616,-0.04577326029539108,-0.14523158967494965,0.0,424.48541259765625,0.5,0.0,0.0,0.07173290103673935,0.0,0.34063854813575745,0.4669390618801117,0.0,0.0,0.0,0.0,968.08544921875,0.0
1.09,1.7333335876464844,-0.9945220623926851,-0.104526874124312,0.0,1.0,0.0,1.0,0.3733590543270111,-0.5126965641975403,0.5077884197235107,0.0017812671139836311,0.09095458686351776,-0.5546088218688965,1.1971193552017212,-0.23181933164596558,0.01689724251627922,-0.4797399342060089,-1.0702602863311768,0.8743677139282227,1.3790634870529175,-1.0478441715240479,1.2072319984436035,0.4881352186203003,-0.20650818943977356,-0.11551425606012344,-0.11223220825195312,-0.4550340473651886,0.7230919003486633,1.2772709131240845,-0.7369521856307983,-0.06326597929000854,0.15136946737766266,0.00027389079332351685,-0.20060256123542786,0.14191725850105286,-0.05087645351886749,0.0,-0.4000000059604645,-0.05000000074505806,0.3100000023841858,0.49000000953674316,-0.20999999344348907,0.0,4.943428039550781,-1.4285428524017334,0.38577601313591003,-0.09646096080541611,-7.0337982177734375,10.174657821655273,1.4585002660751343,-0.8799291253089905,-4.479501724243164,2.647252321243286,4.722578525543213,11.810882568359375,0.058605343103408813,0.01882823184132576,0.3836158215999603,0.20179937779903412,-0.8463645577430725,-0.2356458604335785,0.0,431.8428649902344,0.5,0.0,0.0,0.0812646746635437,0.0,0.3397887349128723,0.21674410998821259,0.0,0.0,0.0,0.0,1423.41845703125,0.0
1.1,1.7444446086883545,-0.9993908630339691,-0.03489846535621215,0.0,1.0,0.0,1.0,0.3837082087993622,-0.5241764783859253,0.5067378282546997,-0.010263919830322266,0.08322504907846451,-0.5455484390258789,1.189680576324463,-0.2615383267402649,-0.13928787410259247,-0.8850721716880798,-1.2469489574432373,1.0649511814117432,1.356197476387024,-1.0585663318634033,1.2342658042907715,0.5051048398017883,-0.30501461029052734,0.060029853135347366,-0.1089923158288002,-0.46710488200187683,0.6832640171051025,1.3091340065002441,-0.6722636818885803,0.10236825793981552,0.1501522958278656,3.045797348022461e-05,-0.20006701350212097,0.1402132213115692,-0.05009746551513672,0.0,-0.4000000059604645,-0.05000000074505806,0.3100000023841858,0.49000000953674316,-0.20999999344348907,0.0,-3.301884889602661,-0.9930785894393921,1.8182690143585205,1.9015284776687622,-10.014971733093262,10.55271053314209,0.17615792155265808,-1.6144047975540161,-5.763899326324463,5.214493274688721,-3.2119510173797607,7.423618316650391,0.05587173253297806,0.027677498757839203,0.534193217754364,0.4071717858314514,-1.4954572916030884,-0.38352975249290466,0.0,681.6279296875,0.5,0.0,0.0,0.09364411234855652,0.0,0.33684808015823364,0.10349395126104355,0.0,0.0,0.0,0.0,1454.916015625,0.0
1.11,1.7555557489395142,-0.9993907846131228,0.03490071102953684,0.0,1.0,0.0,0.0,0.3914544880390167,-0.5349553823471069,0.5042130351066589,-0.012489795684814453,0.07425752282142639,-0.5395512580871582,1.1604835987091064,-0.343643456697464,-0.2809268534183502,-0.8013768792152405,0.5827975273132324,0.14020931720733643,1.283040165901184,-1.0526930093765259,1.215089201927185,0.5236353278160095,-0.31098100543022156,0.2544507086277008,-0.13721926510334015,-0.5076742768287659,0.6842967867851257,1.37846839427948,-0.7811245322227478,-0.05301324650645256,0.15030452609062195,6.090477108955383e-05,-0.20013399422168732,0.14042633771896362,-0.050194889307022095,0.0,-0.4000000059604645,-0.05000000074505806,0.3100000023841858,0.49000000953674316,-0.20999999344348907,0.0,-7.4328508377075195,1.2347866296768188,-5.7268500328063965,2.181751251220703,0.24881182610988617,10.722517013549805,-4.208731174468994,-5.292427062988281,4.661291599273682,6.873024940490723,-10.077717781066895,-10.396026611328125,0.045918531715869904,0.037337757647037506,-0.43005645275115967,1.8176019191741943,-2.162499189376831,-2.0453579425811768,0.0,0.0,0.5,0.0,0.0,0.11105887591838837,0.0,0.3300012946128845,0.9614456295967102,0.0,0.0,0.0,0.0,2975.76318359375,0.0
1.12,1.7666668891906738,-0.9945217492198296,0.10452985376785916,0.0,1.0,1.0,0.0,0.39602869749069214,-0.5441917181015015,0.500801682472229,-0.0010590553283691406,0.067123182117939,-0.5414328575134277,1.151504635810852,-0.43365293741226196,-0.3604583740234375,-0.6374559998512268,1.6058932542800903,-0.6755451560020447,1.224338173866272,-1.0423541069030762,1.2428761720657349,0.5093063116073608,-0.32689380645751953,0.43196186423301697,-0.16868089139461517,-0.5485872030258179,0.7314268946647644,1.4233289957046509,-0.8810725808143616,-0.253495454788208,0.15273165702819824,0.0005463287234306335,-0.201201930642128,0.14382433891296387,-0.051748260855674744,0.0,-0.4000000059604645,-0.05000000074505806,0.3100000023841858,0.49000000953674316,-0.20999999344348907,0.0,-6.071340084075928,0.3646029531955719,6.540678977966309,-1.5552953481674194,-1.9399396181106567,10.790135383605957,-2.895763874053955,-3.720414400100708,5.7723774909973145,4.121544361114502,-10.11055850982666,-10.785346031188965,0.041514359414577484,0.03772616386413574,0.09320130199193954,1.1213312149047852,-0.2804097831249237,-2.0038702487945557,224.26747131347656,0.0,0.5,0.0,0.0,0.13071081042289734,0.0,0.29374995827674866,0.40142983198165894,0.0,0.0,0.0,0.0,2381.19091796875,0.0
1.1300000000000001,1.777777910232544,-0.9848076084952826,0.1736489972611481,0.0,1.0,1.0,0.0,0.3994249105453491,-0.5520092248916626,0.4968545138835907,0.017279354855418205,0.06427526473999023,-0.5500669479370117,1.162631869316101,-0.45927491784095764,-0.3798466920852661,0.001580243930220604,1.9696205854415894,-1.234765887260437,1.1822643280029297,-1.0403610467910767,1.2677046060562134,0.4937853217124939,-0.23936937749385834,0.5091125965118408,-0.18644195795059204,-0.5690051913261414,0.7818335890769958,1.436279535293579,-0.8113435506820679,-0.44633373618125916,0.15753856301307678,0.0015077106654644012,-0.20331697165966034,0.15055400133132935,-0.05482468008995056,0.0,-0.4000000059604645,-0.05000000074505806,0.3100000023841858,0.49000000953674316,-0.20999999344348907,0.0,-3.6967597007751465,0.012320520356297493,2.0804221630096436,-1.3008487224578857,9.780793190002441,7.053292274475098,-1.4215655326843262,-1.3445039987564087,5.643134117126465,0.9431850910186768,7.143404006958008,-10.675594329833984,0.03953450918197632,0.032638467848300934,-0.042798079550266266,0.4048846960067749,-0.21288752555847168,-1.7063452005386353,185.12171936035156,0.0,0.5,0.0,0.0,0.13222520053386688,0.0,0.2725239396095276,0.04739239439368248,0.0,0.0,0.0,0.0,1284.18017578125,0.0
1.1400000000000001,1.7888890504837036,-0.9702954806448982,0.2419228807700631,0.0,1.0,1.0,0.0,0.4015672206878662,-0.55789715051651,0.49232563376426697,0.04351574927568436,0.06585388630628586,-0.5642247200012207,1.165374755859375,-0.4753829836845398,-0.4342825412750244,0.4020092487335205,2.9156429767608643,-1.8894270658493042,1.1264482736587524,-1.0405209064483643,1.3136160373687744,0.4897175133228302,-0.19791707396507263,0.5965083241462708,-0.21824181079864502,-0.5850439667701721,0.8531691431999207,1.4526708126068115,-0.857818067073822,-0.5692819356918335,0.1646316945552826,0.0029263384640216827,-0.20643794536590576,0.16048437356948853,-0.05936427414417267,0.0,-0.4000000059604645,-0.05000000074505806,0.3100000023841858,0.49000000953674316,-0.20999999344348907,0.0,-5.813534259796143,0.05980591103434563,4.638948917388916,0.0035789497196674347,3.8649239540100098,8.747184753417969,-4.456530570983887,-1.6504542827606201,8.309788703918457,1.5739153623580933,-5.599140644073486,-10.158065795898438,0.04046870768070221,0.024953804910182953,0.14270727336406708,1.257167100906372,-0.022992471233010292,-1.834621548652649,164.71939086914062,0.0,0.5,0.0,0.0,0.10333166271448135,0.0,0.26252076029777527,0.0007928558043204248,0.0,0.0,0.0,0.0,1147.1142578125,0.0
1.1500000000000001,1.8000001907348633,-0.951056145961555,0.30901813414224366,0.0,1.0,1.0,1.0,0.4032323658466339,-0.5623133778572083,0.48800238966941833,0.07450316101312637,0.07014627009630203,-0.5806879997253418,1.1860634088516235,-0.42973387241363525,-0.3977309465408325,0.5924121737480164,3.1424503326416016,-1.8510587215423584,1.0750094652175903,-1.0382039546966553,1.3111395835876465,0.4900401532649994,-0.10498595982789993,0.48393791913986206,-0.2683127522468567,-0.5761481523513794,0.9132970571517944,1.4263641834259033,-0.8885701298713684,-0.4337904155254364,0.17387312650680542,0.004774622619152069,-0.2105041742324829,0.17342239618301392,-0.0652787983417511,0.0,-0.4000000059604645,-0.05000000074505806,0.3100000023841858,0.49000000953674316,-0.20999999344348907,0.0,-5.314089298248291,0.3859092593193054,-0.5213611125946045,0.14897482097148895,9.500374794006348,-10.027342796325684,-6.181664943695068,1.9980192184448242,3.2227394580841064,-2.775376558303833,15.983068466186523,19.571767807006836,0.038957320153713226,0.008766286075115204,-0.0009490995435044169,0.4370425045490265,0.0326559841632843,-0.23646146059036255,57.93414306640625,540.9617309570312,0.5,0.0,0.0,0.0648774653673172,0.0,0.26962897181510925,0.0010564547264948487,0.0,0.0,0.0,0.0,799.40185546875,0.0
1.16,1.8111112117767334,-0.9271836176276476,0.37460717986032804,0.0,1.0,0.0,1.0,0.4059629738330841,-0.5665676593780518,0.48408061265945435,0.10403799265623093,0.07511600852012634,-0.595794677734375,1.2640841007232666,-0.3683137893676758,-0.293020099401474,0.5321153402328491,2.6777172088623047,-1.4216787815093994,1.1358975172042847,-1.0369634628295898,1.3108772039413452,0.47791868448257446,-0.07175656408071518,0.3143296539783478,-0.2774904668331146,-0.5572169423103333,0.9245501160621643,1.3928855657577515,-0.8299217224121094,-0.28563085198402405,0.18508277833461761,0.0070165544748306274,-0.2154364287853241,0.18911588191986084,-0.07245297729969025,0.0,-0.4000000059604645,-0.05000000074505806,0.3100000023841858,0.49000000953674316,-0.20999999344348907,0.0,7.023984909057617,0.2145112156867981,2.0978081226348877,-1.5059536695480347,2.889556646347046,-10.518061637878418,0.19999061524868011,0.31038960814476013,1.1854465007781982,-1.7534629106521606,0.07171285152435303,-12.458879470825195,0.03933475911617279,0.00028156861662864685,0.7347938418388367,-0.28143879771232605,0.17452366650104523,0.1612120270729065,0.0,871.4598999023438,0.5,0.0,0.0,0.03873877227306366,0.0,0.23717449605464935,0.017556320875883102,0.0,0.0,0.0,0.0,1733.782470703125,0.0
1.17,1.822222352027893,-0.898793688766393,0.43837187983913845,0.0,1.0,0.0,1.0,0.41088199615478516,-0.5724676847457886,0.48113706707954407,0.12457811832427979,0.07822032272815704,-0.6041665077209473,1.2958215475082397,-0.29410040378570557,-0.11740168929100037,0.24918217957019806,1.4680789709091187,-0.5688198804855347,1.210935115814209,-1.0364681482315063,1.2988418340682983,0.4569791257381439,-0.03138643503189087,0.13656993210315704,-0.2722703218460083,-0.5634602904319763,0.9349366426467896,1.3931375741958618,-0.8364564776420593,-0.31656914949417114,0.19804251194000244,0.009608499705791473,-0.22113871574401855,0.20725953578948975,-0.08074720203876495,0.0,-0.4000000059604645,-0.05000000074505806,0.3100000023841858,0.49000000953674316,-0.20999999344348907,0.0,7.304540157318115,-0.08845745772123337,-0.8204091787338257,-2.1846513748168945,3.116699457168579,-10.58687973022461,0.9286431670188904,-0.32557013630867004,0.1887630820274353,-0.26921340823173523,-1.033968448638916,-1.6031229496002197,0.039751917123794556,-0.00020521506667137146,0.46731802821159363,0.028593748807907104,0.04046004265546799,-0.007894517853856087,0.0,613.8438110351562,0.5,0.0,0.0,0.026719849556684494,0.0,0.23700976371765137,0.5235555768013,0.0,0.0,0.0,0.0,1037.1904296875,0.0
1.18,1.8333334922790527,-0.8660249044413022,0.500000864886685,0.0,1.0,1.0,1.0,0.4192969799041748,-0.5813970565795898,0.47885558009147644,0.1287415623664856,0.07786906510591507,-0.6061224937438965,1.345704436302185,-0.230786994099617,-0.005217541009187698,-0.1637914776802063,-0.4623534679412842,0.02600322850048542,1.2816659212112427,-1.0476242303848267,1.308176875114441,0.43930622935295105,-0.060329779982566833,-0.005237857811152935,-0.24876025319099426,-0.5617679357528687,0.9158607125282288,1.3845653533935547,-0.8287282586097717,-0.33199137449264526,0.21250031888484955,0.012500062584877014,-0.22750014066696167,0.22750043869018555,-0.0900001972913742,0.0,-0.4000000059604645,-0.05000000074505806,0.3100000023841858,0.49000000953674316,-0.20999999344348907,0.0,7.137672424316406,-1.4866539239883423,2.10807204246521,-1.8008838891983032,-6.279121398925781,-11.115410804748535,3.1746985912323,0.4745987355709076,-3.594683885574341,-1.024533748626709,2.870650053024292,-0.8708822131156921,0.04124089330434799,0.0008818358182907104,0.9303980469703674,0.07356278598308563,-0.13874024152755737,-0.005791444797068834,53.66484451293945,584.6665649414062,0.5,0.0,0.0,0.025003280490636826,0.0,0.21503441035747528,0.9986486434936523,0.0,0.0,0.0,0.0,1485.114013671875,0.0
1.19,1.8444445133209229,-0.8290373305565869,0.5591932622480429,0.0,1.0,0.0,1.0,0.4317728281021118,-0.5934815406799316,0.47674572467803955,0.11439315229654312,0.07545634359121323,-0.6008782386779785,1.3732092380523682,-0.18615557253360748,0.03659031540155411,-0.3408631384372711,-2.036761999130249,1.0636303424835205,1.3567039966583252,-1.0700005292892456,1.3615498542785645,0.422862708568573,-0.16136771440505981,-0.11812949180603027,-0.1911298781633377,-0.5518788695335388,0.8679231405258179,1.3636577129364014,-0.8429853320121765,-0.319882333278656,0.22817443311214447,0.015634886920452118,-0.23439675569534302,0.24944421648979187,-0.10003162920475006,0.0,-0.4000000059604645,-0.05000000074505806,0.3100000023841858,0.49000000953674316,-0.20999999344348907,0.0,7.811357498168945,-2.4919607639312744,7.2255072593688965,-1.7899234294891357,-10.040786743164062,-10.120062828063965,6.974407196044922,1.4530750513076782,-5.868558406829834,-3.308712959289551,-0.3729136288166046,0.5552383065223694,0.044687122106552124,0.003961317241191864,1.074989676475525,0.04179612547159195,-0.03316689655184746,-0.05656290054321289,0.0,429.1022644042969,0.5,0.0,0.0,0.03259733319282532,0.0,0.20305129885673523,0.10407754778862,0.0,0.0,0.0,0.0,1105.971435546875,0.0
1.2,1.8555556535720825,-0.788010374447758,0.6156619606266935,0.0,1.0,0.0,1.0,0.44627970457077026,-0.6063072085380554,0.47452273964881897,0.09156806766986847,0.07469268143177032,-0.5892586708068848,1.3644453287124634,-0.19643031060695648,-0.018635882064700127,-0.10615140199661255,-2.356980562210083,1.5421563386917114,1.3978487253189087,-1.0922155380249023,1.41786789894104,0.4144059419631958,-0.17454178631305695,0.008559847250580788,-0.1357533037662506,-0.5424574017524719,0.8039464950561523,1.3597004413604736,-0.8447719216346741,-0.23980554938316345,0.2447599172592163,0.018951982259750366,-0.2416943609714508,0.2726638913154602,-0.1106463372707367,0.0,-0.4000000059604645,-0.05000000074505806,0.3100000023841858,0.49000000953674316,-0.20999999344348907,0.0,2.8150081634521484,-1.9854375123977661,3.4220962524414062,-0.37252068519592285,-0.08190688490867615,10.189393043518066,4.900320053100586,1.0143464803695679,-7.285148620605469,0.603315532207489,1.5175776481628418,10.57184886932373,0.04769057780504227,0.011009633541107178,0.8640024662017822,0.06118761748075485,-0.7974100112915039,-0.16668690741062164,0.0,423.1166687011719,0.5,0.0,0.0,0.04737327992916107,0.0,0.20769153535366058,0.008595708757638931,0.0,0.0,0.0,0.0,1226.865478515625,0.0
1.21,1.8666669130325317,-0.7431437896874964,0.6691317567182911,0.0,1.0,0.0,1.0,0.4611304998397827,-0.6202872395515442,0.4711243510246277,0.06405448913574219,0.07029997557401657,-0.5703706741333008,1.3463376760482788,-0.22573617100715637,-0.23794451355934143,-0.8037478923797607,-2.8919339179992676,2.434643268585205,1.3421109914779663,-1.1103614568710327,1.4725748300552368,0.4326501488685608,-0.22670473158359528,0.19115303456783295,-0.10523445904254913,-0.5454614162445068,0.7197301387786865,1.389801263809204,-0.7954500317573547,-0.09817232191562653,0.2619344890117645,0.02238689735531807,-0.24925117194652557,0.29670828580856323,-0.12163806706666946,0.0,-0.4000000059604645,-0.05000000074505806,0.3100000023841858,0.49000000953674316,-0.20999999344348907,0.0,-6.2201690673828125,-1.3109793663024902,3.9637556076049805,1.8109906911849976,-4.170207977294922,10.593998908996582,2.196833372116089,-0.17903779447078705,-9.678854942321777,3.6379027366638184,5.008686065673828,12.700461387634277,0.04770427197217941,0.02348070591688156,1.3050740957260132,0.4816996455192566,-1.5633411407470703,-0.48467376828193665,0.0,605.8218383789062,0.5,0.0,0.0,0.07489387691020966,0.0,0.21556591987609863,7.103124971763464e-06,0.0,0.0,0.0,0.0,2126.4072265625,0.0
1.22,1.8777779340744019,-0.6946576640377367,0.7193404825210625,0.0,1.0,1.0,0.0,0.47476425766944885,-0.6347649693489075,0.46613675355911255,0.03906610608100891,0.06212300434708595,-0.5488753318786621,1.3330481052398682,-0.3466739356517792,-0.4348951280117035,-1.1109777688980103,-2.076702117919922,2.226978063583374,1.2694506645202637,-1.115364909172058,1.4825249910354614,0.45110639929771423,-0.2765022814273834,0.3933925926685333,-0.10574440658092499,-0.5752737522125244,0.6669427752494812,1.4513081312179565,-0.7004389762878418,0.028607357293367386,0.27936267852783203,0.02587253227829933,-0.2569195628166199,0.32110774517059326,-0.13279208540916443,0.0,-0.4000000059604645,-0.05000000074505806,0.3100000023841858,0.49000000953674316,-0.20999999344348907,0.0,-7.457401275634766,0.08535702526569366,8.576447486877441,-4.704591274261475,-7.248732566833496,24.28693199157715,-0.4767743945121765,-4.388272285461426,-3.8223252296447754,6.17218017578125,10.489441871643066,10.409856796264648,0.039540328085422516,0.03459745645523071,0.2322874516248703,1.298852801322937,-0.38614001870155334,-1.3300814628601074,2173.45361328125,0.0,0.5,0.0,0.0,0.11540905386209488,0.0,0.1962621659040451,4.9237140046898276e-05,0.0,0.0,0.0,0.0,3048.025634765625,0.0
1.23,1.8888890743255615,-0.6427867171424604,0.7660451920514995,0.0,1.0,1.0,0.0,0.482875794172287,-0.6508570909500122,0.45863333344459534,0.02918044663965702,0.04342321306467056,-0.5302281379699707,1.2877687215805054,-0.6132382154464722,-0.8334101438522339,-2.5907180309295654,0.11271701008081436,1.636574387550354,1.2066798210144043,-1.119979977607727,1.6012829542160034,0.4207049012184143,-0.34161150455474854,0.6512730121612549,-0.12078507989645004,-0.5994080305099487,0.6748057007789612,1.4845006465911865,-0.8153814077377319,-0.16694748401641846,0.2967063784599304,0.029341276735067368,-0.2645508050918579,0.3453889489173889,-0.1438920795917511,0.0,-0.4000000059604645,-0.05000000074505806,0.3100000023841858,0.49000000953674316,-0.20999999344348907,0.0,-5.60896110534668,-0.43039289116859436,18.15070152282715,-3.9022207260131836,-4.800390720367432,16.62075424194336,-1.7748323678970337,-2.6704015731811523,1.9852914810180664,3.3586525917053223,-10.133569717407227,-10.779253005981445,0.03675688058137894,0.03133649379014969,-0.4956035315990448,0.7744155526161194,-0.5742148756980896,-3.5159993171691895,1406.078857421875,0.0,0.5,0.0,0.0,0.17571203410625458,0.0,0.13624761998653412,0.004716202151030302,0.0,0.0,0.0,0.0,4237.27197265625,0.0
1.24,1.9000002145767212,-0.5877841615547575,0.8090177868411613,0.0,1.0,1.0,0.0,0.485678493976593,-0.6680126786231995,0.44831421971321106,0.0348106287419796,0.01615382730960846,-0.5167431831359863,1.2762514352798462,-0.6810587048530579,-1.0683106184005737,-2.8219316005706787,1.0274930000305176,1.0924530029296875,1.1450225114822388,-1.1328099966049194,1.7510701417922974,0.4015484154224396,-0.302561491727829,0.7631036043167114,-0.13580545783042908,-0.6262809634208679,0.7018471956253052,1.5127407312393188,-0.819064199924469,-0.36713868379592896,0.31362760066986084,0.03272552043199539,-0.2719961404800415,0.3690786361694336,-0.15472166240215302,0.0,-0.4000000059604645,-0.05000000074505806,0.3100000023841858,0.49000000953674316,-0.20999999344348907,0.0,-7.453351020812988,-1.828925609588623,15.277315139770508,-0.8605879545211792,6.517522811889648,4.95697546005249,-1.9684680700302124,-3.5970470905303955,4.982979774475098,3.8235268592834473,-0.5935935974121094,-10.770713806152344,0.030808329582214355,0.02617255598306656,-0.5909122228622437,0.365543395280838,-0.7898139357566833,-4.0148539543151855,201.60336303710938,0.0,0.5,0.0,0.0,0.2321309596300125,0.0,0.11850330233573914,0.09191352874040604,0.0,0.0,0.0,0.0,2164.9453125,0.0
1.25,1.9111112356185913,-0.5299186008019895,0.8480485107138986,0.0,1.0,1.0,1.0,0.4862288236618042,-0.6842201352119446,0.4365942180156708,0.05003776401281357,-0.010834693908691406,-0.5094819068908691,1.2860182523727417,-0.6838917136192322,-1.2058299779891968,-2.631476640701294,1.930468201637268,0.4646303355693817,1.0655933618545532,-1.159925103187561,1.8778048753738403,0.4089833199977875,-0.19555069506168365,0.779983639717102,-0.16397438943386078,-0.6620292663574219,0.7634023427963257,1.5501264333724976,-0.8359180092811584,-0.5237336158752441,0.32979655265808105,0.035959307104349136,-0.27911049127578735,0.3917151689529419,-0.16506977379322052,0.0,-0.4000000059604645,-0.05000000074505806,0.3100000023841858,0.49000000953674316,-0.20999999344348907,0.0,-7.945908069610596,-2.8848352432250977,11.91282844543457,1.2548478841781616,10.612313270568848,3.9948480129241943,-3.2427895069122314,-3.611985683441162,6.600747585296631,4.123837471008301,-10.491265296936035,-10.036785125732422,0.025194577872753143,0.017663579434156418,-0.5443364381790161,0.6845906376838684,-0.8271339535713196,-3.9142560958862305,312.8231201171875,127.46090698242188,0.5,0.0,0.0,0.17967088520526886,0.0,0.1140560731291771,0.6493634581565857,0.0,0.0,0.0,0.0,1888.7042236328125,0.0
1.26,1.922222375869751,-0.46947071039169075,0.8829480460844347,0.0,1.0,1.0,1.0,0.48420149087905884,-0.6989212036132812,0.4243279695510864,0.07648897171020508,-0.03696393966674805,-0.5071353912353516,1.297849178314209,-0.6664155721664429,-1.2834866046905518,-2.6533241271972656,3.2653448581695557,0.11907149106264114,0.9917016625404358,-1.179122805595398,2.0000197887420654,0.4161655008792877,-0.08412469178438187,0.8195359110832214,-0.20846721529960632,-0.6848669648170471,0.7972903847694397,1.5778928995132446,-0.961462676525116,-0.49806299805641174,0.34489935636520386,0.038979873061180115,-0.2857557237148285,0.41285911202430725,-0.17473559081554413,0.0,-0.4000000059604645,-0.05000000074505806,0.3100000023841858,0.49000000953674316,-0.20999999344348907,0.0,-7.5377373695373535,-1.5391653776168823,13.42133903503418,0.7250699996948242,9.679441452026367,9.676855087280273,-5.295168876647949,-1.7476691007614136,1.7494179010391235,2.0073390007019043,-10.837313652038574,2.4651143550872803,0.01878557726740837,0.010110560804605484,-0.6252493262290955,-0.1428588628768921,-0.9584935307502747,-2.0351037979125977,333.361083984375,123.29310607910156,0.5,0.0,0.0,0.09164461493492126,0.0,0.11517000198364258,0.9720422029495239,0.0,0.0,0.0,0.0,1555.3565673828125,0.0
1.27,1.9333335161209106,-0.40673559387933633,0.9135459247742411,0.0,1.0,1.0,1.0,0.48091763257980347,-0.7122883796691895,0.4123792052268982,0.10982942581176758,-0.06193685531616211,-0.5099387168884277,1.359484076499939,-0.6071732044219971,-1.2280526161193848,-2.355088710784912,3.537088394165039,-0.2414797842502594,0.9612070918083191,-1.193471908569336,2.1282262802124023,0.42327630519866943,0.03535037487745285,0.7615395188331604,-0.2433966100215912,-0.6815073490142822,0.8014456629753113,1.563942313194275,-1.0523619651794434,-0.3564751148223877,0.358641654253006,0.04172833263874054,-0.291802316904068,0.4320983290672302,-0.18353065848350525,0.0,-0.4000000059604645,-0.05000000074505806,0.3100000023841858,0.49000000953674316,-0.20999999344348907,0.0,-1.9673489332199097,-1.2997934818267822,11.77167797088623,1.269665002822876,11.876666069030762,-3.543220281600952,-3.7522153854370117,0.14599508047103882,-2.5083279609680176,-0.04424464702606201,-10.342094421386719,-6.144414901733398,0.01283281296491623,-0.00025509297847747803,-0.5797427296638489,-0.9701064229011536,-0.7450088858604431,-0.9016410708427429,441.62982177734375,1380.1258544921875,0.5,0.0,0.0,0.04047562554478645,0.0,0.10918142646551132,0.8899189233779907,0.0,0.0,0.0,0.0,1213.109130859375,0.0
1.28,1.9444445371627808,-0.3420195958921814,0.9396928200352225,0.0,1.0,1.0,1.0,0.47896045446395874,-0.7245085835456848,0.40138760209083557,0.14208075404167175,-0.08327913284301758,-0.5193071365356445,1.4545685052871704,-0.5324928760528564,-1.0462111234664917,-1.7905347347259521,3.129812717437744,-0.8221848011016846,0.9786988496780396,-1.2214016914367676,2.213804006576538,0.4560885727405548,0.10204926133155823,0.759932279586792,-0.28615835309028625,-0.6948674321174622,0.7693747282028198,1.5836482048034668,-1.0870370864868164,-0.36372432112693787,0.37075579166412354,0.04415115714073181,-0.29713255167007446,0.4490581154823303,-0.1912836879491806,0.0,-0.4000000059604645,-0.05000000074505806,0.3100000023841858,0.49000000953674316,-0.20999999344348907,0.0,2.147299289703369,-3.5272181034088135,6.844608783721924,4.142998218536377,1.060215950012207,5.363245964050293,-4.58425760269165,-2.2101352214813232,-2.8287084102630615,2.6627180576324463,-2.78776478767395,-1.2482084035873413,0.009548213332891464,-0.00020578503608703613,-0.6825240850448608,-0.2865881025791168,-0.6353973746299744,-0.2089122086763382,353.4304504394531,829.1393432617188,0.5,0.0,0.0,0.018887648358941078,0.0,0.09167556464672089,0.25872859358787537,0.0,0.0,0.0,0.0,1306.560791015625,0.0
1.29,1.9555556774139404,-0.2756366198184287,0.9612619069822081,0.0,1.0,1.0,1.0,0.48025941848754883,-0.7373793721199036,0.3916947841644287,0.16433463990688324,-0.10240030288696289,-0.5261807441711426,1.5062388181686401,-0.4792778491973877,-0.8688263893127441,-1.7356196641921997,1.6259421110153198,-0.2911667823791504,0.9599404335021973,-1.2723488807678223,2.257589101791382,0.49040675163269043,0.06114354729652405,0.7547497153282166,-0.3065226376056671,-0.7144311666488647,0.7327237725257874,1.5930553674697876,-1.1120835542678833,-0.38146495819091797,0.3810061514377594,0.046201229095458984,-0.3016427159309387,0.46340861916542053,-0.19784392416477203,0.0,-0.4000000059604645,-0.05000000074505806,0.3100000023841858,0.49000000953674316,-0.20999999344348907,0.0,-3.157594680786133,-6.18691873550415,2.338082790374756,3.3528566360473633,-3.7966508865356445,-2.953239917755127,-0.15567871928215027,-1.926092267036438,-3.623063802719116,0.18751093745231628,-1.734352946281433,-2.140134334564209,0.0129622183740139,-0.00019275397062301636,-0.41035643219947815,-0.2339942753314972,-0.19043445587158203,-0.14774495363235474,249.78660583496094,694.9976806640625,0.5,0.0,0.0,0.010708160698413849,0.0,0.0833715870976448,0.8440393209457397,0.0,0.0,0.0,0.0,824.4022827148438,0.0
1.3,1.9666668176651,-0.20791076279901627,0.9781477979898188,0.0,1.0,1.0,1.0,0.48786893486976624,-0.7518562078475952,0.38290420174598694,0.16494400799274445,-0.11634254455566406,-0.5336737632751465,1.5890367031097412,-0.4421381950378418,-0.6586986184120178,-0.965893030166626,-1.014136791229248,-1.0340913534164429,0.985216498374939,-1.3281283378601074,2.2749998569488525,0.5077864527702332,0.08969910442829132,0.6421064734458923,-0.2778989374637604,-0.7177132368087769,0.6889049410820007,1.5851424932479858,-1.1264959573745728,-0.3995232582092285,0.3891933560371399,0.04783866927027702,-0.3052450716495514,0.4748706817626953,-0.20308372378349304,0.0,-0.4000000059604645,-0.05000000074505806,0.3100000023841858,0.49000000953674316,-0.20999999344348907,0.0,4.549614906311035,-6.018080711364746,0.7170184254646301,0.7075064182281494,3.4689202308654785,-8.333575248718262,4.449609279632568,0.7330721616744995,-5.797494411468506,-1.0113292932510376,1.0059101581573486,-1.988839030265808,0.0171365924179554,0.0008434988558292389,-0.22532446682453156,-0.19986087083816528,-0.23222804069519043,-0.12961596250534058,595.1348876953125,666.5814208984375,0.5,0.0,0.0,0.0091249356046319,0.0,0.0631038025021553,0.11780910193920135,0.0,0.0,0.0,0.0,1444.54052734375,0.0
1.31,1.9777778387069702,-0.13917272185631813,0.9902681220210533,0.0,1.0,1.0,1.0,0.5013238191604614,-0.767866849899292,0.37418875098228455,0.14526872336864471,-0.12401103973388672,-0.5390329360961914,1.6113817691802979,-0.43829524517059326,-0.6078569293022156,-0.4462655186653137,-2.4911160469055176,-0.5066685080528259,1.0229114294052124,-1.39701509475708,2.2502543926239014,0.5197088122367859,0.08136508613824844,0.5644039511680603,-0.21119681000709534,-0.7093061208724976,0.6258387565612793,1.584526777267456,-1.141090989112854,-0.33828026056289673,0.3951577842235565,0.04903155937790871,-0.30786943435668945,0.4832209050655365,-0.20690098404884338,0.0,-0.4000000059604645,-0.05000000074505806,0.3100000023841858,0.49000000953674316,-0.20999999344348907,0.0,3.4042861461639404,-7.001781940460205,-3.224334955215454,0.6638633608818054,-2.3187873363494873,-8.674908638000488,7.999289512634277,1.2739903926849365,-7.654234409332275,-0.07975101470947266,2.2046074867248535,8.330684661865234,0.02091251313686371,0.008761182427406311,-0.30320391058921814,-0.4616689085960388,-0.3901837468147278,0.08179385215044022,182.57972717285156,434.6222229003906,0.5,0.0,0.0,0.01128341630101204,0.0,0.0575820617377758,0.5984418392181396,0.0,0.0,0.0,0.0,2027.375,0.0
1.32,1.9888890981674194,-0.06975516201139526,0.9975641419842455,1.0,1.0,1.0,1.0,0.5177508592605591,-0.7846034169197083,0.36511680483818054,0.11607307195663452,-0.1265873908996582,-0.5347795486450195,1.6166731119155884,-0.42739593982696533,-0.7197787165641785,-0.18657949566841125,-3.5359115600585938,0.3833574950695038,1.024350643157959,-1.4464750289916992,2.228694200515747,0.5154053568840027,0.005085084121674299,0.7265579700469971,-0.15120962262153625,-0.6990240216255188,0.5518458485603333,1.5998928546905518,-1.127481460571289,-0.2470230907201767,0.4000000059604645,0.05000000074505806,-0.3100000023841858,0.49000000953674316,-0.20999999344348907,0.0,-0.4000000059604645,-0.05000000074505806,0.3100000023841858,0.49000000953674316,-0.20999999344348907,0.0,-0.6640132069587708,-2.667943239212036,1.111630916595459,-1.8268293142318726,-1.0074315071105957,14.750160217285156,3.9340813159942627,1.699938416481018,-7.528679370880127,2.1930971145629883,1.2411673069000244,-1.2100965976715088,0.020560748875141144,0.01866789162158966,1.0315755605697632,1.0667243003845215,-1.474937915802002,-1.1880218982696533,607.6846923828125,886.8331298828125,0.5,0.0,0.0,0.016455363482236862,0.0,0.05731160193681717,0.7453317046165466,0.0,0.0,0.0,0.0,1064.1744384765625,0.0
1.33,2.000000238418579,1.4980281135093752e-06,0.999999999998878,1.0,1.0,1.0,1.0,0.5372284054756165,-0.8024858832359314,0.35462668538093567,0.07654907554388046,-0.12665891647338867,-0.5199236869812012,1.6052933931350708,-0.41409656405448914,-0.9527897834777832,-0.11131308972835541,-4.656318664550781,1.4407458305358887,1.0138425827026367,-1.4608677625656128,2.2498464584350586,0.5044078230857849,-0.04118637368083,0.9673416614532471,-0.12885336577892303,-0.6877952218055725,0.5001158714294434,1.633890151977539,-1.1750742197036743,-0.23997311294078827,0.4000000059604645,0.05000000074505806,-0.3100000023841858,0.49000000953674316,-0.20999999344348907,0.0,-0.4000000059604645,-0.05000000074505806,0.3100000023841858,0.49000000953674316,-0.20999999344348907,0.0,-0.6484380960464478,-1.1981432437896729,4.336225509643555,-1.7127370834350586,-1.1553590297698975,15.710938453674316,2.4475502967834473,1.2388813495635986,-5.444647789001465,3.9214799404144287,-8.637106895446777,2.4593281745910645,0.01251889020204544,0.018616482615470886,1.6076501607894897,2.2386226654052734,-1.816412329673767,-2.379084825515747,650.1064453125,1048.854736328125,0.5,0.0,0.0,0.026248855516314507,0.0,0.06164895370602608,0.015740837901830673,0.0,0.0,0.0,0.0,1880.4447021484375,0.0
1.34,2.011111259460449,0.06975740357991261,0.9975639852389365,1.0,1.0,1.0,1.0,0.5529674291610718,-0.8211551308631897,0.34239211678504944,0.048878662288188934,-0.13330888748168945,-0.49192047119140625,1.4960300922393799,-0.567306637763977,-1.3543355464935303,-1.380096673965454,-1.9450544118881226,3.1094908714294434,0.9760940074920654,-1.4597058296203613,2.3310935497283936,0.47031277418136597,-0.022384129464626312,1.1369516849517822,-0.14705084264278412,-0.7148529887199402,0.5065696239471436,1.6676805019378662,-1.2874261140823364,-0.3873473107814789,0.4000000059604645,0.05000000074505806,-0.3100000023841858,0.49000000953674316,-0.20999999344348907,0.0,-0.4000000059604645,-0.05000000074505806,0.3100000023841858,0.49000000953674316,-0.20999999344348907,0.0,-4.734389781951904,0.04706638306379318,11.551438331604004,-3.7385809421539307,-2.0136170387268066,3.7594873905181885,-3.072164297103882,-4.150306224822998,2.3278040885925293,3.952493906021118,-11.550551414489746,-12.249550819396973,0.00554145872592926,0.004121668636798859,0.06279745697975159,2.81085467338562,-0.9509722590446472,-3.9306657314300537,664.3212890625,64.25139617919922,0.5,0.0,0.0,0.029529230669140816,0.0,0.07223537564277649,3.996416531037994e-09,0.0,0.0,0.0,0.0,2660.494873046875,0.0
1.35,2.0222225189208984,0.13917494703019567,0.9902678092915784,1.0,0.0,1.0,1.0,0.5601289868354797,-0.8395799994468689,0.32811257243156433,0.0514400452375412,-0.14963626861572266,-0.4519023895263672,1.4372848272323608,-0.6689414381980896,-1.633217215538025,-2.0677683353424072,0.7269153594970703,4.477108478546143,0.9097593426704407,-1.4495412111282349,2.4787087440490723,0.4470955729484558,-0.05710877478122711,1.1763720512390137,-0.19165484607219696,-0.7604929208755493,0.5043252110481262,1.7342536449432373,-1.322113037109375,-0.48746395111083984,0.4000000059604645,0.05000000074505806,-0.3100000023841858,0.49000000953674316,-0.20999999344348907,0.0,-0.4347938895225525,-0.05695877596735954,0.32530930638313293,0.538711428642273,-0.2322680652141571,0.0,-8.166512489318848,0.7076444625854492,14.978414535522461,0.4344286024570465,-14.570301055908203,10.238556861877441,-5.399607181549072,-6.076873302459717,-1.166063666343689,7.924676418304443,-6.323135852813721,-6.496622085571289,0.0012617520987987518,0.000921882688999176,-0.06549836695194244,1.5334532260894775,-1.2167638540267944,-2.8943581581115723,203.71450805664062,316.9556884765625,0.5,0.0,0.0,0.0214218869805336,0.0,0.07051210105419159,3.886585449467674e-18,0.0,0.0,0.0,0.0,4358.974609375,0.0
1.36,2.0333335399627686,0.20791296073784107,0.9781473308030979,1.0,0.0,1.0,1.0,0.5628772974014282,-0.8575452566146851,0.3123227655887604,0.07238540798425674,-0.16810369491577148,-0.40900659561157227,1.426327109336853,-0.7306613326072693,-1.836464762687683,-2.0769777297973633,2.0336475372314453,4.627748012542725,0.8323354721069336,-1.4656014442443848,2.5720722675323486,0.4655318558216095,-0.08394930511713028,1.1789400577545166,-0.2235828936100006,-0.8017905950546265,0.49249163269996643,1.7856806516647339,-1.3465510606765747,-0.5073657035827637,0.4000000059604645,0.05000000074505806,-0.3100000023841858,0.49000000953674316,-0.20999999344348907,0.0,-0.4519784152507782,-0.06039568409323692,0.3328705132007599,0.5627697706222534,-0.24326618015766144,0.0,-7.999093055725098,-2.017340660095215,8.018162727355957,1.7341156005859375,-2.214569091796875,7.559431076049805,-2.774817943572998,-3.594787359237671,-1.4002673625946045,3.825784683227539,-5.033277988433838,-18.262008666992188,-0.0001558437943458557,0.0007093921303749084,-1.057476282119751,0.22943918406963348,-1.0213431119918823,-2.9077587127685547,275.2323303222656,188.46617126464844,0.5,0.0,0.0,0.013159561902284622,0.0,0.06179727613925934,2.501806470196925e-19,0.0,0.0,0.0,0.0,2340.150390625,0.0
1.37,2.0444445610046387,0.27563805981548,0.961261494069724,1.0,0.0,1.0,1.0,0.5625155568122864,-0.8745854496955872,0.2955124080181122,0.10676354169845581,-0.18432998657226562,-0.3691582679748535,1.4509639739990234,-0.7838584780693054,-1.893341302871704,-1.7458808422088623,3.140293836593628,4.1340765953063965,0.7538596987724304,-1.493654489517212,2.642698049545288,0.5017849802970886,-0.03704589977860451,1.1866861581802368,-0.2547866702079773,-0.8283163905143738,0.4662042260169983,1.8185455799102783,-1.3954516649246216,-0.5094943046569824,0.4000000059604645,0.05000000074505806,-0.3100000023841858,0.49000000953674316,-0.20999999344348907,0.0,-0.46890950202941895,-0.06378190219402313,0.3403201699256897,0.5864733457565308,-0.25410208106040955,0.0,-8.030106544494629,-3.3459885120391846,5.862997055053711,3.3471877574920654,6.095214366912842,-1.3946503400802612,-4.066318035125732,-2.9011342525482178,-3.666203022003174,3.2908987998962402,-5.592189788818359,-9.622007369995117,0.0014251172542572021,-0.00012146681547164917,-0.5473202466964722,-0.014495601877570152,-0.8371236324310303,-1.6400232315063477,290.8182678222656,289.7613830566406,0.5,0.0,0.0,0.00733289634808898,0.0,0.047953031957149506,1.429889764908022e-15,0.0,0.0,0.0,0.0,1522.001708984375,0.0
1.3800000000000001,2.055555820465088,0.3420217074207089,0.939692051500396,1.0,0.0,1.0,1.0,0.5613282918930054,-0.8908113241195679,0.2796379625797272,0.14721831679344177,-0.19727563858032227,-0.33727455139160156,1.5368112325668335,-0.8145639300346375,-1.7349395751953125,-1.6770663261413574,3.5853309631347656,3.730318069458008,0.6723202466964722,-1.5276275873184204,2.72041916847229,0.5204550623893738,0.003329688450321555,1.095723271369934,-0.30022746324539185,-0.8456694483757019,0.4021238386631012,1.836527705192566,-1.447654128074646,-0.5322305560112,0.4000000059604645,0.05000000074505806,-0.3100000023841858,0.49000000953674316,-0.20999999344348907,0.0,-0.4855055510997772,-0.06710111349821091,0.34762245416641235,0.609707772731781,-0.264723539352417,0.0,-7.748234272003174,-3.3850455284118652,7.415389060974121,1.0734716653823853,5.4251813888549805,-10.305315971374512,-4.137913227081299,-1.1609883308410645,-6.170744895935059,0.560427725315094,-6.293089866638184,-4.535165786743164,0.00848274677991867,-6.006285548210144e-05,-0.5409126877784729,-0.13702139258384705,-0.5419220924377441,-0.6084867119789124,328.68292236328125,460.0291442871094,0.5,0.0,0.0,0.003866177052259445,0.0,0.03090047463774681,8.191203249539869e-13,0.0,0.0,0.0,0.0,1936.1826171875,0.0
1.3900000000000001,2.066666841506958,0.4067376466545243,0.9135450108199044,1.0,0.0,1.0,1.0,0.561162531375885,-0.9064382314682007,0.2651652693748474,0.187473863363266,-0.2083606719970703,-0.3165450096130371,1.6747664213180542,-0.8025605082511902,-1.553391695022583,-1.3497071266174316,3.6133809089660645,2.311049461364746,0.6599891781806946,-1.564296841621399,2.7672793865203857,0.565287172794342,0.09017161279916763,0.9947722554206848,-0.33413875102996826,-0.8516046404838562,0.3421245515346527,1.8471945524215698,-1.4913851022720337,-0.5455877780914307,0.4000000059604645,0.05000000074505806,-0.3100000023841858,0.49000000953674316,-0.20999999344348907,0.0,-0.5016845464706421,-0.07033691555261612,0.3547412157058716,0.6323584318161011,-0.2750781178474426,0.0,0.514966607093811,-3.287001371383667,4.356568813323975,4.6829915046691895,7.868943691253662,-8.514538764953613,-2.901311159133911,-0.6064055562019348,-4.48621940612793,1.428428053855896,-6.870633125305176,6.3245086669921875,0.014337137341499329,0.001262817531824112,-0.822553277015686,-0.16923701763153076,-1.0107982158660889,-0.6249580383300781,497.8697204589844,553.9287719726562,0.5,0.0,0.0,0.0020128372125327587,0.0,0.01745099015533924,2.2956737666390836e-05,0.0,0.0,0.0,0.0,2499.968994140625,0.0
1.4000000000000001,2.077777862548828,0.4694720330721578,0.8829473428031224,1.0,0.0,1.0,1.0,0.5630110502243042,-0.9222891926765442,0.2516248822212219,0.2228098064661026,-0.22015762329101562,-0.3032374382019043,1.777017593383789,-0.7771141529083252,-1.4242209196090698,-1.4718623161315918,2.867453098297119,1.766378402709961,0.6591339111328125,-1.6200917959213257,2.7607343196868896,0.608724057674408,0.015407940372824669,0.9291396737098694,-0.3481268882751465,-0.8626485466957092,0.2943698763847351,1.8495138883590698,-1.5416429042816162,-0.532413899898529,0.4000000059604645,0.05000000074505806,-0.3100000023841858,0.49000000953674316,-0.20999999344348907,0.0,-0.5173680186271667,-0.07347360253334045,0.36164191365242004,0.654315173625946,-0.285115510225296,0.0,-0.25497597455978394,-6.823326110839844,-2.061094284057617,3.6832878589630127,-8.04902458190918,-7.937124729156494,-0.6314679980278015,-1.3288092613220215,-4.962547302246094,-0.16315127909183502,-1.6861143112182617,-0.7670775651931763,0.020713675767183304,0.0028498731553554535,-0.9763858914375305,-0.13224400579929352,-0.9437910914421082,-0.5112549662590027,193.9070587158203,618.9773559570312,0.5,0.0,0.0,0.0010795103153213859,0.0,0.01145464088767767,0.0019494943553581834,0.0,0.0,0.0,0.0,797.5203857421875,0.0
1.41,2.0888891220092773,0.5299205064014169,0.8480473199623154,1.0,0.0,1.0,1.0,0.5682430267333984,-0.9383902549743652,0.2384241223335266,0.248320072889328,-0.23093938827514648,-0.29123735427856445,1.8556389808654785,-0.7527148723602295,-1.2842705249786377,-1.241647481918335,1.735348105430603,1.6845712661743164,0.6504974365234375,-1.6975011825561523,2.7154605388641357,0.631378173828125,-0.09293211996555328,0.8692029714584351,-0.3347433805465698,-0.8635572195053101,0.23521965742111206,1.8486201763153076,-1.566217064857483,-0.46650829911231995,0.4000000059604645,0.05000000074505806,-0.3100000023841858,0.49000000953674316,-0.20999999344348907,0.0,-0.5324802398681641,-0.07649604976177216,0.36829131841659546,0.6754723191261292,-0.29478734731674194,0.0,-0.9355545043945312,-7.750371932983398,-5.6818108558654785,1.5822653770446777,-10.30955982208252,-2.463815450668335,2.7793729305267334,0.8579660654067993,-6.131682395935059,-0.281337708234787,-2.6916990280151367,12.525018692016602,0.03031279891729355,0.009556807577610016,-1.074097752571106,-0.21806716918945312,-1.014382243156433,-0.4849027991294861,182.21047973632812,476.7943420410156,0.5,0.0,0.0,0.000665272818878293,0.0,0.008158676326274872,0.0034287467133253813,0.0,0.0,0.0,0.0,2098.224853515625,0.0
1.42,2.1000001430511475,0.5877859794503563,0.8090164660633214,1.0,0.0,1.0,1.0,0.5778751373291016,-0.9545584321022034,0.225079745054245,0.25968071818351746,-0.23972558975219727,-0.2821507453918457,1.9366382360458374,-0.7184802293777466,-1.188214898109436,-1.0279135704040527,0.2187986671924591,0.6489595174789429,0.6587949991226196,-1.7456297874450684,2.7146472930908203,0.6434952616691589,-0.18900567293167114,0.8013073801994324,-0.2922441363334656,-0.8412068486213684,0.16679121553897858,1.8414539098739624,-1.5851004123687744,-0.34448111057281494,0.4000000059604645,0.05000000074505806,-0.3100000023841858,0.49000000953674316,-0.20999999344348907,0.0,-0.54694664478302,-0.07938932627439499,0.3746565282344818,0.6957253217697144,-0.3040458559989929,0.0,1.5425251722335815,-4.26005744934082,0.36736631393432617,0.02056967467069626,-8.987865447998047,-10.189386367797852,5.518206596374512,2.6318750381469727,-7.316866874694824,-0.9273788928985596,-1.6552724838256836,10.865403175354004,0.034941211342811584,0.0187310092151165,-0.3771105706691742,0.1530081033706665,-1.032472014427185,-0.5414412617683411,166.15646362304688,671.661865234375,0.5,0.0,0.0,0.0005102796712890267,0.0,0.005740055348724127,0.43072009086608887,0.0,0.0,0.0,0.0,2154.034423828125,0.0
1.43,2.1111111640930176,0.6427878646989728,0.766044229138067,1.0,0.0,1.0,1.0,0.5916448831558228,-0.9704435467720032,0.2108808159828186,0.25627896189689636,-0.24724578857421875,-0.28115367889404297,2.014965534210205,-0.6537820100784302,-1.1629029512405396,-0.5957561135292053,-0.875984251499176,-0.5097839832305908,0.6806901693344116,-1.7838202714920044,2.7189738750457764,0.630423903465271,-0.2401459962129593,0.7298911213874817,-0.23023517429828644,-0.8137291073799133,0.09519318491220474,1.8451851606369019,-1.565841794013977,-0.19742310047149658,0.4000000059604645,0.05000000074505806,-0.3100000023841858,0.49000000953674316,-0.20999999344348907,0.0,-0.5606971383094788,-0.08213943243026733,0.3807067275047302,0.7149760127067566,-0.3128461539745331,0.0,2.8753104209899902,-3.9657821655273438,-0.30440399050712585,-1.7915364503860474,-4.892826557159424,-7.422290802001953,7.36739444732666,2.949115037918091,-7.806317329406738,0.7323833703994751,5.31577205657959,13.295633316040039,0.036643192172050476,0.030707359313964844,-0.2832563817501068,0.5989325642585754,-1.0317444801330566,-0.5543566942214966,157.95611572265625,474.1872253417969,0.5,0.0,0.0,0.0004856577725149691,0.0,0.0043173967860639095,0.5946636199951172,0.0,0.0,0.0,0.0,2263.890625,0.0
1.44,2.122222423553467,0.6946592804243799,0.7193389215941836,1.0,0.0,1.0,1.0,0.6093266606330872,-0.9853766560554504,0.19543786346912384,0.23917444050312042,-0.2523050308227539,-0.2899203300476074,2.1004414558410645,-0.5359218120574951,-1.1906118392944336,-0.055934395641088486,-1.7798912525177002,-1.7852104902267456,0.7113410234451294,-1.824917197227478,2.7073497772216797,0.5969367027282715,-0.237418070435524,0.6366456151008606,-0.15525902807712555,-0.7787548303604126,0.030710885301232338,1.864558219909668,-1.5198802947998047,-0.0483645536005497,0.4000000059604645,0.05000000074505806,-0.3100000023841858,0.49000000953674316,-0.20999999344348907,0.0,-0.5736649036407471,-0.08473297953605652,0.3864125609397888,0.7331308722496033,-0.32114553451538086,0.0,3.214742422103882,-4.527935981750488,-2.0010149478912354,-4.076643943786621,4.570624351501465,-11.483345031738281,8.19106674194336,4.031041622161865,-6.930747032165527,2.9431986808776855,6.551605701446533,11.61702823638916,0.03697489947080612,0.04259207844734192,0.027779407799243927,1.2578928470611572,-0.854483425617218,-1.003964900970459,833.1756591796875,1175.385498046875,0.5,0.0,0.0,0.0005677687586285174,0.0,0.003355179913341999,0.0017054047202691436,0.0,0.0,0.0,0.0,2425.541748046875,0.0
1.45,2.133333683013916,0.7431462956277414,0.669128973587877,1.0,0.0,1.0,1.0,0.6292230486869812,-0.9985714554786682,0.17873968183994293,0.21566857397556305,-0.25316619873046875,-0.30600881576538086,2.151733875274658,-0.3892980217933655,-1.277578592300415,0.4775625765323639,-1.7779439687728882,-2.3498244285583496,0.736987292766571,-1.8690125942230225,2.6884167194366455,0.5637723207473755,-0.2521110773086548,0.6956798434257507,-0.07514621317386627,-0.7447514533996582,-0.022657696157693863,1.9094395637512207,-1.409585952758789,0.09417124837636948,0.4000000059604645,0.05000000074505806,-0.3100000023841858,0.49000000953674316,-0.20999999344348907,0.0,-0.5857865810394287,-0.08715732395648956,0.3917461037635803,0.7501012086868286,-0.3289034068584442,0.0,1.9605748653411865,-4.204922676086426,-1.289355754852295,-4.129631519317627,0.9804883599281311,6.097711563110352,8.177515983581543,3.122302532196045,-5.519165515899658,5.439551830291748,11.72315788269043,11.1451416015625,0.036891236901283264,0.05612857639789581,0.869638204574585,1.7810089588165283,-1.0587326288223267,-1.3030205965042114,901.20654296875,1174.275146484375,0.5,0.0,0.0,0.0007509400602430105,0.0,0.003152513178065419,1.5993162378435954e-05,0.0,0.0,0.0,0.0,2640.910400390625,0.0
1.46,2.144444704055786,0.788011757864156,0.6156601899325982,1.0,0.0,1.0,1.0,0.6470905542373657,-1.010484218597412,0.16126148402690887,0.20123626291751862,-0.2530207633972168,-0.32405614852905273,2.1544461250305176,-0.3061850070953369,-1.470575213432312,0.24155153334140778,-0.46347182989120483,-1.8972340822219849,0.7426497936248779,-1.9074125289916992,2.676589250564575,0.5285399556159973,-0.3085767924785614,0.8892021179199219,-0.023498939350247383,-0.740976095199585,-0.0551547035574913,1.9718315601348877,-1.2532280683517456,0.14046765863895416,0.4000000059604645,0.05000000074505806,-0.3100000023841858,0.49000000953674316,-0.20999999344348907,0.0,-0.5970029830932617,-0.08940060436725616,0.3966813087463379,0.7658041715621948,-0.33608192205429077,0.0,-0.15908163785934448,-2.6876704692840576,1.799891710281372,-5.608591079711914,-0.428510844707489,13.04584789276123,4.540212631225586,-0.4677709639072418,-4.001885414123535,6.0296735763549805,17.48075294494629,-2.318880796432495,0.036395102739334106,0.06595570594072342,1.0242880582809448,1.9674686193466187,-1.119475245475769,-1.3813987970352173,1451.373046875,2363.719970703125,0.5,0.0,0.0,0.0008926695445552468,0.0,0.0034759677946567535,0.0007473371806554496,0.0,0.0,0.0,0.0,3323.059326171875,0.0
1.47,2.1555557250976562,0.8290381682428841,0.5591920203261875,1.0,0.0,1.0,1.0,0.6588909029960632,-1.0225731134414673,0.1428367644548416,0.20824062824249268,-0.2578086853027344,-0.3391451835632324,2.1062850952148438,-0.31249722838401794,-1.7738685607910156,-0.45280295610427856,2.302938461303711,-0.7715908288955688,0.730188250541687,-1.9235405921936035,2.7058751583099365,0.4737114906311035,-0.3450622856616974,1.1035562753677368,-0.01886528916656971,-0.7681066989898682,-0.08271010965108871,2.022770404815674,-1.2474206686019897,-0.04917793348431587,0.4000000059604645,0.05000000074505806,-0.3100000023841858,0.49000000953674316,-0.20999999344348907,0.0,-0.6072596311569214,-0.09145192801952362,0.4011942148208618,0.7801634669303894,-0.34264612197875977,0.0,-1.402741551399231,-1.85518479347229,3.0905656814575195,-5.994833469390869,-6.676645755767822,12.91531753540039,-2.299598455429077,-4.01324462890625,0.29742613434791565,4.906381130218506,-1.9112730026245117,-11.278207778930664,0.033320121467113495,0.06703238934278488,0.15245303511619568,1.5148159265518188,-1.172669529914856,-1.500199317932129,959.8331909179688,265.5236511230469,0.5,0.0,0.0,0.0007670866907574236,0.0,0.004721575416624546,0.3040069043636322,0.0,0.0,0.0,0.0,3773.65087890625,0.0
1.48,2.1666669845581055,0.8660264024681193,0.4999982702251348,1.0,0.0,1.0,0.0,0.6634018421173096,-1.0337245464324951,0.12439003586769104,0.24311137199401855,-0.26488351821899414,-0.3489089012145996,2.1379551887512207,-0.3277159333229065,-1.828872799873352,-0.4959797263145447,4.7400221824646,0.5817673206329346,0.7136858701705933,-1.9365105628967285,2.7280728816986084,0.42298853397369385,-0.4430062770843506,1.2476897239685059,-0.03854780271649361,-0.8043137788772583,-0.10276626795530319,2.069922685623169,-1.274022102355957,-0.22170810401439667,0.4000000059604645,0.05000000074505806,-0.3100000023841858,0.49000000953674316,-0.20999999344348907,0.0,-0.6165066361427307,-0.09330132603645325,0.40526291728019714,0.7931092977523804,-0.3485642075538635,0.0,-1.7024600505828857,-0.4159775376319885,4.297134876251221,-4.635278224945068,-10.293495178222656,11.745623588562012,-1.8190507888793945,-2.7989799976348877,-2.244148015975952,3.82196044921875,-7.270846843719482,-10.778716087341309,0.03199746459722519,0.06798339635133743,-0.23577561974525452,1.0534944534301758,-1.0379897356033325,-1.0048600435256958,471.63140869140625,0.0,0.5,0.0,0.0,0.00045575969852507114,0.0,0.0037703411653637886,0.5081866979598999,0.0,0.0,0.0,0.0,2571.319580078125,0.0
1.49,2.1777780055999756,0.898794673804223,0.43836986021071334,1.0,0.0,1.0,1.0,0.6636515855789185,-1.0430561304092407,0.10705026984214783,0.299185574054718,-0.26828813552856445,-0.35185813903808594,2.257551431655884,-0.37142226099967957,-1.7127394676208496,-0.07749299705028534,6.125020503997803,1.7316139936447144,0.6974547505378723,-1.9353729486465454,2.7932660579681396,0.3993658423423767,-0.4405546486377716,1.1526788473129272,-0.06626129895448685,-0.8264142870903015,-0.13163621723651886,2.0933332443237305,-1.2290692329406738,-0.3527516722679138,0.4000000059604645,0.05000000074505806,-0.3100000023841858,0.49000000953674316,-0.20999999344348907,0.0,-0.6246986985206604,-0.09493973851203918,0.40886741876602173,0.8045781850814819,-0.35380715131759644,0.0,-2.204056978225708,0.3467455208301544,5.635669708251953,-1.8376632928848267,2.7198333740234375,-8.341242790222168,-3.4760053157806396,-2.334773540496826,-3.758863925933838,2.2180304527282715,4.954483985900879,-6.853195667266846,0.03388785570859909,0.06849359720945358,0.33416828513145447,0.8957573771476746,-0.45688071846961975,-0.23588259518146515,264.5426025390625,249.37545776367188,0.5,0.0,0.0,0.00021054035460110754,0.0,0.0015743966214358807,0.002486264333128929,0.0,0.0,0.0,0.0,1306.448974609375,0.0
1.5,2.1888890266418457,0.9271841787986933,0.37460579091278423,1.0,0.0,0.0,1.0,0.6675168871879578,-1.0488405227661133,0.10332697629928589,0.36201897263526917,-0.24653148651123047,-0.3347783088684082,2.024057388305664,-0.922606348991394,0.18622933328151703,2.0639171600341797,5.8411455154418945,4.045772075653076,0.687009334564209,-1.8993510007858276,2.7989935874938965,0.38925692439079285,-0.3584776222705841,1.0170568227767944,-0.08328507095575333,-0.7984977960586548,-0.12697230279445648,2.070871114730835,-1.161382794380188,-0.1941199153661728,0.4000000059604645,0.05000000074505806,-0.3100000023841858,0.49000000953674316,-0.20999999344348907,0.0,-0.63179612159729,-0.09635922312736511,0.41199028491973877,0.8145145177841187,-0.3583495020866394,0.0,-2.0834012031555176,3.5453574657440186,-4.0712361335754395,-1.550565242767334,10.174844741821289,-10.334198951721191,-2.4398367404937744,2.664452075958252,2.005009651184082,-4.10393762588501,11.093555450439453,10.899362564086914,0.039031557738780975,0.0699068233370781,-0.42700809240341187,-0.38177189230918884,0.14024682343006134,-0.1500411331653595,0.0,23.815515518188477,0.5,0.0,0.0,0.00010948575072688982,0.0,0.0017504077404737473,6.063180844575371e-15,0.0,0.0,0.0,0.0,2071.2021484375,0.0
1.51,0.5,1.2246467991473532e-16,-1.0,1.0,1.0,0.0,0.0,0.0,0.0,0.699999988079071,0.0,0.0,0.0,0.0,0.0,0.0,0.0,0.0,0.0,0.3740791082382202,-0.022479113191366196,-0.28639453649520874,0.5070439577102661,-0.2401757836341858,0.09503193199634552,-0.4128539562225342,-0.00093846395611763,0.38418126106262207,0.46301746368408203,-0.2629237771034241,-0.01931593380868435,0.4000000059604645,0.05000000074505806,-0.3100000023841858,0.49000000953674316,-0.20999999344348907,0.0,-0.4000000059604645,-0.05000000074505806,0.3100000023841858,0.49000000953674316,-0.20999999344348907,0.0,0.0,0.0,0.0,0.0,0.0,0.0,0.0,0.0,0.0,0.0,0.0,0.0,0.05860692262649536,0.0770949274301529,-1.0641937255859375,0.3894137442111969,-0.19836248457431793,0.5957485437393188,0.0,0.0,-0.11809878796339035,-0.3543352782726288,0.5457633137702942,6.398830009857193e-05,0.0,0.0007771914242766798,7.227090934979873e-15,0.0,0.0,0.0,0.0,3635.457275390625,0.0
1.52,0.5111111402511597,-0.06975665639044526,-0.9975640374879325,1.0,1.0,0.0,0.0,-1.101265661418438e-05,-3.4940894693136215e-06,0.6994607448577881,1.844851612986531e-05,-9.5367431640625e-07,8.110811904771253e-05,-0.0007738611893728375,-0.0005166003247722983,-0.0983000174164772,-0.003142106346786022,6.01880565227475e-05,0.015129102393984795,0.37408483028411865,-0.022460605949163437,-0.2879050374031067,0.5062397718429565,-0.23566770553588867,0.061524175107479095,-0.4136848449707031,-0.0008951651398092508,0.3820192813873291,0.46391069889068604,-0.2435869574546814,-0.01259047631174326,0.4000000059604645,0.05000000074505806,-0.3100000023841858,0.49000000953674316,-0.20999999344348907,0.0,-0.4000000059604645,-0.05000000074505806,0.3100000023841858,0.49000000953674316,-0.20999999344348907,0.0,-0.0009736795327626169,0.008901531808078289,-0.046178918331861496,-0.0929165929555893,0.2649388611316681,-2.517120122909546,-0.08201941102743149,-0.021969890221953392,-0.362223356962204,0.16133275628089905,1.942845106124878,-0.4058120548725128,0.0915389135479927,0.08883393555879593,0.020151672884821892,-0.06795413047075272,-0.06359453499317169,0.040794894099235535,0.0,0.0,0.5,0.0,0.0,0.9648160934448242,0.0,0.6055916547775269,0.9995423555374146,0.0,0.0,0.0,0.0,1.6607261896133423,0.0
1.53,0.5222222208976746,-0.13917309271867956,-0.9902680698998213,0.0,1.0,0.0,0.0,-1.2981472536921501e-05,-1.262640580534935e-05,0.6979387402534485,2.054570131804212e-06,-2.47955322265625e-05,0.0003291154280304909,-0.0006088590016588569,-0.0003595686284825206,-0.19614411890506744,-0.003839807817712426,-0.0040164971724152565,0.0334649384021759,0.3741229772567749,-0.02203257754445076,-0.2882813811302185,0.5053244829177856,-0.23396658897399902,0.043378449976444244,-0.4141610860824585,-0.0011462036054581404,0.37870967388153076,0.46572935581207275,-0.22936207056045532,-0.007452323567122221,0.3652067184448242,0.04304134473204613,-0.29469096660614014,0.44128942489624023,-0.1877322942018509,0.0,-0.4000000059604645,-0.05000000074505806,0.3100000023841858,0.49000000953674316,-0.20999999344348907,0.0,0.0026880898512899876,0.06302841752767563,-0.03160667419433594,-0.09636133164167404,0.1145951971411705,-1.3558857440948486,0.0036470803897827864,-0.04382787644863129,-0.41439372301101685,0.17672616243362427,1.047970175743103,-0.6795759797096252,0.08993174880743027,0.08738373965024948,0.03528764843940735,-0.07063743472099304,-0.06458864361047745,0.05486096069216728,0.0,0.0,0.5,0.0,0.0,0.9727599620819092,0.0,0.6057919263839722,0.9977626800537109,0.0,0.0,0.0,0.0,1.6494401693344116,0.0
1.54,0.5333333611488342,-0.2079118617685598,-0.9781475643970758,0.0,1.0,0.0,0.0,-1.6369391232728958e-05,-1.7765676602721214e-05,0.6954371929168701,-9.5367431640625e-07,-3.62396240234375e-05,0.0006908822106197476,-0.0004391213005874306,-0.00022944039665162563,-0.29412755370140076,-0.0017452958272770047,0.0005502495332621038,0.041699640452861786,0.37425196170806885,-0.02106708660721779,-0.28864461183547974,0.5043610334396362,-0.23324495553970337,0.033670492470264435,-0.41414594650268555,-0.0016823287587612867,0.37551236152648926,0.4676783084869385,-0.2220669388771057,-0.0045350706204771996,0.3480220139026642,0.03960439935326576,-0.287129670381546,0.4172308146953583,-0.1767340749502182,0.0,-0.4000000059604645,-0.05000000074505806,0.3100000023841858,0.49000000953674316,-0.20999999344348907,0.0,0.01911129429936409,0.1143297478556633,-0.03357342258095741,-0.09681358188390732,0.045359693467617035,-0.7285223007202148,0.0351451151072979,-0.07026778906583786,-0.3936501741409302,0.17514103651046753,0.5371618866920471,-0.8633130192756653,0.08732490986585617,0.08494991809129715,0.04581514373421669,-0.06612221896648407,-0.0725199431180954,0.06418821215629578,0.0,0.0,0.5,0.0,0.0,0.9758601784706116,0.0,0.6059979200363159,0.9965283274650574,0.0,0.0,0.0,0.0,1.9493932723999023,0.0
1.55,0.5444444417953491,-0.275637339817032,-0.9612617005262356,0.0,1.0,0.0,0.0,-3.653764724731445e-05,-1.542665995657444e-05,0.6919551491737366,6.760591350030154e-05,-2.2411346435546875e-05,0.0011142074363306165,-0.00025494268629699945,-0.00011178502609254792,-0.39218878746032715,0.0011055556824430823,0.00906639639288187,0.04556487873196602,0.3746175765991211,-0.019634757190942764,-0.2889896035194397,0.503419041633606,-0.23295342922210693,0.02847292460501194,-0.4139975309371948,-0.0024643337819725275,0.37256503105163574,0.46956396102905273,-0.21840900182724,-0.0029166443273425102,0.33109062910079956,0.03621812164783478,-0.2796798646450043,0.3935268819332123,-0.16589799523353577,0.0,-0.4000000059604645,-0.05000000074505806,0.3100000023841858,0.49000000953674316,-0.20999999344348907,0.0,0.04448182135820389,0.15714940428733826,-0.027323083952069283,-0.09531830996274948,0.017240718007087708,-0.3953595459461212,0.03933199495077133,-0.09167352318763733,-0.37371712923049927,0.16119138896465302,0.28028935194015503,-0.9657788276672363,0.08372669667005539,0.08152388781309128,0.05392100661993027,-0.05935237929224968,-0.08423279970884323,0.07311227917671204,0.0,0.0,0.5,0.0,0.0,0.9781844615936279,0.0,0.6062214374542236,0.9958563446998596,0.0,0.0,0.0,0.0,2.1393048763275146,0.0
1.56,0.5555555820465088,-0.3420202997352155,-0.9396925638574744,0.0,1.0,0.0,0.0,-0.0014308623503893614,-0.0013458903413265944,0.687236487865448,0.005479451734572649,-0.003562450408935547,-0.0005464553833007812,0.007595491129904985,-0.05771729350090027,-0.5319154858589172,-0.6123614311218262,0.920863926410675,-0.01572095975279808,0.41351771354675293,-0.05298706889152527,-0.17685166001319885,0.512163519859314,-0.3202492296695709,0.02859283797442913,-0.43080389499664307,-0.02362699992954731,0.4362218976020813,0.4967040717601776,-0.32652661204338074,0.10718858987092972,0.31449490785598755,0.032898981124162674,-0.27237775921821594,0.37029287219047546,-0.15527673065662384,0.0,-0.4000000059604645,-0.05000000074505806,0.3100000023841858,0.49000000953674316,-0.20999999344348907,0.0,6.633296012878418,-4.765723705291748,14.074552536010742,1.4059498310089111,-7.5794901847839355,-0.23292502760887146,-1.8389732837677002,-2.6834843158721924,6.7899346351623535,2.38523006439209,-10.059806823730469,10.055482864379883,0.07878833264112473,0.07905128598213196,0.8506684899330139,-0.14062663912773132,-0.4833938777446747,-0.08738640695810318,0.0,0.0,0.5,0.0,0.0,0.8557515740394592,0.0,0.6116549372673035,0.999505877494812,0.0,0.0,0.0,0.0,815.1177368164062,0.0
1.57,0.5666666626930237,-0.40673662026718693,-0.9135454677976493,0.0,1.0,0.0,0.0,-0.0043761273846030235,-0.0037068678066134453,0.681261420249939,0.01700275018811226,-0.010315895080566406,-0.0014781951904296875,0.017328374087810516,-0.057548634707927704,-0.6580108404159546,-0.7139607071876526,1.1722526550292969,-0.18698488175868988,0.49376341700553894,-0.09286025166511536,-0.11470668762922287,0.5394766330718994,-0.33534863591194153,-0.07742948830127716,-0.45630568265914917,-0.05787253752350807,0.5508597493171692,0.526352047920227,-0.4322682023048401,0.21849296987056732,0.2983158230781555,0.029663164168596268,-0.2652589678764343,0.3476421535015106,-0.14492210745811462,0.0,-0.4000000059604645,-0.05000000074505806,0.3100000023841858,0.49000000953674316,-0.20999999344348907,0.0,8.001069068908691,-4.133143424987793,4.67270040512085,2.6639482975006104,0.04603935405611992,-10.024256706237793,-2.3825764656066895,-3.3147099018096924,12.078478813171387,2.550518035888672,-10.043609619140625,10.066486358642578,0.07378826290369034,0.07639416307210922,0.5184196829795837,0.09375781565904617,0.12250104546546936,-0.815571665763855,0.0,0.0,0.5,0.0,0.0,0.6351925134658813,0.0,0.6233996152877808,0.932462215423584,0.0,0.0,0.0,0.0,648.3124389648438,0.0
1.58,0.5777778029441833,-0.4694717024021403,-0.882947518623636,0.0,1.0,0.0,0.0,-0.00755629688501358,-0.006337685976177454,0.6742488145828247,0.029763447120785713,-0.01794147491455078,-0.0038099288940429688,0.03986325487494469,-0.05743689835071564,-0.7705849409103394,-0.7747591137886047,1.3750927448272705,-0.25254812836647034,0.5715053081512451,-0.13366536796092987,-0.07265689969062805,0.5600290298461914,-0.37274205684661865,-0.13724108040332794,-0.4788694977760315,-0.08847840875387192,0.6525292992591858,0.5520022511482239,-0.5350034832954407,0.0894932895898819,0.28263208270072937,0.02652641385793686,-0.2583581209182739,0.32568490505218506,-0.1348845213651657,0.0,-0.4000000059604645,-0.05000000074505806,0.3100000023841858,0.49000000953674316,-0.20999999344348907,0.0,7.704285621643066,-3.998720407485962,3.831681966781616,1.6937024593353271,-3.6547505855560303,-4.363422393798828,-2.2392702102661133,-2.710322856903076,9.90963077545166,2.381453275680542,-10.002701759338379,-10.199687004089355,0.0676097646355629,0.07287011295557022,0.527982771396637,0.11227038502693176,0.3542073965072632,-1.3810821771621704,0.0,0.0,0.5,0.0,0.0,0.46069449186325073,0.0,0.6504768133163452,0.8802396059036255,0.0,0.0,0.0,0.0,650.59716796875,0.0
1.59,0.5888888835906982,-0.529919236002096,-0.84804811379718,0.0,1.0,0.0,0.0,-0.010095075704157352,-0.009110224433243275,0.6662405133247375,0.04013260453939438,-0.02615976333618164,-0.007119655609130859,0.05197270214557648,-0.05002715438604355,-0.8708736896514893,-0.8743675351142883,0.8818025588989258,-0.335722416639328,0.6316183805465698,-0.18281470239162445,0.007162507623434067,0.5687538385391235,-0.39134493470191956,-0.021785620599985123,-0.4960475564002991,-0.10446363687515259,0.707201361656189,0.5776474475860596,-0.6389650702476501,-0.012952620163559914,0.2675201892852783,0.023504037410020828,-0.25170889496803284,0.30452826619148254,-0.1252129077911377,0.0,-0.4000000059604645,-0.05000000074505806,0.3100000023841858,0.49000000953674316,-0.20999999344348907,0.0,5.752755641937256,-5.359493255615234,8.083175659179688,1.0406882762908936,-1.1249397993087769,10.096793174743652,-1.3918066024780273,-1.2457143068313599,4.121018886566162,2.768237590789795,-10.020878791809082,-9.781899452209473,0.05960662662982941,0.06860338151454926,0.22122140228748322,-0.37549635767936707,0.5745778679847717,-1.3238564729690552,0.0,0.0,0.5,0.0,0.0,0.33712249994277954,0.0,0.6660021543502808,0.7981816530227661,0.0,0.0,0.0,0.0,439.03570556640625,0.0
1.6,0.6000000238418579,-0.5877853734854867,-0.8090169063230552,0.0,1.0,0.0,0.0,-0.012257165275514126,-0.01190140750259161,0.6572229862213135,0.04915821552276611,-0.0348668098449707,-0.009499073028564453,0.0706215500831604,-0.02142045833170414,-0.968634307384491,-0.8169190883636475,0.9294909834861755,-0.2088732123374939,0.6983893513679504,-0.23157648742198944,0.052096761763095856,0.5864133834838867,-0.4399995803833008,-0.08285271376371384,-0.5077275633811951,-0.10605747997760773,0.7309101819992065,0.5867087244987488,-0.7387046813964844,-0.014590594917535782,0.25305360555648804,0.02061072364449501,-0.24534359574317932,0.2842750549316406,-0.11595430970191956,0.0,-0.4000000059604645,-0.05000000074505806,0.3100000023841858,0.49000000953674316,-0.20999999344348907,0.0,6.785276889801025,-4.676403522491455,4.124983787536621,1.5337327718734741,-4.473104476928711,-4.539565563201904,-1.3127926588058472,0.20500707626342773,1.9431039094924927,0.5166682004928589,-9.491035461425781,1.0239028930664062,0.05158218741416931,0.06240148842334747,0.3787795305252075,-0.2456965446472168,0.5495023131370544,-1.1235421895980835,0.0,0.0,0.5,0.0,0.0,0.25951752066612244,0.0,0.6909765601158142,0.9164423942565918,0.0,0.0,0.0,0.0,43.44361114501953,0.0
1.61,0.6111111044883728,-0.64278757780998,-0.7660444698665863,0.0,1.0,0.0,0.0,-0.013306851498782635,-0.014483951032161713,0.6473954319953918,0.05386507138609886,-0.0432276725769043,-0.011730670928955078,0.07576791942119598,-0.005028223618865013,-1.0425562858581543,-0.8811047673225403,0.22082912921905518,-0.15762807428836823,0.7377240061759949,-0.2790634334087372,0.12827704846858978,0.5945554971694946,-0.5473964214324951,0.049354180693626404,-0.5066971778869629,-0.09763949364423752,0.7320566177368164,0.5814557671546936,-0.6793586015701294,0.11208276450634003,0.2393031120300293,0.017860621213912964,-0.23929336667060852,0.2650243639945984,-0.107153981924057,0.0,-0.4000000059604645,-0.05000000074505806,0.3100000023841858,0.49000000953674316,-0.20999999344348907,0.0,2.951385974884033,-4.611883640289307,7.2540411949157715,0.8216803073883057,-10.059187889099121,10.221257209777832,0.9571698307991028,0.7306162118911743,-0.5571946501731873,-0.18717388808727264,7.48843240737915,10.180459022521973,0.04181677848100662,0.05427771806716919,0.09604834020137787,-0.898844301700592,0.4422174096107483,-0.8303656578063965,0.0,0.0,0.5,0.0,0.0,0.21821829676628113,0.0,0.6976789236068726,0.9515212774276733,0.0,0.0,0.0,0.0,546.8278198242188,0.0
1.62,0.6222222447395325,-0.6946584722314966,-0.7193397020580772,0.0,1.0,1.0,0.0,-0.013671031221747398,-0.01756432093679905,0.6371555924415588,0.05550426244735718,-0.05194425582885742,-0.01229095458984375,0.04075139760971069,-0.14474549889564514,-0.8903378844261169,-0.6599449515342712,0.08174767345190048,0.02810031920671463,0.7817769050598145,-0.30999428033828735,0.14502686262130737,0.6024467945098877,-0.5168920755386353,0.1604505479335785,-0.49535930156707764,-0.09701775014400482,0.7435153126716614,0.5802361369132996,-0.5868447422981262,0.22507072985172272,0.22633536159992218,0.01526707038283348,-0.23358756303787231,0.2468695044517517,-0.09885462373495102,0.0,-0.4000000059604645,-0.05000000074505806,0.3100000023841858,0.49000000953674316,-0.20999999344348907,0.0,6.131718635559082,-1.2824819087982178,-6.8112287521362305,-1.4157114028930664,20.450822830200195,-5.608948230743408,0.5190027356147766,0.021183038130402565,1.0084556341171265,-0.5416730642318726,6.670523643493652,9.962985038757324,0.03178757429122925,0.04598253220319748,0.6149089336395264,-0.29086703062057495,0.7421385049819946,-0.6711630821228027,2900.34375,0.0,0.5,0.0,0.0,0.18560314178466797,0.0,0.6289389729499817,0.9984219670295715,0.0,0.0,0.0,0.0,1112.0234375,0.0
1.6300000000000001,0.6333333253860474,-0.7431447920648445,-0.6691306434672524,0.0,1.0,1.0,0.0,-0.013362130150198936,-0.021164340898394585,0.6296018362045288,0.05347703769803047,-0.05503511428833008,-0.015943527221679688,0.030997954308986664,-0.28200265765190125,-0.7458080649375916,-0.0961420014500618,-0.2975579500198364,-0.6235970854759216,0.8057369589805603,-0.3271975517272949,0.11998483538627625,0.5980818867683411,-0.4053478538990021,0.07700707018375397,-0.4948297142982483,-0.0959651842713356,0.7347704768180847,0.5834081768989563,-0.5748253464698792,0.11688584089279175,0.2142137736082077,0.012842752039432526,-0.2282540500164032,0.22989928722381592,-0.09109681099653244,0.0,-0.4000000059604645,-0.05000000074505806,0.3100000023841858,0.49000000953674316,-0.20999999344348907,0.0,2.160513401031494,-2.270841121673584,-0.8042352795600891,0.2391221523284912,10.272581100463867,-6.09810209274292,-0.16613849997520447,0.16682139039039612,-1.0206756591796875,0.5152664184570312,1.6068766117095947,-10.055230140686035,0.024762719869613647,0.039233848452568054,0.08802681416273117,0.0008738529868423939,0.28971126675605774,-0.6507864594459534,440.54473876953125,0.0,0.5,0.0,0.0,0.17816168069839478,0.0,0.54937344789505,0.459440141916275,0.0,0.0,0.0,0.0,305.7996826171875,0.0
1.6400000000000001,0.644444465637207,-0.7880108355869995,-0.6156613703956738,0.0,1.0,1.0,0.0,-0.01220747735351324,-0.02480124495923519,0.6220263838768005,0.04818994551897049,-0.056218624114990234,-0.02319049835205078,0.0438501201570034,-0.31588080525398254,-0.7798832058906555,-0.0694553554058075,-0.6151746511459351,-0.8277482986450195,0.8257973194122314,-0.35675671696662903,0.11273282766342163,0.6095241904258728,-0.3336508274078369,-0.03472428023815155,-0.4922908544540405,-0.09626977145671844,0.731408953666687,0.5946875810623169,-0.6274858713150024,0.2187967300415039,0.20299725234508514,0.010599449276924133,-0.22331878542900085,0.21419614553451538,-0.08391822874546051,0.0,-0.4000000059604645,-0.05000000074505806,0.3100000023841858,0.49000000953674316,-0.20999999344348907,0.0,1.8108316659927368,-3.204956293106079,-0.4974386990070343,1.1706734895706177,7.039259910583496,-10.438145637512207,0.6746299266815186,-0.19229526817798615,-0.5676378607749939,1.107289433479309,-5.1791672706604,9.835443496704102,0.01911979541182518,0.03282851725816727,-0.046675510704517365,-0.1800168752670288,0.28653353452682495,-0.08881053328514099,287.9092712402344,0.0,0.5,0.0,0.0,0.1763574779033661,0.0,0.5402589440345764,0.2540219724178314,0.0,0.0,0.0,0.0,459.35205078125,0.0
1.6500000000000001,0.6555556058883667,-0.829037749399968,-0.5591926412872722,0.0,1.0,1.0,0.0,-0.010488973930478096,-0.028567854315042496,0.6142013072967529,0.040946345776319504,-0.05643320083618164,-0.03251838684082031,0.051586806774139404,-0.3493904769420624,-0.8009541034698486,0.12343546748161316,-0.7249758243560791,-1.10529363155365,0.8408872485160828,-0.3845149278640747,0.10142911970615387,0.6225396394729614,-0.27192220091819763,-0.143083855509758,-0.4868454933166504,-0.10110312700271606,0.7161381840705872,0.6070031523704529,-0.5920621752738953,0.11154060810804367,0.1927405446767807,0.008548106998205185,-0.21880584955215454,0.19983676075935364,-0.07735393941402435,0.0,-0.4000000059604645,-0.05000000074505806,0.3100000023841858,0.49000000953674316,-0.20999999344348907,0.0,1.0927298069000244,-2.523832082748413,-1.2912176847457886,1.2405081987380981,6.281044006347656,-10.551324844360352,0.4239496886730194,-0.5177695155143738,-1.4452099800109863,1.3187521696090698,4.380992889404297,-10.036636352539062,0.013561911880970001,0.02546793222427368,0.013525046408176422,-0.09955883771181107,0.1778380274772644,-0.2406538426876068,309.3488464355469,0.0,0.5,0.0,0.0,0.1837722212076187,0.0,0.5239829421043396,0.08686952292919159,0.0,0.0,0.0,0.0,370.0151062011719,0.0
1.6600000000000001,0.6666666865348816,-0.8660254662022696,-0.49999989188912974,0.0,1.0,1.0,1.0,-0.009444931522011757,-0.03198128938674927,0.6060609817504883,0.036455437541007996,-0.05386543273925781,-0.045516014099121094,0.06212256848812103,-0.38829541206359863,-0.8220212459564209,0.4942309260368347,-0.16809293627738953,-1.4336825609207153,0.8684931993484497,-0.4037131369113922,0.07531661540269852,0.6406539082527161,-0.1801294982433319,-0.219331294298172,-0.5041096210479736,-0.11410865187644958,0.7152708768844604,0.6417496204376221,-0.5277819633483887,0.05754466727375984,0.18349364399909973,0.006698727607727051,-0.214737206697464,0.186891108751297,-0.07143592834472656,0.0,-0.4000000059604645,-0.05000000074505806,0.3100000023841858,0.49000000953674316,-0.20999999344348907,0.0,3.481682062149048,-1.2456865310668945,-3.197239398956299,2.1490869522094727,9.660942077636719,-0.8270387053489685,-2.736154317855835,-1.4012094736099243,0.04644028842449188,3.885214328765869,7.534517288208008,-4.031929969787598,0.00850098580121994,0.019229933619499207,0.013666036538779736,-0.16959168016910553,0.11467903852462769,-0.00559207983314991,593.2379150390625,25.536603927612305,0.5,0.0,0.0,0.18559247255325317,0.0,0.5040801763534546,0.016393154859542847,0.0,0.0,0.0,0.0,594.3721923828125,0.0
1.67,0.6777777671813965,-0.8987940171128403,-0.4383712066299096,0.0,1.0,1.0,1.0,-0.008201513439416885,-0.03462199866771698,0.5981884002685547,0.03141351044178009,-0.0477442741394043,-0.062027931213378906,0.06306540220975876,-0.4054397642612457,-0.7719554305076599,0.7203934788703918,-0.5836255550384521,-1.8926749229431152,0.8744845986366272,-0.4126896262168884,0.08698824048042297,0.6594721078872681,-0.15784785151481628,-0.09284189343452454,-0.5190459489822388,-0.12202471494674683,0.7285257577896118,0.662661612033844,-0.45041733980178833,0.0941823422908783,0.1753014773130417,0.0050602927803993225,-0.21113264560699463,0.1754220724105835,-0.06619293987751007,0.0,-0.4000000059604645,-0.05000000074505806,0.3100000023841858,0.49000000953674316,-0.20999999344348907,0.0,0.1482938528060913,-0.9128067493438721,0.558971107006073,1.6397441625595093,5.851593971252441,9.28295612335205,-0.9783722758293152,-0.7341867089271545,1.8542211055755615,1.4169880151748657,9.154439926147461,4.074683666229248,0.00306648388504982,0.012003518640995026,0.20090614259243011,0.10255260765552521,-0.028574436902999878,-0.042227670550346375,277.073486328125,265.5262756347656,0.5,0.0,0.0,0.2057502716779709,0.0,0.4913559854030609,0.0007736145635135472,0.0,0.0,0.0,0.0,372.21527099609375,0.0
1.68,0.6888889074325562,-0.9271838982134304,-0.3746064853866613,0.0,1.0,1.0,1.0,-0.006090912967920303,-0.0374312698841095,0.591029942035675,0.023512903600931168,-0.04087972640991211,-0.08007240295410156,0.07478131353855133,-0.48450732231140137,-0.549330472946167,1.0592609643936157,-0.8847359418869019,-1.7800822257995605,0.8841400742530823,-0.42916402220726013,0.08145128935575485,0.6874845027923584,-0.1355535089969635,-0.12209416180849075,-0.5302398800849915,-0.1365390568971634,0.7474154829978943,0.6958600878715515,-0.3989613950252533,0.10510655492544174,0.16820400953292847,0.003640800714492798,-0.2080097645521164,0.16548562049865723,-0.061650559306144714,0.0,-0.4000000059604645,-0.05000000074505806,0.3100000023841858,0.49000000953674316,-0.20999999344348907,0.0,4.503805637359619,-1.3979721069335938,-4.2751665115356445,5.965876579284668,-2.0991528034210205,4.864572525024414,-0.7229143977165222,-1.0956461429595947,2.0201573371887207,3.288522243499756,3.727557897567749,0.8764400482177734,-0.00022773444652557373,0.006425049155950546,0.05265127122402191,0.013762337155640125,-0.012431390583515167,0.0810592770576477,1465.3233642578125,307.7187805175781,0.5,0.0,0.0,0.2342250943183899,0.0,0.4355626702308655,0.0017689208034425974,0.0,0.0,0.0,0.0,1040.4512939453125,0.0
1.69,0.7000000476837158,-0.95105660887834,-0.3090167094330537,0.0,1.0,1.0,1.0,-0.0026420983485877514,-0.039277657866477966,0.5864386558532715,0.011920514516532421,-0.027597427368164062,-0.09796428680419922,0.10231225192546844,-0.4942290186882019,-0.41322222352027893,1.3662441968917847,-1.0465649366378784,-1.6734063625335693,0.8524243831634521,-0.4474314749240875,0.11781542003154755,0.7168990969657898,-0.1540195494890213,-0.133538156747818,-0.5293508172035217,-0.13893960416316986,0.7740382552146912,0.7185537815093994,-0.3599671721458435,0.1486666351556778,0.16223584115505219,0.002447165548801422,-0.2053837776184082,0.1571301817893982,-0.05783092975616455,0.0,-0.4000000059604645,-0.05000000074505806,0.3100000023841858,0.49000000953674316,-0.20999999344348907,0.0,-4.054775238037109,-1.6234183311462402,4.310861587524414,2.4044320583343506,-1.6331981420516968,-1.2920414209365845,0.22999629378318787,-0.4691038727760315,2.4172892570495605,2.3210387229919434,4.180593490600586,-0.39267459511756897,-0.00019672513008117676,0.002072058618068695,-0.002026446396484971,0.08201359212398529,0.007196986582130194,0.029785390943288803,235.65589904785156,235.40928649902344,0.5,0.0,0.0,0.3126177191734314,0.0,0.44716140627861023,0.0036957275588065386,0.0,0.0,0.0,0.0,523.5057373046875,0.0
1.7,0.7111111283302307,-0.9702957524497433,-0.2419217906224798,0.0,1.0,1.0,1.0,0.0006839842535555363,-0.04127069562673569,0.5828325748443604,0.002168557606637478,-0.015471458435058594,-0.11245870590209961,0.12717191874980927,-0.446355402469635,-0.26771241426467896,1.0187941789627075,-0.8974121809005737,-1.280777931213379,0.8150298595428467,-0.462751179933548,0.1581488847732544,0.7394860982894897,-0.1757676750421524,-0.14458298683166504,-0.53294837474823,-0.1459030956029892,0.7916604280471802,0.7528266310691833,-0.35603687167167664,0.12418685108423233,0.15742604434490204,0.0014852061867713928,-0.20326745510101318,0.150396466255188,-0.054752662777900696,0.0,-0.4000000059604645,-0.05000000074505806,0.3100000023841858,0.49000000953674316,-0.20999999344348907,0.0,-3.7296128273010254,-1.5630903244018555,3.926589012145996,1.9738508462905884,-2.7217323780059814,-1.2405136823654175,-0.6566930413246155,-1.1062384843826294,2.091355323791504,4.160667896270752,-0.49576646089553833,0.6923431158065796,0.00023442506790161133,-0.00020314007997512817,-0.013855631463229656,0.032269127666950226,-0.011573642492294312,-0.006404166109859943,192.58482360839844,512.97607421875,0.5,0.0,0.0,0.3995533585548401,0.0,0.5084095597267151,0.03759876638650894,0.0,0.0,0.0,0.0,617.0181884765625,0.0
1.71,0.7222222685813904,-0.9848078035929707,-0.17364789080892623,0.0,1.0,1.0,1.0,0.0041716936975717545,-0.04340050369501114,0.5810500383377075,-0.007216930389404297,-0.006053447723388672,-0.1226801872253418,0.14225775003433228,-0.3879886567592621,-0.10891461372375488,0.8946803212165833,-0.9207298159599304,-0.8652105331420898,0.7787942886352539,-0.47500795125961304,0.1944303959608078,0.7573434710502625,-0.19413548707962036,-0.12893691658973694,-0.5327428579330444,-0.15121254324913025,0.8026063442230225,0.785495936870575,-0.37390631437301636,0.12003767490386963,0.15379804372787476,0.000759609043598175,-0.20167113840579987,0.14531725645065308,-0.052430734038352966,0.0,-0.4000000059604645,-0.05000000074505806,0.3100000023841858,0.49000000953674316,-0.20999999344348907,0.0,-3.4209234714508057,-0.8674848079681396,3.3219101428985596,1.6129199266433716,-0.8857658505439758,4.5873942375183105,0.32274073362350464,-0.23661227524280548,0.6143901348114014,2.729729652404785,-1.732483148574829,-0.9477787017822266,0.0017128810286521912,-0.00021544843912124634,0.062138881534338,-0.0014479818055406213,-0.05076164752244949,0.004813679959625006,212.56243896484375,500.1571960449219,0.5,0.0,0.0,0.44239944219589233,0.0,0.5729084014892578,0.22376060485839844,0.0,0.0,0.0,0.0,457.6333923339844,0.0
1.72,0.7333333492279053,-0.9945219058073734,-0.10452836394620216,0.0,1.0,1.0,1.0,0.007179989013820887,-0.045346420258283615,0.5802834033966064,-0.013544559478759766,0.0019702326972037554,-0.12775802612304688,0.1754371076822281,-0.3416704833507538,-0.049019794911146164,0.748595118522644,-0.4390353858470917,-0.289238303899765,0.7570995092391968,-0.48074936866760254,0.22163376212120056,0.7590471506118774,-0.1934501826763153,-0.19516552984714508,-0.5298110842704773,-0.15153905749320984,0.806574285030365,0.805235743522644,-0.38660717010498047,0.11581824719905853,0.15136952698230743,0.0002739056944847107,-0.20060259103775024,0.14191734790802002,-0.05087648332118988,0.0,-0.4000000059604645,-0.05000000074505806,0.3100000023841858,0.49000000953674316,-0.20999999344348907,0.0,-1.1661988496780396,-0.4984443187713623,2.7178990840911865,-0.06224251538515091,0.3595092296600342,-3.6152422428131104,0.16482652723789215,0.000902816653251648,0.26341092586517334,1.6985678672790527,-0.9832847714424133,-0.9625917077064514,0.002721913158893585,-0.00020709261298179626,0.6954965591430664,0.002155655762180686,0.002743929158896208,0.008949177339673042,103.48236846923828,419.5087890625,0.5,0.0,0.0,0.4064134359359741,0.0,0.6413630843162537,0.8459308743476868,0.0,0.0,0.0,0.0,245.7033233642578,0.0
1.73,0.7444444894790649,-0.9993908368942477,-0.03489921391400607,0.0,1.0,1.0,1.0,0.010133271105587482,-0.047393735498189926,0.5802024602890015,-0.01867389678955078,0.007928957231342793,-0.12843990325927734,0.19704513251781464,-0.3015396296977997,0.022527923807501793,0.4595559239387512,-0.5459358096122742,0.10834091156721115,0.7381594777107239,-0.487604022026062,0.2630469799041748,0.760223388671875,-0.2089461386203766,-0.12753194570541382,-0.5255473852157593,-0.15063486993312836,0.8026306629180908,0.8237035274505615,-0.41830530762672424,0.102154940366745,0.1501522958278656,3.045797348022461e-05,-0.20006701350212097,0.1402132213115692,-0.05009746551513672,0.0,-0.4000000059604645,-0.05000000074505806,0.3100000023841858,0.49000000953674316,-0.20999999344348907,0.0,-2.106142044067383,-0.7894790172576904,3.9349453449249268,0.24009858071804047,-0.7348904013633728,4.090726852416992,0.6784458756446838,0.051444124430418015,-0.7831879258155823,1.7114146947860718,-3.0697896480560303,-1.8401743173599243,0.003556981682777405,0.0006710812449455261,0.37174978852272034,-0.02289425954222679,-0.1253889501094818,0.009632958099246025,109.59186553955078,422.1966857910156,0.5,0.0,0.0,0.35700371861457825,0.0,0.6939082145690918,0.976797878742218,0.0,0.0,0.0,0.0,296.2386474609375,0.0
1.74,0.7555556297302246,-0.9993908107539656,0.03489996247178119,0.0,1.0,1.0,1.0,0.01278787013143301,-0.049623508006334305,0.580489456653595,-0.021582603454589844,0.0116918059065938,-0.12587785720825195,0.23332658410072327,-0.2760844826698303,0.02482753060758114,0.34881871938705444,-0.09716324508190155,0.36936768889427185,0.733691930770874,-0.49799656867980957,0.29564401507377625,0.7663010954856873,-0.2192256599664688,-0.12038994580507278,-0.5197828412055969,-0.1460573524236679,0.7941040992736816,0.8275598883628845,-0.41737353801727295,0.10438837856054306,0.15030452609062195,6.090477108955383e-05,-0.20013399422168732,0.14042633771896362,-0.050194889307022095,0.0,-0.4000000059604645,-0.05000000074505806,0.3100000023841858,0.49000000953674316,-0.20999999344348907,0.0,0.17724421620368958,-1.1648998260498047,3.54597544670105,0.5761716365814209,-0.7571307420730591,1.1558927297592163,0.5488471388816833,0.7064828276634216,-1.8919014930725098,-0.0938735380768776,-1.553642749786377,-8.615211486816406,0.004929825663566589,0.0007377304136753082,0.4794169068336487,0.04366655275225639,-0.18919172883033752,-0.07880154252052307,82.81694030761719,239.24169921875,0.5,0.0,0.0,0.3303322196006775,0.0,0.7447738647460938,0.7611956000328064,0.0,0.0,0.0,0.0,208.487060546875,0.0
1.75,0.7666666507720947,-0.9945219058073733,0.1045283639462018,0.0,1.0,1.0,1.0,0.015423115342855453,-0.05182303488254547,0.5810583829879761,-0.02348804473876953,0.01478484645485878,-0.12314653396606445,0.24535366892814636,-0.25143492221832275,0.07869565486907959,0.3148730993270874,-0.22753897309303284,0.2159944623708725,0.7288233041763306,-0.5106234550476074,0.3406130075454712,0.7740388512611389,-0.21280814707279205,-0.05431484431028366,-0.5082245469093323,-0.1431954801082611,0.7850152850151062,0.8253433704376221,-0.41282662749290466,0.08093911409378052,0.15273155272006989,0.0005463100969791412,-0.2012018859386444,0.14382418990135193,-0.051748186349868774,0.0,-0.4000000059604645,-0.05000000074505806,0.3100000023841858,0.49000000953674316,-0.20999999344348907,0.0,-0.676593005657196,-1.205143690109253,4.363363742828369,0.8828835487365723,0.1718292385339737,6.214034080505371,1.0527998208999634,0.4847923219203949,-1.0489044189453125,-0.07701028883457184,-0.645841121673584,-0.9017083048820496,0.006394088268280029,0.00043789297342300415,0.37995582818984985,-0.0019646710716187954,-0.26396751403808594,-0.0044021084904670715,170.83164978027344,331.368408203125,0.5,0.0,0.0,0.31352633237838745,0.0,0.7740424871444702,0.9109136462211609,0.0,0.0,0.0,0.0,241.47836303710938,0.0
1.76,0.7777777910232544,-0.9848077385605463,0.1736482596263574,0.0,1.0,1.0,1.0,0.017449192702770233,-0.05392855033278465,0.5816549062728882,-0.02216053009033203,0.017077848315238953,-0.1205449104309082,0.2762666940689087,-0.23854777216911316,0.04734821990132332,0.18127256631851196,0.3658764362335205,0.26849448680877686,0.7366141080856323,-0.5215991735458374,0.3700362741947174,0.7769119739532471,-0.23884499073028564,-0.13452894985675812,-0.5061556696891785,-0.13997282087802887,0.7803344130516052,0.8266385197639465,-0.4274515211582184,0.10478430986404419,0.15753847360610962,0.001507692039012909,-0.20331692695617676,0.1505538821220398,-0.054824620485305786,0.0,-0.4000000059604645,-0.05000000074505806,0.3100000023841858,0.49000000953674316,-0.20999999344348907,0.0,1.4238572120666504,-1.2079236507415771,3.0808534622192383,0.0013926003593951464,-0.2588620185852051,-6.237251281738281,-0.14590387046337128,0.1661713868379593,-0.23721075057983398,0.0630069151520729,-1.2502946853637695,2.744597911834717,0.00771293044090271,0.000840991735458374,0.7253525257110596,-0.0010718462290242314,-0.1538638025522232,-0.04744238406419754,72.145751953125,202.59263610839844,0.5,0.0,0.0,0.3127632439136505,0.0,0.8074103593826294,0.8657331466674805,0.0,0.0,0.0,0.0,136.21165466308594,0.0
1.77,0.7888889312744141,-0.9702956618482644,0.24192215400504102,0.0,1.0,1.0,1.0,0.019262339919805527,-0.05627056956291199,0.5822561979293823,-0.019327640533447266,0.017778344452381134,-0.11829423904418945,0.28570273518562317,-0.21530954539775848,0.0758809894323349,0.06298290938138962,0.2266426533460617,0.07999072968959808,0.7656825184822083,-0.5312332510948181,0.3734242916107178,0.7875255346298218,-0.24517960846424103,-0.041557908058166504,-0.4969334602355957,-0.1416345089673996,0.7771077752113342,0.8185991048812866,-0.4154154658317566,0.07587472349405289,0.16463162004947662,0.002926323562860489,-0.20643791556358337,0.16048428416252136,-0.05936422944068909,0.0,-0.4000000059604645,-0.05000000074505806,0.3100000023841858,0.49000000953674316,-0.20999999344348907,0.0,2.292076349258423,-0.8010222911834717,-0.6725528240203857,0.9291415214538574,0.8712396621704102,2.858442544937134,0.648186981678009,0.009629232808947563,-0.595937967300415,-0.5202161073684692,0.1501825451850891,0.7546088695526123,0.009438734501600266,0.00027534738183021545,0.15243808925151825,-0.008051709271967411,-0.11894918978214264,0.02316250093281269,231.25213623046875,344.5044860839844,0.5,0.0,0.0,0.3260830342769623,0.0,0.8314675092697144,0.9872844815254211,0.0,0.0,0.0,0.0,105.47407531738281,0.0
1.78,0.800000011920929,-0.9510564931493437,0.30901706561041664,0.0,1.0,1.0,1.0,0.020752664655447006,-0.05869011580944061,0.5828558206558228,-0.014644145965576172,0.017452819272875786,-0.11910676956176758,0.30652937293052673,-0.20602737367153168,0.06005663424730301,-0.14604929089546204,0.6533950567245483,-0.19279395043849945,0.7873978018760681,-0.5408006310462952,0.37468209862709045,0.7928577661514282,-0.2604294717311859,-0.03688756749033928,-0.49754881858825684,-0.1492171734571457,0.779101550579071,0.8232480883598328,-0.4317440390586853,0.07115451246500015,0.1738729029893875,0.0047745779156684875,-0.21050408482551575,0.17342206835746765,-0.06527864933013916,0.0,-0.4000000059604645,-0.05000000074505806,0.3100000023841858,0.49000000953674316,-0.20999999344348907,0.0,2.639543294906616,-1.0165903568267822,-0.011483735404908657,0.30439379811286926,-0.6321222186088562,1.0534710884094238,-0.5125085115432739,-1.230983853340149,1.1869618892669678,-0.19403374195098877,10.208427429199219,2.955280065536499,0.010788172483444214,0.0012040771543979645,0.200597882270813,0.02655005268752575,-0.0809486135840416,-0.04668354243040085,89.1734848022461,529.5245361328125,0.5,0.0,0.0,0.346396267414093,0.0,0.8523514270782471,0.928356945514679,0.0,0.0,0.0,0.0,229.133056640625,0.0
1.79,0.8111111521720886,-0.927183757920604,0.3746068326235209,0.0,1.0,1.0,1.0,0.02223791740834713,-0.06143287941813469,0.5833936333656311,-0.009343624114990234,0.015354643575847149,-0.12138652801513672,0.32324063777923584,-0.1917077898979187,0.050793956965208054,-0.2458304911851883,0.49092042446136475,-0.3262811005115509,0.8071745038032532,-0.5521137118339539,0.3627866208553314,0.7971174120903015,-0.27827414870262146,-0.0840475782752037,-0.4916497766971588,-0.15958265960216522,0.7859812378883362,0.8194316625595093,-0.4386155307292938,0.06640396267175674,0.1850825548171997,0.007016509771347046,-0.21543632447719574,0.18911558389663696,-0.07245282828807831,0.0,-0.4000000059604645,-0.05000000074505806,0.3100000023841858,0.49000000953674316,-0.20999999344348907,0.0,1.5219835042953491,-1.201870322227478,-1.1187419891357422,0.37667474150657654,-1.7410026788711548,-4.605714321136475,0.8117035031318665,-0.9464380741119385,0.2459913194179535,-0.4954720139503479,-1.1457302570343018,-3.2831759452819824,0.012047901749610901,0.0013997480273246765,-0.10107575356960297,-0.005985721945762634,0.0036237556487321854,-0.03274528309702873,119.91678619384766,190.70054626464844,0.5,0.0,0.0,0.3794141709804535,0.0,0.8728500604629517,0.8082218170166016,0.0,0.0,0.0,0.0,121.15135955810547,0.0
1.8,0.8222222328186035,-0.8987940171128406,0.4383712066299093,0.0,1.0,1.0,1.0,0.023154042661190033,-0.06439179927110672,0.5836954712867737,-0.0013422966003417969,0.011622761376202106,-0.1250452995300293,0.3450753688812256,-0.1775454431772232,0.015262261964380741,-0.4652310609817505,0.9596297740936279,-0.38562077283859253,0.8289172053337097,-0.5642430186271667,0.3577728569507599,0.7885680794715881,-0.2672082781791687,-0.11829737573862076,-0.498691201210022,-0.17781326174736023,0.7900848984718323,0.829475998878479,-0.4389483332633972,0.03093799017369747,0.1980423778295517,0.009608473628759384,-0.22113865613937378,0.20725932717323303,-0.08074711263179779,0.0,-0.4000000059604645,-0.05000000074505806,0.3100000023841858,0.49000000953674316,-0.20999999344348907,0.0,2.7885611057281494,-1.3019344806671143,-0.3645589351654053,-1.188544511795044,1.9249430894851685,-2.6174917221069336,-1.1212782859802246,-1.928290843963623,0.5590794086456299,1.3832964897155762,-2.4824154376983643,-1.8618191480636597,0.01205446571111679,0.0028625912964344025,0.15788863599300385,-0.038563478738069534,0.16601239144802094,0.010009552352130413,33.06011199951172,217.75894165039062,0.5,0.0,0.0,0.42273855209350586,0.0,0.8948957920074463,0.7427418828010559,0.0,0.0,0.0,0.0,243.16748046875,0.0
1.81,0.8333333730697632,-0.8660252789487355,0.5000002162217179,0.0,1.0,1.0,1.0,0.024864664301276207,-0.06748950481414795,0.5841273069381714,0.003966403193771839,0.007144292816519737,-0.12876081466674805,0.344259113073349,-0.17045174539089203,0.059913210570812225,-0.41060033440589905,0.25528445839881897,-0.4103659689426422,0.8474365472793579,-0.5768429636955261,0.35412317514419556,0.7871646285057068,-0.26302430033683777,-0.07339946180582047,-0.4854693114757538,-0.19180281460285187,0.8012747764587402,0.819907009601593,-0.4424164593219757,0.07986024022102356,0.21250009536743164,0.012500017881393433,-0.2275000512599945,0.22750014066696167,-0.09000005573034286,0.0,-0.4000000059604645,-0.05000000074505806,0.3100000023841858,0.49000000953674316,-0.20999999344348907,0.0,1.3094860315322876,-1.145891547203064,-0.65491783618927,-0.034854039549827576,0.4501151740550995,4.135419845581055,2.247096061706543,-1.3698142766952515,0.7079516053199768,-1.0477430820465088,0.41532304883003235,-0.7421114444732666,0.012335218489170074,0.0026823729276657104,-0.015165942721068859,-0.06269903481006622,-0.035564448684453964,0.06613752990961075,250.6650848388672,172.2145233154297,0.5,0.0,0.0,0.45337724685668945,0.0,0.898868978023529,0.7140513062477112,0.0,0.0,0.0,0.0,152.985107421875,0.0
1.82,0.8444445133209229,-0.8290373305565872,0.5591932622480423,0.0,1.0,1.0,1.0,0.02658979222178459,-0.07032567262649536,0.5844762921333313,0.009443399496376514,0.003398385364562273,-0.13353538513183594,0.35787636041641235,-0.15898114442825317,0.0190872922539711,-0.36030933260917664,0.7058610320091248,-0.5425963997840881,0.8614810109138489,-0.582812488079071,0.34738868474960327,0.781342625617981,-0.24831053614616394,-0.040751863270998,-0.47999539971351624,-0.20541347563266754,0.8005045652389526,0.8184080719947815,-0.4397420585155487,0.01829938404262066,0.22817428410053253,0.01563485711812973,-0.23439669609069824,0.24944400787353516,-0.1000315323472023,0.0,-0.4000000059604645,-0.05000000074505806,0.3100000023841858,0.49000000953674316,-0.20999999344348907,0.0,1.4816237688064575,-0.513069748878479,-0.7565978765487671,-0.7967048287391663,2.212167739868164,1.0400348901748657,-0.18148721754550934,-1.3716931343078613,0.31332582235336304,0.23653210699558258,-0.12308739125728607,-2.25148868560791,0.012131154537200928,0.0030718594789505005,0.037911221385002136,-0.011264723725616932,-0.031287044286727905,0.025501687079668045,85.28985595703125,162.99050903320312,0.5,0.0,0.0,0.437717080116272,0.0,0.9130649566650391,0.5549808740615845,0.0,0.0,0.0,0.0,80.31462097167969,0.0
1.83,0.8555555939674377,-0.7880106050174337,0.6156616655112271,0.0,1.0,1.0,1.0,0.029134416952729225,-0.07301600277423859,0.5848796367645264,0.012005728669464588,0.0006269303848966956,-0.13840246200561523,0.3521741032600403,-0.16671223938465118,0.05357234552502632,-0.22295144200325012,-0.028957970440387726,-0.4279804527759552,0.8613501191139221,-0.5911279916763306,0.34846076369285583,0.7777113318443298,-0.24164819717407227,-0.03143155202269554,-0.4630323350429535,-0.21466240286827087,0.811608076095581,0.8085038065910339,-0.43336114287376404,0.08423172682523727,0.24475990235805511,0.018951980397105217,-0.2416943609714508,0.2726638615131378,-0.1106463298201561,0.0,-0.4000000059604645,-0.05000000074505806,0.3100000023841858,0.49000000953674316,-0.20999999344348907,0.0,-0.388190895318985,-1.0099923610687256,0.24879172444343567,0.023509206250309944,0.22219595313072205,1.9375413656234741,2.4525163173675537,-0.8517369627952576,0.9961346387863159,-0.9974116086959839,2.0800232887268066,4.3852338790893555,0.012424282729625702,0.00276053324341774,0.03881315141916275,-0.09611517190933228,-0.03579813987016678,0.04443570598959923,287.5854797363281,144.52261352539062,0.5,0.0,0.0,0.42391183972358704,0.0,0.9054792523384094,0.6932708621025085,0.0,0.0,0.0,0.0,176.22561645507812,0.0
1.84,0.8666666746139526,-0.7431447920648447,0.669130643467252,0.0,1.0,1.0,1.0,0.03172707185149193,-0.07538660615682602,0.5850378274917603,0.014529610984027386,-0.0009946823120117188,-0.14243841171264648,0.3623887896537781,-0.15485922992229462,-0.0018877943512052298,-0.13261070847511292,0.4118465483188629,-0.3770994246006012,0.8579784035682678,-0.5965564846992493,0.34698471426963806,0.7745559215545654,-0.25523531436920166,-0.07866121828556061,-0.45741575956344604,-0.22218231856822968,0.810015082359314,0.8122428059577942,-0.4506382346153259,0.06553269922733307,0.26193398237228394,0.022386794909834862,-0.24925094842910767,0.2967075705528259,-0.1216377392411232,0.0,-0.4000000059604645,-0.05000000074505806,0.3100000023841858,0.49000000953674316,-0.20999999344348907,0.0,-0.39179399609565735,-0.41602063179016113,0.2317127287387848,-0.5965843200683594,0.5308845043182373,-1.5322262048721313,-0.10499982535839081,-0.7839706540107727,0.05707627907395363,0.6721705794334412,-1.2307634353637695,-0.1874782145023346,0.01266886293888092,0.0034744367003440857,0.030329210683703423,-0.016009654849767685,0.012231576256453991,0.0037367097102105618,71.50241088867188,115.23796844482422,0.5,0.0,0.0,0.40276601910591125,0.0,0.9177443385124207,0.7524596452713013,0.0,0.0,0.0,0.0,57.4793586730957,0.0
1.85,0.8777778148651123,-0.6946582028336742,0.7193399622125064,0.0,1.0,1.0,1.0,0.0348365493118763,-0.07721991837024689,0.5851863622665405,0.015297061763703823,8.246920333476737e-05,-0.14552831649780273,0.34862133860588074,-0.17920257151126862,0.032005518674850464,0.2885213792324066,-0.1604185402393341,-0.30486127734184265,0.8417397141456604,-0.5966816544532776,0.3630400598049164,0.7703470587730408,-0.22274881601333618,0.00313565693795681,-0.4466363191604614,-0.22299642860889435,0.8023039102554321,0.8088468909263611,-0.4366457760334015,-0.02038896270096302,0.2793624997138977,0.025872496888041496,-0.2569195032119751,0.32110750675201416,-0.13279199600219727,0.0,-0.4000000059604645,-0.05000000074505806,0.3100000023841858,0.49000000953674316,-0.20999999344348907,0.0,-1.8283321857452393,0.12402485311031342,1.371437668800354,0.011502698063850403,3.0592222213745117,9.118073463439941,1.65605890750885,0.05092412978410721,-0.606353759765625,-0.34928494691848755,3.2535743713378906,-6.383671283721924,0.012740325182676315,0.0031240470707416534,0.1406271904706955,-0.10472530126571655,-0.08341070264577866,0.03003797121345997,388.4150695800781,56.6491813659668,0.5,0.0,0.0,0.39881274104118347,0.0,0.8957821130752563,0.8303726315498352,0.0,0.0,0.0,0.0,616.066650390625,0.0
1.86,0.888888955116272,-0.642787290920897,0.7660447105949979,0.0,1.0,1.0,1.0,0.03830098733305931,-0.07905455678701401,0.5850213170051575,0.014711773954331875,0.0017752305138856173,-0.14841175079345703,0.36041566729545593,-0.1737450808286667,-0.035402748733758926,0.08937583118677139,-0.00039068597834557295,-0.27286747097969055,0.8265761733055115,-0.5962997078895569,0.3681001365184784,0.7666444182395935,-0.25451499223709106,-0.09492811560630798,-0.43632960319519043,-0.22626176476478577,0.8044904470443726,0.8128394484519958,-0.4609043598175049,0.03983069583773613,0.2967061996459961,0.029341241344809532,-0.26455074548721313,0.3453887104988098,-0.14389196038246155,0.0,-0.4000000059604645,-0.05000000074505806,0.3100000023841858,0.49000000953674316,-0.20999999344348907,0.0,-1.3338325023651123,-0.04157311096787453,0.35881757736206055,-0.7687483429908752,0.617884635925293,-8.7047758102417,0.6000678539276123,-0.5445830225944519,-0.05640103295445442,0.7632997035980225,-1.0377849340438843,0.08477605879306793,0.012911543250083923,0.0032539665699005127,0.4228103756904602,0.020283140242099762,-0.024678532034158707,0.05672604218125343,69.38526916503906,90.02330017089844,0.5,0.0,0.0,0.4014660120010376,0.0,0.9054327011108398,0.8616438508033752,0.0,0.0,0.0,0.0,77.36642456054688,0.0
1.87,0.9000000357627869,-0.587785070502928,0.8090171264527518,0.0,1.0,1.0,1.0,0.04245322197675705,-0.08044621348381042,0.5848309993743896,0.011804063804447651,0.005638451781123877,-0.1504201889038086,0.3570753037929535,-0.18345636129379272,-0.0018383980495855212,0.531949520111084,-0.46954843401908875,-0.1230131983757019,0.7812830805778503,-0.5935360193252563,0.4039546847343445,0.7617282867431641,-0.229221910238266,-0.022700926288962364,-0.4252703785896301,-0.223301500082016,0.7891358137130737,0.8140285611152649,-0.44124314188957214,-0.04075050354003906,0.3136272132396698,0.03272544592618942,-0.2719959616661072,0.3690780997276306,-0.15472140908241272,0.0,-0.4000000059604645,-0.05000000074505806,0.3100000023841858,0.49000000953674316,-0.20999999344348907,0.0,-4.680464267730713,0.14306555688381195,3.660615921020508,0.06509216874837875,2.1830058097839355,6.9394612312316895,1.3499425649642944,0.4270407557487488,-1.464856743812561,0.2705399692058563,3.2075700759887695,-6.95943021774292,0.012867197394371033,0.002770218998193741,0.1064465269446373,-0.007456144317984581,-0.05498775094747543,0.10418747365474701,308.58306884765625,89.95951080322266,0.5,0.0,0.0,0.4154907763004303,0.0,0.897477388381958,0.9701889157295227,0.0,0.0,0.0,0.0,484.793701171875,0.0
1.8800000000000001,0.9111111760139465,-0.5299189184020804,0.8480483122555985,0.0,1.0,1.0,1.0,0.04657483845949173,-0.08226336538791656,0.5842264294624329,0.009287088178098202,0.0082004489377141,-0.15124130249023438,0.3800172209739685,-0.1827435940504074,-0.08655908703804016,0.07128334045410156,-0.12568284571170807,-0.04555712267756462,0.7642202377319336,-0.5961719155311584,0.41575855016708374,0.7554647922515869,-0.24905110895633698,-0.15299010276794434,-0.4155711829662323,-0.2261083424091339,0.7888829708099365,0.8243530988693237,-0.47698891162872314,0.005069882143288851,0.3297964930534363,0.03595929965376854,-0.27911046147346497,0.3917151093482971,-0.16506975889205933,0.0,-0.4000000059604645,-0.05000000074505806,0.3100000023841858,0.49000000953674316,-0.20999999344348907,0.0,-0.6476923823356628,-0.5993708372116089,1.7224360704421997,-1.2568714618682861,-2.2087464332580566,-10.16855239868164,0.7115043997764587,-0.5237270593643188,-0.11732709407806396,1.0903494358062744,-2.1686699390411377,1.9439574480056763,0.012860778719186783,0.0031409338116645813,0.9297993183135986,0.043010544031858444,0.1468614935874939,0.026272565126419067,6.816784858703613,88.60289764404297,0.5,0.0,0.0,0.4180135428905487,0.0,0.9088436961174011,0.9958577156066895,0.0,0.0,0.0,0.0,300.27825927734375,0.0
1.8900000000000001,0.9222222566604614,-0.46947137173205616,0.882947694444026,0.0,1.0,1.0,1.0,0.05145129933953285,-0.08346586674451828,0.5835065245628357,0.004397431388497353,0.013403183780610561,-0.15211105346679688,0.3745287358760834,-0.18883483111858368,-0.0574539378285408,0.7576855421066284,-0.7209567427635193,-0.08119776844978333,0.7128903269767761,-0.5935083031654358,0.4630003571510315,0.7544283270835876,-0.2251131385564804,-0.04116835817694664,-0.40306326746940613,-0.2199806123971939,0.7754090428352356,0.8272485136985779,-0.4562666416168213,-0.04965122044086456,0.3448992371559143,0.038979846984148026,-0.2857556641101837,0.4128589332103729,-0.17473550140857697,0.0,-0.4000000059604645,-0.05000000074505806,0.3100000023841858,0.49000000953674316,-0.20999999344348907,0.0,-5.7552714347839355,0.2442236691713333,4.545725345611572,0.47834593057632446,2.573612689971924,8.191338539123535,1.7482496500015259,0.921537458896637,-1.194269061088562,0.2584492862224579,2.2270824909210205,-3.834529399871826,0.01252758875489235,0.00232725590467453,0.1285496950149536,0.029026556760072708,-0.07809366285800934,0.058498501777648926,334.6854248046875,89.65930938720703,0.5,0.0,0.0,0.4051037132740021,0.0,0.9023045301437378,0.9869003891944885,0.0,0.0,0.0,0.0,516.2466430664062,0.0
1.9000000000000001,0.9333333969116211,-0.40673627813796054,0.913545620123308,0.0,1.0,0.0,1.0,0.05598227679729462,-0.08501278609037399,0.5822888612747192,0.0013526447582989931,0.017615076154470444,-0.15352201461791992,0.40776553750038147,-0.19362938404083252,-0.1527145355939865,0.19522327184677124,-0.05058019608259201,-0.17216795682907104,0.6958380937576294,-0.5989049673080444,0.48658162355422974,0.7488750219345093,-0.15999720990657806,-0.17619186639785767,-0.3973107635974884,-0.22165848314762115,0.7756533622741699,0.8479763865470886,-0.498480886220932,-0.0340164452791214,0.35864144563674927,0.04172828793525696,-0.29180222749710083,0.43209803104400635,-0.1835305243730545,0.0,-0.4000000059604645,-0.05000000074505806,0.3100000023841858,0.49000000953674316,-0.20999999344348907,0.0,-0.11096582561731339,-1.1133593320846558,3.3423407077789307,-1.0743153095245361,5.238635540008545,-10.245224952697754,0.07858720421791077,-0.5070488452911377,0.04523853957653046,2.1929774284362793,-4.550217151641846,1.4673104286193848,0.012332364916801453,0.003232724964618683,1.1695572137832642,-0.016803966835141182,0.054638225585222244,-0.039417266845703125,0.0,127.28395080566406,0.5,0.0,0.0,0.37382757663726807,0.0,0.9121059775352478,0.9424394369125366,0.0,0.0,0.0,0.0,475.6416320800781,0.0
1.9100000000000001,0.9444445371627808,-0.3420195958921803,0.9396928200352228,0.0,1.0,1.0,1.0,0.06081860139966011,-0.08619830012321472,0.5808197259902954,-0.002190113067626953,0.022493761032819748,-0.1543865203857422,0.4063481092453003,-0.17107869684696198,-0.14029985666275024,0.6489187479019165,-0.5949866771697998,-0.12063632905483246,0.6520998477935791,-0.5974100232124329,0.5371029376983643,0.7455880045890808,-0.20917505025863647,-0.07823958247900009,-0.3858169913291931,-0.2124558538198471,0.7717900276184082,0.8491887450218201,-0.5016944408416748,0.012896397151052952,0.370755672454834,0.04415113478899002,-0.2971324920654297,0.449057936668396,-0.19128362834453583,0.0,-0.4000000059604645,-0.05000000074505806,0.3100000023841858,0.49000000953674316,-0.20999999344348907,0.0,-5.836606979370117,0.1290796548128128,4.340187072753906,0.32344913482666016,1.703521728515625,3.331228256225586,1.5725314617156982,1.1955167055130005,-1.3264050483703613,-0.07880081236362457,1.6116905212402344,-2.114577293395996,0.01107478141784668,0.0017273537814617157,0.10484981536865234,0.03431996703147888,-0.04136025905609131,-0.016641877591609955,283.6231689453125,294.4786376953125,0.5,0.0,0.0,0.3409223258495331,0.0,0.9267446398735046,0.9713132381439209,0.0,0.0,0.0,0.0,256.003173828125,0.0
1.92,0.9555556178092957,-0.2756369798177499,0.9612618037542892,0.0,1.0,0.0,1.0,0.06526001542806625,-0.08795101940631866,0.5788242816925049,-0.0037665367126464844,0.02540363185107708,-0.1563119888305664,0.4387010335922241,-0.1839970052242279,-0.22842788696289062,0.06785375624895096,0.09141680598258972,-0.22499868273735046,0.6342810392379761,-0.6045598983764648,0.5595952272415161,0.7373988032341003,-0.11955182254314423,-0.19777803122997284,-0.3841654658317566,-0.22030764818191528,0.764909565448761,0.8737157583236694,-0.5075608491897583,-0.057534631341695786,0.38100606203079224,0.04620121046900749,-0.30164265632629395,0.463408499956131,-0.19784386456012726,0.0,-0.4000000059604645,-0.05000000074505806,0.3100000023841858,0.49000000953674316,-0.20999999344348907,0.0,-0.32245397567749023,-1.3222662210464478,3.1358447074890137,-1.279099941253662,7.885858535766602,-10.129120826721191,-0.5265833735466003,-1.4875544309616089,-0.1705392599105835,3.179980516433716,-2.1062471866607666,-4.695590972900391,0.010075487196445465,0.0024604499340057373,0.9742324352264404,0.001765729859471321,0.142290860414505,0.07309604436159134,0.0,168.1529083251953,0.5,0.0,0.0,0.3164827227592468,0.0,0.927534818649292,0.9037081599235535,0.0,0.0,0.0,0.0,520.17822265625,0.0
1.93,0.9666666984558105,-0.2079114954454082,0.9781476422614606,0.0,1.0,1.0,1.0,0.07050001621246338,-0.08950696885585785,0.5767536163330078,-0.007755279541015625,0.028774499893188477,-0.15839195251464844,0.43559756875038147,-0.16276533901691437,-0.19079117476940155,0.5136595368385315,-0.7193655967712402,-0.3265695571899414,0.5794597864151001,-0.6077909469604492,0.6213022470474243,0.7341014742851257,-0.15710319578647614,-0.08384167402982712,-0.36401107907295227,-0.21885459125041962,0.7624592781066895,0.8687222003936768,-0.4968414008617401,-0.02432757057249546,0.38919323682785034,0.04783864691853523,-0.3052450120449066,0.4748705327510834,-0.20308366417884827,0.0,-0.4000000059604645,-0.05000000074505806,0.3100000023841858,0.49000000953674316,-0.20999999344348907,0.0,-6.7786712646484375,-0.41884586215019226,5.741019248962402,0.4439256489276886,3.3224878311157227,5.511783599853516,2.5038912296295166,0.6343628168106079,-1.2354313135147095,0.06695032864809036,-1.0891448259353638,-3.8824450969696045,0.00833398848772049,-0.00020876526832580566,0.10973047465085983,-0.02756502665579319,-0.016356011852622032,0.06509361416101456,349.0450744628906,234.17037963867188,0.5,0.0,0.0,0.29389655590057373,0.0,0.940559446811676,0.8079174757003784,0.0,0.0,0.0,0.0,611.9749145507812,0.0
1.94,0.9777778387069702,-0.13917272185631788,0.9902681220210533,0.0,1.0,0.0,1.0,0.07489845901727676,-0.09106313437223434,0.5744493007659912,-0.007796287536621094,0.03158797323703766,-0.16190433502197266,0.4739155173301697,-0.16035938262939453,-0.25723350048065186,0.1245281919836998,0.3899661898612976,-0.3404603898525238,0.5621591806411743,-0.6141870617866516,0.6504942178726196,0.7238384485244751,-0.05551077425479889,-0.22085240483283997,-0.3674730360507965,-0.22439317405223846,0.7614173293113708,0.8948034644126892,-0.5215508937835693,-0.037036243826150894,0.39515775442123413,0.04903154820203781,-0.30786940455436707,0.4832208454608917,-0.206900954246521,0.0,-0.4000000059604645,-0.05000000074505806,0.3100000023841858,0.49000000953674316,-0.20999999344348907,0.0,-0.006970054470002651,-0.9838242530822754,4.167228698730469,-1.6081699132919312,9.955464363098145,-10.259427070617676,-1.1566085815429688,-0.8441560864448547,0.035804055631160736,2.711111307144165,-2.576073169708252,-1.1394518613815308,0.00684371218085289,0.0005602538585662842,1.2205846309661865,-0.004963155370205641,0.06653246283531189,-2.685381332412362e-06,0.0,195.3824005126953,0.5,0.0,0.0,0.2743784487247467,0.0,0.9485782384872437,0.7930837273597717,0.0,0.0,0.0,0.0,628.9295654296875,0.0
1.95,0.9888889789581299,-0.06975590920093967,0.9975640897363689,1.0,1.0,1.0,1.0,0.0798017680644989,-0.0925828292965889,0.5722953081130981,-0.009022235870361328,0.03385148569941521,-0.16569137573242188,0.4743596911430359,-0.1265335977077484,-0.16473056375980377,0.27361929416656494,-0.5404948592185974,-0.5233213901519775,0.5159160494804382,-0.6178057193756104,0.7150243520736694,0.7188857197761536,-0.09300652146339417,-0.09096565842628479,-0.3595414459705353,-0.2261994481086731,0.7594119906425476,0.9047971963882446,-0.5266284942626953,-0.035509709268808365,0.4000000059604645,0.05000000074505806,-0.3100000023841858,0.49000000953674316,-0.20999999344348907,0.0,-0.4000000059604645,-0.05000000074505806,0.3100000023841858,0.49000000953674316,-0.20999999344348907,0.0,-5.614053726196289,-0.5731990337371826,3.933598756790161,-0.45807287096977234,10.797896385192871,1.9862431287765503,1.4173495769500732,0.018680064007639885,-0.7673727869987488,1.29269540309906,-1.1511237621307373,-1.662379503250122,0.004700809717178345,-0.0001964271068572998,0.12937235832214355,-0.007423643488436937,0.10616270452737808,0.006391754373908043,674.1727905273438,409.3800354003906,0.5,0.0,0.0,0.2573632597923279,0.0,0.9672131538391113,0.5782606601715088,0.0,0.0,0.0,0.0,644.9378662109375,0.0
1.96,1.0,-2.4492935982947064e-16,1.0,1.0,1.0,1.0,1.0,0.08445703983306885,-0.09407716244459152,0.5701584815979004,-0.008524417877197266,0.03567161411046982,-0.17135286331176758,0.5065866112709045,-0.12232063710689545,-0.24370090663433075,0.1234932467341423,0.3826967477798462,-0.6331655383110046,0.4955643117427826,-0.6255393028259277,0.7465516924858093,0.7112581729888916,-0.026178084313869476,-0.2019629180431366,-0.3642967939376831,-0.22731302678585052,0.7543084025382996,0.9221864938735962,-0.5415733456611633,-0.037785034626722336,0.4000000059604645,0.05000000074505806,-0.3100000023841858,0.49000000953674316,-0.20999999344348907,0.0,-0.4000000059604645,-0.05000000074505806,0.3100000023841858,0.49000000953674316,-0.20999999344348907,0.0,-0.610751211643219,-1.072996973991394,3.9298319816589355,-0.053521618247032166,-3.5848236083984375,-2.786241054534912,-1.4099817276000977,-0.10979235172271729,-0.4343709647655487,1.7704471349716187,-0.5960668325424194,-0.3684191107749939,0.0035025998950004578,-0.0001122988760471344,0.9066094756126404,0.08597906678915024,0.16861824691295624,-0.025031371042132378,191.72726440429688,108.4080581665039,0.5,0.0,0.0,0.24800246953964233,0.0,0.9704344272613525,0.44852215051651,0.0,0.0,0.0,0.0,298.374267578125,0.0
1.97,1.0111112594604492,0.06975740357991196,0.9975639852389365,1.0,1.0,1.0,1.0,0.0897672176361084,-0.09561504423618317,0.5681965351104736,-0.009861469268798828,0.0372643880546093,-0.17746639251708984,0.5131195783615112,-0.09954813122749329,-0.16067205369472504,0.1721697449684143,-0.5062327980995178,-0.664054274559021,0.45198819041252136,-0.6324297785758972,0.7972092628479004,0.7141978144645691,-0.0476997047662735,-0.10357131063938141,-0.35556110739707947,-0.22962068021297455,0.7523072957992554,0.933763325214386,-0.5534988641738892,-0.04431772604584694,0.4000000059604645,0.05000000074505806,-0.3100000023841858,0.49000000953674316,-0.20999999344348907,0.0,-0.4000000059604645,-0.05000000074505806,0.3100000023841858,0.49000000953674316,-0.20999999344348907,0.0,-5.731425762176514,-1.2911310195922852,4.757847309112549,1.2724889516830444,2.039851665496826,1.8876335620880127,1.6830174922943115,0.025178467854857445,-0.6443283557891846,0.8785367608070374,-1.0310598611831665,-0.3987661600112915,0.0023984499275684357,-0.000209808349609375,0.10274999588727951,-0.004198603332042694,0.03131364285945892,0.005132810678333044,373.0635986328125,333.0767517089844,0.5,0.0,0.0,0.23818925023078918,0.0,0.9800379872322083,0.413980633020401,0.0,0.0,0.0,0.0,394.6365661621094,0.0
1.98,1.0222222805023193,0.13917346358102195,0.9902680177784505,1.0,0.0,1.0,1.0,0.09445161372423172,-0.09715960919857025,0.5664263963699341,-0.007828235626220703,0.0381849966943264,-0.1830286979675293,0.5567623972892761,-0.09863848239183426,-0.17374975979328156,0.08040352910757065,0.537832498550415,-0.6423399448394775,0.43362289667129517,-0.6409086585044861,0.8249402046203613,0.7105214595794678,-0.022116098552942276,-0.1839444935321808,-0.3617127537727356,-0.23280110955238342,0.7473371624946594,0.9552586078643799,-0.5789427757263184,-0.07527568191289902,0.4000000059604645,0.05000000074505806,-0.3100000023841858,0.49000000953674316,-0.20999999344348907,0.0,-0.4347933530807495,-0.056958671659231186,0.32530906796455383,0.5387107133865356,-0.23226773738861084,0.0,-2.0515222549438477,-0.9836573004722595,4.191871643066406,0.2153521180152893,1.157458782196045,1.6074581146240234,-1.711565613746643,-0.06665220111608505,-0.9478378891944885,1.9118629693984985,-1.2842926979064941,-5.901630401611328,0.001704983413219452,0.001120254397392273,0.3688023090362549,0.08316423743963242,0.09187660366296768,-0.04022017866373062,322.00653076171875,135.7962646484375,0.5,0.0,0.0,0.2347472906112671,0.0,0.9744295477867126,0.43814682960510254,0.0,0.0,0.0,0.0,456.6275939941406,0.0
1.99,1.0333333015441895,0.20791149544540774,0.9781476422614607,1.0,0.0,1.0,1.0,0.10005898773670197,-0.09862899035215378,0.5651099681854248,-0.008342266082763672,0.039743710309267044,-0.18935537338256836,0.558659017086029,-0.07848498970270157,-0.08573340624570847,0.1759800910949707,-0.43481627106666565,-0.6320193409919739,0.3788604140281677,-0.6519549489021301,0.8826494812965393,0.7240649461746216,-0.04352029040455818,-0.1161484569311142,-0.34855934977531433,-0.22842280566692352,0.7434694170951843,0.9510703086853027,-0.5761610269546509,-0.05202846601605415,0.4000000059604645,0.05000000074505806,-0.3100000023841858,0.49000000953674316,-0.20999999344348907,0.0,-0.4519779086112976,-0.060395583510398865,0.3328702747821808,0.5627690553665161,-0.24326585233211517,0.0,-6.021541595458984,-1.515322208404541,5.457377910614014,2.1818134784698486,-0.614999532699585,3.6637401580810547,1.9910563230514526,0.37137657403945923,-0.8929353952407837,0.15966612100601196,-1.0702346563339233,-1.2064237594604492,0.0021748170256614685,-0.0002130158245563507,0.08156672865152359,0.0011558866826817393,-0.029108164831995964,-0.00540469866245985,304.2572937011719,490.9123229980469,0.5,0.0,0.0,0.22651073336601257,0.0,0.9809816479682922,0.44982489943504333,0.0,0.0,0.0,0.0,494.9302673339844,0.0
2.0,1.0444445610046387,0.2756380598154803,0.9612614940697239,1.0,0.0,1.0,1.0,0.10465198010206223,-0.09998279809951782,0.5639840960502625,-0.0043277740478515625,0.0411897636950016,-0.19501161575317383,0.5929523706436157,-0.09432714432477951,-0.11613677442073822,0.1521909087896347,0.7956995964050293,-0.694190502166748,0.3643358647823334,-0.6575935482978821,0.9056518077850342,0.7185754776000977,-0.01900596357882023,-0.20028680562973022,-0.35999250411987305,-0.22984355688095093,0.7354061007499695,0.9709576964378357,-0.5937053561210632,-0.08491868525743484,0.4000000059604645,0.05000000074505806,-0.3100000023841858,0.49000000953674316,-0.20999999344348907,0.0,-0.4689095914363861,-0.06378191709518433,0.3403202295303345,0.5864734053611755,-0.25410211086273193,0.0,-3.3577561378479004,-0.404257595539093,6.005809783935547,-1.22112238407135,6.49282169342041,-0.4458744525909424,-2.616067409515381,-0.1175195500254631,-0.7336366176605225,2.3255069255828857,-1.971179485321045,-2.958709955215454,0.0020618699491024017,0.0014876462519168854,0.5372881293296814,0.12650728225708008,0.14830175042152405,0.08011595159769058,354.0609130859375,115.19734191894531,0.5,0.0,0.0,0.22252440452575684,0.0,0.9655325412750244,0.38144034147262573,0.0,0.0,0.0,0.0,643.9044189453125,0.0
2.0100000000000002,1.0555555820465088,0.3420202997352154,0.9396925638574744,1.0,0.0,1.0,1.0,0.11005289852619171,-0.10128510743379593,0.5630769729614258,-0.0025238990783691406,0.04324669763445854,-0.20063161849975586,0.5938849449157715,-0.07205364108085632,-0.05361596494913101,0.21713128685951233,-0.18227754533290863,-0.5988208055496216,0.3236768841743469,-0.6638014912605286,0.9499302506446838,0.7269048690795898,-0.03374867886304855,-0.11203327775001526,-0.3479321300983429,-0.22191926836967468,0.7298251390457153,0.9605398774147034,-0.5943809747695923,-0.05879488214850426,0.4000000059604645,0.05000000074505806,-0.3100000023841858,0.49000000953674316,-0.20999999344348907,0.0,-0.4855051636695862,-0.06710103154182434,0.347622275352478,0.609707236289978,-0.2647233009338379,0.0,-3.9013640880584717,-1.201698899269104,3.0423455238342285,2.1756153106689453,-0.5194016098976135,4.65594482421875,1.2481539249420166,0.2854416072368622,-0.7597349286079407,0.4510064721107483,0.43779104948043823,-1.8436936140060425,0.002580944448709488,-0.00021410733461380005,0.04727974906563759,0.016372067853808403,-0.022196907550096512,0.00866162683814764,268.5780944824219,791.8516845703125,0.5,0.0,0.0,0.21382752060890198,0.0,0.9723764657974243,0.4881303906440735,0.0,0.0,0.0,0.0,414.59942626953125,0.0
2.02,1.0666667222976685,0.4067369623963564,0.9135453154718625,1.0,0.0,1.0,1.0,0.11439795792102814,-0.102390356361866,0.5622104406356812,0.0038538973312824965,0.04527415335178375,-0.2059650421142578,0.6223002672195435,-0.08328110724687576,-0.10031706094741821,0.19336386024951935,1.053963303565979,-0.6651554703712463,0.3118203580379486,-0.6659829020500183,0.9778913855552673,0.7156918048858643,-0.013835716992616653,-0.2137599140405655,-0.36733537912368774,-0.22126398980617523,0.717680811882019,0.9794461727142334,-0.6059141755104065,-0.09097083657979965,0.4000000059604645,0.05000000074505806,-0.3100000023841858,0.49000000953674316,-0.20999999344348907,0.0,-0.501684308052063,-0.07033686339855194,0.35474109649658203,0.6323580741882324,-0.2750779390335083,0.0,-3.151928663253784,-0.2369173914194107,7.873518466949463,-1.5651694536209106,1.505617618560791,3.847364902496338,-3.5880963802337646,0.13535034656524658,-1.6200149059295654,1.9166738986968994,0.44217604398727417,-4.201681137084961,0.002264745533466339,0.0014270022511482239,0.8120192289352417,0.2204652726650238,0.25033506751060486,0.28926098346710205,307.3742370605469,54.8907470703125,0.5,0.0,0.0,0.2049265205860138,0.0,0.9571585655212402,0.41277047991752625,0.0,0.0,0.0,0.0,732.643798828125,0.0
2.0300000000000002,1.0777778625488281,0.46947203307215885,0.8829473428031218,1.0,0.0,1.0,1.0,0.11978587508201599,-0.10360179841518402,0.5615009069442749,0.0068642799742519855,0.047483399510383606,-0.2115488052368164,0.6243705749511719,-0.06512322276830673,-0.03564182296395302,0.28880131244659424,-0.189757838845253,-0.5948742628097534,0.2766309380531311,-0.672603964805603,1.021803617477417,0.7264846563339233,-0.027961064130067825,-0.10922212153673172,-0.354282021522522,-0.21341924369335175,0.7135618329048157,0.9673253893852234,-0.6099838018417358,-0.06518580764532089,0.4000000059604645,0.05000000074505806,-0.3100000023841858,0.49000000953674316,-0.20999999344348907,0.0,-0.5173680782318115,-0.07347360998392105,0.36164194345474243,0.6543152928352356,-0.2851155400276184,0.0,-5.248011589050293,-1.2584171295166016,4.800931453704834,2.3701460361480713,-0.3620857894420624,5.811892509460449,3.1837284564971924,1.074060082435608,-1.2326703071594238,-2.359764814376831,0.9602046012878418,-5.016757965087891,0.003070913255214691,-0.0002040676772594452,0.1038765162229538,-0.011594980023801327,-0.03614941984415054,0.03105022944509983,294.3338317871094,255.62228393554688,0.5,0.0,0.0,0.19448596239089966,0.0,0.9613486528396606,0.49275127053260803,0.0,0.0,0.0,0.0,714.9468994140625,0.0
2.04,1.0888888835906982,0.5299192360020959,0.84804811379718,1.0,0.0,1.0,1.0,0.12399453669786453,-0.10438819229602814,0.5607002377510071,0.014908700250089169,0.05052933469414711,-0.21750259399414062,0.6431136131286621,-0.07739266008138657,-0.0964198112487793,0.31377941370010376,1.2783880233764648,-0.7612980008125305,0.28018617630004883,-0.6722424626350403,1.0310440063476562,0.7150057554244995,-0.0016915722517296672,-0.22924326360225677,-0.37201815843582153,-0.2092946618795395,0.706994354724884,0.9786888957023621,-0.613737940788269,-0.0677717924118042,0.4000000059604645,0.05000000074505806,-0.3100000023841858,0.49000000953674316,-0.20999999344348907,0.0,-0.5324798822402954,-0.07649597525596619,0.36829113960266113,0.675471842288971,-0.29478710889816284,0.0,-2.3036868572235107,0.13334017992019653,6.005049228668213,-1.4636895656585693,-5.573540210723877,-7.721606254577637,-3.7639129161834717,0.42948392033576965,-1.0889601707458496,1.558396339416504,-0.0372745618224144,0.46559083461761475,0.0029963627457618713,0.00041804462671279907,0.8942165970802307,0.17746633291244507,0.3214951753616333,0.344520628452301,203.78184509277344,45.24616241455078,0.5,0.0,0.0,0.17709919810295105,0.0,0.9484347701072693,0.3137529790401459,0.0,0.0,0.0,0.0,851.4249267578125,0.0
2.05,1.100000023841858,0.5877853734854862,0.8090169063230556,1.0,0.0,1.0,1.0,0.12904846668243408,-0.10544858127832413,0.5599479675292969,0.019997229799628258,0.05310414358973503,-0.22252988815307617,0.6384523510932922,-0.057411935180425644,-0.02334209345281124,0.29413723945617676,-0.04987303540110588,-0.4682595133781433,0.25564661622047424,-0.6772539019584656,1.0690008401870728,0.7239329814910889,-0.028578365221619606,-0.10773259401321411,-0.3665216267108917,-0.20343253016471863,0.7042105197906494,0.9748792052268982,-0.6265059113502502,-0.06807497143745422,0.4000000059604645,0.05000000074505806,-0.3100000023841858,0.49000000953674316,-0.20999999344348907,0.0,-0.5469464063644409,-0.07938928157091141,0.37465640902519226,0.6957249641418457,-0.3040456771850586,0.0,-2.332667112350464,-0.916002631187439,1.8326168060302734,2.0285067558288574,0.35325920581817627,8.782489776611328,1.8208794593811035,0.7663324475288391,-0.6948063373565674,-0.5627280473709106,-0.7750638127326965,-0.5359286069869995,0.003593120723962784,-0.0002026669681072235,0.12513892352581024,0.0018562576733529568,-0.03597602993249893,0.0006812300416640937,280.5569152832031,262.3661193847656,0.5,0.0,0.0,0.16317714750766754,0.0,0.9560640454292297,0.644981324672699,0.0,0.0,0.0,0.0,611.803955078125,0.0
2.06,1.1111111640930176,0.6427878646989729,0.7660442291380669,1.0,0.0,1.0,1.0,0.13339003920555115,-0.1066993921995163,0.5593122243881226,0.027773438021540642,0.054523780941963196,-0.22608661651611328,0.664258599281311,-0.07505416870117188,-0.05599977821111679,0.034508027136325836,1.1455315351486206,-0.4208967685699463,0.2784697711467743,-0.6799145936965942,1.060530662536621,0.7104883193969727,0.01877843774855137,-0.2372586876153946,-0.38399139046669006,-0.20647993683815002,0.7063077092170715,0.9970285296440125,-0.6202945709228516,-0.05330327898263931,0.4000000059604645,0.05000000074505806,-0.3100000023841858,0.49000000953674316,-0.20999999344348907,0.0,-0.5606970191001892,-0.08213940262794495,0.38070666790008545,0.7149758338928223,-0.3128460645675659,0.0,-0.22863200306892395,-0.6238715648651123,3.9945170879364014,-1.2934889793395996,-3.2741026878356934,-6.584980487823486,-3.148892402648926,-0.5355280637741089,-0.15652190148830414,2.695897102355957,2.169785976409912,-1.3044887781143188,0.0037377923727035522,0.0023561567068099976,0.9208097457885742,0.048618704080581665,0.3860233724117279,0.05764133110642433,287.1024475097656,156.54263305664062,0.5,0.0,0.0,0.1493503600358963,0.0,0.93685382604599,0.7016586661338806,0.0,0.0,0.0,0.0,831.6632080078125,0.0
2.07,1.1222223043441772,0.6946587416292218,0.7193394419035468,1.0,0.0,1.0,1.0,0.13890305161476135,-0.10843626409769058,0.5588120222091675,0.031099768355488777,0.05506962910294533,-0.22652482986450195,0.6575488448143005,-0.060447584837675095,-0.008154123090207577,0.13805420696735382,-0.2404101938009262,0.030644085258245468,0.26389530301094055,-0.6874617338180542,1.0896639823913574,0.7172476053237915,-0.02010202407836914,-0.10735861212015152,-0.37321147322654724,-0.20188403129577637,0.6974807977676392,0.9931212663650513,-0.626884400844574,-0.05801352858543396,0.4000000059604645,0.05000000074505806,-0.3100000023841858,0.49000000953674316,-0.20999999344348907,0.0,-0.5736647248268127,-0.08473294228315353,0.38641247153282166,0.7331305742263794,-0.3211454153060913,0.0,-3.012212038040161,-0.9288833141326904,2.155708074569702,1.5766087770462036,0.5519247055053711,7.673483848571777,2.936159610748291,0.8980690836906433,-1.9730076789855957,-1.48051118850708,0.519736111164093,-4.293315887451172,0.004320122301578522,0.0025724992156028748,0.13211645185947418,-0.00957359466701746,-0.04800727963447571,0.015001974999904633,249.73992919921875,218.54933166503906,0.5,0.0,0.0,0.14321832358837128,0.0,0.9446402788162231,0.9981236457824707,0.0,0.0,0.0,0.0,659.0881958007812,0.0
2.08,1.133333444595337,0.7431452932528939,0.6691300868411691,1.0,0.0,1.0,1.0,0.1435173749923706,-0.11017537862062454,0.5580759048461914,0.03771905601024628,0.055304739624261856,-0.22650384902954102,0.6733155250549316,-0.0809602364897728,-0.06487035006284714,-0.07329544425010681,1.0500434637069702,-0.12241534888744354,0.30503007769584656,-0.6895668506622314,1.0603264570236206,0.7020664811134338,0.044455088675022125,-0.23164327442646027,-0.38878950476646423,-0.21002039313316345,0.7007361054420471,1.021127700805664,-0.6124470233917236,-0.04399212449789047,0.4000000059604645,0.05000000074505806,-0.3100000023841858,0.49000000953674316,-0.20999999344348907,0.0,-0.5857863426208496,-0.08715726435184479,0.39174598455429077,0.75010085105896,-0.3289032578468323,0.0,1.0264310836791992,-0.5330512523651123,2.7424776554107666,-1.2488712072372437,-3.8160338401794434,-5.802922248840332,-3.1021742820739746,-1.3772609233856201,0.7928472757339478,3.918606996536255,2.151418447494507,1.7337726354599,0.00410209596157074,0.006149888038635254,0.9331397414207458,0.07248882949352264,0.2790150046348572,-0.02423631213605404,243.52732849121094,221.73953247070312,0.5,0.0,0.0,0.1330762356519699,0.0,0.9294282793998718,0.9704736471176147,0.0,0.0,0.0,0.0,770.6904907226562,0.0
2.09,1.144444465637207,0.7880108355869994,0.6156613703956739,1.0,0.0,1.0,1.0,0.14931708574295044,-0.11244933307170868,0.5574131011962891,0.039719630032777786,0.05438648909330368,-0.2228384017944336,0.6687023639678955,-0.06647135317325592,-0.027445703744888306,-0.10613082349300385,-0.23959790170192719,0.5960330367088318,0.3019391894340515,-0.6988491415977478,1.080723524093628,0.7077062129974365,0.0016218535602092743,-0.10143470019102097,-0.377626895904541,-0.21016624569892883,0.6863276362419128,1.0235016345977783,-0.606636643409729,-0.05988955870270729,0.4000000059604645,0.05000000074505806,-0.3100000023841858,0.49000000953674316,-0.20999999344348907,0.0,-0.5970027446746826,-0.08940054476261139,0.39668118953704834,0.7658038139343262,-0.33608174324035645,0.0,5.028865814208984,-1.458425760269165,-6.246981143951416,1.9170012474060059,1.1606228351593018,7.969709873199463,2.6303536891937256,0.5772733092308044,-2.5686259269714355,-0.8717930316925049,0.4053530991077423,-2.6684768199920654,0.004281572997570038,0.007464796304702759,0.13695622980594635,0.014177553355693817,-0.030192343518137932,0.01478043757379055,287.6104431152344,252.49501037597656,0.5,0.0,0.0,0.13187646865844727,0.0,0.9363575577735901,0.49139314889907837,0.0,0.0,0.0,0.0,869.2103271484375,0.0
2.1,1.1555556058883667,0.8290377493999679,0.5591926412872723,1.0,0.0,1.0,1.0,0.15439927577972412,-0.11482270807027817,0.5564467906951904,0.04418638348579407,0.05281887948513031,-0.21854305267333984,0.6781877279281616,-0.08506880700588226,-0.08991748094558716,-0.31390130519866943,0.8339091539382935,0.3445289433002472,0.3431113660335541,-0.7065447568893433,1.053265929222107,0.6961078643798828,0.06405295431613922,-0.22840526700019836,-0.3929518759250641,-0.21963949501514435,0.6812201738357544,1.057729721069336,-0.5820766091346741,-0.04496385529637337,0.4000000059604645,0.05000000074505806,-0.3100000023841858,0.49000000953674316,-0.20999999344348907,0.0,-0.6072594523429871,-0.09145189076662064,0.40119415521621704,0.7801632285118103,-0.3426460325717926,0.0,8.02564525604248,-1.0375306606292725,-5.912205219268799,-0.5522134900093079,-4.684006214141846,-8.317968368530273,-3.1335577964782715,-1.5911418199539185,-0.006215986330062151,4.654084205627441,3.372878074645996,1.672061800956726,0.004224840551614761,0.012324079871177673,0.801547646522522,0.09420802444219589,0.29008719325065613,-0.06649988889694214,203.52069091796875,249.54124450683594,0.5,0.0,0.0,0.12784986197948456,0.0,0.9249874353408813,0.7886754870414734,0.0,0.0,0.0,0.0,1054.677734375,0.0
2.11,1.1666667461395264,0.8660256534556828,0.49999956755647046,1.0,0.0,1.0,1.0,0.16052652895450592,-0.11779249459505081,0.5554282665252686,0.044540826231241226,0.0498628206551075,-0.21230316162109375,0.6772854924201965,-0.08635586500167847,-0.05638446286320686,-0.3382773995399475,-0.4108726680278778,0.6812686324119568,0.3391149640083313,-0.7203474044799805,1.0769399404525757,0.7027700543403625,0.02880270779132843,-0.0864948108792305,-0.3867630660533905,-0.22489143908023834,0.6652101874351501,1.0736149549484253,-0.5698778629302979,-0.03435368463397026,0.4000000059604645,0.05000000074505806,-0.3100000023841858,0.49000000953674316,-0.20999999344348907,0.0,-0.6165064573287964,-0.09330129623413086,0.40526285767555237,0.7931090593338013,-0.34856414794921875,0.0,5.953832626342773,-1.8457926511764526,-7.608028411865234,1.7648645639419556,1.5017062425613403,7.001928329467773,2.1005215644836426,-0.16814513504505157,-2.4307637214660645,0.7225992679595947,0.8639826774597168,0.5810741186141968,0.004119645804166794,0.015595704317092896,0.09798181802034378,0.03911099210381508,-0.024761470034718513,-0.009231697767972946,335.594482421875,264.7612609863281,0.5,0.0,0.0,0.13286715745925903,0.0,0.9251725673675537,0.39524325728416443,0.0,0.0,0.0,0.0,907.802001953125,0.0
2.12,1.1777777671813965,0.8987940171128403,0.43837120662990975,1.0,0.0,1.0,1.0,0.16632267832756042,-0.1208837702870369,0.5541498064994812,0.045992426574230194,0.046472951769828796,-0.20755863189697266,0.6831651926040649,-0.09580878168344498,-0.12154009193181992,-0.48022058606147766,0.4774477481842041,0.3688395321369171,0.36558547616004944,-0.7305060625076294,1.0520100593566895,0.6925182938575745,0.06743697077035904,-0.21560506522655487,-0.4024854600429535,-0.23775362968444824,0.6517246961593628,1.11421799659729,-0.5279123187065125,-0.02818400412797928,0.4000000059604645,0.05000000074505806,-0.3100000023841858,0.49000000953674316,-0.20999999344348907,0.0,-0.6246985197067261,-0.0949397087097168,0.40886735916137695,0.8045779466629028,-0.3538070321083069,0.0,8.00198745727539,-1.0834929943084717,-7.487864971160889,-1.3580117225646973,7.779486656188965,-10.914163589477539,-3.0460965633392334,-1.863035798072815,-1.2106149196624756,5.186905860900879,5.726053237915039,-0.3543584942817688,0.0039144232869148254,0.021616682410240173,0.6638841032981873,0.17465335130691528,0.16480585932731628,0.09898978471755981,83.3980941772461,245.52447509765625,0.5,0.0,0.0,0.13665035367012024,0.0,0.9180920124053955,0.7617893815040588,0.0,0.0,0.0,0.0,1314.0450439453125,0.0
2.13,1.1888890266418457,0.9271841787986937,0.3746057909127832,1.0,0.0,1.0,1.0,0.1727445125579834,-0.12466655671596527,0.552574634552002,0.04490741342306137,0.04151185229420662,-0.2053232192993164,0.6858468651771545,-0.13934874534606934,-0.11733313649892807,-0.5569836497306824,-0.4628736674785614,0.04767020419239998,0.36281806230545044,-0.7464480400085449,1.059072732925415,0.698255717754364,0.070969358086586,-0.07930648326873779,-0.39532074332237244,-0.25444090366363525,0.6507006287574768,1.140541672706604,-0.5156916975975037,0.02053181454539299,0.4000000059604645,0.05000000074505806,-0.3100000023841858,0.49000000953674316,-0.20999999344348907,0.0,-0.6317960619926453,-0.09635921567678452,0.41199028491973877,0.8145145177841187,-0.358349472284317,0.0,7.430455684661865,-2.685560941696167,-9.40073299407959,2.02693247795105,2.5198168754577637,5.811951160430908,2.2540953159332275,-2.092682361602783,0.26746219396591187,2.218532085418701,1.068220853805542,4.836777210235596,0.003435395658016205,0.02600221335887909,0.0837310254573822,0.08258841931819916,0.003931969404220581,-0.22822971642017365,400.9436950683594,174.9677734375,0.5,0.0,0.0,0.14843599498271942,0.0,0.897704541683197,0.9954653978347778,0.0,0.0,0.0,0.0,1096.556396484375,0.0
2.14,1.2000000476837158,0.95105660887834,0.30901670943305387,1.0,0.0,1.0,1.0,0.17863088846206665,-0.128326416015625,0.5508478879928589,0.04617126286029816,0.037694793194532394,-0.20942020416259766,0.6957526803016663,-0.16164350509643555,-0.15357817709445953,-0.32423365116119385,0.518829345703125,-0.653683602809906,0.36194872856140137,-0.7662476301193237,1.0479216575622559,0.7129996418952942,0.06577210873365402,-0.0695776417851448,-0.40234482288360596,-0.28018635511398315,0.6654154658317566,1.1732332706451416,-0.4672746956348419,-0.026821834966540337,0.4000000059604645,0.05000000074505806,-0.3100000023841858,0.49000000953674316,-0.20999999344348907,0.0,-0.6377642154693604,-0.0975528359413147,0.4146162271499634,0.8228698968887329,-0.362169086933136,0.0,8.023728370666504,-1.6970537900924683,-9.26588249206543,1.4841433763504028,-2.9875147342681885,-0.058477550745010376,-2.404294490814209,-2.918224811553955,2.2506535053253174,3.7893688678741455,2.616274118423462,-1.3344236612319946,0.004319131374359131,0.029599830508232117,-0.04673165827989578,0.6918613910675049,0.020996687933802605,-0.2737570106983185,175.7595672607422,65.46479034423828,0.5,0.0,0.0,0.15280213952064514,0.0,0.8790658712387085,0.4254514276981354,0.0,0.0,0.0,0.0,877.6516723632812,0.0
2.15,1.2111111879348755,0.970295843051086,0.24192142723988433,1.0,0.0,1.0,0.0,0.1839221864938736,-0.13179846107959747,0.5492037534713745,0.05039359629154205,0.03541531041264534,-0.21810388565063477,0.7034747004508972,-0.20888297259807587,-0.12008588761091232,-0.08737059682607651,0.31864988803863525,-1.0999846458435059,0.36732977628707886,-0.7842816710472107,1.0259276628494263,0.7290101647377014,0.06406041234731674,-0.06465111672878265,-0.40855199098587036,-0.31231021881103516,0.7041736841201782,1.1901304721832275,-0.5834169387817383,-0.15324746072292328,0.4000000059604645,0.05000000074505806,-0.3100000023841858,0.49000000953674316,-0.20999999344348907,0.0,-0.6425739526748657,-0.09851479530334473,0.4167325496673584,0.8296035528182983,-0.36524733901023865,0.0,2.7309885025024414,-1.7500756978988647,-4.963517665863037,1.5060665607452393,1.1816506385803223,4.698586463928223,0.1825563609600067,-3.4221222400665283,5.258134365081787,0.49028173089027405,-10.138384819030762,-10.185393333435059,0.00587998703122139,0.02905987948179245,-0.14485269784927368,1.4950991868972778,0.12133339792490005,-0.7442978620529175,287.99224853515625,0.0,0.5,0.0,0.0,0.14664775133132935,0.0,0.8436073660850525,0.08892763406038284,0.0,0.0,0.0,0.0,1272.4002685546875,0.0
2.16,1.2222223281860352,0.9848078686252574,0.17364752199146954,1.0,0.0,1.0,0.0,0.1888197809457779,-0.13452713191509247,0.5477311611175537,0.05684981867671013,0.03654909506440163,-0.22920560836791992,0.7086562514305115,-0.2129080593585968,-0.12384665012359619,0.3291906416416168,0.76369708776474,-1.25082528591156,0.31861838698387146,-0.7904523015022278,1.0522536039352417,0.7345181703567505,0.060015153139829636,-0.05987552925944328,-0.41875118017196655,-0.33480870723724365,0.7561087608337402,1.186094045639038,-0.6130959987640381,-0.28349921107292175,0.4000000059604645,0.05000000074505806,-0.3100000023841858,0.49000000953674316,-0.20999999344348907,0.0,-0.6462019681930542,-0.09924039244651794,0.4183288812637329,0.8346827626228333,-0.3675692677497864,0.0,-0.982081949710846,-0.1815337836742401,-1.4369854927062988,0.5836738348007202,-4.69616174697876,0.4408411383628845,-1.7479605674743652,-1.629404902458191,5.446322917938232,-0.5997968912124634,-1.490587592124939,-10.20755672454834,0.00717926025390625,0.023695938289165497,-0.03686129301786423,1.564989686012268,0.19710849225521088,-0.943426787853241,201.2503662109375,0.0,0.5,0.0,0.0,0.1300424039363861,0.0,0.8371646404266357,0.043755948543548584,0.0,0.0,0.0,0.0,456.20599365234375,0.0
2.17,1.2333333492279053,0.9945219058073734,0.10452836394620228,1.0,0.0,1.0,0.0,0.19367018342018127,-0.13627587258815765,0.5462238788604736,0.06449391692876816,0.041640862822532654,-0.2400813102722168,0.7125556468963623,-0.21895669400691986,-0.11965354532003403,0.7377615571022034,0.6934723258018494,-1.0794142484664917,0.2705709636211395,-0.7879259586334229,1.0686297416687012,0.7409322261810303,0.046342961490154266,-0.061775144189596176,-0.43886005878448486,-0.3358978033065796,0.803911566734314,1.1708316802978516,-0.6896924376487732,-0.25503483414649963,0.4000000059604645,0.05000000074505806,-0.3100000023841858,0.49000000953674316,-0.20999999344348907,0.0,-0.6486304998397827,-0.09972609579563141,0.41939741373062134,0.8380826711654663,-0.36912351846694946,0.0,-1.266082525253296,0.6489391326904297,-2.595869779586792,0.21693694591522217,3.263265609741211,0.49494361877441406,-2.337090015411377,0.7139543890953064,4.168137550354004,-2.050529718399048,-7.541540145874023,2.2683699131011963,0.008681066334247589,0.01612834632396698,-0.2591674327850342,1.6284245252609253,0.1719922423362732,-0.6806672811508179,291.7495422363281,0.0,0.5,0.0,0.0,0.10824044793844223,0.0,0.8300711512565613,0.0972694531083107,0.0,0.0,0.0,0.0,201.7810516357422,0.0
2.18,1.2444446086883545,0.9993908630339692,0.034898465356211134,1.0,0.0,0.0,1.0,0.1981220245361328,-0.13778594136238098,0.5444130301475525,0.07425588369369507,0.047811005264520645,-0.24846410751342773,0.7399102449417114,-0.2258339375257492,-0.1735762059688568,0.5877737402915955,1.0587714910507202,-0.7517314553260803,0.2409738451242447,-0.7784997820854187,1.084401249885559,0.7273438572883606,0.06416139751672745,-0.07786854356527328,-0.4624100923538208,-0.33168280124664307,0.8399443626403809,1.1520792245864868,-0.6170652508735657,-0.12541255354881287,0.4000000059604645,0.05000000074505806,-0.3100000023841858,0.49000000953674316,-0.20999999344348907,0.0,-0.6498477458953857,-0.0999695435166359,0.4199329912662506,0.8397867679595947,-0.36990252137184143,0.0,5.624755859375,0.6094661951065063,-5.75634765625,-1.4393036365509033,0.8549249768257141,-2.0706264972686768,-1.1385209560394287,0.085513636469841,2.013401746749878,0.6024149656295776,-2.2775161266326904,10.275318145751953,0.00870862603187561,0.008362017571926117,0.4176645874977112,0.17031235992908478,0.35521063208580017,-0.06876277178525925,0.0,269.3270568847656,0.5,0.0,0.0,0.08601318299770355,0.0,0.8048367500305176,0.3229685425758362,0.0,0.0,0.0,0.0,393.39129638671875,0.0
2.19,1.2555556297302246,0.9993908107539655,-0.034899962471781065,1.0,0.0,0.0,1.0,0.2032337188720703,-0.13970614969730377,0.542396605014801,0.0816306620836258,0.05295778810977936,-0.2517366409301758,0.7477571368217468,-0.20377126336097717,-0.15381163358688354,0.4488798677921295,0.49298977851867676,-0.15341439843177795,0.24370312690734863,-0.7731485366821289,1.0723963975906372,0.7171757817268372,0.06453260779380798,-0.09274745732545853,-0.4594901204109192,-0.3188808560371399,0.8460831046104431,1.1453661918640137,-0.6509780287742615,-0.05642307922244072,0.4000000059604645,0.05000000074505806,-0.3100000023841858,0.49000000953674316,-0.20999999344348907,0.0,-0.6496955156326294,-0.09993909299373627,0.41986602544784546,0.8395736813545227,-0.36980509757995605,0.0,8.039885520935059,0.4274600148200989,-10.31210708618164,-0.7757996916770935,0.08555354923009872,-3.4586236476898193,1.2418676614761353,1.3800104856491089,-0.5883725881576538,-1.1899086236953735,-4.311256408691406,-0.15984541177749634,0.00862354040145874,0.005773760378360748,0.21993914246559143,-0.023987025022506714,0.2504339814186096,-0.06319054961204529,0.0,303.05865478515625,0.5,0.0,0.0,0.07192613929510117,0.0,0.8139855861663818,0.9540187120437622,0.0,0.0,0.0,0.0,845.8386840820312,0.0
2.2,1.2666667699813843,0.9945218275138806,-0.1045291088570598,1.0,0.0,0.0,1.0,0.20808351039886475,-0.14244899153709412,0.5402882099151611,0.08962047100067139,0.0551605224609375,-0.24867010116577148,0.774425745010376,-0.19863826036453247,-0.15968909859657288,-0.01832668110728264,1.0453345775604248,0.5976880788803101,0.31153011322021484,-0.772211492061615,1.027637243270874,0.6912479400634766,0.16519396007061005,-0.28620418906211853,-0.4558223485946655,-0.3159392178058624,0.842706561088562,1.145865559577942,-0.6814350485801697,-0.03989354148507118,0.4000000059604645,0.05000000074505806,-0.3100000023841858,0.49000000953674316,-0.20999999344348907,0.0,-0.6472684144973755,-0.09945368021726608,0.4187980890274048,0.836175799369812,-0.3682517409324646,0.0,6.870111465454102,-0.3758629262447357,-0.00930313766002655,-2.7531323432922363,9.889369010925293,-10.677911758422852,-0.13715380430221558,-0.1291966587305069,-0.5047305226325989,0.3022790253162384,-2.3146586418151855,1.8462622165679932,0.007283378392457962,0.004819460213184357,1.5850536823272705,-0.001049624988809228,-0.029357414692640305,-0.045270416885614395,0.0,356.5546569824219,0.5,0.0,0.0,0.061451252549886703,0.0,0.7949044704437256,0.48945531249046326,0.0,0.0,0.0,0.0,1232.1444091796875,0.0
2.21,1.277777910232544,0.9848076084952826,-0.1736489972611482,1.0,0.0,1.0,1.0,0.21280041337013245,-0.1458272635936737,0.5381035804748535,0.09779757261276245,0.05454482510685921,-0.24077510833740234,0.7788562178611755,-0.18104426562786102,-0.15231452882289886,-0.2239808738231659,0.6964438557624817,0.7766554355621338,0.3756103515625,-0.7816416025161743,1.0497524738311768,0.6789019107818604,0.09468948096036911,-0.1795114278793335,-0.4503767490386963,-0.3166414797306061,0.8310089707374573,1.1447352170944214,-0.7030322551727295,-0.04627831652760506,0.4000000059604645,0.05000000074505806,-0.3100000023841858,0.49000000953674316,-0.20999999344348907,0.0,-0.6424614787101746,-0.09849229454994202,0.41668304800987244,0.8294460773468018,-0.36517533659935,0.0,7.459990978240967,-1.1969157457351685,-0.5381565690040588,-0.914790153503418,5.075598239898682,10.070048332214355,0.8399460315704346,-0.24669420719146729,-1.6698213815689087,-0.17932486534118652,-0.16653716564178467,-3.1425442695617676,0.004305824637413025,0.0041349828243255615,0.9944048523902893,-0.001601805561222136,-0.0009303703554905951,0.016632067039608955,114.42643737792969,387.6146240234375,0.5,0.0,0.0,0.0537906177341938,0.0,0.8016560077667236,0.29927653074264526,0.0,0.0,0.0,0.0,364.8585510253906,0.0
2.22,1.288888931274414,0.9702956618482642,-0.24192215400504177,1.0,0.0,1.0,1.0,0.21799413859844208,-0.14959576725959778,0.5360503792762756,0.10421842336654663,0.052482832223176956,-0.23084068298339844,0.7930927276611328,-0.16614311933517456,-0.11114855855703354,-0.36886587738990784,0.627303421497345,1.0263041257858276,0.435977578163147,-0.7938450574874878,1.0513195991516113,0.6678595542907715,0.16685648262500763,-0.22816677391529083,-0.4454420804977417,-0.3214493691921234,0.8144073486328125,1.149787425994873,-0.7073125839233398,-0.05588773265480995,0.4000000059604645,0.05000000074505806,-0.3100000023841858,0.49000000953674316,-0.20999999344348907,0.0,-0.6353683471679688,-0.09707367420196533,0.4135620892047882,0.8195157051086426,-0.36063575744628906,0.0,8.028152465820312,-1.4339442253112793,-2.358478307723999,-0.4930162727832794,5.490032196044922,3.651867151260376,0.49418312311172485,-0.5579254031181335,-1.8194636106491089,0.6748426556587219,0.13499078154563904,-0.3481560945510864,0.0030460283160209656,0.004825271666049957,0.725435197353363,0.01829228550195694,-0.043684232980012894,-0.004701905883848667,252.0177764892578,401.8487243652344,0.5,0.0,0.0,0.048991091549396515,0.0,0.7969098091125488,0.12165083736181259,0.0,0.0,0.0,0.0,411.3519287109375,0.0
2.23,1.3000000715255737,0.9510563774202142,-0.3090174217877356,1.0,0.0,1.0,1.0,0.22415344417095184,-0.15355108678340912,0.5342707633972168,0.10699646174907684,0.05044848471879959,-0.22011423110961914,0.7839439511299133,-0.178080216050148,-0.07682007551193237,-0.30842193961143494,0.01833118125796318,0.8792590498924255,0.4403001666069031,-0.8062479496002197,1.073272466659546,0.670077919960022,0.16211606562137604,-0.11637471616268158,-0.44020944833755493,-0.3257012367248535,0.7945167422294617,1.163081407546997,-0.70816570520401,-0.03965749591588974,0.4000000059604645,0.05000000074505806,-0.3100000023841858,0.49000000953674316,-0.20999999344348907,0.0,-0.6261270642280579,-0.09522540867328644,0.40949589014053345,0.8065778613090515,-0.3547213077545166,0.0,8.012917518615723,-1.6303608417510986,-8.077594757080078,0.7166213393211365,1.8769676685333252,4.494420528411865,0.8872013092041016,-0.34608858823776245,-2.278078317642212,1.4561023712158203,0.7080212831497192,1.5594089031219482,0.0026257261633872986,0.00731315091252327,-0.0706619992852211,0.03892500698566437,-0.03158446401357651,-0.040591172873973846,256.9841003417969,352.0527038574219,0.5,0.0,0.0,0.047429803758859634,0.0,0.7987770438194275,0.2130575329065323,0.0,0.0,0.0,0.0,775.2421264648438,0.0
2.24,1.3111112117767334,0.9271836176276476,-0.3746071798603281,1.0,0.0,1.0,1.0,0.23069898784160614,-0.15747597813606262,0.5326793193817139,0.10836877673864365,0.049162983894348145,-0.2123279571533203,0.7820284962654114,-0.20074570178985596,-0.05853298306465149,-0.17558546364307404,0.16135279834270477,0.5772164463996887,0.4404476284980774,-0.8225292563438416,1.0724536180496216,0.6813060641288757,0.15012164413928986,-0.12071133404970169,-0.44557636976242065,-0.33510980010032654,0.7731205224990845,1.1946500539779663,-0.6735972166061401,-0.04946509748697281,0.4000000059604645,0.05000000074505806,-0.3100000023841858,0.49000000953674316,-0.20999999344348907,0.0,-0.6149173378944397,-0.09298346936702728,0.4045636057853699,0.790884256362915,-0.3475470542907715,0.0,8.021490097045898,-1.5968623161315918,-8.25465202331543,1.0460193157196045,-2.2798349857330322,-1.2187602519989014,-0.8638201951980591,-1.1224327087402344,-1.8223730325698853,3.726703405380249,3.7939655780792236,0.23470093309879303,0.0038338005542755127,0.01254546269774437,-0.019153516739606857,0.0856563150882721,-0.015042748302221298,-0.029540788382291794,210.00576782226562,256.1868591308594,0.5,0.0,0.0,0.046722833067178726,0.0,0.7868813276290894,0.5135757923126221,0.0,0.0,0.0,0.0,907.9000854492188,0.0
2.25,1.322222352027893,0.898793688766393,-0.43837187983913856,1.0,0.0,1.0,1.0,0.237664595246315,-0.16164745390415192,0.5313276052474976,0.1079111397266388,0.048094287514686584,-0.20892667770385742,0.7664948105812073,-0.24883170425891876,-0.01940763182938099,-0.12083767354488373,-0.30018216371536255,-0.02894313633441925,0.42769885063171387,-0.8434398174285889,1.0794051885604858,0.698964536190033,0.153137668967247,-0.07550035417079926,-0.4487614035606384,-0.3530174791812897,0.7630780935287476,1.2374566793441772,-0.6331828832626343,-0.018638014793395996,0.4000000059604645,0.05000000074505806,-0.3100000023841858,0.49000000953674316,-0.20999999344348907,0.0,-0.6019575595855713,-0.09039151668548584,0.3988613188266754,0.7727406024932861,-0.3392528295516968,0.0,5.105968952178955,-2.364278793334961,-6.097790241241455,1.8979377746582031,0.2018967866897583,3.997227668762207,0.3804588317871094,-2.1754300594329834,-0.5223633050918579,4.209372043609619,5.2044501304626465,2.477358818054199,0.006219655275344849,0.0197024866938591,0.09704931825399399,0.15716709196567535,-0.05097493901848793,-0.06416354328393936,349.8199157714844,142.15087890625,0.5,0.0,0.0,0.04747277870774269,0.0,0.7665361762046814,0.9983260631561279,0.0,0.0,0.0,0.0,948.9815673828125,0.0
2.2600000000000002,1.3333334922790527,0.8660249044413022,-0.5000008648866852,1.0,0.0,1.0,0.0,0.24486993253231049,-0.1659332513809204,0.5302032828330994,0.10663721710443497,0.04816221445798874,-0.2137436866760254,0.7673946022987366,-0.3133677840232849,-0.009607626125216484,0.1600542515516281,-0.07689397782087326,-0.8065159916877747,0.43808919191360474,-0.8613577485084534,1.0498061180114746,0.7145984768867493,0.15108689665794373,-0.003906935919076204,-0.4443597197532654,-0.38875436782836914,0.7837152481079102,1.2777410745620728,-0.7298851609230042,-0.11551904678344727,0.4000000059604645,0.05000000074505806,-0.3100000023841858,0.49000000953674316,-0.20999999344348907,0.0,-0.587499737739563,-0.0874999463558197,0.3924998939037323,0.7524996399879456,-0.32999980449676514,0.0,1.2193039655685425,-1.7979172468185425,-3.945850372314453,2.5915658473968506,-10.045804977416992,6.006326675415039,0.44358089566230774,-4.562741756439209,3.9701035022735596,3.3774096965789795,-10.014700889587402,-8.512603759765625,0.00911528617143631,0.02491559088230133,-0.04473050311207771,1.468787431716919,-0.005195028148591518,-0.36259743571281433,426.0915222167969,0.0,0.5,0.0,0.0,0.04851783066987991,0.0,0.7121986150741577,0.27227678894996643,0.0,0.0,0.0,0.0,1371.522705078125,0.0
2.27,1.3444445133209229,0.8290373305565868,-0.559193262248043,1.0,0.0,1.0,0.0,0.25155144929885864,-0.1699932962656021,0.529232382774353,0.10800924897193909,0.04995773360133171,-0.22572612762451172,0.7724652886390686,-0.34730643033981323,-0.007705507799983025,0.44731512665748596,0.18054844439029694,-1.5637710094451904,0.43478503823280334,-0.8734180331230164,1.0063985586166382,0.7280457615852356,0.14928536117076874,0.041930101811885834,-0.4431845247745514,-0.43215611577033997,0.8357226252555847,1.2957603931427002,-0.8371210098266602,-0.25804847478866577,0.4000000059604645,0.05000000074505806,-0.3100000023841858,0.49000000953674316,-0.20999999344348907,0.0,-0.5718256235122681,-0.0843651294708252,0.38560327887535095,0.7305558919906616,-0.31996840238571167,0.0,-0.19721511006355286,-0.707038402557373,-5.15019416809082,1.1566983461380005,-2.4479265213012695,6.397138595581055,-0.2718648314476013,-4.141989707946777,6.258419513702393,1.1031908988952637,-10.105578422546387,-10.293328285217285,0.013144657015800476,0.02331845462322235,-0.24591632187366486,2.16585373878479,0.17579250037670135,-0.6095482110977173,238.03744506835938,0.0,0.5,0.0,0.0,0.04661224037408829,0.0,0.6772477030754089,0.007515712641179562,0.0,0.0,0.0,0.0,1202.6883544921875,0.0
2.2800000000000002,1.3555556535720825,0.7880103744477579,-0.6156619606266936,1.0,0.0,1.0,0.0,0.2578284442424774,-0.172885924577713,0.5285959243774414,0.11214325577020645,0.05628374218940735,-0.24019622802734375,0.7735918164253235,-0.3419604003429413,0.026760904118418694,1.088738203048706,0.38157790899276733,-1.5643823146820068,0.37953487038612366,-0.8667523860931396,0.987452507019043,0.7335724830627441,0.12339591979980469,0.09620829671621323,-0.45401766896247864,-0.4547330439090729,0.894249439239502,1.2843610048294067,-0.8103464841842651,-0.36729666590690613,0.4000000059604645,0.05000000074505806,-0.3100000023841858,0.49000000953674316,-0.20999999344348907,0.0,-0.5552401542663574,-0.08104802668094635,0.37830567359924316,0.7073361873626709,-0.30935367941856384,0.0,-4.992201805114746,1.6948083639144897,-3.56797456741333,0.1605992317199707,-4.083629608154297,6.453250885009766,-1.6937419176101685,-1.1359328031539917,5.981937408447266,-1.7566591501235962,3.822880983352661,-10.029215812683105,0.017345044761896133,0.015241574496030807,-0.3958675265312195,2.2157328128814697,0.351443886756897,-0.8040414452552795,187.57669067382812,0.0,0.5,0.0,0.0,0.04099161550402641,0.0,0.6814183592796326,0.007487021386623383,0.0,0.0,0.0,0.0,612.94677734375,0.0
2.29,1.3666667938232422,0.743144290876379,-0.6691312000929592,1.0,0.0,1.0,1.0,0.26407456398010254,-0.1749848574399948,0.5278127193450928,0.11745847761631012,0.0655578225851059,-0.2544827461242676,0.7879987955093384,-0.32905474305152893,-0.012356666848063469,1.1309263706207275,0.47230052947998047,-1.4042584896087646,0.3068890869617462,-0.8568572998046875,1.0012584924697876,0.7419837713241577,0.10373620688915253,0.17957869172096252,-0.4709559679031372,-0.4575415849685669,0.9406418800354004,1.264846682548523,-0.7475399374961853,-0.25690561532974243,0.4000000059604645,0.05000000074505806,-0.3100000023841858,0.49000000953674316,-0.20999999344348907,0.0,-0.5380658507347107,-0.07761316746473312,0.37074896693229675,0.6832921504974365,-0.298362135887146,0.0,-8.002178192138672,0.6887292265892029,3.960357666015625,0.9770276546478271,-0.8259193301200867,9.876486778259277,-1.2534034252166748,0.3843049108982086,2.45560622215271,-1.415502905845642,7.352862358093262,10.756190299987793,0.021444465965032578,0.006504721939563751,0.24296098947525024,0.9255158305168152,0.2752982974052429,0.060846760869026184,88.51714324951172,34.81814193725586,0.5,0.0,0.0,0.03427205607295036,0.0,0.6821943521499634,0.01937282644212246,0.0,0.0,0.0,0.0,426.7847900390625,0.0
2.3000000000000003,1.3777779340744019,0.6946576640377365,-0.7193404825210626,1.0,0.0,0.0,1.0,0.27028900384902954,-0.17715637385845184,0.5267887115478516,0.12388573586940765,0.07492632418870926,-0.26496458053588867,0.8317251801490784,-0.31850311160087585,-0.015797263011336327,0.9872408509254456,0.7208490967750549,-0.613484799861908,0.3206770122051239,-0.8489658236503601,0.976784884929657,0.7210856676101685,0.2115926742553711,-0.0005790499271824956,-0.477024108171463,-0.44994252920150757,0.9557387232780457,1.2561466693878174,-0.6921278238296509,-0.11614388227462769,0.4000000059604645,0.05000000074505806,-0.3100000023841858,0.49000000953674316,-0.20999999344348907,0.0,-0.5206372141838074,-0.0741274431347847,0.36308038234710693,0.6588920950889587,-0.28720778226852417,0.0,-2.263594627380371,0.5280256271362305,4.424595355987549,-2.3266584873199463,10.045605659484863,-10.576324462890625,0.021013975143432617,0.8052557110786438,0.7927960157394409,1.2516343593597412,-6.750731468200684,3.6648521423339844,0.024304568767547607,0.0024837926030158997,1.585785984992981,-0.0001375921128783375,0.25211524963378906,-0.08019335567951202,0.0,505.57330322265625,0.5,0.0,0.0,0.027978502213954926,0.0,0.6550971865653992,0.47108006477355957,0.0,0.0,0.0,0.0,1393.9793701171875,0.0
2.31,1.3888890743255615,0.6427867171424603,-0.7660451920514996,1.0,0.0,0.0,1.0,0.27683916687965393,-0.18062272667884827,0.5255442261695862,0.12871792912483215,0.0804230347275734,-0.2673659324645996,0.8654652833938599,-0.30677539110183716,-0.021917685866355896,0.3112626075744629,0.3730563521385193,0.13116462528705597,0.40519049763679504,-0.8567763566970825,0.9549896121025085,0.6968002319335938,0.28041285276412964,-0.1781422644853592,-0.46375736594200134,-0.44580477476119995,0.9537146687507629,1.2564606666564941,-0.7085608243942261,-0.11959719657897949,0.4000000059604645,0.05000000074505806,-0.3100000023841858,0.49000000953674316,-0.20999999344348907,0.0,-0.5032937526702881,-0.07065874338150024,0.35544922947883606,0.634611189365387,-0.2761079668998718,0.0,8.048138618469238,-1.3926056623458862,1.5413410663604736,-2.345889091491699,5.056843280792236,-10.561127662658691,1.6990447044372559,0.24882206320762634,-0.7817915081977844,-0.26080840826034546,-1.6166908740997314,-0.00984036922454834,0.025003738701343536,0.002238404005765915,2.5306241512298584,0.005277266260236502,0.09603212773799896,0.02068767324090004,0.0,314.97906494140625,0.5,0.0,0.0,0.024371342733502388,0.0,0.6342247128486633,0.9661769270896912,0.0,0.0,0.0,0.0,1226.479736328125,0.0
2.32,1.4000000953674316,0.5877847675202865,-0.8090173465823355,1.0,0.0,0.0,1.0,0.2841600179672241,-0.18515318632125854,0.5243687629699707,0.1296749711036682,0.08278542011976242,-0.26105690002441406,0.8693554997444153,-0.26818761229515076,0.03291879594326019,0.02609330601990223,-0.03464258462190628,0.9906144738197327,0.49228641390800476,-0.8687422275543213,0.9778696298599243,0.6717160940170288,0.18767839670181274,-0.2927055060863495,-0.44449737668037415,-0.4388439357280731,0.9369270205497742,1.2526524066925049,-0.733811616897583,-0.11356458812952042,0.4000000059604645,0.05000000074505806,-0.3100000023841858,0.49000000953674316,-0.20999999344348907,0.0,-0.486372709274292,-0.0672745406627655,0.34800398349761963,0.6109218001365662,-0.26527851819992065,0.0,8.060877799987793,-1.031112790107727,4.060184478759766,-3.01900315284729,-10.009923934936523,-10.091453552246094,1.9839274883270264,0.7247543931007385,-2.4936037063598633,-0.48705029487609863,-0.6822378635406494,-0.25431251525878906,0.02383594959974289,0.002537347376346588,3.0551278591156006,0.022174568846821785,0.3472059667110443,-0.01639721728861332,0.0,506.0959167480469,0.5,0.0,0.0,0.02339758165180683,0.0,0.6592211723327637,0.1404878795146942,0.0,0.0,0.0,0.0,693.571533203125,0.0
2.33,1.4111112356185913,0.5299186008019895,-0.8480485107138988,1.0,0.0,0.0,1.0,0.29261842370033264,-0.19025515019893646,0.5234427452087402,0.12562032043933868,0.0834401398897171,-0.2480182647705078,0.8685588836669922,-0.23206749558448792,0.07096376270055771,-0.18240827322006226,-0.5002519488334656,1.5734925270080566,0.5780187845230103,-0.880790114402771,1.0305449962615967,0.6444151401519775,0.10295476019382477,-0.38301339745521545,-0.42225033044815063,-0.4311216473579407,0.9042398929595947,1.2495719194412231,-0.7362087368965149,-0.11442478001117706,0.4000000059604645,0.05000000074505806,-0.3100000023841858,0.49000000953674316,-0.20999999344348907,0.0,-0.47020334005355835,-0.0640406683087349,0.34088945388793945,0.5882846713066101,-0.2549301087856293,0.0,8.049694061279297,-1.130401372909546,6.500186920166016,-2.6470186710357666,-6.522217750549316,-7.379968166351318,2.1054441928863525,0.8351003527641296,-4.222956657409668,-0.5204242467880249,3.786092758178711,-2.1571617126464844,0.023220673203468323,0.004098597913980484,3.2667224407196045,0.07865259796380997,0.28422850370407104,0.025750774890184402,0.0,500.01959228515625,0.5,0.0,0.0,0.024844568222761154,0.0,0.6842842102050781,0.0070709711872041225,0.0,0.0,0.0,0.0,821.9308471679688,0.0
2.34,1.422222375869751,0.4694707103916907,-0.8829480460844348,1.0,0.0,1.0,1.0,0.3020247220993042,-0.1952902227640152,0.5228316187858582,0.11841139942407608,0.08400514721870422,-0.23409795761108398,0.8797771334648132,-0.2171410173177719,0.10258028656244278,-0.09096265584230423,-0.6220601201057434,1.4332776069641113,0.6624391674995422,-0.8930574655532837,1.0660914182662964,0.6261782050132751,0.13263662159442902,-0.3435947000980377,-0.40183189511299133,-0.4241296052932739,0.8660377264022827,1.2550811767578125,-0.7271950244903564,-0.10118938982486725,0.4000000059604645,0.05000000074505806,-0.3100000023841858,0.49000000953674316,-0.20999999344348907,0.0,-0.4551007151603699,-0.0610201433300972,0.3342443108558655,0.5671409964561462,-0.2452644407749176,0.0,8.073214530944824,-1.1697347164154053,2.6151974201202393,-1.2526336908340454,1.1075767278671265,2.7374517917633057,2.0475821495056152,0.7963751554489136,-3.747828245162964,0.6638569831848145,0.5755603909492493,3.058624267578125,0.024785257875919342,0.0077266208827495575,2.1552562713623047,0.04839102923870087,0.09920763969421387,-0.06104780733585358,49.87150955200195,437.6675720214844,0.5,0.0,0.0,0.027761118486523628,0.0,0.6819753646850586,0.016431260854005814,0.0,0.0,0.0,0.0,440.7250671386719,0.0
2.35,1.433333396911621,0.4067362781379607,-0.913545620123308,1.0,0.0,1.0,1.0,0.31162506341934204,-0.20033389329910278,0.5222072601318359,0.11081217229366302,0.08388889580965042,-0.21909523010253906,0.8896004557609558,-0.22253987193107605,0.07198984175920486,-0.2724766433238983,-0.7108613848686218,1.5951786041259766,0.6749217510223389,-0.9044390320777893,1.117907166481018,0.6274749636650085,0.08480601757764816,-0.19836363196372986,-0.3916862905025482,-0.4217625558376312,0.8275445103645325,1.2756013870239258,-0.7069423198699951,-0.05015970394015312,0.4000000059604645,0.05000000074505806,-0.3100000023841858,0.49000000953674316,-0.20999999344348907,0.0,-0.4413585960865021,-0.05827171728014946,0.32819777727127075,0.5479020476341248,-0.23646947741508484,0.0,0.7184581160545349,-1.1120476722717285,3.227262496948242,0.09622517228126526,-4.013660430908203,10.971288681030273,0.8748066425323486,-0.054493650794029236,-4.2255473136901855,2.571549654006958,3.4491660594940186,4.154098033905029,0.026346109807491302,0.013712234795093536,0.9283276796340942,0.1414356231689453,-0.07235356420278549,-0.07580117136240005,62.01359939575195,449.6484680175781,0.5,0.0,0.0,0.03137750178575516,0.0,0.6685627698898315,0.0061630127020180225,0.0,0.0,0.0,0.0,769.1954956054688,0.0
2.36,1.4444446563720703,0.3420188920489531,-0.9396930762124444,1.0,0.0,1.0,1.0,0.3222019076347351,-0.20603200793266296,0.5210200548171997,0.09957734495401382,0.08188939094543457,-0.20565414428710938,0.9027402997016907,-0.26240211725234985,0.003315233625471592,-0.4405014216899872,-1.2531057596206665,1.3430227041244507,0.6733875870704651,-0.9177970290184021,1.1302708387374878,0.6349881887435913,0.03983118757605553,-0.007819673046469688,-0.38339272141456604,-0.4243713319301605,0.7870283722877502,1.3086410760879517,-0.6733622550964355,0.02878568135201931,0.4000000059604645,0.05000000074505806,-0.3100000023841858,0.49000000953674316,-0.20999999344348907,0.0,-0.42924413084983826,-0.055848825722932816,0.32286742329597473,0.5309417843818665,-0.22871622443199158,0.0,-1.6951500177383423,-1.7853707075119019,0.23396074771881104,0.5476377010345459,0.6293312907218933,11.838890075683594,1.190402865409851,-0.5105745792388916,-3.9635820388793945,3.7125725746154785,2.2969400882720947,9.756316184997559,0.026566043496131897,0.021586410701274872,0.2959451973438263,0.28395363688468933,-0.26903367042541504,-0.21339301764965057,277.45550537109375,429.6992492675781,0.5,0.0,0.0,0.03828616440296173,0.0,0.6299535036087036,0.027121730148792267,0.0,0.0,0.0,0.0,1092.609130859375,0.0
2.37,1.4555556774139404,0.2756366198184286,-0.9612619069822081,1.0,0.0,1.0,0.0,0.33247750997543335,-0.2124035656452179,0.5188298225402832,0.08956551551818848,0.07839132845401764,-0.20300722122192383,0.8937742114067078,-0.3779219388961792,-0.14638446271419525,-0.3475145399570465,-0.8398586511611938,-0.48602384328842163,0.6521152257919312,-0.9280484318733215,1.1322182416915894,0.6262813806533813,0.06461544334888458,0.18107753992080688,-0.38370800018310547,-0.44387733936309814,0.7989738583564758,1.3379402160644531,-0.7777618169784546,0.01602654531598091,0.4000000059604645,0.05000000074505806,-0.3100000023841858,0.49000000953674316,-0.20999999344348907,0.0,-0.41899392008781433,-0.05379877984523773,0.31835731863975525,0.516591489315033,-0.2221560925245285,0.0,-2.2770838737487793,-0.9615731835365295,-0.7948221564292908,-1.5189354419708252,3.6520638465881348,14.282718658447266,-0.40119290351867676,-2.137971878051758,2.4573025703430176,2.34214448928833,-10.025396347045898,-1.0560739040374756,0.026322759687900543,0.023163489997386932,0.5248051881790161,1.8727036714553833,-0.12419828772544861,-1.0339388847351074,483.373291015625,0.0,0.5,0.0,0.0,0.04657961055636406,0.0,0.5511400699615479,0.6234801411628723,0.0,0.0,0.0,0.0,1631.87255859375,0.0
2.38,1.4666666984558105,0.20791149544540746,-0.9781476422614608,1.0,0.0,1.0,0.0,0.34159043431282043,-0.21896769106388092,0.5156056880950928,0.08476972579956055,0.0752691775560379,-0.21992826461791992,0.9057450294494629,-0.4598132371902466,-0.22708290815353394,-0.010670382529497147,-0.3528291881084442,-2.3851823806762695,0.6566022634506226,-0.9492048025131226,1.0909481048583984,0.6187548041343689,0.11580953747034073,0.2842194736003876,-0.3927180767059326,-0.4765210747718811,0.8474040031433105,1.3647915124893188,-0.8858247399330139,-0.14138182997703552,0.4000000059604645,0.05000000074505806,-0.3100000023841858,0.49000000953674316,-0.20999999344348907,0.0,-0.410806804895401,-0.052161358296871185,0.31475499272346497,0.5051295161247253,-0.21691633760929108,0.0,0.6384962201118469,-2.603050470352173,-4.1479573249816895,0.1096290647983551,4.2143778800964355,12.030679702758789,-1.4327832460403442,-4.364472389221191,7.5279059410095215,2.929750680923462,-10.09445858001709,-10.42532730102539,0.02775614708662033,0.02023029327392578,0.39749836921691895,2.7221391201019287,0.042283277958631516,-1.4984416961669922,424.2810974121094,0.0,0.5,0.0,0.0,0.05211344733834267,0.0,0.47136881947517395,1.1442340110079385e-05,0.0,0.0,0.0,0.0,2122.41552734375,0.0
2.39,1.4777779579162598,0.13917198013153623,-0.9902682262631004,1.0,0.0,1.0,0.0,0.3504166603088379,-0.22491173446178436,0.5123041868209839,0.08235576003789902,0.07524477690458298,-0.24473047256469727,0.9265537858009338,-0.44659537076950073,-0.22423860430717468,0.4277501702308655,-0.412318617105484,-2.502159357070923,0.6527164578437805,-0.9726038575172424,1.0460628271102905,0.6277916431427002,0.1290123164653778,0.3525714874267578,-0.3948700428009033,-0.49683132767677307,0.9126574993133545,1.3523834943771362,-0.795895516872406,-0.26954105496406555,0.4000000059604645,0.05000000074505806,-0.3100000023841858,0.49000000953674316,-0.20999999344348907,0.0,-0.40484216809272766,-0.050968434661626816,0.31213054060935974,0.49677905440330505,-0.21309897303581238,0.0,-0.787553071975708,-2.0653345584869385,-4.543530464172363,1.3406596183776855,-0.0683814063668251,4.6383891105651855,0.07086748629808426,-1.0426955223083496,7.0922441482543945,-2.2346274852752686,9.748054504394531,-10.191817283630371,0.029920466244220734,0.009013526141643524,0.6406938433647156,2.336303949356079,-0.041088949888944626,-1.6437711715698242,184.91514587402344,0.0,0.5,0.0,0.0,0.05401841923594475,0.0,0.46636295318603516,3.64701099897502e-06,0.0,0.0,0.0,0.0,546.1464233398438,0.0
2.4,1.4888889789581299,0.06975590920093978,-0.9975640897363689,1.0,1.0,1.0,1.0,0.35852736234664917,-0.22995266318321228,0.5086617469787598,0.08385263383388519,0.07833527773618698,-0.27119970321655273,0.9518863558769226,-0.4401474595069885,-0.28055864572525024,0.6029896140098572,0.1471867561340332,-2.926635980606079,0.6150277853012085,-0.987693190574646,1.031008005142212,0.6373578906059265,0.1547156423330307,0.4344003200531006,-0.40725550055503845,-0.5022842288017273,0.9499003291130066,1.3571923971176147,-0.7576637864112854,-0.24188995361328125,0.4000000059604645,0.05000000074505806,-0.3100000023841858,0.49000000953674316,-0.20999999344348907,0.0,-0.4000000059604645,-0.05000000074505806,0.3100000023841858,0.49000000953674316,-0.20999999344348907,0.0,-3.876755714416504,-1.4191023111343384,-1.4390181303024292,1.4333040714263916,0.43174266815185547,8.263011932373047,-1.4685033559799194,-0.11395396292209625,1.3314179182052612,1.2701358795166016,1.8725402355194092,0.19072532653808594,0.03248004615306854,0.0029609650373458862,0.8374571800231934,0.6757882237434387,0.02309463918209076,-0.38472357392311096,141.2060546875,171.0908203125,0.5,0.0,0.0,0.05070093646645546,0.0,0.45119211077690125,3.6338214215447806e-08,0.0,0.0,0.0,0.0,351.5458984375,0.0
2.41,1.5000001192092896,-7.490140557442546e-07,-0.9999999999997194,1.0,1.0,1.0,1.0,0.3658038079738617,-0.23451164364814758,0.5052422881126404,0.09046625345945358,0.08153598010540009,-0.2999253273010254,0.9956637620925903,-0.3795335292816162,-0.22204528748989105,0.5145505666732788,0.6464792490005493,-2.9457805156707764,0.5757508873939514,-0.9928094744682312,1.015673041343689,0.6438148021697998,0.15155728161334991,0.44062167406082153,-0.41770461201667786,-0.4958619177341461,0.9578012824058533,1.3629262447357178,-0.7741655111312866,-0.1677742600440979,0.4000000059604645,0.05000000074505806,-0.3100000023841858,0.49000000953674316,-0.20999999344348907,0.0,-0.4000000059604645,-0.05000000074505806,0.3100000023841858,0.49000000953674316,-0.20999999344348907,0.0,-4.431189060211182,-0.2533411383628845,-1.7298920154571533,0.5321826934814453,-0.46716517210006714,1.6400129795074463,-0.9672280550003052,0.4867919683456421,0.3548860549926758,1.04122793674469,-2.5334298610687256,-2.1152255535125732,0.033817097544670105,0.00017138570547103882,0.8515229225158691,0.09585866332054138,0.01788761094212532,-0.20461228489875793,40.811283111572266,284.57171630859375,0.5,0.0,0.0,0.044097743928432465,0.0,0.4586552381515503,2.9021016700880864e-08,0.0,0.0,0.0,0.0,235.27670288085938,0.0
2.42,1.5111112594604492,-0.06975740357991274,-0.9975639852389365,1.0,1.0,0.0,1.0,0.3741740584373474,-0.239542156457901,0.502789318561554,0.09559585154056549,0.08349964022636414,-0.3278341293334961,1.0838475227355957,-0.3253585696220398,-0.0855199471116066,0.3524351716041565,0.2533474564552307,-2.265872001647949,0.6592041254043579,-0.9951425790786743,0.9553136825561523,0.6162474751472473,0.25551915168762207,0.24361130595207214,-0.40095382928848267,-0.4980858266353607,0.9655468463897705,1.367728590965271,-0.7866413593292236,-0.18321169912815094,0.4000000059604645,0.05000000074505806,-0.3100000023841858,0.49000000953674316,-0.20999999344348907,0.0,-0.4000000059604645,-0.05000000074505806,0.3100000023841858,0.49000000953674316,-0.20999999344348907,0.0,8.06795597076416,-0.15134774148464203,-0.5477879047393799,-2.7140920162200928,10.017009735107422,-10.744640350341797,2.5130817890167236,-0.5919654965400696,0.5555819272994995,0.23437941074371338,-0.790091872215271,-1.6589579582214355,0.03418467193841934,-0.00020581483840942383,2.7416510581970215,0.00669826241210103,-0.5072333812713623,0.010006426833570004,0.0,610.39794921875,0.5,0.0,0.0,0.03982795029878616,0.0,0.40923231840133667,3.47145542036742e-05,0.0,0.0,0.0,0.0,1423.8828125,0.0
2.43,1.5222223997116089,-0.1391742053056483,-0.9902679135352922,0.0,1.0,0.0,1.0,0.3839530944824219,-0.2454351782798767,0.5010987520217896,0.09564512968063354,0.08398569375276566,-0.3437185287475586,1.113196611404419,-0.26817798614501953,-0.011620093137025833,0.07490146160125732,-0.40996649861335754,-1.0067572593688965,0.7448872327804565,-0.9960022568702698,0.958443820476532,0.588073194026947,0.2336491048336029,0.07077819854021072,-0.3698461055755615,-0.49823230504989624,0.9592617154121399,1.3652334213256836,-0.7974566221237183,-0.193376362323761,0.36520645022392273,0.04304128885269165,-0.2946908473968506,0.4412890374660492,-0.18773211538791656,0.0,-0.4000000059604645,-0.05000000074505806,0.3100000023841858,0.49000000953674316,-0.20999999344348907,0.0,8.046941757202148,0.044564176350831985,2.051422595977783,-3.0350804328918457,-3.385504722595215,-10.530431747436523,3.478111743927002,0.19056405127048492,-1.4250653982162476,-0.3683182895183563,-1.0473061800003052,0.37372225522994995,0.03252973407506943,0.00026422739028930664,3.2039244174957275,0.027937669306993484,-0.44054651260375977,-0.024106338620185852,0.0,499.8110046386719,0.5,0.0,0.0,0.03955434635281563,0.0,0.40825673937797546,0.13171426951885223,0.0,0.0,0.0,0.0,1202.259765625,0.0
2.44,1.533333420753479,-0.20791222809168317,-0.9781474865325537,0.0,1.0,0.0,1.0,0.39540502429008484,-0.2523123621940613,0.49979087710380554,0.08848734945058823,0.08270715922117233,-0.3486928939819336,1.1331387758255005,-0.21490861475467682,0.03144510090351105,-0.1948045790195465,-1.0397908687591553,0.06998821347951889,0.8285536766052246,-0.9983673691749573,0.994381308555603,0.5626286864280701,0.13644859194755554,-0.06130438670516014,-0.33320677280426025,-0.4933133125305176,0.9309372305870056,1.3605012893676758,-0.7977842688560486,-0.2001158446073532,0.34802189469337463,0.03960438072681427,-0.28712964057922363,0.41723066568374634,-0.17673400044441223,0.0,-0.4000000059604645,-0.05000000074505806,0.3100000023841858,0.49000000953674316,-0.20999999344348907,0.0,8.022109031677246,-0.18479222059249878,4.951234817504883,-2.619027853012085,-9.466464042663574,-10.218281745910645,4.223519325256348,0.5145218372344971,-2.6366279125213623,0.22597461938858032,-4.680408000946045,10.083399772644043,0.03078274428844452,0.0022214576601982117,3.460771083831787,0.0024324157275259495,-0.446492463350296,-0.1076253280043602,0.0,404.6888122558594,0.5,0.0,0.0,0.04468793049454689,0.0,0.40897518396377563,0.9902511239051819,0.0,0.0,0.0,0.0,1750.51318359375,0.0
2.45,1.5444445610046387,-0.2756380598154801,-0.961261494069724,0.0,1.0,1.0,1.0,0.40858444571495056,-0.2597287893295288,0.49891534447669983,0.07462780922651291,0.08103974908590317,-0.3457489013671875,1.1515309810638428,-0.1804429590702057,0.07097981125116348,-0.1797952651977539,-1.572304606437683,0.6776875257492065,0.9124281406402588,-1.0022655725479126,1.0342144966125488,0.537384569644928,0.1771242618560791,-0.16843894124031067,-0.2864287495613098,-0.48285624384880066,0.8931509256362915,1.3543050289154053,-0.8229270577430725,-0.14602699875831604,0.33109036087989807,0.0362180694937706,-0.2796797454357147,0.39352649450302124,-0.16589781641960144,0.0,-0.4000000059604645,-0.05000000074505806,0.3100000023841858,0.49000000953674316,-0.20999999344348907,0.0,8.030070304870605,-0.6494735479354858,3.8481640815734863,-1.8646035194396973,5.264165878295898,-10.116048812866211,4.967777729034424,1.3354792594909668,-4.3022942543029785,-0.8149461150169373,-2.5378036499023438,6.5385541915893555,0.030722282826900482,0.005607057362794876,3.097443103790283,0.06121483072638512,-0.6951763033866882,-0.14259226620197296,61.24276351928711,470.993408203125,0.5,0.0,0.0,0.055528830736875534,0.0,0.400875449180603,0.39910897612571716,0.0,0.0,0.0,0.0,1378.14208984375,0.0
2.46,1.5555557012557983,-0.3420210035780581,-0.9396923076791988,0.0,1.0,1.0,1.0,0.4225400686264038,-0.2667234539985657,0.4985722601413727,0.05871633440256119,0.08128146827220917,-0.3371133804321289,1.1586849689483643,-0.1685699075460434,0.09393343329429626,0.04937092587351799,-1.478559136390686,1.2495962381362915,0.9957489967346191,-0.9992951154708862,1.073898434638977,0.51944899559021,0.1690034717321396,-0.10783406347036362,-0.24339820444583893,-0.4677425026893616,0.8426955342292786,1.3491889238357544,-0.8208182454109192,-0.1017579585313797,0.3144947588443756,0.032898951321840286,-0.27237769961357117,0.37029266357421875,-0.15527664124965668,0.0,-0.4000000059604645,-0.05000000074505806,0.3100000023841858,0.49000000953674316,-0.20999999344348907,0.0,8.026952743530273,0.8604130148887634,3.538203477859497,-1.6667213439941406,-1.3331736326217651,4.581850051879883,3.9608709812164307,1.6625268459320068,-5.39454460144043,-0.28404128551483154,1.1540316343307495,5.193486213684082,0.030823983252048492,0.01043611392378807,2.828799247741699,0.06958121806383133,-0.7229699492454529,-0.10360123962163925,25.815641403198242,417.087646484375,0.5,0.0,0.0,0.06758174300193787,0.0,0.39670461416244507,0.04402570798993111,0.0,0.0,0.0,0.0,683.0989379882812,0.0
2.47,1.5666667222976685,-0.40673696239635626,-0.9135453154718625,0.0,1.0,1.0,1.0,0.43673408031463623,-0.2735213339328766,0.4982147812843323,0.04195989668369293,0.08199042081832886,-0.32187461853027344,1.1689832210540771,-0.17814691364765167,0.046547286212444305,-0.003968860954046249,-1.6909520626068115,1.8950644731521606,1.00559401512146,-0.9961163997650146,1.1196081638336182,0.5190053582191467,0.10409441590309143,0.05254589766263962,-0.21996843814849854,-0.4551401138305664,0.7811056971549988,1.3640406131744385,-0.7817308306694031,-0.03541312366724014,0.29831573367118835,0.029663143679499626,-0.26525890827178955,0.3476420044898987,-0.14492204785346985,0.0,-0.4000000059604645,-0.05000000074505806,0.3100000023841858,0.49000000953674316,-0.20999999344348907,0.0,-0.21009193360805511,-0.01052769459784031,2.7331762313842773,-0.018477752804756165,-5.6242475509643555,11.56495475769043,1.8019609451293945,1.3456664085388184,-6.832777976989746,2.2902185916900635,4.747739791870117,7.0001091957092285,0.03145603835582733,0.018641706556081772,1.5355265140533447,0.30917251110076904,-0.5292048454284668,-0.16647151112556458,68.22803497314453,511.6395568847656,0.5,0.0,0.0,0.07948598265647888,0.0,0.38344860076904297,0.000759736867621541,0.0,0.0,0.0,0.0,1112.6820068359375,0.0
2.48,1.5777779817581177,-0.46947269441199835,-0.8829469911617222,0.0,1.0,1.0,1.0,0.45130765438079834,-0.28044334053993225,0.4975748062133789,0.023949528113007545,0.08290676772594452,-0.30434370040893555,1.174085259437561,-0.2481609433889389,-0.01790737360715866,0.0171036459505558,-1.6842933893203735,1.9331914186477661,0.989541232585907,-0.994458019733429,1.1273382902145386,0.5168233513832092,0.045774467289447784,0.2564972937107086,-0.21244436502456665,-0.4538760185241699,0.7368248105049133,1.3911231756210327,-0.7312376499176025,0.024482809007167816,0.28263166546821594,0.026526331901550293,-0.2583579421043396,0.3256843388080597,-0.13488426804542542,0.0,-0.4000000059604645,-0.05000000074505806,0.3100000023841858,0.49000000953674316,-0.20999999344348907,0.0,-2.644359827041626,-0.19092541933059692,-0.4645133316516876,-1.0866526365280151,1.906866431236267,11.385433197021484,0.6228485703468323,-0.24977082014083862,-4.591979026794434,3.3661670684814453,5.055211067199707,5.103082180023193,0.03133399039506912,0.025696031749248505,0.7122194766998291,1.0385477542877197,-0.3681679964065552,-0.4411492347717285,338.3524169921875,419.8005065917969,0.5,0.0,0.0,0.08920831233263016,0.0,0.3563116192817688,0.0005673930863849819,0.0,0.0,0.0,0.0,1109.282958984375,0.0
2.49,1.5888890027999878,-0.5299198712019053,-0.8480477168799855,0.0,1.0,1.0,0.0,0.4645102024078369,-0.2873556315898895,0.49650174379348755,0.011714334599673748,0.08464539051055908,-0.29419565200805664,1.164048671722412,-0.3699321448802948,-0.09150389581918716,0.2627720832824707,-0.702015221118927,0.43102243542671204,0.9691744446754456,-0.9942372441291809,1.11696195602417,0.4987987279891968,0.06020325422286987,0.4481387138366699,-0.21663083136081696,-0.4676513671875,0.740477442741394,1.41096031665802,-0.8452320098876953,-0.11828527599573135,0.26752007007598877,0.02350400947034359,-0.25170883536338806,0.3045280873775482,-0.12521281838417053,0.0,-0.4000000059604645,-0.05000000074505806,0.3100000023841858,0.49000000953674316,-0.20999999344348907,0.0,-1.8570462465286255,0.04110177978873253,-1.63594388961792,-1.8714585304260254,0.4774725139141083,14.78779125213623,-0.8069026470184326,-1.6189839839935303,2.2808408737182617,1.2770875692367554,-10.120946884155273,-10.305167198181152,0.0328691303730011,0.02557762712240219,0.49665388464927673,2.4607813358306885,-0.16551750898361206,-1.1127673387527466,413.1231689453125,0.0,0.5,0.0,0.0,0.09071185439825058,0.0,0.3148620128631592,0.6896571516990662,0.0,0.0,0.0,0.0,2005.695556640625,0.0
2.5,1.6000001430511475,-0.5877859794503564,-0.8090164660633214,0.0,1.0,1.0,0.0,0.4765702784061432,-0.29356005787849426,0.4951668083667755,0.00552788469940424,0.09038584679365158,-0.29805994033813477,1.1699601411819458,-0.42922791838645935,-0.10398741066455841,0.8227594494819641,-0.559500515460968,-0.8638791441917419,0.9718819856643677,-1.000755786895752,1.07058584690094,0.4875003695487976,0.05937955901026726,0.5457108020782471,-0.21787846088409424,-0.4830566644668579,0.7836278080940247,1.407065987586975,-0.8458194732666016,-0.27697569131851196,0.2530534267425537,0.020610688254237175,-0.24534350633621216,0.2842748165130615,-0.1159541979432106,0.0,-0.4000000059604645,-0.05000000074505806,0.3100000023841858,0.49000000953674316,-0.20999999344348907,0.0,0.5457766056060791,-0.9325718283653259,-6.240619659423828,-1.1647170782089233,1.9957468509674072,4.059577941894531,-0.01867571473121643,-1.8453088998794556,6.564830780029297,-0.7048453688621521,0.2574114203453064,-10.429285049438477,0.03505536913871765,0.0171612910926342,0.5347788333892822,2.8519999980926514,0.08373241871595383,-1.4029712677001953,502.34283447265625,0.0,0.5,0.0,0.0,0.08194171637296677,0.0,0.2819103002548218,0.2247932255268097,0.0,0.0,0.0,0.0,1081.521484375,0.0
2.5100000000000002,1.6111112833023071,-0.6427884384766878,-0.7660437476807063,0.0,1.0,0.0,1.0,0.48763614892959595,-0.2990197241306305,0.4934685528278351,0.004397884011268616,0.09828579425811768,-0.30579233169555664,1.1814823150634766,-0.4036443531513214,-0.1683500111103058,0.8733772039413452,0.04476706683635712,-0.7887824773788452,0.9274241328239441,-1.0098118782043457,1.0469228029251099,0.501061737537384,0.05884595960378647,0.43651333451271057,-0.22548311948776245,-0.49010467529296875,0.8379369974136353,1.3862086534500122,-0.83086097240448,-0.3606591522693634,0.23930275440216064,0.017860550433397293,-0.23929321765899658,0.2650238573551178,-0.1071537584066391,0.0,-0.4000000059604645,-0.05000000074505806,0.3100000023841858,0.49000000953674316,-0.20999999344348907,0.0,-3.881556272506714,-0.38663265109062195,-1.625174641609192,1.4339423179626465,-0.10112673044204712,-10.058926582336426,-0.9316540956497192,0.22895914316177368,3.1678848266601562,-0.446993350982666,-10.064997673034668,1.1217613220214844,0.037376247346401215,0.004112228751182556,1.177194595336914,2.0198912620544434,-0.24107930064201355,-0.6322565078735352,0.0,250.48638916015625,0.5,0.0,0.0,0.07011561840772629,0.0,0.28516316413879395,0.28812652826309204,0.0,0.0,0.0,0.0,335.0949401855469,0.0
2.52,1.6222224235534668,-0.69465928042438,-0.7193389215941834,0.0,1.0,0.0,1.0,0.4970739483833313,-0.30379518866539,0.49141475558280945,0.01103917509317398,0.10573704540729523,-0.31472015380859375,1.2130707502365112,-0.3625238835811615,-0.1806519329547882,0.6932324767112732,0.949114203453064,-1.1299179792404175,0.8973676562309265,-1.011924386024475,1.0511494874954224,0.5158398747444153,0.044168781489133835,0.3367282450199127,-0.2413472831249237,-0.4842337667942047,0.8463411927223206,1.386368751525879,-0.8279571533203125,-0.2640574872493744,0.22633516788482666,0.015267033129930496,-0.23358747363090515,0.24686923623085022,-0.09885449707508087,0.0,-0.4000000059604645,-0.05000000074505806,0.3100000023841858,0.49000000953674316,-0.20999999344348907,0.0,-2.856931686401367,-0.07770565897226334,0.7662742137908936,1.642371416091919,-1.4405314922332764,-10.00312614440918,-1.9451836347579956,0.9375426769256592,-0.6080003976821899,2.111074447631836,-1.0910933017730713,4.678335189819336,0.03846394270658493,0.0001028701663017273,1.2329304218292236,0.28871384263038635,-0.37248724699020386,-0.11028876155614853,0.0,288.48883056640625,0.5,0.0,0.0,0.059888068586587906,0.0,0.2780965566635132,0.07781435549259186,0.0,0.0,0.0,0.0,469.12518310546875,0.0
2.5300000000000002,1.633333444595337,-0.7431452932528932,-0.6691300868411698,0.0,1.0,0.0,1.0,0.5062183141708374,-0.3088451027870178,0.48978888988494873,0.020935509353876114,0.11006584763526917,-0.3246278762817383,1.2871758937835693,-0.29526567459106445,-0.09035718441009521,0.26794368028640747,0.9391472339630127,-1.0446908473968506,0.9126331210136414,-1.0212033987045288,1.0687199831008911,0.5292983651161194,0.04602881893515587,0.22397767007350922,-0.2432841807603836,-0.4724788963794708,0.8343498706817627,1.3887319564819336,-0.8403043746948242,-0.2689747214317322,0.21421362459659576,0.012842722237110138,-0.22825399041175842,0.2298990786075592,-0.09109671413898468,0.0,-0.4000000059604645,-0.05000000074505806,0.3100000023841858,0.49000000953674316,-0.20999999344348907,0.0,2.6240317821502686,-1.1705058813095093,2.81828236579895,1.192195177078247,0.607085645198822,-10.081854820251465,0.4625578224658966,1.2375398874282837,-1.5074023008346558,-0.9323967695236206,0.17077797651290894,-4.523883819580078,0.0397750660777092,0.001063235104084015,1.557687520980835,0.0674857422709465,-0.4370686113834381,-0.05925436317920685,0.0,447.76849365234375,0.5,0.0,0.0,0.053448405116796494,0.0,0.2432524710893631,0.11273021250963211,0.0,0.0,0.0,0.0,453.13934326171875,0.0
2.54,1.6444445848464966,-0.7880112967257991,-0.6156607801643084,0.0,1.0,0.0,1.0,0.5163611173629761,-0.3144567012786865,0.4890255331993103,0.02874467708170414,0.11241192370653152,-0.33298730850219727,1.339873194694519,-0.2521090507507324,0.012978218495845795,0.18829397857189178,0.6224437355995178,-0.6773388385772705,0.9937254190444946,-1.0272598266601562,1.063867449760437,0.5210533738136292,0.07107972353696823,0.06870408356189728,-0.21972869336605072,-0.46698668599128723,0.8271682262420654,1.3771477937698364,-0.8503373861312866,-0.2702893316745758,0.20299707353115082,0.010599412024021149,-0.22331871092319489,0.21419590711593628,-0.08391812443733215,0.0,-0.4000000059604645,-0.05000000074505806,0.3100000023841858,0.49000000953674316,-0.20999999344348907,0.0,7.98269510269165,-0.23367823660373688,0.41671010851860046,-0.9541438221931458,1.6535651683807373,-10.394911766052246,2.794447422027588,0.5654006004333496,-0.8439304232597351,-1.521982192993164,-1.3878029584884644,1.057363748550415,0.04075319319963455,0.0018505528569221497,1.808019757270813,0.014912107959389687,-0.4856031835079193,-0.047480881214141846,0.0,484.2003173828125,0.5,0.0,0.0,0.04938168823719025,0.0,0.21483351290225983,0.3994863033294678,0.0,0.0,0.0,0.0,898.1900634765625,0.0
2.5500000000000003,1.6555557250976562,-0.8290381682428842,-0.5591920203261874,0.0,1.0,1.0,1.0,0.527554452419281,-0.32106322050094604,0.4887086749076843,0.03199566528201103,0.11126958578824997,-0.3337082862854004,1.36746346950531,-0.21001121401786804,0.05355183035135269,-0.3020738661289215,0.03751472011208534,0.28632548451423645,1.0720537900924683,-1.030556559562683,1.1006395816802979,0.5060743689537048,-0.01665174588561058,-0.0723971426486969,-0.18883343040943146,-0.4626598358154297,0.804900050163269,1.3590025901794434,-0.8476069569587708,-0.2709250748157501,0.19274045526981354,0.008548088371753693,-0.21880578994750977,0.1998366415500641,-0.07735387980937958,0.0,-0.4000000059604645,-0.05000000074505806,0.3100000023841858,0.49000000953674316,-0.20999999344348907,0.0,7.550496578216553,-0.32428473234176636,5.07012939453125,-2.352627992630005,-5.297723293304443,-10.473426818847656,3.3866705894470215,0.33314019441604614,-3.016267776489258,-1.8941800594329834,0.6912602186203003,1.2066309452056885,0.042650192975997925,0.003667488694190979,2.03596568107605,0.056330643594264984,-0.03913950175046921,-0.03278081491589546,96.13245391845703,471.5672302246094,0.5,0.0,0.0,0.04963071271777153,0.0,0.20327509939670563,0.8487721085548401,0.0,0.0,0.0,0.0,855.059326171875,0.0
2.56,1.6666667461395264,-0.8660256534556827,-0.4999995675564705,0.0,1.0,0.0,1.0,0.5407631397247314,-0.3288493752479553,0.48860201239585876,0.02691659703850746,0.10712834447622299,-0.32836294174194336,1.39645254611969,-0.1745082139968872,0.07532868534326553,-0.5272833108901978,-0.7904842495918274,0.8559316992759705,1.1516680717468262,-1.0407698154449463,1.1526793241500854,0.48960980772972107,-0.06345143914222717,-0.20333290100097656,-0.14756543934345245,-0.4580836594104767,0.7649076581001282,1.3386682271957397,-0.8407405614852905,-0.2448103278875351,0.18349355459213257,0.0066987089812755585,-0.2147371619939804,0.18689098954200745,-0.07143586874008179,0.0,-0.4000000059604645,-0.05000000074505806,0.3100000023841858,0.49000000953674316,-0.20999999344348907,0.0,7.8989949226379395,-1.2538987398147583,5.920650482177734,-1.5224813222885132,-3.7230474948883057,-10.217689514160156,4.623956203460693,0.5199300646781921,-4.715372085571289,-2.1599526405334473,0.9356560707092285,4.545658111572266,0.045764558017253876,0.0073855966329574585,1.8974605798721313,0.06069140508770943,-0.1430978626012802,-0.07949982583522797,0.0,462.2123107910156,0.5,0.0,0.0,0.05515841022133827,0.0,0.18859362602233887,0.23102298378944397,0.0,0.0,0.0,0.0,1009.85400390625,0.0
2.57,1.677777886390686,-0.8987943454587837,-0.4383705334204345,0.0,1.0,0.0,1.0,0.5558695197105408,-0.33715584874153137,0.4886458218097687,0.014627145603299141,0.10218744724988937,-0.31852006912231445,1.410793662071228,-0.16149410605430603,0.06816861778497696,-0.515105128288269,-1.383199691772461,1.3331981897354126,1.2333482503890991,-1.0536291599273682,1.2109782695770264,0.47399699687957764,-0.061951104551553726,-0.3162853717803955,-0.09910352528095245,-0.4528767764568329,0.7122402191162109,1.3228225708007812,-0.8340833187103271,-0.1642509400844574,0.17530134320259094,0.005060266703367233,-0.21113258600234985,0.17542189359664917,-0.06619285047054291,0.0,-0.4000000059604645,-0.05000000074505806,0.3100000023841858,0.49000000953674316,-0.20999999344348907,0.0,7.996959209442139,-1.3061927556991577,6.099978923797607,-1.4008466005325317,0.014724450185894966,-10.0746488571167,5.174673080444336,0.3267773985862732,-5.954406261444092,-1.470569133758545,2.472579002380371,8.154488563537598,0.049305982887744904,0.013706900179386139,1.8195807933807373,0.06534191966056824,-0.18691936135292053,-0.08198600262403488,0.0,458.7395935058594,0.5,0.0,0.0,0.0636739656329155,0.0,0.18063966929912567,0.028586095198988914,0.0,0.0,0.0,0.0,1165.2005615234375,0.0
2.58,1.6888890266418457,-0.9271841787986933,-0.3746057909127841,0.0,1.0,0.0,1.0,0.5715439319610596,-0.34530916810035706,0.48840558528900146,0.00040126871317625046,0.09785769879817963,-0.306699275970459,1.4109829664230347,-0.183676615357399,-0.013418971560895443,-0.4152582287788391,-1.3622392416000366,1.351499080657959,1.2731742858886719,-1.0614242553710938,1.2601829767227173,0.47433197498321533,-0.11136284470558167,-0.16383762657642365,-0.07602052390575409,-0.4530053436756134,0.6566896438598633,1.3418083190917969,-0.7876704931259155,-0.020439669489860535,0.1682039499282837,0.0036407895386219025,-0.208009734749794,0.16548553109169006,-0.06165051460266113,0.0,-0.4000000059604645,-0.05000000074505806,0.3100000023841858,0.49000000953674316,-0.20999999344348907,0.0,2.1942291259765625,-0.4302298426628113,2.3710947036743164,0.2010691612958908,-3.4848856925964355,10.376944541931152,1.1922856569290161,0.22578707337379456,-6.089622974395752,2.823795795440674,5.7038254737854,13.26831340789795,0.05071026086807251,0.02451888471841812,1.4385969638824463,0.5219298601150513,-0.8464717864990234,-0.29927515983581543,0.0,564.6988525390625,0.5,0.0,0.0,0.07084988802671432,0.0,0.17777188122272491,0.025910694152116776,0.0,0.0,0.0,0.0,1789.8414306640625,0.0
2.59,1.7000000476837158,-0.9510566088783396,-0.3090167094330548,0.0,1.0,0.0,1.0,0.5870493650436401,-0.3542039394378662,0.48699912428855896,-0.014204978942871094,0.09053333103656769,-0.29100894927978516,1.4010645151138306,-0.24456101655960083,-0.17638224363327026,-0.88865727186203,-1.371098279953003,1.9315294027328491,1.2268846035003662,-1.0639243125915527,1.2949695587158203,0.49049103260040283,-0.20928481221199036,0.03355377912521362,-0.0717901736497879,-0.466534823179245,0.6108603477478027,1.3792253732681274,-0.7030751705169678,0.14877906441688538,0.16223584115505219,0.002447165548801422,-0.2053837776184082,0.1571301817893982,-0.05783092975616455,0.0,-0.4000000059604645,-0.05000000074505806,0.3100000023841858,0.49000000953674316,-0.20999999344348907,0.0,-4.53572416305542,-0.17936399579048157,1.9120948314666748,1.3352328538894653,-8.59105396270752,10.715065002441406,0.4876467287540436,-1.8375370502471924,-4.60515022277832,3.8197710514068604,7.996870040893555,17.722763061523438,0.047854550182819366,0.0353163480758667,1.0636379718780518,0.9390100836753845,-1.2838207483291626,-0.5327575206756592,0.0,889.4189453125,0.5,0.0,0.0,0.08019129186868668,0.0,0.17491507530212402,0.000574729114305228,0.0,0.0,0.0,0.0,2316.5732421875,0.0
2.6,1.7111111879348755,-0.9702958430510862,-0.24192142723988358,0.0,1.0,1.0,0.0,0.599315345287323,-0.36374181509017944,0.48404189944267273,-0.01753854751586914,0.08028237521648407,-0.2791023254394531,1.3700727224349976,-0.41953185200691223,-0.33311188220977783,-1.0500558614730835,0.4672560691833496,0.35807812213897705,1.1569099426269531,-1.0626707077026367,1.3365668058395386,0.48201876878738403,-0.27515289187431335,0.20970386266708374,-0.09877368062734604,-0.505429744720459,0.6325812935829163,1.4339468479156494,-0.8198419809341431,-0.027137624099850655,0.15742601454257965,0.0014852024614810944,-0.20326745510101318,0.1503964364528656,-0.0547526478767395,0.0,-0.4000000059604645,-0.05000000074505806,0.3100000023841858,0.49000000953674316,-0.20999999344348907,0.0,-7.042534828186035,-1.5632373094558716,8.017741203308105,-1.535689353942871,-3.2112221717834473,13.06621265411377,-3.2574539184570312,-4.60749626159668,5.393652439117432,5.248560905456543,-10.144953727722168,-10.550353050231934,0.04447763413190842,0.03922669589519501,-0.08705893903970718,2.4345850944519043,-0.06318862736225128,-2.0996177196502686,256.7049255371094,0.0,0.5,0.0,0.0,0.09683635085821152,0.0,0.15473102033138275,0.7738015055656433,0.0,0.0,0.0,0.0,3484.5,0.0
2.61,1.7222223281860352,-0.9848078686252573,-0.17364752199146966,0.0,1.0,1.0,0.0,0.608347475528717,-0.37306666374206543,0.4800431430339813,-0.007940292358398438,0.07174646109342575,-0.27974700927734375,1.3616816997528076,-0.4846774935722351,-0.4024548828601837,-0.694416344165802,1.3476954698562622,-0.5610399842262268,1.1031948328018188,-1.0704951286315918,1.399910807609558,0.46646177768707275,-0.3038213551044464,0.36093491315841675,-0.12643055617809296,-0.5424579977989197,0.689201295375824,1.469041347503662,-0.8502900004386902,-0.22837552428245544,0.15379804372787476,0.000759609043598175,-0.20167113840579987,0.14531725645065308,-0.052430734038352966,0.0,-0.4000000059604645,-0.05000000074505806,0.3100000023841858,0.49000000953674316,-0.20999999344348907,0.0,-4.909854412078857,-0.5918375849723816,6.429137229919434,-1.5231937170028687,-3.3216686248779297,10.005460739135742,-2.882739543914795,-3.8281307220458984,7.3799591064453125,3.4185068607330322,-2.14707612991333,-10.785377502441406,0.04474552720785141,0.03573944419622421,0.22284209728240967,2.0906970500946045,-0.22795234620571136,-2.182816982269287,252.80760192871094,0.0,0.5,0.0,0.0,0.11817736178636551,0.0,0.14159062504768372,0.5328412652015686,0.0,0.0,0.0,0.0,2209.564453125,0.0
2.62,1.7333335876464844,-0.9945220623926851,-0.104526874124312,0.0,1.0,1.0,0.0,0.6159944534301758,-0.3811849057674408,0.47545966506004333,0.00837708916515112,0.06767173111438751,-0.2886924743652344,1.3715327978134155,-0.5014756917953491,-0.44376689195632935,-0.15885485708713531,1.783430814743042,-1.3934370279312134,1.0528477430343628,-1.0794496536254883,1.410729169845581,0.46306514739990234,-0.2430553287267685,0.47915107011795044,-0.14874039590358734,-0.5704901814460754,0.7615711688995361,1.4844505786895752,-0.7767218947410583,-0.42108747363090515,0.15136946737766266,0.00027389079332351685,-0.20060256123542786,0.14191725850105286,-0.05087645351886749,0.0,-0.4000000059604645,-0.05000000074505806,0.3100000023841858,0.49000000953674316,-0.20999999344348907,0.0,-4.660783767700195,-0.9257684946060181,-0.5369530916213989,-0.17719048261642456,6.580278396606445,10.271307945251465,-1.9967856407165527,-2.3007240295410156,7.96818208694458,1.2094553709030151,7.006043434143066,-10.675800323486328,0.04212919622659683,0.02685999870300293,-0.007021634839475155,1.7300825119018555,-0.5859638452529907,-2.014772415161133,178.04718017578125,0.0,0.5,0.0,0.0,0.12798532843589783,0.0,0.13237790763378143,0.020582100376486778,0.0,0.0,0.0,0.0,1364.1890869140625,0.0
2.63,1.7444446086883545,-0.9993908630339691,-0.03489846535621215,0.0,1.0,1.0,0.0,0.622626006603241,-0.3879195749759674,0.47052204608917236,0.030198756605386734,0.06785307079553604,-0.30469465255737305,1.3825292587280273,-0.49450254440307617,-0.45952945947647095,0.22664618492126465,2.319979190826416,-2.0280323028564453,1.0112085342407227,-1.0924960374832153,1.416699767112732,0.46048635244369507,-0.17948174476623535,0.48543837666511536,-0.1821540892124176,-0.5830226540565491,0.8421921730041504,1.4867132902145386,-0.8658503293991089,-0.5015402436256409,0.1501522958278656,3.045797348022461e-05,-0.20006701350212097,0.1402132213115692,-0.05009746551513672,0.0,-0.4000000059604645,-0.05000000074505806,0.3100000023841858,0.49000000953674316,-0.20999999344348907,0.0,-4.239438533782959,-1.5023138523101807,0.036050617694854736,0.17467287182807922,6.9727463722229,1.0130443572998047,-4.749342441558838,-0.7047948241233826,8.496333122253418,-0.5717841386795044,-10.00790786743164,-6.31080961227417,0.042488232254981995,0.013457495719194412,0.1690102070569992,2.5376274585723877,-0.03994942456483841,-1.4767252206802368,148.3868408203125,0.0,0.5,0.0,0.0,0.11338242143392563,0.0,0.129149928689003,0.0002676500880625099,0.0,0.0,0.0,0.0,516.9500122070312,0.0
2.64,1.7555557489395142,-0.9993907846131228,0.03490071102953684,0.0,1.0,1.0,1.0,0.6281462907791138,-0.39363035559654236,0.46548953652381897,0.05699940025806427,0.06971431523561478,-0.32379817962646484,1.3912018537521362,-0.4659057557582855,-0.4485543966293335,0.3003508150577545,2.772150993347168,-2.2493889331817627,0.9755877256393433,-1.1016191244125366,1.4305403232574463,0.45631498098373413,-0.1377021223306656,0.561940610408783,-0.2168838530778885,-0.5784420371055603,0.8758391737937927,1.4750005006790161,-0.8841350078582764,-0.372489333152771,0.15030452609062195,6.090477108955383e-05,-0.20013399422168732,0.14042633771896362,-0.050194889307022095,0.0,-0.4000000059604645,-0.05000000074505806,0.3100000023841858,0.49000000953674316,-0.20999999344348907,0.0,-3.364809036254883,-0.7897331118583679,2.0413730144500732,-0.32786378264427185,2.968104600906372,7.390771389007568,-2.869725227355957,0.8776884078979492,1.1134729385375977,-1.1007676124572754,-3.0654830932617188,11.180316925048828,0.04432106763124466,0.003010667860507965,0.3103436827659607,0.003048958722501993,0.010447115637362003,0.3451835513114929,188.1588134765625,114.7929916381836,0.5,0.0,0.0,0.08281625807285309,0.0,0.13230866193771362,4.0286220610141754e-05,0.0,0.0,0.0,0.0,669.4689331054688,0.0
2.65,1.7666668891906738,-0.9945217492198296,0.10452985376785916,0.0,1.0,0.0,1.0,0.6348113417625427,-0.39873218536376953,0.4613633155822754,0.08242873847484589,0.07346072793006897,-0.34468555450439453,1.4810233116149902,-0.39047789573669434,-0.26240217685699463,0.567385733127594,2.235724925994873,-1.973073959350586,1.0271774530410767,-1.1056849956512451,1.4268180131912231,0.45339077711105347,-0.13027359545230865,0.439667284488678,-0.21935664117336273,-0.5737133026123047,0.8923725485801697,1.4695073366165161,-0.9101243019104004,-0.3381096422672272,0.15273165702819824,0.0005463287234306335,-0.201201930642128,0.14382433891296387,-0.051748260855674744,0.0,-0.4000000059604645,-0.05000000074505806,0.3100000023841858,0.49000000953674316,-0.20999999344348907,0.0,7.678877830505371,0.012676835991442204,0.6494608521461487,-0.3474650979042053,0.4242655634880066,-10.163122177124023,0.269223153591156,-0.4160519540309906,1.466393232345581,0.45754700899124146,-0.9558975696563721,-5.393014907836914,0.04349996894598007,-0.00020227208733558655,1.1046785116195679,-0.07398159056901932,-0.21906474232673645,-0.016986656934022903,0.0,883.9037475585938,0.5,0.0,0.0,0.055254049599170685,0.0,0.10755430161952972,0.0004154942580498755,0.0,0.0,0.0,0.0,741.82568359375,0.0
2.66,1.777777910232544,-0.9848076084952826,0.1736489972611481,0.0,1.0,1.0,1.0,0.6448783874511719,-0.4044785499572754,0.45859354734420776,0.09674445539712906,0.07785584032535553,-0.35730934143066406,1.5430293083190918,-0.3157281279563904,-0.07705780863761902,0.6420637369155884,0.5903878808021545,-1.0765255689620972,1.0964884757995605,-1.1043287515640259,1.4094531536102295,0.4322985112667084,-0.07028285413980484,0.2593063712120056,-0.20188896358013153,-0.5725401639938354,0.8940030932426453,1.4670307636260986,-0.9127271771430969,-0.3550071120262146,0.15753856301307678,0.0015077106654644012,-0.20331697165966034,0.15055400133132935,-0.05482468008995056,0.0,-0.4000000059604645,-0.05000000074505806,0.3100000023841858,0.49000000953674316,-0.20999999344348907,0.0,6.672057628631592,-0.10310930758714676,-1.9620122909545898,-1.9746553897857666,3.5318984985351562,-12.881424903869629,2.3131933212280273,0.7811194658279419,-1.1946383714675903,-0.3455832898616791,1.4846971035003662,-0.19009284675121307,0.04329274594783783,0.0003503859043121338,1.2955752611160278,0.06582414358854294,-0.1362185925245285,0.007949894294142723,22.72240447998047,628.655517578125,0.5,0.0,0.0,0.042050644755363464,0.0,0.09299692511558533,0.09848859161138535,0.0,0.0,0.0,0.0,1401.626953125,0.0
2.67,1.7888890504837036,-0.9702954806448982,0.2419228807700631,0.0,1.0,0.0,1.0,0.6604865789413452,-0.41182535886764526,0.45673513412475586,0.09174604713916779,0.08273021131753922,-0.3633079528808594,1.6277940273284912,-0.24794186651706696,0.03840529918670654,0.5018429160118103,-1.44564950466156,-0.07483857870101929,1.1649513244628906,-1.1114833354949951,1.4123293161392212,0.4109286665916443,-0.11646494269371033,0.10588409006595612,-0.159679114818573,-0.5587027668952942,0.8647804260253906,1.4616069793701172,-0.9230811595916748,-0.3234874904155731,0.1646316945552826,0.0029263384640216827,-0.20643794536590576,0.16048437356948853,-0.05936427414417267,0.0,-0.4000000059604645,-0.05000000074505806,0.3100000023841858,0.49000000953674316,-0.20999999344348907,0.0,6.960041046142578,-0.7199574112892151,1.856044054031372,-2.076550006866455,-9.754746437072754,-10.821880340576172,5.459622859954834,1.903083324432373,-4.906492710113525,-1.235678791999817,1.326277256011963,2.943826913833618,0.045857444405555725,0.00444754958152771,1.9556642770767212,0.11124972999095917,-0.11077217757701874,-0.061364129185676575,0.0,458.9333801269531,0.5,0.0,0.0,0.04259238764643669,0.0,0.0694749504327774,0.9888608455657959,0.0,0.0,0.0,0.0,1829.6363525390625,0.0
2.68,1.8000001907348633,-0.951056145961555,0.30901813414224366,0.0,1.0,0.0,1.0,0.6811008453369141,-0.42070239782333374,0.4552324116230011,0.06845622509717941,0.08765783160924911,-0.36017274856567383,1.668626070022583,-0.19584587216377258,0.0398421585559845,0.4967730641365051,-2.824183225631714,0.9368282556533813,1.2405086755752563,-1.122986912727356,1.4586793184280396,0.39409980177879333,-0.2124277949333191,-0.03643018379807472,-0.08675485849380493,-0.5338947772979736,0.7968970537185669,1.4374276399612427,-0.9089521169662476,-0.2967751920223236,0.17387312650680542,0.004774622619152069,-0.2105041742324829,0.17342239618301392,-0.0652787983417511,0.0,-0.4000000059604645,-0.05000000074505806,0.3100000023841858,0.49000000953674316,-0.20999999344348907,0.0,7.431540012359619,-1.1067473888397217,6.226068496704102,-1.739722728729248,-8.47140121459961,-10.300432205200195,8.001449584960938,2.8563172817230225,-8.12192153930664,-2.6956787109375,1.8621199131011963,5.384852409362793,0.049666717648506165,0.010301697999238968,2.365699052810669,0.07851085811853409,-0.1716746836900711,-0.0755772739648819,0.0,486.56036376953125,0.5,0.0,0.0,0.05437164381146431,0.0,0.060320399701595306,0.17285636067390442,0.0,0.0,0.0,0.0,1877.144775390625,0.0
2.69,1.8111112117767334,-0.9271836176276476,0.37460717986032804,0.0,1.0,0.0,1.0,0.703991711139679,-0.42940664291381836,0.4538712799549103,0.03764093667268753,0.09512133151292801,-0.35243940353393555,1.6820440292358398,-0.19445520639419556,-0.02410462312400341,0.820602536201477,-3.115870952606201,1.2399272918701172,1.3204374313354492,-1.1366121768951416,1.5170748233795166,0.3834333121776581,-0.1526716649532318,-0.014705569483339787,-0.011738662607967854,-0.5079493522644043,0.711826503276825,1.4271272420883179,-0.8754866719245911,-0.1902714967727661,0.18508277833461761,0.0070165544748306274,-0.2154364287853241,0.18911588191986084,-0.07245297729969025,0.0,-0.4000000059604645,-0.05000000074505806,0.3100000023841858,0.49000000953674316,-0.20999999344348907,0.0,8.002711296081543,-1.3551726341247559,5.2557830810546875,-0.49162381887435913,7.214341163635254,2.118283271789551,7.310031414031982,2.5197935104370117,-8.947509765625,-0.7788048982620239,5.949260234832764,11.612573623657227,0.05401666462421417,0.020864304155111313,2.5223944187164307,0.24038656055927277,-0.5861740708351135,-0.1458730399608612,0.0,310.2464599609375,0.5,0.0,0.0,0.06488574296236038,0.0,0.05669428035616875,0.04619704931974411,0.0,0.0,0.0,0.0,1552.9566650390625,0.0
2.7,1.822222352027893,-0.898793688766393,0.43837187983913845,0.0,1.0,0.0,1.0,0.7269862294197083,-0.43846410512924194,0.4515593945980072,0.005216485355049372,0.10024864226579666,-0.33812522888183594,1.685025691986084,-0.22691088914871216,-0.2700696289539337,0.30887290835380554,-3.305697202682495,2.218740940093994,1.3151003122329712,-1.1434686183929443,1.5626640319824219,0.3918428122997284,-0.15368138253688812,0.13885876536369324,0.022727884352207184,-0.4971320331096649,0.6293805241584778,1.459396481513977,-0.791278064250946,-0.0099081015214324,0.19804251194000244,0.009608499705791473,-0.22113871574401855,0.20725953578948975,-0.08074720203876495,0.0,-0.4000000059604645,-0.05000000074505806,0.3100000023841858,0.49000000953674316,-0.20999999344348907,0.0,-1.9808623790740967,-0.34061548113822937,2.651581048965454,0.7868896126747131,-0.8871762752532959,10.374089241027832,2.161231517791748,0.5580990314483643,-8.79680347442627,5.1019110679626465,5.181900501251221,17.192867279052734,0.05677444487810135,0.03433086723089218,2.706484317779541,1.4583353996276855,-1.028368353843689,-0.6394350528717041,0.0,1475.035888671875,0.5,0.0,0.0,0.06737688183784485,0.0,0.054391421377658844,5.297857569530606e-05,0.0,0.0,0.0,0.0,2186.500244140625,0.0
2.71,1.8333334922790527,-0.8660249044413022,0.500000864886685,0.0,1.0,0.0,1.0,0.7486405372619629,-0.4498571753501892,0.44640639424324036,-0.025906085968017578,0.09518232196569443,-0.3117547035217285,1.6604418754577637,-0.3942057490348816,-0.6995509266853333,-1.13226318359375,-2.589107036590576,3.683124303817749,1.2542542219161987,-1.1447199583053589,1.5786718130111694,0.4057023525238037,-0.17251978814601898,0.3317083716392517,0.026687128469347954,-0.5163800120353699,0.5794817209243774,1.5111387968063354,-0.7250441312789917,0.22323517501354218,0.21250031888484955,0.012500062584877014,-0.22750014066696167,0.22750043869018555,-0.0900001972913742,0.0,-0.4000000059604645,-0.05000000074505806,0.3100000023841858,0.49000000953674316,-0.20999999344348907,0.0,-5.963078498840332,-0.17343898117542267,0.9421960115432739,1.3187700510025024,-1.5576285123825073,10.699264526367188,0.3710581660270691,-2.6490137577056885,-6.632900714874268,5.32272481918335,3.2803797721862793,20.94521713256836,0.050890855491161346,0.04231791943311691,1.4158239364624023,1.9458955526351929,-1.769020438194275,-1.226114273071289,0.0,1726.1026611328125,0.5,0.0,0.0,0.06976380944252014,0.0,0.04958599433302879,1.6490697696269763e-12,0.0,0.0,0.0,0.0,1735.362060546875,0.0
2.72,1.8444445133209229,-0.8290373305565869,0.5591932622480429,0.0,1.0,1.0,0.0,0.7649410963058472,-0.46293461322784424,0.43833127617836,-0.03974723815917969,0.08039158582687378,-0.28029394149780273,1.5946955680847168,-0.5751950740814209,-0.8595334887504578,-1.5686074495315552,-0.13702885806560516,2.7471790313720703,1.1855254173278809,-1.1296459436416626,1.555793285369873,0.4007115960121155,-0.18286734819412231,0.5317078232765198,-0.015359164215624332,-0.5645700097084045,0.6008012294769287,1.5765303373336792,-0.8442879319190979,0.023310810327529907,0.22817443311214447,0.015634886920452118,-0.23439675569534302,0.24944421648979187,-0.10003162920475006,0.0,-0.4000000059604645,-0.05000000074505806,0.3100000023841858,0.49000000953674316,-0.20999999344348907,0.0,-5.703874111175537,2.023556709289551,15.762359619140625,-7.941636562347412,7.584975719451904,24.052448272705078,-4.948408603668213,-5.829061031341553,5.483944416046143,5.832461357116699,-10.037582397460938,-10.791559219360352,0.03313683718442917,0.039090193808078766,-0.20153094828128815,3.691800832748413,-0.24065563082695007,-2.9379961490631104,2267.503173828125,0.0,0.5,0.0,0.0,0.08341030031442642,0.0,0.04696204140782356,2.784616413009644e-07,0.0,0.0,0.0,0.0,5701.3115234375,0.0
2.73,1.8555556535720825,-0.788010374447758,0.6156619606266935,0.0,1.0,1.0,1.0,0.7781282067298889,-0.4766419529914856,0.4289030432701111,-0.041007041931152344,0.06353841722011566,-0.257382869720459,1.5863749980926514,-0.6600805521011353,-1.0083411931991577,-1.5094261169433594,0.33027732372283936,2.02426815032959,1.139498233795166,-1.143244743347168,1.662193775177002,0.3802243173122406,-0.1307358592748642,0.5819171071052551,-0.0292331725358963,-0.5924566984176636,0.6355462074279785,1.5968619585037231,-0.8479872345924377,-0.17258639633655548,0.2447599172592163,0.018951982259750366,-0.2416943609714508,0.2726638913154602,-0.1106463372707367,0.0,-0.4000000059604645,-0.05000000074505806,0.3100000023841858,0.49000000953674316,-0.20999999344348907,0.0,-5.737658500671387,-1.6620949506759644,10.199239730834961,-1.2150447368621826,8.308579444885254,2.0019190311431885,-1.2832247018814087,-3.2945380210876465,4.779035568237305,3.394834518432617,-9.157861709594727,-8.427650451660156,0.0292554572224617,0.02941291779279709,-0.16324152052402496,2.443213701248169,-0.5055666565895081,-3.1896398067474365,318.3869934082031,428.8065185546875,0.5,0.0,0.0,0.11037763953208923,0.0,0.03948502242565155,0.0002759411290753633,0.0,0.0,0.0,0.0,1517.27783203125,0.0
2.74,1.8666669130325317,-0.7431437896874964,0.6691317567182911,0.0,1.0,1.0,1.0,0.7893435955047607,-0.48994818329811096,0.4183543026447296,-0.03356504440307617,0.04773180931806564,-0.23888254165649414,1.5790680646896362,-0.6988775134086609,-1.0988584756851196,-1.4822537899017334,1.2844053506851196,1.5867239236831665,1.06586492061615,-1.1642030477523804,1.756118655204773,0.3815782964229584,-0.020540185272693634,0.536758303642273,-0.049954675137996674,-0.6227539777755737,0.6828336715698242,1.6204172372817993,-0.9186890125274658,-0.34596797823905945,0.2619344890117645,0.02238689735531807,-0.24925117194652557,0.29670828580856323,-0.12163806706666946,0.0,-0.4000000059604645,-0.05000000074505806,0.3100000023841858,0.49000000953674316,-0.20999999344348907,0.0,-7.569065570831299,-1.9667242765426636,10.406416893005371,0.17973071336746216,10.300241470336914,-0.005143791437149048,-2.445505380630493,-2.6377458572387695,4.487371444702148,2.056272506713867,-8.801116943359375,-11.0592041015625,0.026142291724681854,0.01850242167711258,0.012679713778197765,2.2625033855438232,-0.4521740674972534,-2.675260066986084,368.98370361328125,98.54853820800781,0.5,0.0,0.0,0.15576976537704468,0.0,0.03667590022087097,0.00650368956848979,0.0,0.0,0.0,0.0,1642.792724609375,0.0
2.75,1.8777779340744019,-0.6946576640377367,0.7193404825210625,0.0,1.0,1.0,1.0,0.7981313467025757,-0.5030457377433777,0.40719565749168396,-0.016285419464111328,0.03154098242521286,-0.2239065170288086,1.5840238332748413,-0.7109513878822327,-1.1359994411468506,-1.6988595724105835,2.2683827877044678,1.19942045211792,1.0136258602142334,-1.1748279333114624,1.880632996559143,0.36581188440322876,0.06278359889984131,0.516083300113678,-0.07251214981079102,-0.6291369795799255,0.6819868683815002,1.6250333786010742,-1.0557467937469482,-0.2899947166442871,0.27936267852783203,0.02587253227829933,-0.2569195628166199,0.32110774517059326,-0.13279208540916443,0.0,-0.4000000059604645,-0.05000000074505806,0.3100000023841858,0.49000000953674316,-0.20999999344348907,0.0,-5.2839460372924805,-1.3189152479171753,14.132142066955566,-1.0680527687072754,7.704528331756592,-4.646406650543213,-2.93827223777771,-0.19130519032478333,-2.3732411861419678,0.026282038539648056,-11.655759811401367,-0.14111196994781494,0.02355925738811493,0.011137835681438446,-0.3661528527736664,0.4973898231983185,-0.23002170026302338,-0.9521743655204773,187.94647216796875,294.95428466796875,0.5,0.0,0.0,0.24587829411029816,0.0,0.03469640016555786,0.05629110708832741,0.0,0.0,0.0,0.0,1175.3841552734375,0.0
2.7600000000000002,1.8888890743255615,-0.6427867171424604,0.7660451920514995,0.0,1.0,1.0,1.0,0.8042937517166138,-0.5160319209098816,0.39571699500083923,0.011529620736837387,0.013473457656800747,-0.21420907974243164,1.6109728813171387,-0.6806648969650269,-1.1347428560256958,-1.876641869544983,3.2587969303131104,0.6355111598968506,0.950355589389801,-1.195794939994812,1.9604657888412476,0.37870925664901733,0.1213478222489357,0.6507506370544434,-0.10841662436723709,-0.6280975341796875,0.6513063311576843,1.6198742389678955,-1.1438822746276855,-0.3397333025932312,0.2967063784599304,0.029341276735067368,-0.2645508050918579,0.3453889489173889,-0.1438920795917511,0.0,-0.4000000059604645,-0.05000000074505806,0.3100000023841858,0.49000000953674316,-0.20999999344348907,0.0,-5.975305557250977,-1.9411425590515137,7.924354076385498,1.0857102870941162,9.49252700805664,11.948686599731445,-3.853801727294922,-0.013332132250070572,-2.9154043197631836,-0.5036429166793823,-6.593341827392578,-8.981074333190918,0.0184682235121727,0.005587521940469742,-0.576697826385498,0.0572352409362793,-1.067450761795044,-0.7645777463912964,423.43316650390625,476.8905944824219,0.5,0.0,0.0,0.35071268677711487,0.0,0.0335361585021019,0.4458606541156769,0.0,0.0,0.0,0.0,1513.6982421875,0.0
2.77,1.9000002145767212,-0.5877841615547575,0.8090177868411613,0.0,1.0,1.0,1.0,0.8101340532302856,-0.5278578400611877,0.3848937749862671,0.042908377945423126,-0.002197742462158203,-0.21541976928710938,1.6958566904067993,-0.6038066744804382,-1.0088390111923218,-1.3900779485702515,3.127976179122925,-0.5127503275871277,0.9442388415336609,-1.225307583808899,2.021489143371582,0.4123915135860443,0.1342065930366516,0.7658544778823853,-0.1425154209136963,-0.623329758644104,0.618980348110199,1.615882158279419,-1.1676290035247803,-0.42585819959640503,0.31362760066986084,0.03272552043199539,-0.2719961404800415,0.3690786361694336,-0.15472166240215302,0.0,-0.4000000059604645,-0.05000000074505806,0.3100000023841858,0.49000000953674316,-0.20999999344348907,0.0,0.46580836176872253,-3.134111166000366,5.220498085021973,3.603778839111328,-0.44276100397109985,10.260683059692383,-3.3304669857025146,0.2915942668914795,-2.1740260124206543,-0.303555428981781,-4.034604549407959,-7.590519428253174,0.013754598796367645,0.0019270889461040497,-0.26511138677597046,0.08077771961688995,-1.0119709968566895,-0.5255269408226013,213.69569396972656,640.7657470703125,0.5,0.0,0.0,0.2117869108915329,0.0,0.027617337182164192,0.5910670757293701,0.0,0.0,0.0,0.0,1148.5128173828125,0.0
2.7800000000000002,1.9111112356185913,-0.5299186008019895,0.8480485107138986,0.0,1.0,1.0,1.0,0.8188637495040894,-0.5386666059494019,0.37521347403526306,0.06636672466993332,-0.013796806335449219,-0.2247910499572754,1.7896703481674194,-0.5482416749000549,-0.8489323258399963,-0.9215269684791565,1.8275350332260132,-1.085211157798767,0.9700910449028015,-1.2717766761779785,2.070115566253662,0.4427294433116913,0.17089442908763885,0.668363630771637,-0.15457938611507416,-0.6215444207191467,0.5939157009124756,1.615695595741272,-1.1966331005096436,-0.45768943428993225,0.32979655265808105,0.035959307104349136,-0.27911049127578735,0.3917151689529419,-0.16506977379322052,0.0,-0.4000000059604645,-0.05000000074505806,0.3100000023841858,0.49000000953674316,-0.20999999344348907,0.0,3.1720948219299316,-5.368093967437744,2.4381284713745117,3.198108673095703,2.2488062381744385,-10.384057998657227,-0.1701188087463379,0.04925394058227539,-3.5469753742218018,0.6187822818756104,1.1580803394317627,-1.145965337753296,0.01627049595117569,0.000635288655757904,-0.14351089298725128,-0.15344098210334778,-0.2169821560382843,-0.1899675577878952,287.3672790527344,749.6923828125,0.5,0.0,0.0,0.12902098894119263,0.0,0.019690142944455147,0.09485873579978943,0.0,0.0,0.0,0.0,923.0609130859375,0.0
2.79,1.922222375869751,-0.46947071039169075,0.8829480460844347,0.0,1.0,1.0,1.0,0.8340950608253479,-0.5494269728660583,0.3667222857475281,0.06877989321947098,-0.020800113677978516,-0.2380352020263672,1.902642011642456,-0.5135576128959656,-0.6898109912872314,-0.3983190357685089,-0.815329372882843,-1.462282419204712,1.0254544019699097,-1.3248897790908813,2.0857512950897217,0.4454183280467987,0.2319421023130417,0.5637955069541931,-0.11255870014429092,-0.6130550503730774,0.5545409321784973,1.5978832244873047,-1.2295812368392944,-0.469372421503067,0.34489935636520386,0.038979873061180115,-0.2857557237148285,0.41285911202430725,-0.17473559081554413,0.0,-0.4000000059604645,-0.05000000074505806,0.3100000023841858,0.49000000953674316,-0.20999999344348907,0.0,5.5387959480285645,-6.314034461975098,-0.8141458034515381,-0.35011133551597595,6.577121734619141,-10.538459777832031,6.476263046264648,1.0406174659729004,-4.178635597229004,-2.2500367164611816,-4.118841171264648,3.689943790435791,0.019624963402748108,0.002203579992055893,-0.23659856617450714,0.07470357418060303,-0.281099408864975,-0.3336915671825409,420.4731140136719,610.9320678710938,0.5,0.0,0.0,0.11896328628063202,0.0,0.011535890400409698,0.01389064360409975,0.0,0.0,0.0,0.0,2127.80224609375,0.0
2.8000000000000003,1.9333335161209106,-0.40673559387933633,0.9135459247742411,0.0,1.0,1.0,1.0,0.8562057018280029,-0.5604241490364075,0.35851266980171204,0.0486956350505352,-0.023003101348876953,-0.25274229049682617,1.9980871677398682,-0.4502904415130615,-0.6860936284065247,0.11263015866279602,-2.7570016384124756,-1.6426831483840942,1.0667896270751953,-1.3871549367904663,2.0743496417999268,0.42694762349128723,0.2021336704492569,0.45653191208839417,-0.03758001700043678,-0.5953263640403748,0.49261900782585144,1.5860568284988403,-1.238698959350586,-0.40156853199005127,0.358641654253006,0.04172833263874054,-0.291802316904068,0.4320983290672302,-0.18353065848350525,0.0,-0.4000000059604645,-0.05000000074505806,0.3100000023841858,0.49000000953674316,-0.20999999344348907,0.0,3.6318981647491455,-6.218133926391602,-1.5622029304504395,-2.7583794593811035,-7.6576008796691895,-11.688141822814941,8.016294479370117,2.7364041805267334,-8.57026195526123,-0.39016202092170715,3.927365303039551,6.366799831390381,0.023791886866092682,0.009355828166007996,0.18992061913013458,0.26416683197021484,-0.19900085031986237,-0.14484502375125885,385.32281494140625,559.1656494140625,0.5,0.0,0.0,0.17039118707180023,0.0,0.00749099999666214,0.004530985839664936,0.0,0.0,0.0,0.0,2508.0078125,0.0
2.81,1.9444445371627808,-0.3420195958921814,0.9396928200352225,0.0,1.0,1.0,1.0,0.8829429149627686,-0.5708085298538208,0.35000330209732056,0.014751594513654709,-0.0196685791015625,-0.26898670196533203,2.034271240234375,-0.3618547022342682,-0.8182797431945801,0.5727246999740601,-3.809573173522949,-1.7529292106628418,1.0943597555160522,-1.4381767511367798,2.065502882003784,0.42233070731163025,0.1058700904250145,0.47884905338287354,0.036882184445858,-0.5622394680976868,0.40572693943977356,1.6041020154953003,-1.2002309560775757,-0.2794305086135864,0.37075579166412354,0.04415115714073181,-0.29713255167007446,0.4490581154823303,-0.1912836879491806,0.0,-0.4000000059604645,-0.05000000074505806,0.3100000023841858,0.49000000953674316,-0.20999999344348907,0.0,1.9214740991592407,-4.754906177520752,-0.8713173270225525,-0.5089395046234131,-9.533476829528809,4.494545936584473,7.990933895111084,4.018794059753418,-9.905704498291016,2.4630157947540283,5.894639492034912,11.093509674072266,0.024303719401359558,0.023465454578399658,2.286620855331421,0.8969168663024902,-0.7564951181411743,-0.3655952215194702,272.54852294921875,611.1845092773438,0.5,0.0,0.0,0.3058064877986908,0.0,0.006944162305444479,0.0021430575288832188,0.0,0.0,0.0,0.0,1951.513916015625,0.0
2.82,1.9555556774139404,-0.2756366198184287,0.9612619069822081,0.0,1.0,1.0,1.0,0.9116734862327576,-0.5809832811355591,0.34046411514282227,-0.025271892547607422,-0.013963699340820312,-0.28316354751586914,2.0107812881469727,-0.3000282347202301,-1.0972038507461548,0.5375223159790039,-4.357595443725586,-1.3655024766921997,1.0917147397994995,-1.4681272506713867,2.061375856399536,0.42677515745162964,0.027208227664232254,0.6728841066360474,0.08801192790269852,-0.5355641841888428,0.33427128195762634,1.6472052335739136,-1.172847867012024,-0.15967462956905365,0.3810061514377594,0.046201229095458984,-0.3016427159309387,0.46340861916542053,-0.19784392416477203,0.0,-0.4000000059604645,-0.05000000074505806,0.3100000023841858,0.49000000953674316,-0.20999999344348907,0.0,-1.101199746131897,-1.5512279272079468,5.316349983215332,-3.450604200363159,8.645284652709961,21.932954788208008,2.7472128868103027,1.8880372047424316,-4.757837772369385,4.248767375946045,-9.138049125671387,3.405383825302124,0.020157836377620697,0.03386930376291275,3.7828402519226074,3.3616392612457275,-0.970420241355896,-0.9314616918563843,1261.4383544921875,1247.93359375,0.5,0.0,0.0,0.28068602085113525,0.0,0.008695460855960846,0.024012183770537376,0.0,0.0,0.0,0.0,1995.537109375,0.0
2.83,1.9666668176651,-0.20791076279901627,0.9781477979898188,0.0,1.0,1.0,1.0,0.9356338381767273,-0.5931271910667419,0.3280082643032074,-0.05121278762817383,-0.01762247085571289,-0.2928318977355957,1.8650307655334473,-0.40812256932258606,-1.5409448146820068,-1.1329187154769897,-1.1571154594421387,-0.712817370891571,1.0591552257537842,-1.4716370105743408,2.092074394226074,0.40866824984550476,0.033168818801641464,0.9954895377159119,0.07621926069259644,-0.5498096942901611,0.3218570649623871,1.6971195936203003,-1.2615526914596558,-0.24016857147216797,0.3891933560371399,0.04783866927027702,-0.3052450716495514,0.4748706817626953,-0.20308372378349304,0.0,-0.4000000059604645,-0.05000000074505806,0.3100000023841858,0.49000000953674316,-0.20999999344348907,0.0,-2.758253574371338,0.17201703786849976,7.366820812225342,-3.6698663234710693,7.994168281555176,20.782907485961914,-1.2153042554855347,-1.5881457328796387,-1.1659015417099,4.6892900466918945,-9.75510025024414,-11.31244945526123,0.010642684996128082,0.027258597314357758,2.348022937774658,2.6198856830596924,-1.4546103477478027,-1.5561649799346924,1092.0880126953125,831.9224853515625,0.5,0.0,0.0,0.16935373842716217,0.0,0.017253397032618523,0.36196160316467285,0.0,0.0,0.0,0.0,3000.13037109375,0.0
2.84,1.9777778387069702,-0.13917272185631813,0.9902681220210533,0.0,1.0,1.0,0.0,0.948343813419342,-0.6083566546440125,0.3118087947368622,-0.042931556701660156,-0.03891420364379883,-0.2952613830566406,1.7583732604980469,-0.5277565717697144,-1.8698451519012451,-2.7503645420074463,2.235780954360962,0.03469536826014519,1.0050352811813354,-1.4678874015808105,2.222057342529297,0.35589852929115295,0.07989323139190674,1.1857597827911377,0.027218662202358246,-0.6012471318244934,0.3618510365486145,1.7537018060684204,-1.378626823425293,-0.43726009130477905,0.3951577842235565,0.04903155937790871,-0.30786943435668945,0.4832209050655365,-0.20690098404884338,0.0,-0.4000000059604645,-0.05000000074505806,0.3100000023841858,0.49000000953674316,-0.20999999344348907,0.0,-7.332977771759033,-0.5030578970909119,17.00206756591797,-4.782739162445068,-3.433051109313965,10.358396530151367,-7.976023197174072,-8.013181686401367,7.7022576332092285,8.06917667388916,-10.309600830078125,-10.858123779296875,0.004257991909980774,0.015852339565753937,0.36886629462242126,2.76033616065979,-0.765960156917572,-2.7898740768432617,457.3558654785156,0.0,0.5,0.0,0.0,0.15704785287380219,0.0,0.024135764688253403,0.9975953698158264,0.0,0.0,0.0,0.0,5769.00341796875,0.0
2.85,1.9888890981674194,-0.06975516201139526,0.9975641419842455,1.0,1.0,1.0,1.0,0.9553204774856567,-0.6248956918716431,0.29315057396888733,-0.01598834991455078,-0.06857967376708984,-0.2911076545715332,1.7407631874084473,-0.4536691904067993,-2.2682743072509766,-3.360032796859741,3.6785459518432617,1.2569153308868408,0.9479975700378418,-1.4830533266067505,2.3672468662261963,0.33293986320495605,0.12477653473615646,1.1527456045150757,0.0013219023821875453,-0.6372040510177612,0.3793391287326813,1.7824151515960693,-1.4461822509765625,-0.5707137584686279,0.4000000059604645,0.05000000074505806,-0.3100000023841858,0.49000000953674316,-0.20999999344348907,0.0,-0.4000000059604645,-0.05000000074505806,0.3100000023841858,0.49000000953674316,-0.20999999344348907,0.0,-8.276857376098633,-3.0139336585998535,21.28554344177246,-0.4942053556442261,1.7816925048828125,1.1391358375549316,-1.0045075416564941,-1.5048209428787231,-0.3198314905166626,1.8129689693450928,-7.509665012359619,0.01737070083618164,-0.00019840151071548462,0.008380495011806488,-0.16282959282398224,-0.36317548155784607,-0.3223460018634796,-2.2338085174560547,4731.99658203125,452.09307861328125,0.5,0.0,0.0,0.12241972237825394,0.0,0.03048202209174633,0.042439647018909454,0.0,0.0,0.0,0.0,1712.46142578125,0.0
2.86,2.000000238418579,1.4980281135093752e-06,0.999999999998878,1.0,1.0,1.0,1.0,0.9579314589500427,-0.6405246257781982,0.27167028188705444,0.027652736753225327,-0.09934139251708984,-0.2881932258605957,1.880692481994629,-0.44486093521118164,-2.25065541267395,-2.8897318840026855,4.852966785430908,0.5060240030288696,0.8640325665473938,-1.5363506078720093,2.4619603157043457,0.35025325417518616,0.10888714343309402,1.1204042434692383,-0.02232300117611885,-0.6616722345352173,0.3826499283313751,1.8028279542922974,-1.5515111684799194,-0.5404548645019531,0.4000000059604645,0.05000000074505806,-0.3100000023841858,0.49000000953674316,-0.20999999344348907,0.0,-0.4000000059604645,-0.05000000074505806,0.3100000023841858,0.49000000953674316,-0.20999999344348907,0.0,-7.9980549812316895,-4.632447242736816,9.540949821472168,0.34821420907974243,1.8262443542480469,-6.62288236618042,-3.349837064743042,-3.196681261062622,0.303183913230896,1.8181915283203125,-9.628643035888672,4.001011371612549,0.007503345608711243,0.0030251294374465942,0.004956830758601427,-0.14021363854408264,-0.26339849829673767,-1.0593503713607788,312.5496826171875,282.9167785644531,0.5,0.0,0.0,0.06382428854703903,0.0,0.014869756065309048,0.5992234945297241,0.0,0.0,0.0,0.0,1760.2236328125,0.0
2.87,2.011111259460449,0.06975740357991261,0.9975639852389365,1.0,1.0,1.0,1.0,0.9583660364151001,-0.6550629734992981,0.25126001238822937,0.08293932676315308,-0.1277446746826172,-0.2820124626159668,2.0162997245788574,-0.35026997327804565,-2.1417064666748047,-2.881654739379883,5.962192058563232,1.7518632411956787,0.807239830493927,-1.5563677549362183,2.629000425338745,0.35101592540740967,0.14328156411647797,1.0902470350265503,-0.055821891874074936,-0.6674075126647949,0.3542588949203491,1.8124061822891235,-1.642073154449463,-0.49528610706329346,0.4000000059604645,0.05000000074505806,-0.3100000023841858,0.49000000953674316,-0.20999999344348907,0.0,-0.4000000059604645,-0.05000000074505806,0.3100000023841858,0.49000000953674316,-0.20999999344348907,0.0,-7.176340103149414,-2.440854787826538,17.359495162963867,0.64686119556427,-1.3384194374084473,-8.842202186584473,-4.765019416809082,0.5790749788284302,-4.8155694007873535,0.737663209438324,-6.732120513916016,0.3535030484199524,0.010835401713848114,0.0014318972826004028,-0.031627263873815536,-0.6482584476470947,-0.21842625737190247,-0.40585845708847046,592.7637329101562,495.0316467285156,0.5,0.0,0.0,0.02411060780286789,0.0,0.007877793163061142,0.0021591305267065763,0.0,0.0,0.0,0.0,2325.0244140625,0.0
2.88,2.0222225189208984,0.13917494703019567,0.9902678092915784,1.0,0.0,1.0,1.0,0.9604685306549072,-0.6679302453994751,0.2318299412727356,0.13838030397891998,-0.15021657943725586,-0.27250051498413086,2.235220193862915,-0.26247096061706543,-1.9587395191192627,-1.9928193092346191,4.989467620849609,1.7677981853485107,0.7758694291114807,-1.5891273021697998,2.746448516845703,0.38452234864234924,0.14243732392787933,0.9826539158821106,-0.073176808655262,-0.6415395140647888,0.29738643765449524,1.8111181259155273,-1.7057398557662964,-0.4264521598815918,0.4000000059604645,0.05000000074505806,-0.3100000023841858,0.49000000953674316,-0.20999999344348907,0.0,-0.4347938895225525,-0.05695877596735954,0.32530930638313293,0.538711428642273,-0.2322680652141571,0.0,-1.5186904668807983,-3.5556328296661377,9.592667579650879,4.230736255645752,-0.586073637008667,-13.906462669372559,-0.12048768997192383,3.6366727352142334,-6.429323673248291,-0.7095662355422974,-3.2154228687286377,6.805380821228027,0.01757434755563736,0.005093555897474289,-0.10283377021551132,-0.8847194910049438,-0.4172353446483612,-0.4031139314174652,540.8228149414062,517.968505859375,0.5,0.0,0.0,0.008715257048606873,0.0,0.0021127592772245407,0.0019300279673188925,0.0,0.0,0.0,0.0,2746.944580078125,0.0
2.89,2.0333335399627686,0.20791296073784107,0.9781473308030979,1.0,0.0,1.0,1.0,0.9692550301551819,-0.6794405579566956,0.21211028099060059,0.17510855197906494,-0.1633296012878418,-0.26419830322265625,2.429395914077759,-0.18667733669281006,-1.8428229093551636,-1.0455529689788818,2.409405469894409,1.147216796875,0.7865792512893677,-1.6267567873001099,2.8151729106903076,0.42129936814308167,0.11873383820056915,0.872657835483551,-0.03578411787748337,-0.6010290384292603,0.23004385828971863,1.7943980693817139,-1.7559064626693726,-0.30667978525161743,0.4000000059604645,0.05000000074505806,-0.3100000023841858,0.49000000953674316,-0.20999999344348907,0.0,-0.4519784152507782,-0.06039568409323692,0.3328705132007599,0.5627697706222534,-0.24326618015766144,0.0,1.2246012687683105,-3.1126461029052734,10.17016887664795,0.8428769111633301,7.2750372886657715,-6.158275127410889,4.8675665855407715,3.836878538131714,-6.569483757019043,-1.734013319015503,-6.311302661895752,11.38565444946289,0.02234095335006714,0.012111641466617584,-0.24933220446109772,-0.053769901394844055,-0.6442635655403137,-0.5177696943283081,1602.3485107421875,506.36932373046875,0.5,0.0,0.0,0.004402728285640478,0.0,0.0005449405289255083,0.07191915810108185,0.0,0.0,0.0,0.0,2833.656005859375,0.0
2.9,2.0444445610046387,0.27563805981548,0.961261494069724,1.0,0.0,1.0,1.0,0.9856622219085693,-0.6899814009666443,0.19055460393428802,0.18719664216041565,-0.16794204711914062,-0.25459766387939453,2.507861614227295,-0.09414092451334,-1.8740181922912598,-0.3777385950088501,0.4924396872520447,1.1102595329284668,0.7991580963134766,-1.6800825595855713,2.8165462017059326,0.434889554977417,0.02825203910470009,0.790637731552124,0.041560474783182144,-0.5442405939102173,0.12245101481676102,1.7821215391159058,-1.7475706338882446,-0.19425933063030243,0.4000000059604645,0.05000000074505806,-0.3100000023841858,0.49000000953674316,-0.20999999344348907,0.0,-0.46890950202941895,-0.06378190219402313,0.3403201699256897,0.5864733457565308,-0.25410208106040955,0.0,0.3109036087989807,-5.5203962326049805,-1.9928312301635742,-0.1253165900707245,-5.334901809692383,-1.045264720916748,8.032344818115234,6.3472418785095215,-11.90467643737793,-0.5398648977279663,1.4698916673660278,11.39233112335205,0.025509804487228394,0.024177677929401398,-0.21701130270957947,0.7503225803375244,-0.8175877928733826,-0.07811053842306137,605.1477661132812,537.8949584960938,0.5,0.0,0.0,0.0034918191377073526,0.0,0.0003094413841608912,0.08497887849807739,0.0,0.0,0.0,0.0,2496.6044921875,0.0
2.91,2.055555820465088,0.3420217074207089,0.939692051500396,1.0,0.0,0.0,1.0,1.003826379776001,-0.6984157562255859,0.16778559982776642,0.1949787586927414,-0.16637182235717773,-0.2456216812133789,2.533088207244873,-0.0034203287214040756,-1.9211691617965698,0.23565798997879028,0.9195442199707031,0.9259710907936096,0.7970132827758789,-1.7378273010253906,2.763838291168213,0.4373924732208252,-0.060387108474969864,0.8460525274276733,0.12555772066116333,-0.4705979824066162,-0.0032794761937111616,1.7938308715820312,-1.679137945175171,-0.08687397092580795,0.4000000059604645,0.05000000074505806,-0.3100000023841858,0.49000000953674316,-0.20999999344348907,0.0,-0.4855055510997772,-0.06710111349821091,0.34762245416641235,0.609707772731781,-0.264723539352417,0.0,-0.7218121290206909,-5.419741153717041,-3.7763707637786865,-0.41878965497016907,-10.073116302490234,9.051324844360352,8.175799369812012,6.677606582641602,-13.347640037536621,2.3207943439483643,3.8409252166748047,4.656476020812988,0.026260554790496826,0.039429955184459686,0.192163348197937,1.5346981287002563,-0.7656203508377075,0.2149735987186432,0.0,1305.25146484375,0.5,0.0,0.0,0.0031823208555579185,0.0,0.00025687547167763114,0.17999163269996643,0.0,0.0,0.0,0.0,2363.087890625,0.0
2.92,2.066666841506958,0.4067376466545243,0.9135450108199044,1.0,0.0,1.0,0.0,1.0210323333740234,-0.7041462063789368,0.14361755549907684,0.20758084952831268,-0.15976953506469727,-0.2368488311767578,2.536048650741577,0.1030610054731369,-2.064701795578003,0.650312602519989,1.4772708415985107,1.1687061786651611,0.7887030839920044,-1.7824078798294067,2.7148075103759766,0.43417468667030334,-0.11787481606006622,0.9687792658805847,0.2029528170824051,-0.43743208050727844,-0.09862726926803589,1.8256663084030151,-1.5612144470214844,-0.06569759547710419,0.4000000059604645,0.05000000074505806,-0.3100000023841858,0.49000000953674316,-0.20999999344348907,0.0,-0.5016845464706421,-0.07033691555261612,0.3547412157058716,0.6323584318161011,-0.2750781178474426,0.0,-1.3350037336349487,-5.3130621910095215,-8.854470252990723,-0.7227002382278442,0.47443342208862305,2.990424156188965,7.72341251373291,2.648481607437134,-7.466786861419678,4.534397602081299,11.001128196716309,10.401629447937012,0.0244448184967041,0.053127191960811615,0.1653049737215042,1.8485063314437866,-0.4781472980976105,-0.5787404775619507,601.7412109375,0.0,0.5,0.0,0.0,0.002854742342606187,0.0,0.000245495728449896,0.0651053637266159,0.0,0.0,0.0,0.0,2375.845458984375,0.0
2.93,2.077777862548828,0.4694720330721578,0.8829473428031224,1.0,0.0,1.0,1.0,1.031796932220459,-0.7097224593162537,0.11950866878032684,0.2430308610200882,-0.15690326690673828,-0.22203826904296875,2.5214414596557617,0.014499131590127945,-2.1353061199188232,-0.6015030741691589,4.598753452301025,2.611323356628418,0.7627451419830322,-1.8038583993911743,2.7486214637756348,0.4028323292732239,-0.21497684717178345,1.1759237051010132,0.23181363940238953,-0.4585570693016052,-0.13026317954063416,1.8754996061325073,-1.4588462114334106,-0.04080095514655113,0.4000000059604645,0.05000000074505806,-0.3100000023841858,0.49000000953674316,-0.20999999344348907,0.0,-0.5173680186271667,-0.07347360253334045,0.36164191365242004,0.654315173625946,-0.285115510225296,0.0,-1.417747974395752,-0.27198392152786255,7.830811500549316,-0.650986909866333,-9.683432579040527,11.069384574890137,2.1438212394714355,-2.920588493347168,-4.628716945648193,3.881864309310913,7.070362567901611,-2.196061849594116,0.026868708431720734,0.06282041221857071,-0.29912686347961426,1.5490373373031616,-0.84279865026474,-0.5740159153938293,476.74078369140625,2440.356689453125,0.5,0.0,0.0,0.0016913878498598933,0.0,0.0002822064852807671,1.1942173614443163e-06,0.0,0.0,0.0,0.0,2644.875,0.0
2.94,2.0888891220092773,0.5299205064014169,0.8480473199623154,1.0,0.0,1.0,0.0,1.031328797340393,-0.7176600098609924,0.09773924946784973,0.3177568018436432,-0.16284799575805664,-0.19409513473510742,2.4823880195617676,-0.16174133121967316,-2.2054834365844727,-1.9266133308410645,8.836535453796387,4.830140113830566,0.7175620198249817,-1.7958108186721802,2.8272881507873535,0.3934686481952667,-0.32732000946998596,1.3754750490188599,0.1773478090763092,-0.5203008651733398,-0.09731215238571167,1.9360555410385132,-1.5696382522583008,-0.23770155012607574,0.4000000059604645,0.05000000074505806,-0.3100000023841858,0.49000000953674316,-0.20999999344348907,0.0,-0.5324802398681641,-0.07649604976177216,0.36829131841659546,0.6754723191261292,-0.29478734731674194,0.0,-4.891556262969971,1.4117718935012817,9.759537696838379,-0.36130139231681824,-11.108924865722656,14.232568740844727,-7.632776737213135,-6.563849925994873,6.482460975646973,5.716379642486572,-10.150590896606445,-10.746528625488281,0.023310132324695587,0.06484215706586838,-1.088347315788269,0.6103504300117493,-1.0895543098449707,-2.8253543376922607,375.54766845703125,0.0,0.5,0.0,0.0,0.00047139020171016455,0.0,0.0003663047100417316,5.440003785552921e-21,0.0,0.0,0.0,0.0,5396.169921875,0.0
2.95,2.1000001430511475,0.5877859794503563,0.8090164660633214,1.0,0.0,0.0,1.0,1.0423061847686768,-0.7186532616615295,0.09240110218524933,0.37330788373947144,-0.1272726058959961,-0.15330982208251953,2.3944451808929443,-0.5705671310424805,0.2582089900970459,2.514796018600464,5.0367889404296875,5.264100551605225,0.7085011005401611,-1.759702444076538,2.7733054161071777,0.3843601644039154,-0.3798863887786865,1.5588469505310059,0.1283278912305832,-0.5500270128250122,-0.021931709721684456,1.9734539985656738,-1.5964757204055786,-0.4245883524417877,0.4000000059604645,0.05000000074505806,-0.3100000023841858,0.49000000953674316,-0.20999999344348907,0.0,-0.54694664478302,-0.07938932627439499,0.3746565282344818,0.6957253217697144,-0.3040458559989929,0.0,-4.081393241882324,2.7522096633911133,-14.869383811950684,-0.45085257291793823,-5.7287278175354,10.555570602416992,-7.352226257324219,-7.572597026824951,11.25495433807373,5.954474925994873,10.036382675170898,13.289827346801758,0.025863490998744965,0.06195410341024399,-0.42855343222618103,1.9080007076263428,-0.176309272646904,-2.3849573135375977,0.0,677.415283203125,0.5,0.0,0.0,0.00023391690046992153,0.0,0.0003980477631557733,8.525984997801539e-25,0.0,0.0,0.0,0.0,5238.9404296875,0.0
2.96,0.0,0.0,1.0,1.0,1.0,1.0,0.0,0.0,0.0,0.699999988079071,0.0,0.0,0.0,0.0,0.0,0.0,0.0,0.0,0.0,0.4334389865398407,0.04369930550456047,-0.3650211691856384,0.5126089453697205,-0.18055982887744904,0.02701408974826336,-0.420166015625,0.021515969187021255,0.31259143352508545,0.57322096824646,-0.22751666605472565,-0.015440935268998146,0.4000000059604645,0.05000000074505806,-0.3100000023841858,0.49000000953674316,-0.20999999344348907,0.0,-0.4000000059604645,-0.05000000074505806,0.3100000023841858,0.49000000953674316,-0.20999999344348907,0.0,0.0,0.0,0.0,0.0,0.0,0.0,0.0,0.0,0.0,0.0,0.0,0.0,0.03937257081270218,0.06250955909490585,-0.7924867272377014,1.6027381420135498,-0.4562283754348755,-2.6820104122161865,92.25809478759766,0.0,0.17890605330467224,0.07792692631483078,0.03389883041381836,8.482709381496534e-05,0.0,0.00048792027519084513,1.1238452920242034e-38,0.0,0.0,0.0,0.0,3332.01025390625,0.0
2.97,0.01111111231148243,0.06975648126790841,0.99756404973371,1.0,1.0,0.0,0.0,6.0584163293242455e-05,-4.7347741201519966e-05,0.6995051503181458,-0.00015544891357421875,-0.00015401840209960938,-0.00012063980102539062,0.0024056374095380306,-0.0007651022169739008,-0.09314039349555969,-0.019706660881638527,-0.009558930061757565,-0.018868058919906616,0.432044118642807,0.04260341450572014,-0.3623289465904236,0.5110568404197693,-0.19161559641361237,0.02003072015941143,-0.4164886474609375,0.021201584488153458,0.3125237226486206,0.5674588680267334,-0.22314204275608063,-0.010510215535759926,0.4000000059604645,0.05000000074505806,-0.3100000023841858,0.49000000953674316,-0.20999999344348907,0.0,-0.4000000059604645,-0.05000000074505806,0.3100000023841858,0.49000000953674316,-0.20999999344348907,0.0,-0.1463063359260559,-0.11074970662593842,0.2893107533454895,-0.18389253318309784,-1.13023042678833,-0.5061520338058472,0.39320963621139526,-0.0676925852894783,0.12347353994846344,-0.6507954597473145,0.07167354971170425,1.4373403787612915,0.09080357104539871,0.09624020010232925,0.025242093950510025,0.0842452421784401,-0.027085434645414352,0.020312389358878136,0.0,0.0,0.5,0.0,0.0,0.8324179649353027,0.0,0.6094481348991394,0.9992882609367371,0.0,0.0,0.0,0.0,2.808826208114624,0.0
2.98,0.02222222462296486,0.1391731158975768,0.9902680666422398,1.0,0.0,0.0,0.0,8.284160867333412e-05,-0.00011684373021125793,0.6980341076850891,-0.00015020370483398438,-0.00038623809814453125,-0.0003457069396972656,0.0023451107554137707,-0.0008840502705425024,-0.19174914062023163,-0.024960776790976524,0.009494875557720661,-0.02859342098236084,0.43081769347190857,0.04161536321043968,-0.3596366047859192,0.5092048048973083,-0.19976814091205597,0.016398286446928978,-0.41285836696624756,0.020182903856039047,0.31322407722473145,0.5608322620391846,-0.2218685895204544,-0.005739392712712288,0.4000000059604645,0.05000000074505806,-0.3100000023841858,0.49000000953674316,-0.20999999344348907,0.0,-0.43479329347610474,-0.05695865675806999,0.32530903816223145,0.5387105941772461,-0.23226769268512726,0.0,-0.10169540345668793,-0.0853099673986435,0.25466692447662354,-0.18008700013160706,-0.5858772993087769,-0.2641938328742981,0.3079979419708252,-0.13413329422473907,0.1725209802389145,-0.6202890276908875,-0.05966067314147949,1.089293122291565,0.08917669206857681,0.09427105635404587,0.017028087750077248,0.10057859122753143,-0.03134702146053314,0.03388462960720062,0.0,0.0,0.5,0.0,0.0,0.94188392162323,0.0,0.609374463558197,0.9983662366867065,0.0,0.0,0.0,0.0,2.157592296600342,0.0
2.99,0.03333333507180214,0.20791170150218458,0.978147598462761,1.0,0.0,0.0,0.0,6.461283192038536e-05,-0.00019751559011638165,0.6955772638320923,2.975504912683391e-06,-0.0006608963012695312,-0.0006542205810546875,0.002174100372940302,-0.0008009526063688099,-0.2903873920440674,-0.02835189178586006,0.021977951750159264,-0.03654773160815239,0.42994508147239685,0.04087052866816521,-0.35720235109329224,0.507485568523407,-0.2037508636713028,0.014479512348771095,-0.4100700616836548,0.018662776798009872,0.31396448612213135,0.554560661315918,-0.2192217856645584,-0.0032698260620236397,0.4000000059604645,0.05000000074505806,-0.3100000023841858,0.49000000953674316,-0.20999999344348907,0.0,-0.45197793841362,-0.06039558723568916,0.3328703045845032,0.5627691149711609,-0.24326586723327637,0.0,-0.07425697147846222,-0.062022656202316284,0.2336423397064209,-0.1626885086297989,-0.2778676748275757,-0.1388464719057083,0.22561858594417572,-0.17744401097297668,0.16586962342262268,-0.579867422580719,0.20592662692070007,0.933717668056488,0.08656657487154007,0.09133072942495346,0.008421600796282291,0.10493073612451553,-0.038233716040849686,0.0521320141851902,0.0,0.0,0.5,0.0,0.0,0.9463376998901367,0.0,0.6091671586036682,0.9973320960998535,0.0,0.0,0.0,0.0,1.954145908355713,0.0
3.0,0.04444444924592972,0.27563738481693956,0.9612616876227195,1.0,0.0,0.0,0.0,2.0747538655996323e-05,-0.0002851830795407295,0.6921339631080627,0.0002481009578332305,-0.0009632110595703125,-0.0010309219360351562,0.0021174887660890818,-0.0006318180821835995,-0.3889566659927368,-0.03056759387254715,0.029434164986014366,-0.04299212619662285,0.42923423647880554,0.04034596309065819,-0.35494595766067505,0.5059346556663513,-0.20561529695987701,0.013450616970658302,-0.40798091888427734,0.016772914677858353,0.3145430088043213,0.548832893371582,-0.2173178344964981,-0.0019302059663459659,0.4000000059604645,0.05000000074505806,-0.3100000023841858,0.49000000953674316,-0.20999999344348907,0.0,-0.468909353017807,-0.06378187239170074,0.3403201103210449,0.5864731073379517,-0.25410196185112,0.0,-0.0646144226193428,-0.04071192070841789,0.21712075173854828,-0.1461593061685562,-0.12924745678901672,-0.07322605699300766,0.16209597885608673,-0.21125255525112152,0.14987099170684814,-0.5253420472145081,0.13384677469730377,0.8493953347206116,0.08297520875930786,0.08743708580732346,0.0010902811773121357,0.10966438055038452,-0.04576908051967621,0.06957489252090454,0.0,0.0,0.5,0.0,0.0,0.9498116970062256,0.0,0.6090987920761108,0.9963101744651794,0.0,0.0,0.0,0.0,1.7425518035888672,0.0
3.0100000000000002,0.0555555634200573,0.34202018975975396,0.9396926038852822,1.0,0.0,0.0,0.0,-0.0023815869353711605,-0.0020375861786305904,0.6869876384735107,0.008603535592556,-0.005322456359863281,-0.011456966400146484,-0.01762539893388748,-0.09874594956636429,-0.5941660404205322,-0.7687677145004272,1.239476203918457,-1.4235361814498901,0.47578442096710205,0.0006937299040146172,-0.23026351630687714,0.5281735062599182,-0.20016467571258545,0.0813673660159111,-0.45817819237709045,-0.027205854654312134,0.4605262279510498,0.6159774661064148,-0.33005592226982117,0.15736591815948486,0.4000000059604645,0.05000000074505806,-0.3100000023841858,0.49000000953674316,-0.20999999344348907,0.0,-0.48550504446029663,-0.06710100919008255,0.34762221574783325,0.6097070574760437,-0.2647232115268707,0.0,6.707889556884766,-5.82539701461792,15.411283493041992,3.1680140495300293,1.571704626083374,4.039348125457764,-5.072580814361572,-5.722576141357422,16.77217674255371,6.805634021759033,-10.12291145324707,10.421483039855957,0.0786500945687294,0.08835852891206741,-0.252352237701416,-0.1924208253622055,-0.39974910020828247,-0.9738869071006775,0.0,0.0,0.5,0.0,0.0,0.8318296074867249,0.0,0.573857843875885,0.01737174391746521,0.0,0.0,0.0,0.0,1758.5323486328125,0.0
3.02,0.06666667014360428,0.40673666303333644,0.9135454487569329,1.0,0.0,0.0,0.0,-0.0059210024774074554,-0.004893825389444828,0.6808253526687622,0.02169964089989662,-0.013318061828613281,-0.024308204650878906,0.01736605353653431,-0.08324254304170609,-0.6748971939086914,-0.7420185804367065,1.4239932298660278,-1.3588296175003052,0.5313981175422668,-0.04167395085096359,-0.16836397349834442,0.5508479475975037,-0.2523840069770813,-0.011138047091662884,-0.48559847474098206,-0.06855054944753647,0.5844525098800659,0.6441177129745483,-0.4336467385292053,0.019697098061442375,0.4000000059604645,0.05000000074505806,-0.3100000023841858,0.49000000953674316,-0.20999999344348907,0.0,-0.5016841888427734,-0.07033683359622955,0.35474103689193726,0.6323578357696533,-0.27507784962654114,0.0,4.874594211578369,-3.7475426197052,4.01409912109375,1.3962724208831787,-5.954342842102051,-7.1422119140625,-2.374157428741455,-3.4620397090911865,12.391732215881348,1.8878332376480103,-10.023042678833008,-10.265040397644043,0.0730815902352333,0.08613822609186172,-0.07251591980457306,0.20657368004322052,0.18940526247024536,-1.6907658576965332,0.0,0.0,0.5,0.0,0.0,0.6995115280151367,0.0,0.6189506649971008,0.024901287630200386,0.0,0.0,0.0,0.0,932.9047241210938,0.0
3.0300000000000002,0.07777778804302216,0.46947161973462564,0.882947562578745,1.0,0.0,0.0,0.0,-0.00899695698171854,-0.007713120896369219,0.6737227439880371,0.033039093017578125,-0.021262168884277344,-0.04007530212402344,0.03169284015893936,-0.08902232348918915,-0.7807581424713135,-0.7757782936096191,1.0626273155212402,-1.6177003383636475,0.5652124285697937,-0.09413164854049683,-0.07619890570640564,0.554951548576355,-0.3001401424407959,-0.08494246751070023,-0.5055047869682312,-0.09404321014881134,0.6815977692604065,0.6690518260002136,-0.5386528372764587,-0.10052308440208435,0.4000000059604645,0.05000000074505806,-0.3100000023841858,0.49000000953674316,-0.20999999344348907,0.0,-0.5173678994178772,-0.07347358018159866,0.36164188385009766,0.6543151140213013,-0.28511545062065125,0.0,3.215369701385498,-5.714214324951172,9.990462303161621,0.6848184466362,-3.6527161598205566,-6.191150665283203,-1.8010896444320679,-2.051224708557129,8.770824432373047,2.671940803527832,-10.038568496704102,-10.132213592529297,0.06534712761640549,0.0834365114569664,-0.17512372136116028,-0.2278016209602356,0.152497798204422,-1.8178826570510864,0.0,0.0,0.5,0.0,0.0,0.6529686450958252,0.0,0.6347823143005371,0.005332641303539276,0.0,0.0,0.0,0.0,658.343505859375,0.0
3.04,0.08888889849185944,0.5299193154020884,0.8480480641825566,1.0,0.0,0.0,0.0,-0.010702702216804028,-0.010725641623139381,0.6655405759811401,0.03845859318971634,-0.029861927032470703,-0.05942726135253906,0.03432827815413475,-0.08761537075042725,-0.8889139294624329,-0.8607726097106934,0.3331918716430664,-2.058377504348755,0.5684422254562378,-0.1641734093427658,0.08266331255435944,0.5515947937965393,-0.28804081678390503,0.0350479781627655,-0.5237870812416077,-0.10753198713064194,0.7398051023483276,0.7098055481910706,-0.6398024559020996,-0.15171165764331818,0.4000000059604645,0.05000000074505806,-0.3100000023841858,0.49000000953674316,-0.20999999344348907,0.0,-0.5324798226356506,-0.07649596780538559,0.36829113960266113,0.6754717826843262,-0.29478707909584045,0.0,-0.6364279389381409,-7.481658458709717,16.01509666442871,0.21701358258724213,1.9173997640609741,10.129788398742676,-1.6509605646133423,-1.0294705629348755,4.405630588531494,4.498599529266357,-9.895679473876953,-3.324704170227051,0.05589475482702255,0.0817706286907196,-0.6638423204421997,-0.7858796715736389,0.4273741841316223,-1.604528784751892,0.0,0.0,0.5,0.0,0.0,0.6715101003646851,0.0,0.6382321715354919,0.00020886216952931136,0.0,0.0,0.0,0.0,765.57861328125,0.0
3.0500000000000003,0.10000000894069672,0.5877852977398547,0.8090169613554901,1.0,0.0,0.0,0.0,-0.01180180162191391,-0.013496169820427895,0.656396210193634,0.04130362346768379,-0.038312435150146484,-0.0781259536743164,0.04684293270111084,-0.045405078679323196,-0.9738255739212036,-0.6794588565826416,0.37815070152282715,-1.8575247526168823,0.5609567761421204,-0.22340984642505646,0.18444553017616272,0.5569728016853333,-0.2949413061141968,-0.08438995480537415,-0.5385147929191589,-0.10095695406198502,0.7552039623260498,0.7255997061729431,-0.7406057119369507,-0.1008753776550293,0.4000000059604645,0.05000000074505806,-0.3100000023841858,0.49000000953674316,-0.20999999344348907,0.0,-0.5469463467597961,-0.07938926666975021,0.3746563792228699,0.6957248449325562,-0.3040456473827362,0.0,-1.2982620000839233,-5.1133575439453125,9.30841064453125,0.30406618118286133,-1.0752782821655273,-10.127058982849121,-1.8034154176712036,1.1501481533050537,0.6483428478240967,0.9346374273300171,-10.000761985778809,4.334348678588867,0.04638751596212387,0.07707173377275467,-0.48857006430625916,-0.4856994152069092,0.18378721177577972,-1.1845011711120605,0.0,0.0,0.5,0.0,0.0,0.6617302894592285,0.0,0.6604552865028381,0.0010069831041619182,0.0,0.0,0.0,0.0,176.35781860351562,0.0
3.06,0.1111111268401146,0.642787685393363,0.766044379593404,1.0,0.0,0.0,0.0,-0.011754549108445644,-0.015910420566797256,0.6464930772781372,0.0394621305167675,-0.04593801498413086,-0.0947732925415039,0.03909865766763687,-0.01737498864531517,-1.039246916770935,-0.736375093460083,-0.4287298917770386,-1.5576540231704712,0.5219033360481262,-0.2650044560432434,0.28483664989471436,0.5546266436576843,-0.40581613779067993,0.04072233662009239,-0.5408062934875488,-0.08120331913232803,0.7300705313682556,0.7190252542495728,-0.643849790096283,0.008785194717347622,0.4000000059604645,0.05000000074505806,-0.3100000023841858,0.49000000953674316,-0.20999999344348907,0.0,-0.5606969594955444,-0.08213938772678375,0.38070663809776306,0.7149757146835327,-0.31284600496292114,0.0,-5.087646961212158,-3.6410982608795166,9.043728828430176,-0.43040260672569275,-10.084555625915527,10.172468185424805,0.7497283220291138,1.9474953413009644,-3.7696588039398193,-0.37142395973205566,10.029095649719238,10.056901931762695,0.035611025989055634,0.06887555122375488,-0.6730163097381592,-1.1040846109390259,0.3469233214855194,-0.550953209400177,0.0,0.0,0.5,0.0,0.0,0.6068437099456787,0.0,0.6534665822982788,0.007808269467204809,0.0,0.0,0.0,0.0,651.5586547851562,0.0
3.0700000000000003,0.12222223728895187,0.6946584385567742,0.7193397345773863,1.0,0.0,0.0,0.0,-0.010712586343288422,-0.018208706751465797,0.6355790495872498,0.033399686217308044,-0.052460670471191406,-0.11110877990722656,0.03442024812102318,-0.009126330725848675,-1.141723394393921,-0.494706928730011,-0.5825933814048767,-1.66539466381073,0.45790499448776245,-0.29558125138282776,0.3731647729873657,0.5479204654693604,-0.4205974042415619,-0.06125883385539055,-0.5330525636672974,-0.06688900291919708,0.7118444442749023,0.7273555994033813,-0.5962890982627869,0.11462951451539993,0.4000000059604645,0.05000000074505806,-0.3100000023841858,0.49000000953674316,-0.20999999344348907,0.0,-0.5736646056175232,-0.08473291993141174,0.38641244173049927,0.7331304550170898,-0.32114535570144653,0.0,-6.930004119873047,-2.4530699253082275,8.664278984069824,-0.3519863188266754,0.33685895800590515,-10.000256538391113,0.9394397139549255,1.3713481426239014,-1.208920955657959,0.9805249571800232,3.1060421466827393,10.024656295776367,0.023938246071338654,0.06107449531555176,-0.7482532262802124,-1.033805012702942,-0.31685540080070496,-0.598392128944397,0.0,0.0,0.5,0.0,0.0,0.5686185956001282,0.0,0.6481095552444458,0.003898830618709326,0.0,0.0,0.0,0.0,164.91024780273438,0.0
3.08,0.13333334028720856,0.7431448547133737,0.6691305738890123,1.0,0.0,1.0,0.0,-0.009356063790619373,-0.020386891439557076,0.6240510940551758,0.02602744847536087,-0.05768013000488281,-0.12514066696166992,0.029948130249977112,-0.04600971192121506,-1.1263865232467651,-0.37841612100601196,-0.9691562652587891,-1.5246108770370483,0.41154906153678894,-0.3109094500541687,0.4269571900367737,0.5397294163703918,-0.3516192138195038,-0.03589439019560814,-0.5190041661262512,-0.057600315660238266,0.699405312538147,0.7312319278717041,-0.5366460680961609,0.12604446709156036,0.4000000059604645,0.05000000074505806,-0.3100000023841858,0.49000000953674316,-0.20999999344348907,0.0,-0.5857862234115601,-0.0871572494506836,0.3917459547519684,0.7501007318496704,-0.3289031684398651,0.0,-1.9347048997879028,-1.088289737701416,1.7296602725982666,-0.6734292507171631,15.094451904296875,9.18089771270752,1.100083827972412,0.3082056939601898,-0.5192359685897827,-0.11003948748111725,2.9433155059814453,0.3174610137939453,0.011526014655828476,0.05173756182193756,0.21366247534751892,-0.049218788743019104,-0.021730465814471245,-0.45099619030952454,570.9046630859375,0.0,0.5,0.0,0.0,0.5295944213867188,0.0,0.6400997638702393,0.009572349488735199,0.0,0.0,0.0,0.0,378.8084716796875,0.0
3.09,0.14444446563720703,0.7880108355869994,0.6156613703956739,1.0,0.0,1.0,0.0,-0.006582952104508877,-0.02280428260564804,0.6126090288162231,0.013470730744302273,-0.06074047088623047,-0.14277410507202148,0.04672768712043762,-0.08507359027862549,-1.1552001237869263,-0.1689082384109497,-1.2640327215194702,-2.033771514892578,0.39118683338165283,-0.3213784098625183,0.4382471442222595,0.5399231910705566,-0.2246885448694229,-0.09531699866056442,-0.51624995470047,-0.058534689247608185,0.693024218082428,0.7398436665534973,-0.5648194551467896,0.027905095368623734,0.4000000059604645,0.05000000074505806,-0.3100000023841858,0.49000000953674316,-0.20999999344348907,0.0,-0.5970027446746826,-0.08940054476261139,0.39668118953704834,0.7658038139343262,-0.33608174324035645,0.0,-1.781851053237915,-1.089774250984192,1.3753845691680908,0.8292571306228638,12.69188117980957,23.680221557617188,0.10684061050415039,-0.11524763703346252,-0.5746527314186096,0.8852376937866211,-2.6301279067993164,-8.764411926269531,-9.893625974655151e-05,0.041513703763484955,0.0923788845539093,0.4153042733669281,0.15556032955646515,-0.41832301020622253,624.5259399414062,0.0,0.5,0.0,0.0,0.5255743265151978,0.0,0.6535171270370483,0.0002554577949922532,0.0,0.0,0.0,0.0,527.3820190429688,0.0
3.1,0.1555555760860443,0.8290376446891665,0.5591927965274941,1.0,0.0,1.0,0.0,-0.001074208877980709,-0.02549264207482338,0.605518102645874,-0.007555961608886719,-0.055101871490478516,-0.16492414474487305,0.11035938560962677,-0.35397955775260925,-0.5242754817008972,1.2030282020568848,-2.1818461418151855,-2.380286931991577,0.3861812353134155,-0.35564732551574707,0.4507398307323456,0.6166970133781433,-0.26298466324806213,-0.10676608979701996,-0.49859726428985596,-0.0454341322183609,0.6771941781044006,0.7215486168861389,-0.4898127019405365,-0.08880458772182465,0.4000000059604645,0.05000000074505806,-0.3100000023841858,0.49000000953674316,-0.20999999344348907,0.0,-0.6072593927383423,-0.09145188331604004,0.40119415521621704,0.7801631689071655,-0.3426460027694702,0.0,-3.9510226249694824,-1.644241452217102,3.5101492404937744,5.211012363433838,-2.236804723739624,0.26471710205078125,1.6229804754257202,2.1644392013549805,-1.5542546510696411,-1.674789309501648,8.102839469909668,-10.114389419555664,0.00010738149285316467,0.03142783045768738,0.24431650340557098,0.7093615531921387,-0.00039477087557315826,-0.33778175711631775,199.312744140625,0.0,0.5,0.0,0.0,0.48046743869781494,0.0,0.5745071768760681,1.1988873666268773e-05,0.0,0.0,0.0,0.0,668.9967651367188,0.0
3.11,0.1666666865348816,0.8660254662022698,0.49999989188912924,1.0,0.0,1.0,0.0,0.004487544763833284,-0.026745717972517014,0.6000287532806396,-0.025869369506835938,-0.040436744689941406,-0.1874990463256836,0.14257028698921204,-0.3909544050693512,-0.5501104593276978,1.5078082084655762,-1.382627248764038,-2.1846344470977783,0.32993263006210327,-0.36146700382232666,0.5037056803703308,0.647308886051178,-0.29082193970680237,-0.12298522144556046,-0.5110379457473755,-0.03106004372239113,0.6737706661224365,0.7448788285255432,-0.552882969379425,-0.16658742725849152,0.4000000059604645,0.05000000074505806,-0.3100000023841858,0.49000000953674316,-0.20999999344348907,0.0,-0.6165063977241516,-0.09330128133296967,0.4052627980709076,0.7931089401245117,-0.348564088344574,0.0,-5.714532375335693,-0.5653982758522034,6.258970737457275,3.332458972930908,-3.186898708343506,-1.2324581146240234,-2.2946035861968994,1.3122731447219849,-0.36579084396362305,2.7763383388519287,-6.322591781616211,-6.040341377258301,-0.000214502215385437,0.0260050967335701,0.0035423790104687214,0.5724239349365234,-0.0338374562561512,0.01103309728205204,388.4397277832031,0.0,0.5,0.0,0.0,0.3799861967563629,0.0,0.5705224871635437,7.1539863711223e-05,0.0,0.0,0.0,0.0,526.254638671875,0.0
3.12,0.17777779698371887,0.8987940991993735,0.4383710383275639,1.0,0.0,1.0,1.0,0.008896366693079472,-0.027712896466255188,0.5948095321655273,-0.03750276565551758,-0.024460315704345703,-0.2053518295288086,0.167002871632576,-0.38171079754829407,-0.4799756705760956,1.5192463397979736,-1.0299443006515503,-1.5380299091339111,0.2856576442718506,-0.36408665776252747,0.55436110496521,0.6758142709732056,-0.3124002516269684,-0.13212858140468597,-0.5349616408348083,-0.019267208874225616,0.6791037917137146,0.7657085061073303,-0.48549917340278625,-0.21127857267856598,0.4000000059604645,0.05000000074505806,-0.3100000023841858,0.49000000953674316,-0.20999999344348907,0.0,-0.6246985197067261,-0.0949397087097168,0.40886735916137695,0.8045779466629028,-0.3538070321083069,0.0,-3.811598300933838,-0.031777940690517426,4.521458148956299,2.3700242042541504,-2.019653797149658,-0.9014266133308411,-2.240553379058838,0.5004647374153137,3.467808723449707,2.9273688793182373,8.380646705627441,3.2967312335968018,-0.0001826062798500061,0.020368210971355438,0.2711832523345947,0.28956353664398193,0.021196626126766205,-0.23642198741436005,247.37893676757812,308.3372802734375,0.5,0.0,0.0,0.315755158662796,0.0,0.598588764667511,0.008817015215754509,0.0,0.0,0.0,0.0,635.6700439453125,0.0
3.13,0.18888892233371735,0.927183933286617,0.3746063985774378,1.0,0.0,1.0,1.0,0.013437015935778618,-0.028504200279712677,0.5904140472412109,-0.0476832389831543,-0.008854866027832031,-0.21616125106811523,0.2033168524503708,-0.36341753602027893,-0.43952423334121704,1.5093671083450317,-0.914395809173584,-0.7839702367782593,0.2439650446176529,-0.36208733916282654,0.6026872992515564,0.695734977722168,-0.3273693919181824,-0.13879476487636566,-0.5484237670898438,-0.0022457994055002928,0.6999687552452087,0.7759591341018677,-0.3825892508029938,-0.1388927549123764,0.4000000059604645,0.05000000074505806,-0.3100000023841858,0.49000000953674316,-0.20999999344348907,0.0,-0.6317960023880005,-0.09635919332504272,0.411990225315094,0.8145143985748291,-0.35834941267967224,0.0,-4.126764297485352,0.38554802536964417,4.471365451812744,1.7740899324417114,-1.5281274318695068,-1.0126307010650635,-1.1073609590530396,2.241072654724121,1.2016692161560059,0.558018684387207,9.990041732788086,7.139526844024658,-0.00020032748579978943,0.015698149800300598,0.11270920187234879,0.15716098248958588,-0.015224562957882881,-0.26479920744895935,199.34620666503906,132.8134307861328,0.5,0.0,0.0,0.26157665252685547,0.0,0.6439164280891418,0.29252102971076965,0.0,0.0,0.0,0.0,530.47900390625,0.0
3.14,0.20000001788139343,0.9510565510138586,0.30901688752174067,1.0,0.0,1.0,1.0,0.017600884661078453,-0.029445234686136246,0.5864277482032776,-0.05480766296386719,0.005581307224929333,-0.22103214263916016,0.240732803940773,-0.3658941388130188,-0.38055792450904846,1.3773599863052368,-0.5651933550834656,-0.30623534321784973,0.21170204877853394,-0.357634037733078,0.6325151324272156,0.7139687538146973,-0.34378695487976074,-0.15394529700279236,-0.5546477437019348,0.01549354288727045,0.7165611982345581,0.7921679019927979,-0.391862154006958,-0.05475402995944023,0.4000000059604645,0.05000000074505806,-0.3100000023841858,0.49000000953674316,-0.20999999344348907,0.0,-0.6377641558647156,-0.0975528284907341,0.4146162271499634,0.8228697776794434,-0.3621690273284912,0.0,-2.816891670227051,0.5989571213722229,2.4551172256469727,1.479211449623108,-1.3237591981887817,-1.4449008703231812,-0.42896100878715515,1.7561417818069458,1.432729721069336,1.399469256401062,-2.086923360824585,7.975916385650635,0.00010491535067558289,0.012421421706676483,-0.007942939177155495,-0.005348717328161001,0.012324240058660507,-0.13872119784355164,261.5723876953125,309.7835998535156,0.5,0.0,0.0,0.21307273209095,0.0,0.6688496470451355,0.8289791941642761,0.0,0.0,0.0,0.0,473.4321594238281,0.0
3.15,0.2111111283302307,0.9702957524497433,0.24192179062247984,1.0,0.0,1.0,1.0,0.020817831158638,-0.029995620250701904,0.5830094814300537,-0.05644941329956055,0.019883865490555763,-0.22198200225830078,0.28340470790863037,-0.3529961407184601,-0.3174096643924713,1.4437392950057983,0.09067691117525101,0.0019089338602498174,0.19417694211006165,-0.3471158742904663,0.650536060333252,0.7227001190185547,-0.3522632420063019,-0.15104259550571442,-0.57402104139328,0.03981119766831398,0.724803626537323,0.8132485747337341,-0.4840720295906067,0.03530605882406235,0.4000000059604645,0.05000000074505806,-0.3100000023841858,0.49000000953674316,-0.20999999344348907,0.0,-0.6425739526748657,-0.09851479530334473,0.4167325496673584,0.8296035528182983,-0.36524730920791626,0.0,-0.4468543529510498,1.1431971788406372,0.3413242697715759,1.1387003660202026,-1.048598051071167,-0.12359380722045898,-2.4178574085235596,2.719667434692383,0.5194903016090393,1.6991195678710938,-10.227624893188477,9.109049797058105,-0.00020955130457878113,0.010531466454267502,-0.00397839117795229,-0.09843631088733673,0.004732045345008373,-0.09971402585506439,581.56103515625,287.4563903808594,0.5,0.0,0.0,0.18551865220069885,0.0,0.709610104560852,0.9999927878379822,0.0,0.0,0.0,0.0,555.8939208984375,0.0
3.16,0.2222222536802292,0.9848077873348776,0.17364798301328604,1.0,0.0,1.0,1.0,0.023987123742699623,-0.031145142391324043,0.5803877711296082,-0.057439327239990234,0.03155084326863289,-0.22034788131713867,0.29876574873924255,-0.3471664786338806,-0.256613552570343,1.0422197580337524,-0.12417733669281006,0.37794479727745056,0.17829950153827667,-0.346985787153244,0.686019241809845,0.7336077094078064,-0.35515519976615906,-0.15002046525478363,-0.575221598148346,0.0592242069542408,0.7292024493217468,0.8102369904518127,-0.46827057003974915,0.10737153142690659,0.4000000059604645,0.05000000074505806,-0.3100000023841858,0.49000000953674316,-0.20999999344348907,0.0,-0.6462019681930542,-0.09924039244651794,0.4183288514614105,0.8346827030181885,-0.367569237947464,0.0,-1.078474998474121,-0.4006310999393463,3.5115373134613037,1.5404270887374878,-0.48930567502975464,0.41528499126434326,0.3398384749889374,1.81244957447052,0.021532654762268066,-0.45438969135284424,2.7342498302459717,5.289663314819336,-6.224960088729858e-05,0.006769154220819473,0.2049795687198639,0.005668265745043755,-0.1362541764974594,-0.12338573485612869,203.6200408935547,305.2728576660156,0.5,0.0,0.0,0.16100600361824036,0.0,0.7246695160865784,0.7514997124671936,0.0,0.0,0.0,0.0,317.70819091796875,0.0
3.17,0.23333334922790527,0.9945219058073733,0.10452836394620248,1.0,0.0,1.0,1.0,0.02625304087996483,-0.032434944063425064,0.5780285596847534,-0.054602622985839844,0.04151453450322151,-0.21505403518676758,0.32611551880836487,-0.3458452820777893,-0.20952434837818146,1.050663709640503,0.4577781856060028,0.5690644383430481,0.18592935800552368,-0.34625789523124695,0.6945693492889404,0.7438074946403503,-0.3559160828590393,-0.15375639498233795,-0.593292236328125,0.0655815601348877,0.7429283261299133,0.8302191495895386,-0.4802823066711426,0.13635499775409698,0.4000000059604645,0.05000000074505806,-0.3100000023841858,0.49000000953674316,-0.20999999344348907,0.0,-0.6486304998397827,-0.09972609579563141,0.41939741373062134,0.8380826711654663,-0.36912351846694946,0.0,1.3132805824279785,0.4782011806964874,-0.6186809539794922,1.061022162437439,-0.10294024646282196,-0.24944105744361877,-2.2778844833374023,0.4047548174858093,1.6035635471343994,2.348479747772217,-1.2936434745788574,1.3210389614105225,-0.0002074502408504486,0.005538467317819595,0.06840907037258148,0.007403909228742123,-0.06440857797861099,-0.020504718646407127,309.5258483886719,297.8157653808594,0.5,0.0,0.0,0.1478554606437683,0.0,0.741048276424408,0.5232642889022827,0.0,0.0,0.0,0.0,306.9333190917969,0.0
3.18,0.24444447457790375,0.9993908336267431,0.034899307483728846,1.0,0.0,1.0,1.0,0.028517644852399826,-0.03387822210788727,0.5764069557189941,-0.05107736587524414,0.050424814224243164,-0.20878314971923828,0.34761497378349304,-0.3247857093811035,-0.14355134963989258,0.8580527305603027,0.38339850306510925,0.6554558277130127,0.1983947455883026,-0.34564927220344543,0.6900224685668945,0.7575728893280029,-0.36005690693855286,-0.13495954871177673,-0.6084856390953064,0.07174356281757355,0.7505656480789185,0.8484488129615784,-0.502746045589447,0.1461789608001709,0.4000000059604645,0.05000000074505806,-0.3100000023841858,0.49000000953674316,-0.20999999344348907,0.0,-0.6498477458953857,-0.0999695435166359,0.4199329912662506,0.8397867679595947,-0.36990252137184143,0.0,1.2136536836624146,-0.0429551862180233,-0.09655502438545227,1.3279005289077759,-0.38807520270347595,2.0367796421051025,-1.7569612264633179,1.2275363206863403,-0.06536319851875305,1.765080213546753,-5.795616149902344,1.9825114011764526,0.0008001923561096191,0.004884395748376846,0.07495920360088348,-0.05249975249171257,-0.04564725607633591,-0.03258294612169266,217.01861572265625,306.3674621582031,0.5,0.0,0.0,0.13522613048553467,0.0,0.7730481624603271,0.423481822013855,0.0,0.0,0.0,0.0,374.3240051269531,0.0
3.19,0.2555555999279022,0.9993908172890887,-0.034899775332339046,1.0,0.0,1.0,1.0,0.030471112579107285,-0.03588344529271126,0.5750570297241211,-0.04603719711303711,0.05656104162335396,-0.20304584503173828,0.3714618682861328,-0.3288182318210602,-0.13867737352848053,0.4973975121974945,0.6914650201797485,0.5655136108398438,0.20158861577510834,-0.3553457260131836,0.7151029706001282,0.76325523853302,-0.35219606757164,-0.13682442903518677,-0.6240289211273193,0.0719875767827034,0.7592604756355286,0.8646786212921143,-0.5012969374656677,0.15368114411830902,0.4000000059604645,0.05000000074505806,-0.3100000023841858,0.49000000953674316,-0.20999999344348907,0.0,-0.6496955156326294,-0.09993910789489746,0.41986602544784546,0.8395737409591675,-0.36980509757995605,0.0,0.7520401477813721,-1.5229227542877197,2.5476222038269043,0.5918615460395813,1.1391148567199707,-0.6150269508361816,-1.5245717763900757,-0.35324132442474365,0.6443318128585815,1.6156648397445679,-0.043149255216121674,-1.0867830514907837,0.0008392222225666046,0.004450283944606781,0.2590864896774292,0.016473369672894478,0.15185748040676117,-0.00036326597910374403,154.13868713378906,216.5416259765625,0.5,0.0,0.0,0.13043299317359924,0.0,0.7793563008308411,0.5274974703788757,0.0,0.0,0.0,0.0,219.18136596679688,0.0
3.2,0.2666666805744171,0.9945218862340525,-0.10452855017392218,1.0,0.0,1.0,1.0,0.032548293471336365,-0.038813889026641846,0.573843240737915,-0.04139566421508789,0.05901817977428436,-0.19776487350463867,0.3878898322582245,-0.30937260389328003,-0.10448115319013596,0.1619485467672348,0.41074851155281067,0.4330752193927765,0.20530323684215546,-0.3772580623626709,0.7456756234169006,0.7852879166603088,-0.36434870958328247,-0.11494328081607819,-0.6135057210922241,0.06755823642015457,0.7617381811141968,0.8615586757659912,-0.4822893738746643,0.15956783294677734,0.4000000059604645,0.05000000074505806,-0.3100000023841858,0.49000000953674316,-0.20999999344348907,0.0,-0.6472684144973755,-0.09945368766784668,0.4187981188297272,0.836175799369812,-0.3682518005371094,0.0,0.026073619723320007,-2.2338366508483887,3.174726724624634,2.3907856941223145,-1.0479669570922852,4.895986080169678,1.454099178314209,-0.23513861000537872,0.15719753503799438,-0.272420197725296,-1.2654142379760742,3.543635129928589,0.002380233258008957,0.002216748893260956,-0.0741838738322258,-0.024851297959685326,-0.06743119657039642,-0.08278066664934158,178.54983520507812,360.0528869628906,0.5,0.0,0.0,0.12903539836406708,0.0,0.8052840232849121,0.6872148513793945,0.0,0.0,0.0,0.0,349.669189453125,0.0
3.21,0.2777778208255768,0.9848077060442821,-0.1736484440350642,1.0,0.0,1.0,1.0,0.034231700003147125,-0.04198644310235977,0.5725580453872681,-0.03477048873901367,0.059565044939517975,-0.194000244140625,0.404987096786499,-0.29868561029434204,-0.1329452395439148,-0.06846044957637787,0.8450953960418701,0.30501559376716614,0.20568165183067322,-0.40019652247428894,0.7777206897735596,0.7893547415733337,-0.3187713921070099,-0.15950258076190948,-0.6218588352203369,0.06156732514500618,0.7657178640365601,0.8753465414047241,-0.5093612670898438,0.1824808269739151,0.4000000059604645,0.05000000074505806,-0.3100000023841858,0.49000000953674316,-0.20999999344348907,0.0,-0.6424615383148193,-0.09849230945110321,0.4166830778121948,0.8294461369514465,-0.36517536640167236,0.0,0.4296357035636902,-2.6700146198272705,3.198641538619995,0.06174863129854202,2.246680498123169,-3.879406213760376,-1.3251464366912842,-0.9428344964981079,0.14535319805145264,1.5399104356765747,-1.8608790636062622,0.7140958309173584,0.0019927620887756348,0.0022707805037498474,0.341486394405365,-0.01710473746061325,0.32636576890945435,-0.025653082877397537,37.53449630737305,203.83013916015625,0.5,0.0,0.0,0.13571672141551971,0.0,0.8216168880462646,0.8302163481712341,0.0,0.0,0.0,0.0,213.24391174316406,0.0
3.22,0.28888893127441406,0.9702956618482643,-0.24192215400504158,1.0,0.0,1.0,1.0,0.035733699798583984,-0.045973747968673706,0.5711954832077026,-0.027378559112548828,0.05654843524098396,-0.19137239456176758,0.4186255633831024,-0.2859683334827423,-0.11021009087562561,-0.34725892543792725,0.6651642322540283,0.05861172080039978,0.21873147785663605,-0.4323696494102478,0.8002114295959473,0.8114034533500671,-0.33940351009368896,-0.1180468276143074,-0.6082934141159058,0.04637748375535011,0.7714529037475586,0.8707486391067505,-0.4950661361217499,0.19152016937732697,0.4000000059604645,0.05000000074505806,-0.3100000023841858,0.49000000953674316,-0.20999999344348907,0.0,-0.6353684067726135,-0.09707368910312653,0.4135621190071106,0.8195158243179321,-0.36063575744628906,0.0,0.9785757064819336,-3.1572251319885254,2.01581072807312,2.657233476638794,0.6351929306983948,3.975551128387451,2.137796401977539,-1.6152547597885132,0.980351448059082,-0.5230417847633362,-0.9278760552406311,2.646044969558716,0.002936236560344696,0.00024031475186347961,-0.13498280942440033,-0.029673613607883453,-0.02445758506655693,-0.14108705520629883,192.62757873535156,289.2889099121094,0.5,0.0,0.0,0.15014715492725372,0.0,0.8379479050636292,0.993152916431427,0.0,0.0,0.0,0.0,382.90472412109375,0.0
3.23,0.30000001192092896,0.9510564931493438,-0.30901706561041653,1.0,0.0,1.0,1.0,0.03714349493384361,-0.04980447515845299,0.5699871778488159,-0.019023418426513672,0.05319686979055405,-0.19246816635131836,0.42697328329086304,-0.251802533864975,-0.10165102779865265,-0.38217589259147644,0.9129248857498169,-0.3017346262931824,0.22836551070213318,-0.46002957224845886,0.8140619993209839,0.8273181319236755,-0.31605324149131775,-0.11543077975511551,-0.6089820265769958,0.029553435742855072,0.7783295512199402,0.8785576224327087,-0.5015049576759338,0.19392994046211243,0.4000000059604645,0.05000000074505806,-0.3100000023841858,0.49000000953674316,-0.20999999344348907,0.0,-0.6261271238327026,-0.09522542357444763,0.40949591994285583,0.8065779209136963,-0.354721337556839,0.0,0.9236302971839905,-2.7132396697998047,1.4422208070755005,1.3166345357894897,2.3646745681762695,0.44374513626098633,-1.1064015626907349,-1.7993485927581787,0.3560880422592163,1.3735336065292358,-0.8007535338401794,-1.269490361213684,0.0037804245948791504,-0.00020897388458251953,-0.08423787355422974,0.0030520232394337654,0.1418449580669403,0.0042612203396856785,73.24111938476562,360.4916687011719,0.5,0.0,0.0,0.16790331900119781,0.0,0.871556282043457,0.8335283398628235,0.0,0.0,0.0,0.0,178.74453735351562,0.0
3.24,0.3111111521720886,0.9271837579206039,-0.37460683262352124,1.0,0.0,1.0,1.0,0.038675181567668915,-0.053714945912361145,0.5691941976547241,-0.01084280014038086,0.04834825173020363,-0.1950216293334961,0.4360753297805786,-0.22057607769966125,-0.042510975152254105,-0.5504262447357178,0.7225475311279297,-0.3693961799144745,0.23818731307983398,-0.48345133662223816,0.8186260461807251,0.8406528830528259,-0.339148610830307,-0.10635704547166824,-0.6117826104164124,0.012255477719008923,0.7780925631523132,0.8868604302406311,-0.5058966875076294,0.18499277532100677,0.4000000059604645,0.05000000074505806,-0.3100000023841858,0.49000000953674316,-0.20999999344348907,0.0,-0.6149173974990845,-0.09298348426818848,0.40456366539001465,0.7908843755722046,-0.34754714369773865,0.0,0.8159579634666443,-2.1560535430908203,0.48860689997673035,0.8748298287391663,1.9066647291183472,2.9257681369781494,0.06851965934038162,-1.702684998512268,-0.2597881257534027,0.6290029287338257,-0.3281601369380951,-0.7846274375915527,0.004694107919931412,-0.00020589679479599,-0.10541225969791412,-0.010750512592494488,0.047091588377952576,0.018051238730549812,114.32453155517578,268.19671630859375,0.5,0.0,0.0,0.19096806645393372,0.0,0.8998921513557434,0.7611635327339172,0.0,0.0,0.0,0.0,141.21063232421875,0.0
3.25,0.3222222626209259,0.8987939350262757,-0.4383713749322402,1.0,0.0,1.0,1.0,0.040143582969903946,-0.05756627023220062,0.5685173273086548,-0.0019774436950683594,0.043120693415403366,-0.19953632354736328,0.44991275668144226,-0.21237881481647491,-0.0682036429643631,-0.49995115399360657,0.942288875579834,-0.5989757776260376,0.2514335513114929,-0.5031319260597229,0.8153834939002991,0.8455149531364441,-0.3113623857498169,-0.11446945369243622,-0.6151468753814697,-0.006477724760770798,0.7809468507766724,0.893734872341156,-0.5088765621185303,0.1758514940738678,0.4000000059604645,0.05000000074505806,-0.3100000023841858,0.49000000953674316,-0.20999999344348907,0.0,-0.6019576787948608,-0.09039153158664703,0.3988613784313202,0.7727407217025757,-0.33925288915634155,0.0,1.191680908203125,-1.8368667364120483,0.20612606406211853,0.5427901148796082,-0.3110617995262146,0.6574877500534058,-0.5804835557937622,-1.8608187437057495,0.42900872230529785,0.6450754404067993,-0.11641737818717957,-0.5157710909843445,0.004873331636190414,-0.00015531480312347412,-0.022549767047166824,0.003798459190875292,0.06977350264787674,-0.006880579050630331,91.08316802978516,159.7882080078125,0.5,0.0,0.0,0.21578645706176758,0.0,0.9091665148735046,0.4879491925239563,0.0,0.0,0.0,0.0,83.26324462890625,0.0
3.2600000000000002,0.3333333730697632,0.8660252789487355,-0.500000216221718,1.0,0.0,1.0,1.0,0.04203794524073601,-0.0612180195748806,0.568122148513794,0.00565797183662653,0.03822536766529083,-0.2063755989074707,0.4515070915222168,-0.18710534274578094,0.002983404789119959,-0.4434334337711334,0.5857211351394653,-0.8409625291824341,0.25878283381462097,-0.5210930705070496,0.8171607851982117,0.857967734336853,-0.3481062948703766,-0.11038374155759811,-0.6142711639404297,-0.02284490317106247,0.7822521924972534,0.8967730402946472,-0.5109778046607971,0.1687496453523636,0.4000000059604645,0.05000000074505806,-0.3100000023841858,0.49000000953674316,-0.20999999344348907,0.0,-0.5874999761581421,-0.08749999105930328,0.39249998331069946,0.7524999380111694,-0.3299999535083771,0.0,0.6351261138916016,-1.707918405532837,0.0994580015540123,1.1658375263214111,-1.0766185522079468,1.1788804531097412,0.5110898017883301,-1.4387017488479614,-0.025960572063922882,0.0780540257692337,-0.47168880701065063,-0.8351125717163086,0.0060951970517635345,-0.00020104646682739258,0.018428245559334755,-0.014091819524765015,-0.0311910230666399,0.01824028603732586,231.45184326171875,267.8946838378906,0.5,0.0,0.0,0.23502211272716522,0.0,0.9280033707618713,0.24306266009807587,0.0,0.0,0.0,0.0,132.57591247558594,0.0
3.27,0.34444448351860046,0.829037435267476,-0.5591931070078792,1.0,0.0,1.0,1.0,0.04410282522439957,-0.06470029801130295,0.5678200721740723,0.012876315042376518,0.03374320641160011,-0.21446466445922852,0.4618380069732666,-0.18563075363636017,-0.03993719443678856,-0.4585067629814148,0.7423107624053955,-0.8208531737327576,0.25882458686828613,-0.5342968702316284,0.8213464617729187,0.8530596494674683,-0.28529736399650574,-0.14456944167613983,-0.61518794298172,-0.03999558091163635,0.7852302193641663,0.9029794335365295,-0.5130271315574646,0.15364131331443787,0.4000000059604645,0.05000000074505806,-0.3100000023841858,0.49000000953674316,-0.20999999344348907,0.0,-0.5718257427215576,-0.08436514437198639,0.38560330867767334,0.7305560111999512,-0.31996846199035645,0.0,-0.3660120368003845,-1.3319107294082642,0.4655730426311493,-0.29150259494781494,2.8900492191314697,-5.241428852081299,-0.19389395415782928,-1.826067566871643,0.3149978816509247,0.7701249718666077,-0.46484819054603577,-2.042367935180664,0.005854591727256775,0.00018548965454101562,-0.003691636258736253,-0.003966538701206446,0.07251124829053879,0.01855386793613434,97.72116088867188,128.18609619140625,0.5,0.0,0.0,0.24695265293121338,0.0,0.9306889176368713,0.2598632276058197,0.0,0.0,0.0,0.0,83.63822937011719,0.0
3.2800000000000002,0.35555559396743774,0.7880106050174339,-0.6156616655112268,1.0,0.0,1.0,1.0,0.04652634263038635,-0.06825683265924454,0.5674733519554138,0.018573405221104622,0.028679486364126205,-0.22060012817382812,0.4552305042743683,-0.1668112725019455,-0.0006234327447600663,-0.5235748887062073,0.397460401058197,-0.57715904712677,0.26626497507095337,-0.5464372634887695,0.8101534247398376,0.8603606820106506,-0.34027767181396484,-0.11135724931955338,-0.6086522340774536,-0.05119393393397331,0.781134843826294,0.9005423188209534,-0.51497882604599,0.15363654494285583,0.4000000059604645,0.05000000074505806,-0.3100000023841858,0.49000000953674316,-0.20999999344348907,0.0,-0.5552402138710022,-0.08104804158210754,0.37830567359924316,0.7073363065719604,-0.30935370922088623,0.0,1.1552066802978516,-1.358335256576538,-1.7466890811920166,0.7341492772102356,0.04100547730922699,2.075033664703369,0.9694157242774963,-1.1511777639389038,-0.8312555551528931,-0.1144256442785263,-0.20507586002349854,-2.169466495513916,0.006761927157640457,-0.00019609928131103516,-0.04306844621896744,0.007202036678791046,0.01896619237959385,0.011326932348310947,148.04246520996094,423.29925537109375,0.5,0.0,0.0,0.2561143934726715,0.0,0.9420842528343201,0.5136438608169556,0.0,0.0,0.0,0.0,165.6776885986328,0.0
3.29,0.366666704416275,0.7431446667677674,-0.6691307826237142,1.0,0.0,1.0,1.0,0.0483214408159256,-0.07186029851436615,0.5670731663703918,0.026421094313263893,0.023191893473267555,-0.22515535354614258,0.4598841369152069,-0.17789998650550842,-0.051561497151851654,-0.5816066861152649,0.9493187069892883,-0.4149474501609802,0.30226874351501465,-0.5537704825401306,0.7675729393959045,0.846176028251648,-0.2504766583442688,-0.23338527977466583,-0.614631712436676,-0.07179863005876541,0.7853707671165466,0.9140059947967529,-0.5058788657188416,0.14474458992481232,0.4000000059604645,0.05000000074505806,-0.3100000023841858,0.49000000953674316,-0.20999999344348907,0.0,-0.5380659699440002,-0.07761319726705551,0.37074902653694153,0.6832923889160156,-0.29836222529411316,0.0,3.961702346801758,-0.7435731291770935,-4.0184407234191895,-1.1221330165863037,2.625500440597534,-10.460622787475586,-0.9937326908111572,-2.1601951122283936,0.5805492401123047,1.3029569387435913,2.3325600624084473,-0.30256402492523193,0.005225531756877899,0.00109051913022995,0.39662474393844604,0.010824726894497871,-0.02339586615562439,-0.028019463643431664,139.4900665283203,143.79037475585938,0.5,0.0,0.0,0.2516169250011444,0.0,0.935648500919342,0.7086718082427979,0.0,0.0,0.0,0.0,413.9537353515625,0.0
3.3000000000000003,0.3777778446674347,0.6946580681347259,-0.7193400922896837,1.0,0.0,1.0,1.0,0.050730153918266296,-0.07608500123023987,0.5665305852890015,0.031285498291254044,0.015662305057048798,-0.22718000411987305,0.45137178897857666,-0.16783156991004944,-0.020654745399951935,-0.8292101621627808,0.18071508407592773,-0.10819123685359955,0.3095968961715698,-0.5687264204025269,0.7692262530326843,0.8461617827415466,-0.31494683027267456,-0.1714314967393875,-0.6058308482170105,-0.08659432083368301,0.7736680507659912,0.9166328310966492,-0.5109454393386841,0.12316165864467621,0.4000000059604645,0.05000000074505806,-0.3100000023841858,0.49000000953674316,-0.20999999344348907,0.0,-0.5206374526023865,-0.07412749528884888,0.3630805015563965,0.6588924527168274,-0.2872079610824585,0.0,1.036960244178772,-2.1383187770843506,-2.430067300796509,0.12795409560203552,5.303354263305664,-6.517393589019775,1.6680021286010742,-1.2503888607025146,-1.864225149154663,-0.03887180611491203,-0.08119586110115051,-2.6100406646728516,0.004354458302259445,0.001316167414188385,-0.03956730663776398,0.0013179699890315533,0.11473004519939423,0.014248055405914783,463.1857604980469,286.66015625,0.5,0.0,0.0,0.252586305141449,0.0,0.9407627582550049,0.9768612384796143,0.0,0.0,0.0,0.0,445.3698425292969,0.0
3.31,0.3888889253139496,0.6427874343654499,-0.7660445902308053,1.0,0.0,1.0,1.0,0.052607547491788864,-0.08058935403823853,0.5659096240997314,0.03765858709812164,0.00708814337849617,-0.22533702850341797,0.4559165835380554,-0.1815691739320755,-0.0646270290017128,-0.9122698307037354,0.8102436065673828,0.31151464581489563,0.3718598186969757,-0.584004819393158,0.7002646923065186,0.8368244171142578,-0.25609204173088074,-0.28189119696617126,-0.6088868975639343,-0.10593876987695694,0.7672541737556458,0.9309528470039368,-0.5004760026931763,0.13428150117397308,0.4000000059604645,0.05000000074505806,-0.3100000023841858,0.49000000953674316,-0.20999999344348907,0.0,-0.5032939314842224,-0.07065878808498383,0.3554493188858032,0.6346114873886108,-0.2761080861091614,0.0,6.564654350280762,-1.7301586866378784,-5.7588791847229,-0.2081747204065323,-0.8990612626075745,-1.9977710247039795,-0.812362790107727,-2.1712944507598877,-0.512675404548645,1.7547816038131714,1.4927905797958374,1.0300652980804443,0.0030173733830451965,0.003051668405532837,0.28068116307258606,0.030130725353956223,0.038186877965927124,-0.05297710746526718,252.182861328125,199.6435089111328,0.5,0.0,0.0,0.23688606917858124,0.0,0.932560384273529,0.8235897421836853,0.0,0.0,0.0,0.0,581.59326171875,0.0
3.3200000000000003,0.40000003576278687,0.587785070502928,-0.8090171264527519,1.0,0.0,1.0,1.0,0.05508949235081673,-0.08548299223184586,0.5652987957000732,0.041623104363679886,-0.0022125244140625,-0.2224736213684082,0.4474733769893646,-0.17445805668830872,-0.034290097653865814,-0.8981106281280518,0.15406997501850128,0.25825321674346924,0.3795710504055023,-0.6072068214416504,0.7163029313087463,0.8346307873725891,-0.2681433856487274,-0.22174593806266785,-0.6025410294532776,-0.12724801898002625,0.7515303492546082,0.9453414678573608,-0.49403196573257446,0.08762951195240021,0.4000000059604645,0.05000000074505806,-0.3100000023841858,0.49000000953674316,-0.20999999344348907,0.0,-0.48637279868125916,-0.0672745630145073,0.3480040431022644,0.6109219193458557,-0.26527857780456543,0.0,0.5315417051315308,-2.4191691875457764,0.17769679427146912,0.4852636456489563,0.529792308807373,-0.3835552930831909,0.8922693729400635,-1.9271228313446045,-1.0534420013427734,1.3993380069732666,1.8602393865585327,0.45114171504974365,0.0015972070395946503,0.004775993525981903,0.017153864726424217,0.03041236847639084,-0.06199783459305763,-0.017414119094610214,296.88592529296875,298.87481689453125,0.5,0.0,0.0,0.22216381132602692,0.0,0.9357665181159973,0.8751242756843567,0.0,0.0,0.0,0.0,327.62750244140625,0.0
3.33,0.41111117601394653,0.5299189184020798,-0.848048312255599,1.0,0.0,1.0,1.0,0.05741482228040695,-0.09029613435268402,0.5646684169769287,0.04603486880660057,-0.011573314666748047,-0.2166290283203125,0.44626688957214355,-0.1659923940896988,-0.06830412894487381,-1.0278648138046265,0.5140648484230042,0.7245400547981262,0.4398731589317322,-0.6249733567237854,0.6621506810188293,0.8242216110229492,-0.2472454309463501,-0.26292112469673157,-0.6087162494659424,-0.14697909355163574,0.7437486052513123,0.9691390991210938,-0.47093796730041504,0.1277070790529251,0.4000000059604645,0.05000000074505806,-0.3100000023841858,0.49000000953674316,-0.20999999344348907,0.0,-0.4702035188674927,-0.06404070556163788,0.3408895432949066,0.588284969329834,-0.2549302577972412,0.0,6.6859002113342285,-1.8509619235992432,-4.500636577606201,-1.5725456476211548,-0.7491041421890259,1.3565669059753418,-0.9964271187782288,-2.0919618606567383,-1.6058669090270996,2.6449804306030273,3.549154758453369,-3.2303762435913086,-0.00019765645265579224,0.008065290749073029,0.63409823179245,0.024390501901507378,0.18139836192131042,-0.07439783960580826,61.14543533325195,225.88644409179688,0.5,0.0,0.0,0.1990504413843155,0.0,0.9409347772598267,0.3499669134616852,0.0,0.0,0.0,0.0,491.80072021484375,0.0
3.34,0.4222222566604614,0.46947137173205644,-0.882947694444026,1.0,0.0,1.0,1.0,0.06145619973540306,-0.0952044278383255,0.5644948482513428,0.043613795191049576,-0.019863128662109375,-0.21433067321777344,0.4270113706588745,-0.18093045055866241,0.02976018562912941,-0.7525268793106079,-0.6014123558998108,0.08794837445020676,0.455038845539093,-0.6497632265090942,0.6435957551002502,0.8349562287330627,-0.25213345885276794,-0.24965189397335052,-0.5987899899482727,-0.16650766134262085,0.7224596738815308,0.9936023354530334,-0.45739105343818665,0.051149141043424606,0.4000000059604645,0.05000000074505806,-0.3100000023841858,0.49000000953674316,-0.20999999344348907,0.0,-0.4551008343696594,-0.06102016940712929,0.33424437046051025,0.5671411752700806,-0.24526453018188477,0.0,0.8102748394012451,-2.626915216445923,-1.5805230140686035,1.7176692485809326,-1.112026572227478,3.1098921298980713,1.7432875633239746,-1.9115593433380127,-2.33563494682312,2.36643648147583,1.5454844236373901,-8.79305362701416,0.0013677328824996948,0.011720512062311172,0.013848894275724888,0.03394708409905434,-0.05413559451699257,0.11333782970905304,369.6365966796875,251.88584899902344,0.5,0.0,0.0,0.19642388820648193,0.0,0.9266991019248962,0.9846492409706116,0.0,0.0,0.0,0.0,569.2904052734375,0.0
3.35,0.4333333671092987,0.4067364492025809,-0.9135455439604947,1.0,0.0,1.0,1.0,0.065700963139534,-0.0993943065404892,0.5647361874580383,0.04064474254846573,-0.024533748626708984,-0.21576309204101562,0.4300457537174225,-0.21290074288845062,0.0549585185945034,-0.24853691458702087,-0.1420888453722,-0.26602765917778015,0.4878835380077362,-0.6656527519226074,0.5999207496643066,0.847565233707428,-0.2523820698261261,-0.20514298975467682,-0.5988741517066956,-0.19491802155971527,0.7371098399162292,1.032787561416626,-0.41438400745391846,0.1155787780880928,0.4000000059604645,0.05000000074505806,-0.3100000023841858,0.49000000953674316,-0.20999999344348907,0.0,-0.44135862588882446,-0.05827172473073006,0.32819777727127075,0.5479020476341248,-0.23646950721740723,0.0,3.914865493774414,-0.7538926005363464,-5.03578519821167,0.6248380541801453,2.9787633419036865,8.085084915161133,-0.8725310564041138,-2.956043004989624,2.3521828651428223,4.324697494506836,5.149643898010254,5.345731258392334,0.0036843419075012207,0.017511576414108276,0.11179182678461075,0.23827703297138214,-0.04228954017162323,-0.1635778844356537,297.633056640625,89.89855194091797,0.5,0.0,0.0,0.19729135930538177,0.0,0.904438853263855,0.8680192232131958,0.0,0.0,0.0,0.0,871.7998657226562,0.0
3.36,0.4444445073604584,0.3420197718529573,-0.9396927559908351,1.0,0.0,1.0,0.0,0.06991830468177795,-0.10305988043546677,0.565235435962677,0.03832804039120674,-0.026224136352539062,-0.2225961685180664,0.4375908374786377,-0.2480226755142212,0.07173247635364532,-0.018653608858585358,-0.24058747291564941,-1.0554141998291016,0.5223178267478943,-0.6703366637229919,0.5292368531227112,0.8635192513465881,-0.28684473037719727,-0.1541757434606552,-0.5992385745048523,-0.23098860681056976,0.7662073373794556,1.065276026725769,-0.5362815856933594,-0.005194953177124262,0.4000000059604645,0.05000000074505806,-0.3100000023841858,0.49000000953674316,-0.20999999344348907,0.0,-0.42924439907073975,-0.055848877876996994,0.3228675425052643,0.5309421420097351,-0.2287164032459259,0.0,1.1839524507522583,0.03826455771923065,-6.191056251525879,1.214752197265625,-0.6904029846191406,7.7292633056640625,0.19814753532409668,-4.077793121337891,3.9675991535186768,2.165637731552124,-10.178500175476074,-10.11418628692627,0.007665939629077911,0.02182070165872574,-0.3819429576396942,1.3299975395202637,0.2026827335357666,-0.3482479751110077,418.6324157714844,0.0,0.5,0.0,0.0,0.20023313164710999,0.0,0.8773754239082336,0.10776544362306595,0.0,0.0,0.0,0.0,1548.9365234375,0.0
3.37,0.45555561780929565,0.2756369798177498,-0.9612618037542893,1.0,0.0,1.0,0.0,0.07456821948289871,-0.10551156103610992,0.5661754608154297,0.03583911433815956,-0.022475719451904297,-0.2306356430053711,0.45564591884613037,-0.24839311838150024,0.11171544343233109,0.6534133553504944,-0.1102885901927948,-0.5499433279037476,0.49904170632362366,-0.6607609987258911,0.5101406574249268,0.8658707737922668,-0.25843700766563416,-0.10211032629013062,-0.5957961082458496,-0.24515868723392487,0.7970551252365112,1.056750774383545,-0.5534138083457947,-0.10886301100254059,0.4000000059604645,0.05000000074505806,-0.3100000023841858,0.49000000953674316,-0.20999999344348907,0.0,-0.41899392008781433,-0.05379878729581833,0.31835731863975525,0.516591489315033,-0.2221561074256897,0.0,2.590426445007324,1.414099931716919,-6.960485458374023,1.4620170593261719,-7.6921868324279785,10.552864074707031,0.03065657615661621,-0.41785091161727905,3.4020917415618896,-1.5267263650894165,-0.9487478137016296,-9.99977970123291,0.011230383068323135,0.02026372402906418,-0.07868901640176773,1.2561101913452148,0.24883757531642914,-0.7942360043525696,384.59136962890625,0.0,0.5,0.0,0.0,0.21664546430110931,0.0,0.8804405927658081,0.5461425185203552,0.0,0.0,0.0,0.0,963.0623779296875,0.0
3.38,0.46666669845581055,0.20791149544540807,-0.9781476422614606,1.0,0.0,1.0,0.0,0.07936593890190125,-0.10714282840490341,0.5672599077224731,0.03430679067969322,-0.014268875122070312,-0.23578405380249023,0.4736023247241974,-0.2856111228466034,0.12894706428050995,0.9350684881210327,-0.05505581945180893,-0.3681921362876892,0.5033869743347168,-0.6564475297927856,0.4929989278316498,0.8847616314888,-0.24913571774959564,-0.02098097652196884,-0.5993207097053528,-0.238997220993042,0.8119311332702637,1.0338088274002075,-0.5600992441177368,-0.21730931103229523,0.4000000059604645,0.05000000074505806,-0.3100000023841858,0.49000000953674316,-0.20999999344348907,0.0,-0.410806804895401,-0.052161358296871185,0.31475499272346497,0.5051295161247253,-0.21691633760929108,0.0,3.4934566020965576,-0.04050680249929428,-3.64400315284729,2.79408860206604,0.8572771549224854,9.668917655944824,-0.7904835343360901,0.9433386921882629,0.5474299192428589,-2.32786226272583,-0.6398350596427917,-10.058966636657715,0.016035716980695724,0.01654030755162239,0.16187931597232819,1.2301313877105713,-0.09124080091714859,-0.30245283246040344,415.6492004394531,0.0,0.5,0.0,0.0,0.23926107585430145,0.0,0.8482829332351685,0.7625167369842529,0.0,0.0,0.0,0.0,952.4005126953125,0.0
3.39,0.4777778387069702,0.13917272185631818,-0.9902681220210533,1.0,0.0,1.0,0.0,0.08422576636075974,-0.10827095061540604,0.5685480833053589,0.03392418473958969,-0.0026273727416992188,-0.23900365829467773,0.49533435702323914,-0.313546746969223,0.14754615724086761,1.2950220108032227,0.034568022936582565,-0.18457713723182678,0.48540571331977844,-0.6475233435630798,0.49174293875694275,0.8932119011878967,-0.18781962990760803,-0.02123449742794037,-0.5957174897193909,-0.23103298246860504,0.848114550113678,1.004948377609253,-0.5089070200920105,-0.07016274333000183,0.4000000059604645,0.05000000074505806,-0.3100000023841858,0.49000000953674316,-0.20999999344348907,0.0,-0.4048422574996948,-0.05096845328807831,0.3121306002140045,0.4967791736125946,-0.21309903264045715,0.0,0.11781394481658936,1.3173550367355347,-2.7319674491882324,0.8035051226615906,6.808786869049072,-1.3804553747177124,0.9902657270431519,0.6907714605331421,4.221206188201904,-2.927046298980713,4.9369707107543945,10.329466819763184,0.021160703152418137,0.012400910258293152,0.11668088287115097,0.9663881063461304,0.12069623172283173,-0.3198748528957367,298.4420166015625,0.0,0.5,0.0,0.0,0.2541658580303192,0.0,0.8214644193649292,0.9341320991516113,0.0,0.0,0.0,0.0,752.5548095703125,0.0
3.4,0.4888889491558075,0.0697560959983196,-0.9975640766743122,1.0,1.0,0.0,1.0,0.08861922472715378,-0.11053366959095001,0.5693750977516174,0.03552278131246567,0.005202170927077532,-0.23773908615112305,0.5349807739257812,-0.3093463182449341,0.08674009144306183,0.40916529297828674,0.2561364769935608,0.28203076124191284,0.5364859700202942,-0.6621023416519165,0.4619697332382202,0.8944840431213379,-0.05931491032242775,-0.22300614416599274,-0.5864770412445068,-0.22331778705120087,0.8514227271080017,0.9943656921386719,-0.4887501299381256,-0.09098123759031296,0.4000000059604645,0.05000000074505806,-0.3100000023841858,0.49000000953674316,-0.20999999344348907,0.0,-0.4000000059604645,-0.05000000074505806,0.3100000023841858,0.49000000953674316,-0.20999999344348907,0.0,7.021429061889648,-3.0147600173950195,-0.91245436668396,-0.14663705229759216,10.139437675476074,-10.77683162689209,0.9354888796806335,0.7471015453338623,-0.9727269411087036,-0.5123248100280762,-0.9954532384872437,-0.6089926362037659,0.02433890849351883,0.010871656239032745,1.491186499595642,-0.0006254977779462934,0.031766120344400406,-0.006389360409229994,0.0,337.6770935058594,0.5,0.0,0.0,0.24537287652492523,0.0,0.8237916827201843,0.8529258370399475,0.0,0.0,0.0,0.0,1663.2442626953125,0.0
3.41,0.5000000596046448,-3.7450702837747515e-07,-0.9999999999999298,1.0,1.0,0.0,1.0,0.0920465737581253,-0.11477232724428177,0.5698727369308472,0.04028579220175743,0.0049814158119261265,-0.23267745971679688,0.5642790794372559,-0.3238772749900818,0.05393422767519951,-0.38174518942832947,0.6078168749809265,0.6435239315032959,0.6199355721473694,-0.6865354776382446,0.43236011266708374,0.8845891952514648,-0.04574236646294594,-0.4192418158054352,-0.5759345889091492,-0.22910840809345245,0.8660516142845154,0.9888604879379272,-0.4317702651023865,0.058678243309259415,0.4000000059604645,0.05000000074505806,-0.3100000023841858,0.49000000953674316,-0.20999999344348907,0.0,-0.4000000059604645,-0.05000000074505806,0.3100000023841858,0.49000000953674316,-0.20999999344348907,0.0,8.06266975402832,-2.56312894821167,-1.1610136032104492,-1.5706112384796143,-0.24474288523197174,-10.699357032775879,0.9926192164421082,-0.872551679611206,0.9447506666183472,-0.19850794970989227,0.8324989676475525,10.251265525817871,0.023833133280277252,0.010891690850257874,1.5607645511627197,0.05997942015528679,-0.17862901091575623,-0.3036075532436371,0.0,291.316162109375,0.5,0.0,0.0,0.22366075217723846,0.0,0.8040799498558044,0.4368147552013397,0.0,0.0,0.0,0.0,1552.2515869140625,0.0
3.42,0.5111111998558044,-0.06975702998518378,-0.9975640113635045,1.0,1.0,0.0,1.0,0.09521740674972534,-0.12044276297092438,0.5701930522918701,0.04536345601081848,-0.0007452964782714844,-0.2240457534790039,0.5626413822174072,-0.3172532916069031,0.04192483797669411,-0.7658067941665649,0.4086390435695648,0.963590681552887,0.6997038125991821,-0.7145284414291382,0.43718424439430237,0.8574884533882141,-0.014821510761976242,-0.41554686427116394,-0.5630937218666077,-0.23740988969802856,0.8649837970733643,0.9867430925369263,-0.43370985984802246,0.13967245817184448,0.4000000059604645,0.05000000074505806,-0.3100000023841858,0.49000000953674316,-0.20999999344348907,0.0,-0.4000000059604645,-0.05000000074505806,0.3100000023841858,0.49000000953674316,-0.20999999344348907,0.0,8.028751373291016,-3.1952579021453857,1.8031136989593506,-3.3893513679504395,2.5377843379974365,-0.11191070824861526,1.6264512538909912,-1.0368484258651733,-0.9671770334243774,-0.300733357667923,0.22866877913475037,2.7860565185546875,0.01970236748456955,0.011906459927558899,1.9191763401031494,0.025851242244243622,0.06917282193899155,-0.23208215832710266,0.0,294.51202392578125,0.5,0.0,0.0,0.20377284288406372,0.0,0.811275839805603,0.15613815188407898,0.0,0.0,0.0,0.0,491.1324157714844,0.0
3.43,0.5222222805023193,-0.1391734635810221,-0.9902680177784505,0.0,1.0,1.0,1.0,0.0982498899102211,-0.1264440268278122,0.5703359842300415,0.050834644585847855,-0.008687973022460938,-0.2147231101989746,0.5631461143493652,-0.2933221459388733,0.02993433177471161,-0.8992900252342224,0.5686007142066956,0.941920816898346,0.7841850519180298,-0.750939667224884,0.4780823886394501,0.8247937560081482,-0.03923556208610535,-0.48624926805496216,-0.5612521767616272,-0.24644383788108826,0.8497211337089539,0.9919934868812561,-0.44853708148002625,0.2128465473651886,0.36520659923553467,0.04304132238030434,-0.29469090700149536,0.4412892460823059,-0.18773221969604492,0.0,-0.4000000059604645,-0.05000000074505806,0.3100000023841858,0.49000000953674316,-0.20999999344348907,0.0,8.044095039367676,-3.735569477081299,5.418963432312012,-3.116682767868042,-6.245841979980469,-5.117046356201172,-0.16019068658351898,-0.946244478225708,-1.5259243249893188,0.6997696757316589,-1.1534192562103271,8.593477249145508,0.014756083488464355,0.013799212872982025,2.352423906326294,0.07268758863210678,0.17953170835971832,-0.17764702439308167,85.947265625,331.99676513671875,0.5,0.0,0.0,0.18071411550045013,0.0,0.8352279663085938,0.1695801317691803,0.0,0.0,0.0,0.0,860.6737670898438,0.0
3.44,0.5333333611488342,-0.2079118617685598,-0.9781475643970758,0.0,1.0,1.0,1.0,0.10163000226020813,-0.1327163279056549,0.5705026984214783,0.05489319562911987,-0.018267154693603516,-0.20475101470947266,0.5532286167144775,-0.2752636969089508,0.04218904674053192,-1.0286171436309814,0.2183552384376526,0.93010413646698,0.8541305065155029,-0.7852096557617188,0.5338991284370422,0.7997304201126099,-0.11578276008367538,-0.3435729146003723,-0.5612484812736511,-0.25398868322372437,0.826384961605072,0.9980541467666626,-0.4547055959701538,0.27088141441345215,0.3480220139026642,0.03960439935326576,-0.287129670381546,0.4172308146953583,-0.1767340749502182,0.0,-0.4000000059604645,-0.05000000074505806,0.3100000023841858,0.49000000953674316,-0.20999999344348907,0.0,4.6855998039245605,-1.9501080513000488,1.1589380502700806,-1.1853007078170776,-0.41644853353500366,12.542491912841797,-0.1306820958852768,-0.23272965848445892,-2.9964683055877686,0.4788680672645569,2.090423107147217,2.074746608734131,0.01106070727109909,0.016057372093200684,0.4648761451244354,0.054693594574928284,-0.34114018082618713,-0.33847203850746155,234.24850463867188,365.9405212402344,0.5,0.0,0.0,0.15924857556819916,0.0,0.8545272946357727,0.1772511899471283,0.0,0.0,0.0,0.0,556.7457275390625,0.0
3.45,0.5444445013999939,-0.2756376998162753,-0.9612615972980473,0.0,1.0,1.0,1.0,0.10600216686725616,-0.13922013342380524,0.570612907409668,0.05470924824476242,-0.02795886993408203,-0.19887161254882812,0.5493453741073608,-0.31481796503067017,0.026938535273075104,-0.9546182751655579,-0.3681664764881134,0.13552293181419373,0.8579056262969971,-0.7980126142501831,0.5595049858093262,0.7962321639060974,-0.1422508955001831,-0.13939747214317322,-0.5614860653877258,-0.2597493529319763,0.8125203847885132,1.011472463607788,-0.4227253198623657,0.2745876908302307,0.3310905694961548,0.03621811419725418,-0.2796798348426819,0.3935267925262451,-0.16589795053005219,0.0,-0.4000000059604645,-0.05000000074505806,0.3100000023841858,0.49000000953674316,-0.20999999344348907,0.0,8.048480033874512,-1.4386141300201416,-7.084535598754883,-0.9764595031738281,3.8035430908203125,11.780231475830078,0.3301346004009247,-0.6023921370506287,-1.0643559694290161,1.5426535606384277,2.903623104095459,1.168992519378662,0.009024787694215775,0.01957828551530838,0.12023007124662399,0.1483124941587448,-0.48674821853637695,-0.8003239035606384,359.9685363769531,269.8033752441406,0.5,0.0,0.0,0.1478295475244522,0.0,0.8162042498588562,0.963933527469635,0.0,0.0,0.0,0.0,1524.843505859375,0.0
3.46,0.5555556416511536,-0.3420206516566609,-0.9396924357684023,0.0,1.0,1.0,0.0,0.11144518852233887,-0.14544792473316193,0.5705711841583252,0.05015378072857857,-0.033861637115478516,-0.20354080200195312,0.5480179190635681,-0.3843744397163391,0.006643247790634632,-0.31886959075927734,-0.5540100932121277,-0.9406304359436035,0.8858437538146973,-0.8104775547981262,0.5164732933044434,0.7834737300872803,-0.09141027927398682,-0.05903422459959984,-0.5604460835456848,-0.2777305841445923,0.833548367023468,1.0419896841049194,-0.5235366225242615,0.1784101128578186,0.314494788646698,0.03289895877242088,-0.27237769961357117,0.3702927231788635,-0.15527665615081787,0.0,-0.4000000059604645,-0.05000000074505806,0.3100000023841858,0.49000000953674316,-0.20999999344348907,0.0,5.300280570983887,-2.030724287033081,-7.1625213623046875,-0.21100293099880219,2.058000087738037,4.211297988891602,0.26960623264312744,-2.53202748298645,3.932582139968872,3.320842742919922,-10.018007278442383,-8.457687377929688,0.009109407663345337,0.024726316332817078,-0.013392255641520023,0.9422377347946167,0.005402789451181889,-1.2658125162124634,447.3666076660156,0.0,0.5,0.0,0.0,0.15000739693641663,0.0,0.740744948387146,0.1704060584306717,0.0,0.0,0.0,0.0,1072.3551025390625,0.0
3.47,0.5666667222976685,-0.4067369623963569,-0.9135453154718622,0.0,1.0,1.0,0.0,0.11698746681213379,-0.15076962113380432,0.5705008506774902,0.04537542536854744,-0.03442955017089844,-0.21759366989135742,0.547065794467926,-0.4304380416870117,0.014253051951527596,0.27056485414505005,-0.34401923418045044,-1.7714594602584839,0.9196414351463318,-0.8246771693229675,0.4487563371658325,0.7859721779823303,-0.07382776588201523,0.006105581298470497,-0.5603803992271423,-0.30971893668174744,0.8931354284286499,1.06977117061615,-0.6320866942405701,0.04634375870227814,0.29831576347351074,0.029663152992725372,-0.26525893807411194,0.34764206409454346,-0.14492207765579224,0.0,-0.4000000059604645,-0.05000000074505806,0.3100000023841858,0.49000000953674316,-0.20999999344348907,0.0,3.1110241413116455,-0.8234068155288696,-7.967809200286865,0.566912055015564,1.4768797159194946,8.69565200805664,-0.27980005741119385,-3.4876272678375244,7.162848949432373,2.304841995239258,-10.051100730895996,-10.224092483520508,0.011876925826072693,0.028208769857883453,-0.29749250411987305,1.7898330688476562,0.06966624408960342,-1.3243021965026855,425.6302490234375,0.0,0.5,0.0,0.0,0.16073521971702576,0.0,0.6873001456260681,0.0018806508742272854,0.0,0.0,0.0,0.0,1759.932373046875,0.0
3.48,0.5777778625488281,-0.4694720330721589,-0.8829473428031218,0.0,1.0,1.0,0.0,0.12266816198825836,-0.15511631965637207,0.5706627368927002,0.04072143882513046,-0.030214309692382812,-0.23413896560668945,0.5629578232765198,-0.4382494390010834,0.04076743125915527,0.6760595440864563,-0.5361990332603455,-1.7711427211761475,0.9148464202880859,-0.8312554359436035,0.4177393913269043,0.7967938184738159,-0.06951284408569336,0.10883544385433197,-0.5598813891410828,-0.32408270239830017,0.9398348331451416,1.062122106552124,-0.5785571932792664,-0.07810567319393158,0.2826319634914398,0.026526393368840218,-0.25835806131362915,0.3256847560405731,-0.13488444685935974,0.0,-0.4000000059604645,-0.05000000074505806,0.3100000023841858,0.49000000953674316,-0.20999999344348907,0.0,5.366836071014404,-1.2637462615966797,-7.792740345001221,1.8455538749694824,-2.1494619846343994,10.46180534362793,0.3095652461051941,-0.5705877542495728,3.91847825050354,-1.3535321950912476,6.261842727661133,-10.161311149597168,0.01566924899816513,0.026165582239627838,0.14299798011779785,1.3919565677642822,-0.008219622075557709,-1.0270947217941284,432.5086669921875,0.0,0.5,0.0,0.0,0.18217122554779053,0.0,0.6756685972213745,0.0018848767504096031,0.0,0.0,0.0,0.0,1243.37841796875,0.0
3.49,0.588888943195343,-0.5299195536020376,-0.8480479153386424,0.0,1.0,1.0,0.0,0.12900377810001373,-0.1591230034828186,0.5710253119468689,0.0348777174949646,-0.02262735366821289,-0.24907970428466797,0.5913389325141907,-0.4675849378108978,0.07620410621166229,0.9491615891456604,-0.6152061223983765,-1.4658334255218506,0.9149277806282043,-0.8436974287033081,0.4044255018234253,0.8216416239738464,-0.08883077651262283,0.2435629665851593,-0.557357907295227,-0.32067301869392395,0.9628963470458984,1.042417049407959,-0.547900915145874,-0.08508947491645813,0.26752007007598877,0.023504016920924187,-0.25170883536338806,0.3045281171798706,-0.12521284818649292,0.0,-0.4000000059604645,-0.05000000074505806,0.3100000023841858,0.49000000953674316,-0.20999999344348907,0.0,7.859419822692871,-1.0658031702041626,-9.301663398742676,1.8017866611480713,-0.22616201639175415,10.067541122436523,0.39164334535598755,0.6343387365341187,1.1189889907836914,-1.7680350542068481,1.5476917028427124,-0.03964700922369957,0.020603347569704056,0.02251564711332321,0.37398454546928406,1.0821212530136108,-0.11101483553647995,-0.26298314332962036,561.6582641601562,0.0,0.5,0.0,0.0,0.21882960200309753,0.0,0.6351100206375122,0.013604765757918358,0.0,0.0,0.0,0.0,1228.3226318359375,0.0
3.5,0.6000000238418579,-0.5877853734854867,-0.8090169063230552,0.0,1.0,1.0,0.0,0.13564130663871765,-0.16343402862548828,0.5712355375289917,0.02849409356713295,-0.014743804931640625,-0.2582244873046875,0.6021429300308228,-0.46181556582450867,0.017483815550804138,0.8109220266342163,-0.7469780445098877,-0.7921802997589111,0.883456826210022,-0.8504540920257568,0.4229435622692108,0.8245535492897034,0.028935810551047325,0.3470899760723114,-0.5473676323890686,-0.3098360598087311,0.9589654803276062,1.0199480056762695,-0.5892768502235413,-0.09002847224473953,0.25305360555648804,0.02061072364449501,-0.24534359574317932,0.2842750549316406,-0.11595430970191956,0.0,-0.4000000059604645,-0.05000000074505806,0.3100000023841858,0.49000000953674316,-0.20999999344348907,0.0,2.103071451187134,-0.525243878364563,-3.3262767791748047,-0.4051206409931183,10.14657211303711,9.60433292388916,1.5263700485229492,1.2853139638900757,-0.9936831593513489,-2.3644235134124756,-4.323675155639648,-1.1408817768096924,0.02449924498796463,0.018210791051387787,0.774057149887085,0.8929768800735474,0.1110246479511261,0.04197442904114723,19.09560775756836,0.0,0.5,0.0,0.0,0.26492172479629517,0.0,0.6392794251441956,0.2850475311279297,0.0,0.0,0.0,0.0,435.546142578125,0.0
3.5100000000000002,0.6111111640930176,-0.642787864698973,-0.7660442291380668,0.0,1.0,0.0,0.0,0.1428641676902771,-0.1682526022195816,0.5708166360855103,0.020908039063215256,-0.007583141326904297,-0.2671928405761719,0.6530745625495911,-0.4685799181461334,-0.06017335131764412,0.7054093480110168,-0.7043401598930359,-0.8008567690849304,0.966666579246521,-0.8680660128593445,0.36055052280426025,0.8106462359428406,0.15045495331287384,0.14955253899097443,-0.5256081819534302,-0.3024269938468933,0.9719961881637573,0.9914616346359253,-0.46340814232826233,0.011048378422856331,0.23930302262306213,0.01786060258746147,-0.23929333686828613,0.26502424478530884,-0.10715392976999283,0.0,-0.4000000059604645,-0.05000000074505806,0.3100000023841858,0.49000000953674316,-0.20999999344348907,0.0,8.046754837036133,-2.090695381164551,-2.299346923828125,-1.6704894304275513,10.181299209594727,-10.801932334899902,2.2480363845825195,0.6073135137557983,1.8950737714767456,-2.4613637924194336,10.196897506713867,9.186149597167969,0.026448436081409454,0.012907750904560089,2.159804105758667,0.7345876097679138,-0.16854332387447357,-0.3512943387031555,0.0,0.0,0.5,0.0,0.0,0.3232177495956421,0.0,0.6150830984115601,0.2772756516933441,0.0,0.0,0.0,0.0,2061.652587890625,0.0
3.52,0.6222223043441772,-0.6946587416292223,-0.7193394419035465,0.0,1.0,0.0,1.0,0.15099722146987915,-0.1743834763765335,0.569552481174469,0.010232384316623211,-0.0039043426513671875,-0.272951602935791,0.7003592252731323,-0.4682214856147766,-0.12909932434558868,0.09141692519187927,-1.3865034580230713,-0.4565523564815521,1.042899250984192,-0.8967738747596741,0.35922950506210327,0.7864384055137634,0.1959260106086731,-0.05375465378165245,-0.4996926784515381,-0.30071553587913513,0.9782910943031311,0.9904285073280334,-0.4031631648540497,0.1493344008922577,0.2263353168964386,0.015267062932252884,-0.23358753323554993,0.24686944484710693,-0.09885459393262863,0.0,-0.4000000059604645,-0.05000000074505806,0.3100000023841858,0.49000000953674316,-0.20999999344348907,0.0,6.737199783325195,-2.556412696838379,0.3067164421081543,-2.315629482269287,2.2582621574401855,-10.778428077697754,2.3910624980926514,-0.06747008115053177,-0.7868092060089111,1.5800421237945557,-0.7070422768592834,12.196922302246094,0.025283925235271454,0.011112939566373825,2.700333595275879,0.2670784592628479,-0.3194505572319031,-0.2990554869174957,0.0,361.6535949707031,0.5,0.0,0.0,0.4045286774635315,0.0,0.5952639579772949,0.6590999364852905,0.0,0.0,0.0,0.0,1452.1224365234375,0.0
3.5300000000000002,0.6333334445953369,-0.743145293252894,-0.669130086841169,0.0,1.0,0.0,1.0,0.16093666851520538,-0.18246036767959595,0.5682810544967651,-0.007725238800048828,-0.006221771240234375,-0.2756786346435547,0.7192190885543823,-0.4311545789241791,-0.12346672266721725,-0.4386035203933716,-2.058192253112793,-0.12072396278381348,1.1198099851608276,-0.9311662912368774,0.3791886866092682,0.7569850087165833,0.17066574096679688,-0.18648658692836761,-0.46696844696998596,-0.3004133105278015,0.9489738345146179,1.011087417602539,-0.4517236053943634,0.22953492403030396,0.21421365439891815,0.012842729687690735,-0.22825400531291962,0.2298991084098816,-0.09109672904014587,0.0,-0.4000000059604645,-0.05000000074505806,0.3100000023841858,0.49000000953674316,-0.20999999344348907,0.0,8.020623207092285,-4.148586273193359,4.671464920043945,-3.632581949234009,-3.5519092082977295,-10.234272003173828,4.100620746612549,0.06727331876754761,-3.6129496097564697,1.479123830795288,-3.3501503467559814,7.123102188110352,0.022287696599960327,0.013006456196308136,3.586427688598633,0.07763554155826569,-0.1403011679649353,-0.17785196006298065,0.0,372.4387512207031,0.5,0.0,0.0,0.41212889552116394,0.0,0.6263145804405212,0.9712721705436707,0.0,0.0,0.0,0.0,1257.5560302734375,0.0
3.54,0.6444445252418518,-0.7880110661564543,-0.6156610752800346,0.0,1.0,0.0,1.0,0.17147211730480194,-0.19119791686534882,0.5672795176506042,-0.028327465057373047,-0.011820316314697266,-0.27341175079345703,0.7151946425437927,-0.39402979612350464,-0.12483026087284088,-0.633388102054596,-2.079270601272583,0.49972885847091675,1.1995046138763428,-0.9692913889884949,0.4488961100578308,0.7195287346839905,0.08784037828445435,-0.31235426664352417,-0.431491494178772,-0.3002212643623352,0.9039045572280884,1.029259204864502,-0.47245097160339355,0.2706384062767029,0.20299725234508514,0.010599449276924133,-0.22331878542900085,0.21419614553451538,-0.08391822874546051,0.0,-0.4000000059604645,-0.05000000074505806,0.3100000023841858,0.49000000953674316,-0.20999999344348907,0.0,8.002595901489258,-3.3299400806427,8.31870174407959,-4.001139163970947,-7.826501369476318,-10.176243782043457,3.3535895347595215,-0.07754887640476227,-4.905158996582031,1.8473182916641235,-0.4717944264411926,3.0921294689178467,0.01912109926342964,0.015462502837181091,4.084129333496094,0.1723758727312088,-0.03619532659649849,-0.19000180065631866,0.0,408.1871337890625,0.5,0.0,0.0,0.27213385701179504,0.0,0.6682209372520447,0.606859564781189,0.0,0.0,0.0,0.0,803.8457641601562,0.0
3.5500000000000003,0.6555556058883667,-0.829037749399968,-0.5591926412872722,0.0,1.0,1.0,1.0,0.18151803314685822,-0.19977113604545593,0.5664627552032471,-0.04718828201293945,-0.01887035369873047,-0.2663297653198242,0.7010459899902344,-0.37195101380348206,-0.13274474442005157,-0.725691020488739,-1.8456835746765137,0.7236602306365967,1.2339352369308472,-0.9892412424087524,0.5398231148719788,0.6960338950157166,0.014533735811710358,-0.1627732813358307,-0.41569098830223083,-0.3007761538028717,0.8548070788383484,1.0538499355316162,-0.45888766646385193,0.30141887068748474,0.1927405446767807,0.008548106998205185,-0.21880584955215454,0.19983676075935364,-0.07735393941402435,0.0,-0.4000000059604645,-0.05000000074505806,0.3100000023841858,0.49000000953674316,-0.20999999344348907,0.0,-0.47704625129699707,-0.8886016607284546,4.153271675109863,-0.9924095273017883,-2.5636134147644043,13.3788480758667,-0.12761901319026947,0.35835564136505127,-4.671624660491943,2.816056966781616,1.266857624053955,4.721052169799805,0.01723100244998932,0.01917162537574768,1.6741855144500732,0.7012593746185303,-0.7847470045089722,-0.596037745475769,208.34689331054688,513.5062866210938,0.5,0.0,0.0,0.18197627365589142,0.0,0.6993988752365112,0.3508599102497101,0.0,0.0,0.0,0.0,643.2089233398438,0.0
3.56,0.6666667461395264,-0.8660256534556828,-0.49999956755647035,0.0,1.0,1.0,1.0,0.19032298028469086,-0.2085442990064621,0.5652363300323486,-0.06191301345825195,-0.02792215347290039,-0.25846433639526367,0.6724917888641357,-0.4115216135978699,-0.23594573140144348,-0.932319700717926,-1.2922049760818481,0.6939399242401123,1.1837056875228882,-0.990481436252594,0.5911494493484497,0.6979612112045288,-0.028207359835505486,0.04686499387025833,-0.42457687854766846,-0.30446597933769226,0.8351818919181824,1.0726330280303955,-0.4053628742694855,0.23716853559017181,0.18349358439445496,0.006698716431856155,-0.2147371768951416,0.18689101934432983,-0.07143588364124298,0.0,-0.4000000059604645,-0.05000000074505806,0.3100000023841858,0.49000000953674316,-0.20999999344348907,0.0,-6.971102237701416,-0.31684499979019165,5.304689407348633,-0.6092367172241211,4.934516906738281,11.139544486999512,-1.152918815612793,-0.5946667194366455,-1.554533839225769,2.093562126159668,4.747811317443848,-5.879506587982178,0.014650847762823105,0.021510906517505646,0.7284178733825684,1.2084307670593262,-0.8072682023048401,-1.3665986061096191,379.614013671875,177.30824279785156,0.5,0.0,0.0,0.1293562650680542,0.0,0.6715230941772461,0.38170573115348816,0.0,0.0,0.0,0.0,882.2555541992188,0.0
3.5700000000000003,0.6777778267860413,-0.8987941812858752,-0.43837087002520264,0.0,1.0,1.0,0.0,0.19777104258537292,-0.21734654903411865,0.5636763572692871,-0.07192516326904297,-0.0355372428894043,-0.2524991035461426,0.664598822593689,-0.5181931853294373,-0.24301642179489136,-0.5573602914810181,-0.9041216969490051,0.3321036696434021,1.1228071451187134,-0.9873411059379578,0.6222862005233765,0.6702003479003906,0.04686816409230232,0.20526129007339478,-0.42976686358451843,-0.3173436224460602,0.8448261022567749,1.0891779661178589,-0.5242739319801331,0.0995224267244339,0.1753014773130417,0.0050602927803993225,-0.21113264560699463,0.1754220724105835,-0.06619293987751007,0.0,-0.4000000059604645,-0.05000000074505806,0.3100000023841858,0.49000000953674316,-0.20999999344348907,0.0,-6.5268378257751465,-0.7518187165260315,4.160693645477295,-2.5841119289398193,9.43264389038086,10.347746849060059,-0.1875484436750412,-1.7982289791107178,2.5654170513153076,1.1724933385849,-10.1385498046875,-10.2698392868042,0.013265222311019897,0.023103848099708557,0.3180672824382782,1.8973935842514038,0.0572737455368042,-1.628866195678711,608.386962890625,0.0,0.5,0.0,0.0,0.10117736458778381,0.0,0.5536437034606934,0.802048921585083,0.0,0.0,0.0,0.0,2203.99755859375,0.0
3.58,0.6888889670372009,-0.927184038506127,-0.37460613814974886,0.0,1.0,1.0,0.0,0.20556604862213135,-0.225545272231102,0.5622888207435608,-0.08254766464233398,-0.03711414337158203,-0.25272607803344727,0.6741722822189331,-0.5779420137405396,-0.23175139725208282,0.08723636716604233,-1.1059716939926147,-0.2148173451423645,1.0925666093826294,-1.0081361532211304,0.6293383240699768,0.6615556478500366,0.07745829224586487,0.24584661424160004,-0.4230586886405945,-0.33341899514198303,0.8869404792785645,1.0909812450408936,-0.6252513527870178,-0.026055116206407547,0.16820396482944489,0.003640793263912201,-0.2080097496509552,0.16548556089401245,-0.06165052950382233,0.0,-0.4000000059604645,-0.05000000074505806,0.3100000023841858,0.49000000953674316,-0.20999999344348907,0.0,-2.2389466762542725,-2.616478681564331,0.32454368472099304,-0.032585177570581436,1.809068202972412,3.591783046722412,0.9849544763565063,-1.59807550907135,5.30449104309082,-0.17955999076366425,-10.005169868469238,-10.184200286865234,0.014755085110664368,0.02209807187318802,0.07905612140893936,2.3652241230010986,0.0021310599986463785,-1.7733230590820312,443.00970458984375,0.0,0.5,0.0,0.0,0.08251027762889862,0.0,0.4825330376625061,0.9118379354476929,0.0,0.0,0.0,0.0,589.4094848632812,0.0
3.59,0.7000001072883606,-0.9510567246072028,-0.3090163532556479,0.0,1.0,1.0,0.0,0.21297773718833923,-0.23304559290409088,0.5607646703720093,-0.09115219116210938,-0.035504817962646484,-0.25106143951416016,0.6583778858184814,-0.5840080380439758,-0.2662906050682068,0.3054748773574829,-0.711096465587616,0.3102858066558838,1.0363733768463135,-1.0237160921096802,0.6406537890434265,0.6744909882545471,0.03881207853555679,0.19126634299755096,-0.41917136311531067,-0.338579922914505,0.9298717975616455,1.066428542137146,-0.5629575252532959,-0.14018787443637848,0.1622358113527298,0.0024471618235111237,-0.20538374781608582,0.1571301519870758,-0.05783091485500336,0.0,-0.4000000059604645,-0.05000000074505806,0.3100000023841858,0.49000000953674316,-0.20999999344348907,0.0,-5.795036792755127,-0.867890477180481,1.0965030193328857,1.2532302141189575,-2.4090874195098877,-3.3304011821746826,-0.15043140947818756,0.07269762456417084,4.0343804359436035,-2.8406002521514893,7.007567882537842,-10.083476066589355,0.01685604453086853,0.016998648643493652,0.17888633906841278,2.35571551322937,-0.18755275011062622,-1.7390128374099731,181.9076385498047,0.0,0.5,0.0,0.0,0.07158976048231125,0.0,0.4808029532432556,0.8248493075370789,0.0,0.0,0.0,0.0,207.08790588378906,0.0
3.6,0.7111111879348755,-0.970295843051086,-0.24192142723988422,0.0,1.0,1.0,1.0,0.21900516748428345,-0.2398855984210968,0.5587100982666016,-0.09343433380126953,-0.0322723388671875,-0.24852275848388672,0.6762235164642334,-0.6028580069541931,-0.30586689710617065,0.31422731280326843,0.14632576704025269,0.2679591476917267,1.0149270296096802,-1.0290112495422363,0.6364637613296509,0.6733888387680054,0.013344206847250462,0.09500636160373688,-0.43857091665267944,-0.33788806200027466,0.9632771015167236,1.048842430114746,-0.590574324131012,-0.08616892248392105,0.15742604434490204,0.0014852061867713928,-0.20326745510101318,0.150396466255188,-0.054752662777900696,0.0,-0.4000000059604645,-0.05000000074505806,0.3100000023841858,0.49000000953674316,-0.20999999344348907,0.0,-1.6140682697296143,-0.22753815352916718,0.23292219638824463,-1.2501490116119385,4.9325270652771,-1.5040528774261475,-2.791916608810425,-0.14822351932525635,1.719070315361023,-0.6433130502700806,2.7078747749328613,6.678618431091309,0.01754780113697052,0.012567620724439621,0.17107336223125458,1.6474055051803589,0.007774669677019119,-0.8515704274177551,367.99346923828125,97.16435241699219,0.5,0.0,0.0,0.07032789289951324,0.0,0.4543056786060333,0.8662306070327759,0.0,0.0,0.0,0.0,289.9109802246094,0.0
3.61,0.7222222685813904,-0.9848078035929707,-0.17364789080892623,0.0,1.0,1.0,1.0,0.2241755872964859,-0.24657903611660004,0.5564267635345459,-0.09124612808227539,-0.029250144958496094,-0.24580621719360352,0.7090194225311279,-0.5957062244415283,-0.30510932207107544,0.30936625599861145,0.3176538944244385,0.31138965487480164,1.0087236166000366,-1.0380024909973145,0.6288971900939941,0.6692827939987183,0.016080038622021675,0.005409902427345514,-0.46634146571159363,-0.33225345611572266,0.960618793964386,1.041757583618164,-0.5646642446517944,0.01834307424724102,0.15379804372787476,0.000759609043598175,-0.20167113840579987,0.14531725645065308,-0.052430734038352966,0.0,-0.4000000059604645,-0.05000000074505806,0.3100000023841858,0.49000000953674316,-0.20999999344348907,0.0,-0.14193177223205566,-1.2838771343231201,-0.3252921998500824,-0.17186962068080902,0.044375140219926834,-8.779844284057617,-2.686526298522949,0.8871545791625977,-1.496040940284729,-0.6494530439376831,1.7507789134979248,8.018555641174316,0.01825162023305893,0.008925553411245346,-0.09340264648199081,0.9015922546386719,-0.03274768590927124,-0.3635287284851074,200.13478088378906,141.8614501953125,0.5,0.0,0.0,0.0747678279876709,0.0,0.4506293833255768,0.8237179517745972,0.0,0.0,0.0,0.0,247.48056030273438,0.0
3.62,0.73333340883255,-0.9945219449539106,-0.10452799149075155,0.0,1.0,1.0,0.0,0.2293826937675476,-0.25262585282325745,0.5542409420013428,-0.08833074569702148,-0.022971153259277344,-0.24474096298217773,0.6983497142791748,-0.6364719271659851,-0.28993523120880127,0.8169481754302979,0.2863917052745819,0.046051524579524994,1.0478934049606323,-1.038175344467163,0.5930448770523071,0.6509664058685303,0.04856547340750694,0.10851737856864929,-0.48461616039276123,-0.32279443740844727,0.9602410197257996,1.0212956666946411,-0.4611811935901642,0.1246601864695549,0.15136951208114624,0.00027390196919441223,-0.20060259103775024,0.14191731810569763,-0.05087648332118988,0.0,-0.4000000059604645,-0.05000000074505806,0.3100000023841858,0.49000000953674316,-0.20999999344348907,0.0,3.443300485610962,0.5066859722137451,-4.306334018707275,-2.3739020824432373,5.83174991607666,3.5705881118774414,-1.246766209602356,0.7339539527893066,0.6105347871780396,-2.208235502243042,9.999649047851562,10.0451021194458,0.01785428822040558,0.003161810338497162,0.129357248544693,1.0252418518066406,0.040881168097257614,-0.26540547609329224,456.01153564453125,0.0,0.5,0.0,0.0,0.08217572420835495,0.0,0.41111668944358826,0.9957674741744995,0.0,0.0,0.0,0.0,416.4207458496094,0.0
3.63,0.7444445490837097,-0.9993908499641785,-0.03489883963511143,0.0,1.0,1.0,1.0,0.2341170459985733,-0.25879722833633423,0.55170738697052,-0.08369731903076172,-0.01690673828125,-0.24224185943603516,0.7109373211860657,-0.6405906081199646,-0.28417766094207764,0.49099427461624146,0.49306419491767883,0.31052151322364807,1.0361151695251465,-1.0350440740585327,0.5934987664222717,0.6423222422599792,0.07326418906450272,0.14687037467956543,-0.4961780905723572,-0.32362839579582214,0.9545636177062988,1.0255712270736694,-0.4675973057746887,0.1294279843568802,0.1501522958278656,3.045797348022461e-05,-0.20006701350212097,0.1402132213115692,-0.05009746551513672,0.0,-0.4000000059604645,-0.05000000074505806,0.3100000023841858,0.49000000953674316,-0.20999999344348907,0.0,-1.0721429586410522,0.19933198392391205,0.16761022806167603,-1.0890501737594604,2.1189475059509277,2.5570340156555176,-0.3750810921192169,-1.489086389541626,-0.5518168210983276,3.0845797061920166,-1.9236687421798706,-1.332477331161499,0.018624842166900635,-0.0001961439847946167,0.07376900315284729,-0.003589389845728874,0.008881598711013794,-0.005264309234917164,103.46846771240234,335.042724609375,0.5,0.0,0.0,0.09233049303293228,0.0,0.4026443064212799,0.8246079683303833,0.0,0.0,0.0,0.0,313.5794982910156,0.0
3.64,0.7555556893348694,-0.9993907976836143,0.03490033675066114,0.0,1.0,1.0,1.0,0.23914185166358948,-0.26506683230400085,0.5500018000602722,-0.07984447479248047,-0.011965751647949219,-0.24176740646362305,0.7252509593963623,-0.5929271578788757,-0.1932605654001236,0.41481053829193115,0.3875730037689209,-0.021344909444451332,1.0607411861419678,-1.0381042957305908,0.5546082854270935,0.631803035736084,0.05450691282749176,0.04223693534731865,-0.4956504702568054,-0.33561134338378906,0.9487453699111938,1.0502963066101074,-0.48302868008613586,0.11422359198331833,0.15030452609062195,6.090477108955383e-05,-0.20013399422168732,0.14042633771896362,-0.050194889307022095,0.0,-0.4000000059604645,-0.05000000074505806,0.3100000023841858,0.49000000953674316,-0.20999999344348907,0.0,2.4901537895202637,-0.655472993850708,-3.6364104747772217,-0.9629784226417542,0.037676773965358734,-9.460661888122559,0.12994667887687683,-1.249328851699829,-0.729992687702179,2.3648595809936523,-1.486634612083435,-2.467379331588745,0.019068337976932526,-0.00020914897322654724,-0.06588439643383026,-0.01139003038406372,-0.12571747601032257,0.00904140342026949,94.41798400878906,474.42401123046875,0.5,0.0,0.0,0.10091733187437057,0.0,0.44726625084877014,0.999089241027832,0.0,0.0,0.0,0.0,211.45333862304688,0.0
3.65,0.7666667699813843,-0.9945218275138805,0.10452910885705992,0.0,1.0,1.0,1.0,0.24386124312877655,-0.2712007164955139,0.54892897605896,-0.07477474212646484,-0.008118152618408203,-0.24064970016479492,0.7255803346633911,-0.5738316178321838,-0.12817542254924774,0.4071585237979889,0.5671681761741638,0.1483558714389801,1.0721572637557983,-1.0398719310760498,0.5405318737030029,0.6201040744781494,0.05354359373450279,0.0446925163269043,-0.4941943883895874,-0.345645546913147,0.941711962223053,1.0678335428237915,-0.49471282958984375,0.09870057553052902,0.15273161232471466,0.0005463212728500366,-0.2012019157409668,0.1438242495059967,-0.051748231053352356,0.0,-0.4000000059604645,-0.05000000074505806,0.3100000023841858,0.49000000953674316,-0.20999999344348907,0.0,1.0017834901809692,0.07658854126930237,-1.4214951992034912,-1.2473191022872925,-0.13656681776046753,0.7505325078964233,0.059033676981925964,-0.9394128918647766,-0.7191605567932129,1.6695977449417114,-1.1418241262435913,-1.9265903234481812,0.02041034772992134,-0.00020663440227508545,0.033757127821445465,-0.004841803573071957,-0.03701167553663254,0.0034966678358614445,132.92633056640625,376.86883544921875,0.5,0.0,0.0,0.11238416284322739,0.0,0.4675081968307495,0.9569358825683594,0.0,0.0,0.0,0.0,125.1014404296875,0.0
3.66,0.7777778506278992,-0.9848076735279835,0.17364862844376458,0.0,1.0,1.0,1.0,0.24825415015220642,-0.2766529619693756,0.5485345125198364,-0.06785821914672852,-0.0023412704467773438,-0.24084711074829102,0.7371164560317993,-0.5708276629447937,-0.04841204360127449,0.663473904132843,0.774046778678894,-0.1585204005241394,1.0925291776657104,-1.033600926399231,0.5142229199409485,0.6055427193641663,0.051736924797296524,0.07826169580221176,-0.49444320797920227,-0.35224878787994385,0.9388801455497742,1.0805864334106445,-0.5041171312332153,0.08525174856185913,0.15753847360610962,0.001507692039012909,-0.20331692695617676,0.1505538821220398,-0.054824620485305786,0.0,-0.4000000059604645,-0.05000000074505806,0.3100000023841858,0.49000000953674316,-0.20999999344348907,0.0,2.3548197746276855,0.5380858182907104,-2.881633996963501,-1.1393132209777832,-0.27194666862487793,1.4156279563903809,-0.18570852279663086,-0.6127363443374634,-0.08915975689888,1.2973237037658691,-0.9919013381004333,-1.780848503112793,0.021955564618110657,-0.00020676106214523315,0.11202292889356613,-0.009308723732829094,-0.0730968564748764,0.004062051884829998,256.818115234375,326.2266845703125,0.5,0.0,0.0,0.12981751561164856,0.0,0.4657357335090637,0.950984537601471,0.0,0.0,0.0,0.0,181.8749237060547,0.0
3.67,0.7888889908790588,-0.9702955712466492,0.24192251738756956,0.0,1.0,1.0,1.0,0.25255173444747925,-0.2822106182575226,0.5487540364265442,-0.06040191650390625,0.0019905746448785067,-0.2402195930480957,0.7464295029640198,-0.5350335240364075,0.020602839067578316,0.32032716274261475,0.7090300917625427,0.15894877910614014,1.0921183824539185,-1.0319901704788208,0.508206307888031,0.6015251874923706,0.02484043315052986,0.039282530546188354,-0.4924759864807129,-0.3572935163974762,0.9337030053138733,1.0866469144821167,-0.5105800628662109,0.07144410908222198,0.1646316647529602,0.002926331013441086,-0.20643793046474457,0.16048434376716614,-0.059364259243011475,0.0,-0.4000000059604645,-0.05000000074505806,0.3100000023841858,0.49000000953674316,-0.20999999344348907,0.0,-0.02087503857910633,-0.019629180431365967,-0.4057764708995819,-0.4576365053653717,-2.475677967071533,-1.9648460149765015,0.3695141673088074,-0.5182785987854004,-0.7589415311813354,0.4563125967979431,-0.6583160161972046,-1.5478758811950684,0.024565845727920532,-0.00020903348922729492,0.03252171725034714,-0.0048452140763401985,-0.11775513738393784,-0.0013747905613854527,95.32949829101562,430.0799255371094,0.5,0.0,0.0,0.15052101016044617,0.0,0.4995853900909424,0.9507259130477905,0.0,0.0,0.0,0.0,73.24982452392578,0.0
3.68,0.8000000715255737,-0.9510563774202141,0.3090174217877357,0.0,1.0,1.0,1.0,0.25689297914505005,-0.28769105672836304,0.5497463941574097,-0.05329751968383789,0.005753177683800459,-0.23963403701782227,0.7346917390823364,-0.5207927823066711,0.10579565167427063,0.4247359335422516,0.7061101198196411,-0.06348059326410294,1.089454174041748,-1.0281120538711548,0.50795978307724,0.5964112281799316,0.004649945069104433,0.1139884665608406,-0.48709994554519653,-0.3595452904701233,0.9269064664840698,1.085675835609436,-0.5139235258102417,0.056973934173583984,0.1738729625940323,0.004774592816829681,-0.21050411462783813,0.17342215776443481,-0.06527869403362274,0.0,-0.4000000059604645,-0.05000000074505806,0.3100000023841858,0.49000000953674316,-0.20999999344348907,0.0,-0.7346109747886658,0.5184987187385559,-0.4423016607761383,-0.29539433121681213,-2.8231918811798096,3.3916165828704834,0.5704978704452515,-0.0922730416059494,-0.6810032725334167,-0.2723795771598816,-0.2721249759197235,-2.1083767414093018,0.027572259306907654,-0.00020154565572738647,0.1318039745092392,-0.006271125748753548,-0.11854071170091629,0.00660532433539629,193.56814575195312,380.1435241699219,0.5,0.0,0.0,0.17245927453041077,0.0,0.5206847190856934,0.991972804069519,0.0,0.0,0.0,0.0,154.7340850830078,0.0
3.69,0.8111112117767334,-0.9271836176276474,0.37460717986032827,0.0,1.0,1.0,1.0,0.26150792837142944,-0.29301682114601135,0.5512053966522217,-0.04732227325439453,0.009642645716667175,-0.24078750610351562,0.7347283363342285,-0.4935828745365143,0.12852263450622559,0.33225271105766296,0.5460081100463867,-0.12974649667739868,1.091450810432434,-1.0271061658859253,0.49788373708724976,0.595674455165863,-0.0366109237074852,0.1253996193408966,-0.4781574308872223,-0.3595008850097656,0.9200431704521179,1.0803288221359253,-0.51609867811203,0.04324045404791832,0.18508262932300568,0.00701652467250824,-0.21543635427951813,0.18911567330360413,-0.07245287299156189,0.0,-0.4000000059604645,-0.05000000074505806,0.3100000023841858,0.49000000953674316,-0.20999999344348907,0.0,0.36180248856544495,-0.09384084492921829,-0.9492840766906738,0.013465207070112228,-4.345993995666504,1.1284207105636597,0.9707360863685608,0.01158955879509449,-0.8535155653953552,-0.5729532837867737,-0.15337565541267395,-1.755806803703308,0.03091525286436081,-0.00020484253764152527,0.09987915307283401,-0.002872798126190901,-0.2118167132139206,0.0032847074326127768,49.505977630615234,318.47955322265625,0.5,0.0,0.0,0.19182242453098297,0.0,0.550216794013977,0.9668921828269958,0.0,0.0,0.0,0.0,65.11320495605469,0.0
3.7,0.8222223520278931,-0.8987936887663924,0.4383718798391395,0.0,1.0,1.0,1.0,0.2661875784397125,-0.2982235252857208,0.5526922941207886,-0.04138517379760742,0.013258716091513634,-0.24369192123413086,0.7381112575531006,-0.47280579805374146,0.12244313955307007,0.3306148946285248,0.6644489169120789,-0.3542856276035309,1.1206347942352295,-1.0301482677459717,0.47234639525413513,0.5918561816215515,-0.07735142111778259,0.01964499056339264,-0.4687848687171936,-0.36021220684051514,0.9147686958312988,1.074628233909607,-0.516546368598938,0.030560556799173355,0.19804248213768005,0.009608495980501175,-0.22113868594169617,0.20725947618484497,-0.08074718713760376,0.0,-0.4000000059604645,-0.05000000074505806,0.3100000023841858,0.49000000953674316,-0.20999999344348907,0.0,3.22933030128479,-0.3493745028972626,-2.0970799922943115,-0.33596447110176086,-2.831371307373047,-10.05203628540039,0.7886265516281128,-0.11398197710514069,-0.4928869605064392,-0.5598835945129395,-0.04779776558279991,-1.7063757181167603,0.033551692962646484,-9.24915075302124e-05,0.3998141288757324,-0.0038172490894794464,-0.3447107970714569,0.0018888342892751098,23.664735794067383,250.18978881835938,0.5,0.0,0.0,0.21135467290878296,0.0,0.5709323287010193,0.77799391746521,0.0,0.0,0.0,0.0,154.21707153320312,0.0
3.71,0.833333432674408,-0.8660250916950798,0.5000005405542363,0.0,1.0,0.0,1.0,0.27080732583999634,-0.30349406599998474,0.5540075302124023,-0.035259246826171875,0.01580028049647808,-0.2462763786315918,0.7360263466835022,-0.4507107138633728,0.10938089340925217,0.2117363065481186,0.5693703889846802,-0.1832897961139679,1.1676609516143799,-1.0374640226364136,0.468524694442749,0.5795677304267883,-0.040041107684373856,-0.0899861752986908,-0.4597851634025574,-0.36231890320777893,0.9090597033500671,1.0693392753601074,-0.5158805251121521,0.018802491948008537,0.21250019967556,0.012500040233135223,-0.2275000810623169,0.2275002896785736,-0.09000012278556824,0.0,-0.4000000059604645,-0.05000000074505806,0.3100000023841858,0.49000000953674316,-0.20999999344348907,0.0,5.454344272613525,-0.8262676000595093,0.5287959575653076,-1.3786860704421997,3.7143399715423584,-10.057178497314453,0.9238155484199524,-0.20636813342571259,-0.7071915864944458,-0.5004709959030151,0.20767022669315338,-1.2306339740753174,0.035546302795410156,0.00012659281492233276,0.8999919295310974,0.006827329285442829,-0.4081697463989258,0.0003025788173545152,0.0,259.3349304199219,0.5,0.0,0.0,0.23274698853492737,0.0,0.5958911776542664,0.9350172281265259,0.0,0.0,0.0,0.0,181.3258514404297,0.0
3.72,0.8444445133209229,-0.8290373305565872,0.5591932622480423,0.0,1.0,0.0,1.0,0.27514758706092834,-0.3085314929485321,0.5550632476806641,-0.028255939483642578,0.018200332298874855,-0.24810552597045898,0.7220832109451294,-0.4333057701587677,0.08555657416582108,0.2413620948791504,0.7784572243690491,-0.2089635580778122,1.2123852968215942,-1.041730523109436,0.4851160943508148,0.5776806473731995,-0.09411760419607162,-0.09170717746019363,-0.45468389987945557,-0.3669733703136444,0.9054906964302063,1.0687168836593628,-0.5120267271995544,0.010598422959446907,0.22817428410053253,0.01563485711812973,-0.23439669609069824,0.24944400787353516,-0.1000315323472023,0.0,-0.4000000059604645,-0.05000000074505806,0.3100000023841858,0.49000000953674316,-0.20999999344348907,0.0,4.414541244506836,-0.091160349547863,1.4140198230743408,-0.08529989421367645,-5.5715227127075195,0.49712416529655457,0.24613389372825623,-0.525076150894165,-0.283389687538147,0.07516823709011078,0.5355392098426819,-0.9211732149124146,0.035817377269268036,0.0007885992527008057,0.8349979519844055,0.013034196570515633,-0.5311246514320374,7.483576337108389e-05,0.0,247.66055297851562,0.5,0.0,0.0,0.25722935795783997,0.0,0.6224140524864197,0.9163732528686523,0.0,0.0,0.0,0.0,51.15590286254883,0.0
3.73,0.8555556535720825,-0.7880103744477578,0.6156619606266936,0.0,1.0,0.0,1.0,0.27927085757255554,-0.3135783076286316,0.5559239387512207,-0.020746707916259766,0.01954527758061886,-0.24795961380004883,0.7148652076721191,-0.41240447759628296,0.07362816482782364,0.08326149731874466,0.7390530705451965,0.14688853919506073,1.25387442111969,-1.041377067565918,0.5028817057609558,0.57004714012146,-0.08448558300733566,-0.2071087807416916,-0.45026785135269165,-0.3700561821460724,0.9001249074935913,1.066041350364685,-0.5167850255966187,0.01278859842568636,0.24475990235805511,0.018951980397105217,-0.2416943609714508,0.2726638615131378,-0.1106463298201561,0.0,-0.4000000059604645,-0.05000000074505806,0.3100000023841858,0.49000000953674316,-0.20999999344348907,0.0,4.100893020629883,0.2013244330883026,2.3240692615509033,-0.9163675904273987,1.5259557962417603,-10.098797798156738,0.5163284540176392,-0.12671226263046265,-0.6749556660652161,-0.5096582770347595,-0.9253134727478027,1.2563358545303345,0.03585825115442276,0.0012222416698932648,1.2004398107528687,0.0035049323923885822,-0.5170870423316956,-0.03740431368350983,0.0,238.0638885498047,0.5,0.0,0.0,0.28475338220596313,0.0,0.6488919258117676,0.9577654004096985,0.0,0.0,0.0,0.0,191.30465698242188,0.0
3.74,0.8666667342185974,-0.743144541470664,0.6691309217801527,0.0,1.0,1.0,1.0,0.28373831510543823,-0.3189002275466919,0.5567032098770142,-0.015507698059082031,0.019703548401594162,-0.2449493408203125,0.6926661729812622,-0.4096536636352539,0.07832343876361847,-0.021490121260285378,0.3370177149772644,0.32407718896865845,1.2688390016555786,-1.0391430854797363,0.5240370035171509,0.5634392499923706,-0.1196679174900055,-0.09805537015199661,-0.44344502687454224,-0.3734517991542816,0.8892923593521118,1.0648181438446045,-0.5190125107765198,0.0123183848336339,0.2619341015815735,0.022386817261576653,-0.24925099313259125,0.29670771956443787,-0.12163780629634857,0.0,-0.4000000059604645,-0.05000000074505806,0.3100000023841858,0.49000000953674316,-0.20999999344348907,0.0,-0.04574662819504738,-0.13786910474300385,1.1668052673339844,-1.034623146057129,-0.8157174587249756,9.894227981567383,0.9193453192710876,-0.49799641966819763,-1.405430555343628,-0.018210982903838158,1.3097015619277954,-1.364238977432251,0.03663959354162216,0.0020517632365226746,0.04016978666186333,0.026442723348736763,-0.1377147138118744,0.0070144012570381165,84.23450469970703,314.4474792480469,0.5,0.0,0.0,0.3048081398010254,0.0,0.6637347340583801,0.8105420470237732,0.0,0.0,0.0,0.0,187.06515502929688,0.0
3.75,0.8777779340744019,-0.6946576640377359,0.7193404825210633,0.0,1.0,1.0,1.0,0.28850558400154114,-0.32423168420791626,0.5574299097061157,-0.011825084686279297,0.019815033301711082,-0.24077796936035156,0.6839210391044617,-0.3996070921421051,0.06797776371240616,0.03775527700781822,0.39373868703842163,0.4912250339984894,1.269183874130249,-1.0391367673873901,0.5333753824234009,0.5538249015808105,-0.13137809932231903,-0.01951591670513153,-0.4382433593273163,-0.38022205233573914,0.8766503930091858,1.0705199241638184,-0.5043004155158997,0.005342985037714243,0.2793627381324768,0.025872549042105675,-0.25691962242126465,0.3211078643798828,-0.1327921450138092,0.0,-0.4000000059604645,-0.05000000074505806,0.3100000023841858,0.49000000953674316,-0.20999999344348907,0.0,0.030856309458613396,0.07083067297935486,0.8610065579414368,-0.8905636072158813,-1.3657584190368652,6.0088396072387695,0.33481600880622864,-0.7034127116203308,-1.3009448051452637,0.8272144794464111,1.8740037679672241,-0.7756038308143616,0.03869258612394333,0.003841087222099304,0.08045653998851776,0.017016099765896797,-0.15734411776065826,-0.00494483532384038,39.74448776245117,285.44097900390625,0.5,0.0,0.0,0.3169574737548828,0.0,0.6790737509727478,0.6171741485595703,0.0,0.0,0.0,0.0,142.99562072753906,0.0
3.7600000000000002,0.8888890147209167,-0.6427870040317241,0.7660449513233022,0.0,1.0,1.0,1.0,0.292971134185791,-0.3293820321559906,0.5580208897590637,-0.007085323333740234,0.02005823887884617,-0.23477506637573242,0.6766504645347595,-0.4016340970993042,0.0624178871512413,0.06475936621427536,0.5298016667366028,0.6303415298461914,1.2455017566680908,-1.0374257564544678,0.5603777766227722,0.5540758967399597,-0.15618856251239777,0.04865844547748566,-0.4378286600112915,-0.38670143485069275,0.8652288317680359,1.080020546913147,-0.49935781955718994,0.017685774713754654,0.2967061996459961,0.029341241344809532,-0.26455074548721313,0.3453887104988098,-0.14389196038246155,0.0,-0.4000000059604645,-0.05000000074505806,0.3100000023841858,0.49000000953674316,-0.20999999344348907,0.0,-2.3973307609558105,0.29536178708076477,2.5116894245147705,0.08992533385753632,-3.0959644317626953,5.803119659423828,-0.06042115390300751,-0.5374677181243896,-1.104233980178833,0.8777816295623779,0.6968542337417603,1.6007554531097412,0.04098181426525116,0.0060712844133377075,0.07167164981365204,0.02926383912563324,-0.19234932959079742,-0.03993247076869011,110.91663360595703,223.35452270507812,0.5,0.0,0.0,0.32825326919555664,0.0,0.6804297566413879,0.45173442363739014,0.0,0.0,0.0,0.0,108.373779296875,0.0
3.77,0.9000000953674316,-0.5877847675202872,0.8090173465823349,0.0,1.0,1.0,1.0,0.2980663478374481,-0.3343959450721741,0.5588784217834473,-0.005019664764404297,0.021434439346194267,-0.2264704704284668,0.6564476490020752,-0.40980294346809387,0.10556660592556,0.17488519847393036,0.0007143948459997773,0.9752224683761597,1.228020429611206,-1.0334465503692627,0.5778045654296875,0.5528656244277954,-0.18423287570476532,0.1445382982492447,-0.43147894740104675,-0.3855067491531372,0.848924458026886,1.0830464363098145,-0.5022760629653931,0.03774701803922653,0.31362733244895935,0.03272546827793121,-0.27199602127075195,0.36907827854156494,-0.1547214835882187,0.0,-0.4000000059604645,-0.05000000074505806,0.3100000023841858,0.49000000953674316,-0.20999999344348907,0.0,-1.9374399185180664,0.45293188095092773,1.2615652084350586,-0.12974946200847626,-3.893674850463867,9.764698028564453,1.1205148696899414,0.2330092340707779,-2.1656570434570312,0.0936235636472702,0.9163922071456909,-0.33713605999946594,0.043212004005908966,0.0077830031514167786,0.12468650192022324,0.01789686270058155,-0.23979568481445312,-0.008827785961329937,149.24188232421875,300.4327697753906,0.5,0.0,0.0,0.3233203589916229,0.0,0.68056720495224,0.14925220608711243,0.0,0.0,0.0,0.0,231.2129364013672,0.0
3.7800000000000002,0.9111112356185913,-0.5299186008019894,0.8480485107138988,0.0,1.0,1.0,1.0,0.3033254146575928,-0.3393632471561432,0.55971360206604,-0.004273891448974609,0.023791946470737457,-0.21647214889526367,0.635780394077301,-0.4383537769317627,0.08581486344337463,0.32489603757858276,0.12652923166751862,1.001571536064148,1.1904281377792358,-1.0261585712432861,0.6066530346870422,0.5590015053749084,-0.22738641500473022,0.2671802341938019,-0.42692023515701294,-0.388020396232605,0.8303019404411316,1.0930758714675903,-0.48379963636398315,0.027701901271939278,0.32979661226272583,0.03595932200551033,-0.27911052107810974,0.39171528816223145,-0.1650698184967041,0.0,-0.4000000059604645,-0.05000000074505806,0.3100000023841858,0.49000000953674316,-0.20999999344348907,0.0,-3.7457664012908936,0.9293982982635498,2.333279609680176,0.6102815270423889,-5.4743733406066895,10.646044731140137,0.25109627842903137,-0.30178186297416687,-1.4980757236480713,1.1190979480743408,2.2147769927978516,0.419156551361084,0.04556602984666824,0.010413363575935364,0.22735795378684998,0.10218100249767303,-0.29950475692749023,-0.016323832795023918,152.03228759765625,196.8287353515625,0.5,0.0,0.0,0.30949506163597107,0.0,0.6562714576721191,0.13448654115200043,0.0,0.0,0.0,0.0,480.8892517089844,0.0
3.79,0.9222223162651062,-0.4694710410619063,0.8829478702642923,0.0,1.0,1.0,0.0,0.30775079131126404,-0.34385207295417786,0.5602253675460815,-0.0005011558532714844,0.028109747916460037,-0.20670175552368164,0.6210023760795593,-0.466526597738266,0.0403040274977684,0.5796329379081726,0.5689471364021301,0.8473519086837769,1.1278060674667358,-1.0074533224105835,0.6383939981460571,0.5686920285224915,-0.2767000198364258,0.37157943844795227,-0.42977017164230347,-0.391428679227829,0.8256060481071472,1.093152403831482,-0.4789571762084961,-0.07208827883005142,0.3448992371559143,0.038979846984148026,-0.2857556641101837,0.4128589332103729,-0.17473550140857697,0.0,-0.4000000059604645,-0.05000000074505806,0.3100000023841858,0.49000000953674316,-0.20999999344348907,0.0,-6.566669464111328,2.4921441078186035,2.867544651031494,0.7254980802536011,-4.56387996673584,9.56434440612793,-0.7914538979530334,-0.33946001529693604,0.5620575547218323,-0.45313191413879395,-0.1314132660627365,-9.084954261779785,0.04751364141702652,0.01051972433924675,0.4597981870174408,0.8850919604301453,-0.31550145149230957,-0.31543272733688354,124.5848388671875,0.0,0.5,0.0,0.0,0.2861774265766144,0.0,0.6284006834030151,0.2378748655319214,0.0,0.0,0.0,0.0,307.0548095703125,0.0
3.8000000000000003,0.9333333969116211,-0.40673627813796054,0.913545620123308,0.0,1.0,1.0,0.0,0.31202664971351624,-0.34753096103668213,0.5604299902915955,0.004184856079518795,0.03646096959710121,-0.20035648345947266,0.6115711331367493,-0.5038222670555115,0.021106604486703873,1.0176693201065063,0.43808478116989136,0.42243772745132446,1.071831226348877,-0.9815082550048828,0.6494742035865784,0.5729405879974365,-0.3107227087020874,0.4507296085357666,-0.43439987301826477,-0.39070820808410645,0.8373652696609497,1.081559658050537,-0.572056770324707,-0.18056321144104004,0.35864144563674927,0.04172828793525696,-0.29180222749710083,0.43209803104400635,-0.1835305243730545,0.0,-0.4000000059604645,-0.05000000074505806,0.3100000023841858,0.49000000953674316,-0.20999999344348907,0.0,-5.436367034912109,2.5136778354644775,0.7431682348251343,0.5930165648460388,-3.25693416595459,6.656610012054443,-0.3874857723712921,0.21868380904197693,1.7369532585144043,-1.6015257835388184,-9.869109153747559,-10.044794082641602,0.04931986331939697,0.007650405168533325,0.5551000833511353,1.381824254989624,-0.2053571194410324,-0.26805076003074646,193.67318725585938,0.0,0.5,0.0,0.0,0.24166755378246307,0.0,0.5870941877365112,0.6998373866081238,0.0,0.0,0.0,0.0,312.2515563964844,0.0
